0.0000000000,0.0317669585,0.2351499647,-0.2236742377,0.0803470016,1.1975653172,0.9429094195
0.0095549822,0.0334655419,0.2338695377,-0.2437630296,-0.0438367315,1.3228416443,1.0739483833
0.0192539692,0.0296694692,0.2367063612,-0.238624692,-0.1986481398,1.4651753902,1.2347322702
0.0289340019,0.0154999262,0.2506299913,-0.2275605798,-0.3437520862,1.5931168795,1.404075861
0.0388839245,0.0043824082,0.2728320658,-0.2349857092,-0.4762017429,1.6862901449,1.5457621813
0.0506649017,0.0023153787,0.2868772447,-0.214101553,-0.509185493,1.7558692694,1.6390557289
0.0588799715,0.0140146976,0.2671997845,-0.206605494,-0.4350509346,1.781134963,1.6978696585
0.0686819553,0.0422533527,0.2443177551,-0.1899214387,-0.2178285867,1.7978295088,1.7459108829
0.0787899494,0.0703446344,0.2330350131,-0.1996727586,0.0876467228,1.7995203733,1.8014708757
0.0885879993,0.0961419567,0.2530823052,-0.2119662166,0.4083304703,1.8008652925,1.8535964489
0.0984479189,0.1124907658,0.2674172223,-0.2066366076,0.7284889221,1.8191894293,1.8867338896
0.1084449291,0.1130178645,0.244560644,-0.1924279332,0.969357729,1.8481600285,1.9288166761
0.118283987,0.1071453169,0.2136804909,-0.1702476144,1.0624514818,1.8841716051,1.9771202803
0.1283029318,0.1015932038,0.1799676865,-0.1345956922,1.0923523903,1.9189280272,2.012917757
0.138152957,0.1013749465,0.1481687874,-0.1219912767,1.0921531916,1.9469995499,2.0409331322
0.1481440067,0.1123228744,0.1302788705,-0.0964275002,1.1676771641,1.9750034809,2.0555970669
0.1580269337,0.1218779311,0.1168964878,-0.0814543366,1.3227627277,1.9872944355,2.0797100067
0.1680209637,0.1268456876,0.1173441783,-0.0653895736,1.5184164047,1.994361639,2.0907502174
0.1778789759,0.1204804555,0.1065037027,-0.0263804831,1.7408547401,2.0109519958,2.0855820179
0.1878209114,0.1068809852,0.0841172114,-0.0013627438,1.8871598244,2.0024595261,2.0658740997
0.1977669001,0.094492048,0.0674312487,0.0075419517,1.9135457277,2.0126640797,2.0501141548
0.2076640129,0.0763960332,0.0571940318,-0.0083513884,1.7922390699,2.0424015522,2.035882473
0.2175949812,0.0492174402,0.0489063039,0.0045592161,1.5979828835,2.0840978622,1.9818886518
0.2276849747,0.0175333526,0.0195262209,0.0529944859,1.4419432878,2.1118197441,1.8743108511
0.237473011,-0.0025077099,-0.0183857903,0.1090928912,1.3603185415,2.2940428257,1.5826841593
0.2473579645,-0.1531135738,-0.0566199049,0.1145057082,1.306309104,2.3804490566,1.443796277
0.2575809956,-0.1901089102,-0.0539039597,0.1199896932,1.3105465174,2.1375768185,1.5315634012
0.267228961,-0.01789313,-0.011636219,0.1362967491,1.3714988232,1.9201245308,1.570515275
0.2771809101,0.0547628775,0.007101872,0.1563679576,1.43400383,1.8530595303,1.5314151049
0.2870889902,0.0015243655,0.0098613882,0.1639409661,1.4833296537,1.8104315996,1.4960078001
0.2971509695,-0.0126964683,0.0287685469,0.1786415577,1.5278869867,1.7739436626,1.4317498207
0.3071329594,-0.0381854698,0.0440445617,0.1957058907,1.5676994324,1.7266242504,1.3604450226
0.3171999454,-0.1435525417,0.0841925219,0.1743685603,1.5969132185,1.6793154478,1.2877150774
0.3269789219,-0.165125221,0.0990997627,0.1753483415,1.602118969,1.6333231926,1.2012572289
0.3369779587,-0.1865686178,0.1004924849,0.1792937517,1.574763298,1.5944724083,1.093672514
0.3466609716,-0.2025951743,0.089373149,0.1907058954,1.487211585,1.556910634,0.9909291863
0.3565399647,-0.2571397722,0.1150327995,0.2035034895,1.3594654799,1.503831625,0.9076526165
0.3665329218,-0.2560557425,0.0768279508,0.2393786311,1.2176146507,1.420902729,0.8070306778
0.3763298988,-0.2449156344,0.0347401872,0.2795040011,1.088840127,1.3083742857,0.6982722282
0.3865349293,-0.2200795114,0.0102323974,0.2916693091,0.9744567871,1.128955245,0.5943167806
0.3963809013,-0.2231386006,0.0587170944,0.2441157699,0.8602599502,0.9657482505,0.5339913964
0.4067319632,-0.2083067596,0.0836898163,0.1760850549,0.7550117373,0.8572201729,0.4945624471
0.4162849188,-0.2268619835,0.1052046493,0.1260337234,0.6970257759,0.7994549274,0.4538335204
0.4262539148,-0.2574131191,0.1272303164,0.1146834493,0.6655855179,0.7853507996,0.392739296
0.4361969233,-0.2919980586,0.1933029443,0.1305341125,0.6401447058,0.7721071243,0.3062886596
0.446105957,-0.2890109122,0.206021145,0.1501060128,0.6098467708,0.7083204389,0.2195969075
0.4559469223,-0.2718997896,0.1945485324,0.1611812711,0.5757575035,0.614423573,0.170132786
0.4658819437,-0.2542807758,0.1757792979,0.1506968141,0.5068066716,0.5239290595,0.1493151188
0.4758359194,-0.2614688575,0.2042519003,0.1464871168,0.433198452,0.4476183057,0.1192545891
0.4858880043,-0.2798170745,0.1996697932,0.1413396597,0.4102768898,0.382792443,0.0691677183
0.4956729412,-0.296338886,0.2167433351,0.1130546927,0.4564717412,0.3210417032,0.0332650803
0.5058259964,-0.3012429774,0.2606801987,0.0646188855,0.550098598,0.2912918031,0.0198651198
0.5155659914,-0.3146528304,0.3368083537,0.0438817106,0.6594246626,0.3078438938,-0.0010215202
0.5254509449,-0.3304584324,0.3606566489,0.0430396758,0.7669337988,0.3316570818,-0.0422557779
0.5353440046,-0.3361138403,0.3539116085,0.0657033324,0.8407644629,0.3366571665,-0.0976448357
0.5455249548,-0.3217757046,0.3208376467,0.07308954,0.8475938439,0.3264977336,-0.1590751708
0.5552279949,-0.2876209319,0.3224318326,0.0572113357,0.7650164962,0.3079970181,-0.2035987675
0.5651599169,-0.2480563819,0.3098735511,0.0408430658,0.6262930036,0.2755386829,-0.2233804613
0.5750929117,-0.2136425674,0.3000926971,0.0347133242,0.4680164456,0.2337523401,-0.231421873
0.5850249529,-0.1854418218,0.2809546292,0.0266074501,0.3233056068,0.1697507352,-0.2191441655
0.5949130058,-0.15756163,0.2876880467,0.0191838108,0.1880493164,0.1265523881,-0.1708291024
0.6048499346,-0.1388867199,0.2761468887,-0.0037076501,0.0883379057,0.0874278918,-0.1317045987
0.614743948,-0.1291876137,0.2745092511,-0.02766544,0.02545508,0.0661873221,-0.1114850119
0.6247359514,-0.1317519248,0.2824459374,-0.0284841694,0.0043889433,0.068232365,-0.1112660989
0.6345798969,-0.1276055872,0.3128909767,-0.0261750855,0.020543145,0.0736556202,-0.1185190901
0.6446139812,-0.1222329959,0.314822942,-0.0188300647,0.0601464808,0.0649486855,-0.1129051447
0.6546889544,-0.1133535132,0.3095763326,-0.02468336,0.0994157642,0.0412598625,-0.0882152468
0.6644419432,-0.1079596505,0.3078364432,-0.038725201,0.1033753529,0.01748343,-0.0677501857
0.674300909,-0.1127351746,0.329978019,-0.0445548929,0.0779210404,0.0041085021,-0.0515572317
0.684270978,-0.1293093264,0.3522194028,-0.0562151112,0.0630201176,0.0207407419,-0.0637632981
0.6941889524,-0.1461221278,0.3668021262,-0.0701701045,0.0779751912,0.042035643,-0.0811738074
0.7041769028,-0.1769397557,0.3196321726,-0.1223085523,0.1038171723,0.0821913183,-0.0614927895
0.7140380144,-0.1812088788,0.2902514935,-0.1290345788,0.1436451972,0.1083278432,-0.0290979296
0.7239669561,-0.1763246953,0.2421153337,-0.1061215997,0.1917919517,0.1195187122,0.0040083583
0.7341099977,-0.1562061608,0.1915454417,-0.0944134593,0.2100151479,0.1099119037,0.0231585186
0.7438099384,-0.1253686249,0.159447819,-0.0991076827,0.1937720031,0.0933238715,0.043239817
0.7537049055,-0.1039188132,0.1307573318,-0.1059903502,0.1707586497,0.0785955191,0.0482700281
0.7636640072,-0.0932941064,0.102960445,-0.103466332,0.1617342681,0.0785289407,0.021458922
0.7735699415,-0.0922749862,0.0867563263,-0.0940303206,0.1624502093,0.0933459699,-0.0352733657
0.7835179567,-0.0942641124,0.0730487183,-0.0980096459,0.1800662279,0.1113808975,-0.1013075113
0.7934370041,-0.0922741517,0.0735768303,-0.0940509439,0.1786046773,0.1330068409,-0.1415179521
0.8033980131,-0.0845966563,0.0883521512,-0.0918132663,0.1277721226,0.1618701816,-0.1420780122
0.8133620024,-0.0807525739,0.1029150859,-0.0811294317,0.0459264405,0.1797740757,-0.126031667
0.8234559298,-0.0763302073,0.0908809975,-0.0513599552,-0.0061114575,0.1560762078,-0.0922353566
0.8331269026,-0.063181363,0.0696295127,-0.0327861942,-0.047609102,0.0955505297,-0.0352128111
0.8430879116,-0.0497143492,0.081858404,-0.0251030363,-0.0883746371,0.0462317206,0.0345665328
0.8529689312,-0.0465628728,0.0999073908,-0.014013472,-0.0830946565,0.0062685921,0.073692292
0.8629329205,-0.056222342,0.1058658734,-0.0139167337,-0.0311771277,-0.0086903833,0.0780020878
0.8728399277,-0.0697134361,0.1032453403,-0.0281502046,0.0216592755,0.0015827604,0.0572590306
0.8827790022,-0.0776603445,0.0900445357,-0.0238718428,0.0501937158,0.0041377968,0.0383023843
0.8926899433,-0.0697785839,0.0652664378,-0.0250963606,0.0423407666,-0.0045262645,0.0494960807
0.902643919,-0.061482273,0.0442628041,-0.0170794167,0.004780605,-0.0070693172,0.0616235845
0.912539959,-0.0592717752,0.0243005827,-0.0024179844,-0.0274119526,-0.0099441996,0.0251098163
0.9225379229,-0.0685612783,0.012597614,0.0077822777,-0.0392968431,-0.0375989974,-0.0442210548
0.9323610067,-0.0766403899,0.0182650015,-0.0026069311,-0.0533360466,-0.0576597899,-0.0919049904
0.9422699213,-0.0900554284,0.0579508767,-0.0085551171,-0.0822151005,-0.0526892655,-0.1030758843
0.9522329569,-0.106504105,0.0933972672,0.0014596554,-0.0726988316,-0.045619905,-0.0830582008
0.9623059034,-0.1136890277,0.0991157964,-0.0073846607,-0.0043871491,-0.0435692705,-0.0503228903
0.972121954,-0.1135153398,0.0773563161,-0.0147570996,0.058051195,-0.041168429,-0.0209901351
0.9822229147,-0.1067318544,0.0648908839,0.006261942,0.0918254033,-0.0242600217,0.0017825551
0.9919679165,-0.0928938016,0.0685118511,-0.0067842631,0.0962259248,-0.0337512605,0.0173717681
1.0018869638,-0.0813148841,0.076351352,-0.0400070585,0.0601382256,-0.0119801862,0.0412898846
1.0118279457,-0.0797870383,0.0819633082,-0.046301607,0.0117617268,0.0337723866,0.04735367
1.0217169523,-0.0857677087,0.069627054,-0.0442028083,-0.0231784135,0.0650639981,0.0271671731
1.0316269398,-0.0804528818,0.0408035889,-0.0483449735,-0.0561844781,0.0740729421,-0.0012285814
1.0415610075,-0.0584491715,0.0305539742,-0.0483318008,-0.0927864313,0.0550126955,0.0048636659
1.0515309572,-0.0380791053,0.0316128209,-0.0503216423,-0.1373924315,0.0061050742,0.0073695011
1.0616149902,-0.0296138171,0.032268323,-0.0411878265,-0.096132867,0.0260236543,0.0401895009
1.0713359118,-0.0234498028,0.0325008109,-0.0463505425,-0.0406881645,-0.0079146046,0.0763483644
1.0813609362,-0.0302034859,0.0361956283,-0.0416416563,0.0082865683,-0.0111383609,0.1078554243
1.0912050009,-0.0512556657,0.0411928073,-0.0401380695,0.0248482339,0.0277142301,0.1140846983
1.1011259556,-0.0706997737,0.0374081358,-0.0407298841,0.0244218614,0.0581690744,0.0971635059
1.1111268997,-0.0742807612,0.0240033343,-0.0292578973,0.0189188831,0.0612386353,0.0798883438
1.1211630106,-0.0621609315,0.0148537839,-0.0258904733,0.0082385419,0.0482384153,0.0748256743
1.1309139729,-0.0510108098,0.0186764076,-0.0277376212,-0.0131917382,0.0335382968,0.0698409677
1.1408689022,-0.0536903366,0.0195115879,-0.0117254881,-0.0263392292,0.0125965299,0.0681490675
1.1507019997,-0.0663739666,0.0204738155,-0.0017679959,-0.0145484395,-0.0051763426,0.0548343584
1.1606919765,-0.0728650317,0.0250017568,-0.0089918403,0.0086181313,-0.0242871866,0.0460355356
1.1706169844,-0.0780579671,0.0334517583,-0.0187911429,0.0180373769,-0.0308161918,0.0548433103
1.1805599928,-0.0822453126,0.0450596139,-0.0302997269,0.0194046441,-0.0232645329,0.0745134205
1.1904540062,-0.0917355642,0.0551080182,-0.0276202597,0.011486534,-0.0121293236,0.0972419977
1.2004460096,-0.0999971256,0.0544649437,-0.0197909512,0.0095876995,-0.0051643578,0.1069305763
1.210269928,-0.1115061864,0.0497355238,-0.0173370279,-0.0057397685,0.0208976027,0.1183199883
1.2202839851,-0.113143526,0.0559217259,-0.0103067784,-0.0464283414,0.0276662931,0.1277987063
1.2303669453,-0.1257053912,0.0566890016,0.003028092,-0.0701407716,0.0375729837,0.1322633624
1.2400900126,-0.1318837702,0.0438825265,-0.0119684367,-0.0938303918,0.0533399619,0.1219755784
1.2500399351,-0.1370783746,0.0353072807,-0.0014109641,-0.1118848473,0.0345124789,0.119644843
1.2600069046,-0.1340516508,0.0412732288,0.0032166215,-0.1322828084,0.0167526584,0.1415533423
1.2698419094,-0.1199072227,0.0692926869,0.0021041008,-0.1687212437,-0.0088608256,0.1650096625
1.2801989317,-0.115722321,0.0879435167,0.0053785415,-0.1918763518,-0.0471549518,0.183224082
1.289929986,-0.1204112992,0.0781348869,0.0030364962,-0.2066190839,-0.0796724111,0.1991378367
1.2996269464,-0.1354341805,0.0604514852,0.0367910229,-0.2618466616,-0.1179143414,0.2141303718
1.3097379208,-0.1435319483,0.0585784093,0.072206676,-0.367975831,-0.1611478329,0.2157367468
1.3194879293,-0.1498847306,0.0604233816,0.083260119,-0.5148478746,-0.1960786432,0.2042787671
1.32939291,-0.161016196,0.0510301962,0.1022045016,-0.6695485711,-0.229228884,0.1839292496
1.3393409252,-0.1707834303,0.0207216963,0.1113264561,-0.7925242782,-0.2799634337,0.1607309878
1.3494919538,-0.1822312176,-0.0203592256,0.1220120788,-0.8810554147,-0.3427328169,0.1196025014
1.3591789007,-0.1860322654,-0.0394772217,0.1362178326,-0.9199125171,-0.435424149,0.0525944382
1.36916399,-0.1876994669,-0.029274486,0.1480255723,-0.8786879778,-0.5110336542,-0.0228946619
1.3789999485,-0.1809182465,0.0082653547,0.1472020745,-0.7782393694,-0.6016133428,-0.0800567493
1.3893589973,-0.1585839689,0.0578137711,0.1500347257,-0.6506848335,-0.711625874,-0.0975791812
1.3988649845,-0.1373583972,0.1043989137,0.1305839419,-0.5079188943,-0.7949207425,-0.0668079555
1.4088429213,-0.1262248456,0.1232739165,0.0883786082,-0.4248763919,-0.851148665,-0.0713036731
1.4187569618,-0.1452094018,0.0972206667,0.0930014253,-0.4253381789,-0.8560848236,-0.1259621382
1.4286539555,-0.1639169157,0.041318275,0.1103197932,-0.5098834038,-0.8718296289,-0.2109058648
1.4385699034,-0.1633829772,-0.0219966397,0.1382368207,-0.6421913505,-0.9413810372,-0.2958452702
1.4484759569,-0.1449986398,-0.0749497935,0.1682094336,-0.8202167749,-1.0488148928,-0.3664966524
1.4584459066,-0.1298600733,-0.1020055339,0.2007564306,-1.0032844543,-1.1726590395,-0.4277453423
1.4685609341,-0.12224444,-0.1095358953,0.2122974396,-1.1611993313,-1.2775441408,-0.4960227907
1.4783200026,-0.1248220429,-0.1054639146,0.2152517438,-1.2783107758,-1.3928968906,-0.5696821213
1.4881910086,-0.1308003962,-0.0890102014,0.2215206027,-1.311601162,-1.5502794981,-0.6875302196
1.4982860088,-0.1386217177,-0.0640158281,0.192407608,-1.2205042839,-1.6198629141,-0.7486489415
1.5080379248,-0.1328132451,-0.0179048106,0.1441566944,-1.1394219398,-1.7168695927,-0.7925183773
1.5180119276,-0.1387120783,0.0183715299,0.1338938475,-1.0723084211,-1.7465782166,-0.8681332469
1.5279070139,-0.1438318193,0.0233945623,0.1228699088,-0.9875879288,-1.7421834469,-0.9958544374
1.5378769636,-0.1396345198,-0.0083486056,0.1171327829,-0.9444889426,-1.7783857584,-1.1256353855
1.5477499962,-0.1121032462,-0.0466297194,0.1171807647,-0.9842579365,-1.8558192253,-1.2102166414
1.5577549934,-0.0775742456,-0.0728058442,0.0990658402,-1.0949873924,-1.9254486561,-1.2387441397
1.5675989389,-0.0519694909,-0.0782008097,0.0729280114,-1.2562766075,-1.9699246883,-1.2392673492
1.5776079893,-0.0529232547,-0.0585260317,0.0852550864,-1.4196528196,-1.9874900579,-1.2545496225
1.5874589682,-0.0724474415,-0.0427662954,0.104599297,-1.4999272823,-1.9800380468,-1.2923914194
1.5974529982,-0.0852154717,-0.0318853483,0.0998387933,-1.5056226254,-1.9715795517,-1.3355041742
1.6072999239,-0.0830686316,-0.0089629507,0.1042251587,-1.4473910332,-2.0053231716,-1.3834780455
1.6171449423,-0.0559570417,0.0167093053,0.0921806693,-1.3375726938,-2.0944304466,-1.4259160757
1.6271929741,-0.0191853885,0.0389063731,0.0522140227,-1.2048715353,-2.2014014721,-1.4452632666
1.6372989416,0.0067811375,0.0347885266,-0.003770831,-1.0464168787,-2.2912831306,-1.4579633474
1.6470739841,0.0184284505,0.0147149945,-0.0812794566,-0.8998324871,-2.3274102211,-1.4470888376
1.6572589874,0.012988559,-0.0081635332,-0.1214569211,-0.8295095563,-2.3093521595,-1.4392322302
1.666960001,0.0010435199,-0.0181836709,-0.112939775,-0.8026670218,-2.2620799541,-1.4479227066
1.6767868996,-0.0007455582,-0.0217206702,-0.0989276767,-0.8526087999,-2.2092671394,-1.4781492949
1.6868089437,0.0073319441,-0.0317904577,-0.0626967549,-0.8923290968,-2.1624844074,-1.5322443247
1.6967109442,0.0251738485,-0.073574923,-0.0345951952,-0.895590663,-2.1443109512,-1.5853581429
1.7066318989,0.0409395024,-0.1005917415,-0.0210104026,-0.9425659776,-2.1551876068,-1.5758006573
1.7167739868,0.0535252802,-0.0581937656,-0.0115383295,-1.0337307453,-2.1531178951,-1.5134421587
1.7264829874,0.0458215922,0.0153095508,-0.0326253809,-1.0861407518,-2.1177620888,-1.4597890377
1.7364239693,0.0185724553,0.0704189911,-0.0839763284,-1.0359287262,-2.0308527946,-1.4316858053
1.7463309765,-0.0157529116,0.1132173315,-0.1647539735,-0.9052892327,-1.9109884501,-1.406876564
1.7561990023,-0.0436434373,0.1451082081,-0.2016496062,-0.7187262774,-1.7859303951,-1.3654534817
1.7661468983,-0.0531708002,0.1662542075,-0.2188376784,-0.5087481141,-1.7030733824,-1.2998404503
1.776088953,-0.0488133952,0.1958165616,-0.2352979779,-0.4080803692,-1.6542477608,-1.2491455078
1.7859739065,-0.0287594814,0.2018245906,-0.1912838221,-0.394033879,-1.5892192125,-1.2719069719
1.7959280014,-0.009087787,0.1347858161,-0.1401785016,-0.3980267644,-1.5468105078,-1.3399322033
1.8058279753,0.0187437441,0.0493694916,-0.1078842282,-0.4417058825,-1.5170090199,-1.3627451658
1.8157860041,0.0556835905,0.0079387808,-0.1179153919,-0.503444612,-1.4933012724,-1.3182610273
1.8256750107,0.0819087103,0.0182453766,-0.1466211677,-0.5205267072,-1.445397377,-1.2241659164
1.8356109858,0.083443068,0.0641063824,-0.1840872169,-0.4350863397,-1.3423268795,-1.0966801643
1.8455449343,0.0575593188,0.1379850358,-0.2339165807,-0.2944381535,-1.2154027224,-0.940942347
1.8554829359,0.0182825532,0.2098118514,-0.2761331201,-0.1290531754,-1.0810511112,-0.8176811337
1.8654029369,-0.0299011562,0.2381958812,-0.3060204387,0.0234491862,-0.9763827324,-0.7544367313
1.8752799034,-0.0581993684,0.2093332857,-0.2715967298,0.1161932349,-0.9399743676,-0.7338283658
1.8854418993,-0.0630810186,0.1425313801,-0.2334077954,-0.1479367614,-0.8920675516,-0.7085168362
1.8951499462,-0.0493091568,0.0809598938,-0.1009206176,-0.4474419951,-0.7004839778,-0.6669443846
1.90505898,-0.0443302616,-0.0099870777,-0.0296732821,-0.6311885715,-0.603212893,-0.6894590259
1.9149689674,-0.042872183,-0.0606685504,-0.0464779772,-0.8129261732,-0.5916028619,-0.729452014
1.9249819517,-0.040980123,-0.0166488513,-0.0678332448,-1.0074903965,-0.4348587394,-0.6619216204
1.9348579645,-0.0341440663,0.05966077,-0.1028549671,-1.1050425768,-0.2973355055,-0.5722825527
1.9447929859,-0.0003817911,0.0928179398,-0.1267866492,-0.9323374033,-0.2571600974,-0.4801511168
1.9546909332,0.0471242443,0.1031859294,-0.1436166763,-0.5037306547,-0.3731237352,-0.5429050326
1.9649689198,0.0647282973,0.1260776371,-0.1613906622,-0.0571636371,-0.4473763704,-0.5855112076
1.9745819569,0.0377458408,0.1915317625,-0.1592389345,0.3818686008,-0.4483806491,-0.6524372697
1.9844919443,-0.0093115503,0.2330943793,-0.1303193569,0.6843971014,-0.5260133743,-0.6786341667
1.9944549799,-0.0442106351,0.2193737477,-0.1111132503,0.8476874828,-0.4968475401,-0.6468461752
2.0044169426,-0.0421093926,0.1619318575,-0.0580614246,0.9420807958,-0.4898213446,-0.6472424269
2.0142741203,-0.0308145527,0.0715297237,-0.0278704204,0.9588449001,-0.4431558251,-0.5843939781
2.0243110657,-0.0163789336,0.0279257074,-0.0113142161,0.7976816893,-0.2756952047,-0.4685757458
2.0342698097,-0.0090374583,0.0249962583,-0.0178570189,0.5484873056,-0.1312535703,-0.2703100741
2.044369936,-0.0132074589,0.0468703881,-0.1189528108,0.0597763918,-0.0364301354,-0.0820416436
2.053937912,0.0036369627,0.0907104984,-0.133618474,-0.4353068471,0.050454963,-0.0616535433
2.0638728142,0.0134483939,0.0961155668,-0.1007401347,-0.4112280607,-0.025861647,-0.160834685
2.0737910271,0.0163043495,0.0721808448,-0.1045671105,-0.0241865981,-0.1125573963,-0.1923731714
2.0838418007,0.040044643,0.0875639096,-0.0856488943,0.3138537705,-0.1830789745,-0.1604472995
2.0936388969,0.0624358132,0.1100471392,-0.0681023598,0.4108607471,-0.261123687,-0.1335176826
2.1035749912,0.0693209544,0.0973783508,-0.0318223871,0.4150664806,-0.2869915068,-0.1578170061
2.1134190559,0.0446336344,0.0273247734,-0.0296546258,0.3834289312,-0.2819738388,-0.1847311705
2.1235170364,0.0190091487,-0.0304177627,-0.0316819586,0.2993311882,-0.2636329234,-0.170268625
2.1335749626,0.0020289784,-0.0445707664,-0.0386273898,0.1788239628,-0.2203802615,-0.1343164891
2.1433448792,-0.0193421487,-0.0354790315,-0.0397772826,0.0837518498,-0.1580066383,-0.1175277904
2.1534149647,-0.0420555696,-0.0271968469,-0.0431998409,0.030931782,-0.1082023308,-0.1041259617
2.1631929874,-0.0606476888,-0.0128541207,-0.044909779,0.0221600384,-0.0662873685,-0.083517395
2.1730690002,-0.0703267381,0.0034224773,-0.0411136188,0.0431851596,-0.039541509,-0.0606480278
2.1829638481,-0.0772255585,0.0257259384,-0.012263122,0.0656130612,-0.0058256211,-0.0533005036
2.1931700706,-0.0829728767,0.0329105034,0.0224196874,0.1099024937,-0.0108262384,-0.0488735326
2.2028839588,-0.0807621107,0.0206260458,0.0322905146,0.1418480873,-0.0003767936,-0.0117485663
2.2127890587,-0.065030627,0.0058993483,0.025469061,0.1407388896,-0.0169019736,0.0233313888
2.222728014,-0.0446488187,-0.0028062081,0.0259152018,0.1180495471,-0.0669094846,0.0429020599
2.2327671051,-0.0309127513,-0.0035359478,0.0213995539,0.0979610533,-0.0871979743,0.0717347711
2.2425940037,-0.0283623878,0.0082310224,0.0006665559,0.0746452585,-0.0990932509,0.102319181
2.2525100708,-0.0284233931,0.0183003917,-0.0104100732,0.0337348469,-0.1064632833,0.1228633374
2.2624077797,-0.0337857231,0.0131642604,-0.0287940539,-0.0316089168,-0.0954140946,0.1059862897
2.2723360062,-0.0402008817,-0.0099256253,-0.030394379,-0.127172187,-0.0568754897,0.0806601569
2.2823219299,-0.0437192246,-0.0363133177,-0.0406405963,-0.2131562531,0.0313941836,0.0814574435
2.2922139168,-0.049378179,-0.053892456,-0.0581491627,-0.2929948866,0.1468733847,0.1269911081
2.3020999432,-0.0532412454,-0.0464920029,-0.0588603653,-0.3850615323,0.2484665662,0.1645854563
2.3121039867,-0.0532196984,-0.0167941079,-0.0359057225,-0.4412837923,0.3169553578,0.1711589396
2.321958065,-0.059228383,0.007314303,-0.0333513655,-0.4396009445,0.368232131,0.1489116549
2.3319578171,-0.0617594048,0.0295927897,-0.0381515659,-0.4317691028,0.4038321972,0.1522613764
2.3418178558,-0.0579158887,0.0426269546,-0.0384768285,-0.4718215466,0.4424605668,0.2021405846
2.3518071175,-0.0546762571,0.0547842756,-0.0408882536,-0.5735852122,0.4963032901,0.2868528068
2.36170578,-0.0563186929,0.0595005527,-0.0474690832,-0.7046582103,0.5459828973,0.3740145564
2.3716468811,-0.0596883222,0.0620344058,-0.0709840655,-0.8188276887,0.5820988417,0.4349452853
2.3815140724,-0.0610614941,0.0652699843,-0.0923295021,-0.8758841753,0.631957531,0.4929058254
2.3914270401,-0.0518397018,0.0770443454,-0.1138547063,-0.8623494506,0.6688302755,0.5292246342
2.4014019966,-0.0402075872,0.0975901261,-0.1375622153,-0.7700545788,0.7057763338,0.5532172918
2.4112968445,-0.0345453545,0.1157836691,-0.1650316119,-0.5707675815,0.7520961761,0.5953903198
2.4213171005,-0.0338402912,0.1418710202,-0.1908522844,-0.3318841457,0.8193231225,0.6696553826
2.4311649799,-0.0455267355,0.1821604222,-0.188469708,-0.1096002162,0.9263507724,0.7617554665
2.4410510063,-0.0649581179,0.2192782015,-0.1790189147,0.0559181832,1.0115271807,0.8196911216
2.4509890079,-0.0787815973,0.2349352688,-0.1757670641,0.1774760485,1.1092654467,0.8734864593
2.4608869553,-0.0786394402,0.2158800811,-0.1856192946,0.2068166137,1.1954659224,0.958828032
2.4708209038,-0.0696319565,0.1909975857,-0.1974974275,0.0567429624,1.2761604786,1.0455732346
2.4808139801,-0.0602704808,0.1706182808,-0.1949600577,-0.1835406572,1.3576704264,1.0987659693
2.4906849861,-0.0579666719,0.146236524,-0.2100943923,-0.3619913459,1.4083818197,1.1602972746
2.5008809566,-0.0490432605,0.1390305012,-0.2450936437,-0.4690677524,1.4835338593,1.266072154
2.5106329918,-0.0341951773,0.1562288851,-0.2414343953,-0.4423458576,1.5736563206,1.3831026554
2.5204467773,-0.0383478925,0.1808396429,-0.2288523316,-0.2338261157,1.6243362427,1.4789465666
2.5304489136,-0.0429820791,0.2031094283,-0.2190571427,0.1009630635,1.6469424963,1.550060153
2.5404849052,-0.0415978655,0.2174885124,-0.1991969943,0.4985390902,1.6547397375,1.5891913176
2.550246954,-0.0388236865,0.2032643408,-0.1606035829,0.8768957257,1.6309728622,1.5960791111
2.5601320267,-0.0314344168,0.1842473596,-0.1263088584,1.1164861917,1.6102207899,1.5865981579
2.5701508522,-0.0247465912,0.1639962047,-0.102440536,1.1985315084,1.6167100668,1.5564436913
2.5800008774,-0.0277173724,0.1345228404,-0.0805307031,1.1819827557,1.6525806189,1.5468885899
2.5900099277,-0.0272972304,0.106830813,-0.0723128915,1.0664715767,1.7378313541,1.5717190504
2.5998578072,-0.0324001908,0.0841953531,-0.0767095685,0.9515555501,1.8076746464,1.6089793444
2.609899044,-0.0355312303,0.0640123263,-0.1208928227,0.8495202661,1.8789805174,1.6570757627
2.6198968887,-0.0305226687,0.0623418465,-0.1437419057,0.8274953365,1.9469015598,1.7138251066
2.6296238899,-0.0237245876,0.0719587579,-0.1484797597,0.8819399476,1.9947206974,1.7518782616
2.6395499706,-0.0229137484,0.0912917033,-0.131097734,1.0128673315,2.0098371506,1.7591964006
2.6495118141,-0.0321319923,0.0989706889,-0.10670048,1.1870363951,2.0307581425,1.7387577295
2.6594138145,-0.051346682,0.0791551843,-0.0595267452,1.3429243565,2.0555636883,1.6931856871
2.6693730354,-0.075168021,0.0351822153,-0.0046054749,1.4101662636,2.0612223148,1.630782485
2.6792550087,-0.0886341855,-0.0072007393,0.0438808762,1.3882923126,2.0492100716,1.5641189814
2.6892549992,-0.0883255973,-0.0341645703,0.0633331537,1.3126848936,2.0219476223,1.4998829365
2.699324131,-0.0827325806,-0.0427699909,0.0579436384,1.1928144693,1.9997349977,1.444672823
2.7091078758,-0.0733209774,-0.0301233158,0.0539432131,1.0927631855,1.9648039341,1.3856766224
2.7189660072,-0.0656899735,-0.0107808923,0.0429931246,1.0893479586,1.9279593229,1.3583462238
2.7289648056,-0.058084093,0.0128928805,0.0409095846,1.1839506626,1.8925379515,1.3663426638
2.7388060093,-0.062746726,0.0526948944,0.0390014611,1.3366931677,1.8659478426,1.3831590414
2.7488129139,-0.0842244253,0.0920961276,0.0505801402,1.5248467922,1.8337842226,1.3665590286
2.758646965,-0.119231157,0.0961104706,0.0787032843,1.7273406982,1.8177735806,1.309139967
2.7685937881,-0.1542012393,0.0801912323,0.1030086875,1.8561245203,1.7918986082,1.2294038534
2.7785158157,-0.1711005569,0.0656809881,0.1235650778,1.8728530407,1.7596338987,1.1216038465
2.7884378433,-0.1748431921,0.0483999625,0.1393242478,1.7753027678,1.7306808233,0.9980384111
2.7983717918,-0.171353668,0.0240810886,0.1615800261,1.6073105335,1.6865950823,0.8945849538
2.8083748817,-0.1536095738,-0.0045212721,0.1760637164,1.4249042273,1.6208043098,0.8315678835
2.818210125,-0.1312861741,-0.0156381056,0.1592273116,1.2171708345,1.5345592499,0.8190830946
2.8281340599,-0.1196003184,-0.0102471923,0.1497893929,1.0174481869,1.4522593021,0.8213116527
2.8380680084,-0.1196905598,-0.0072264886,0.1665254831,0.8801139593,1.3515290022,0.8075505495
2.8480699062,-0.129478246,-0.0093785143,0.1839569211,0.8460119367,1.2495876551,0.7742826343
2.8579058647,-0.1386683285,-0.0090169823,0.1763387322,0.8947054148,1.1387029886,0.7334100008
2.8681299686,-0.1476959288,0.0078043723,0.1743043065,1.0088483095,1.0185848475,0.6777437925
2.8777661324,-0.1538788974,0.0271633342,0.1728926301,1.1494125128,0.9113630652,0.612059176
2.8877699375,-0.1614941061,0.0405470803,0.1821486354,1.2651314735,0.8239181638,0.5450508595
2.8976531029,-0.1719331443,0.0357768312,0.1845927238,1.3120378256,0.7506418228,0.4616803527
2.9076070786,-0.1752025783,0.0280023888,0.1691434979,1.2364239693,0.6956555247,0.3911502659
2.9173009396,-0.1794385612,0.0127773369,0.158225894,1.0813622475,0.6496790051,0.3249818981
2.9272818565,-0.1807121336,-0.0120447492,0.157994926,0.9007120132,0.596236527,0.2657145858
2.9371359348,-0.1783999503,-0.0296500251,0.1558962464,0.7262568474,0.5292862654,0.221372664
2.9476828575,-0.1711418331,-0.0228034481,0.1512152553,0.5792448521,0.4564123154,0.1789376289
2.957118988,-0.1681429446,-0.0023863232,0.1504099965,0.5171945095,0.3972342014,0.1443854421
2.967592001,-0.1675224006,0.0160730407,0.1300446987,0.5346496701,0.3448413014,0.1097156107
2.9770641327,-0.1656465828,0.0332301781,0.1054124236,0.5925767422,0.3080020845,0.0858091861
2.9869599342,-0.1642730534,0.0505867675,0.092854917,0.6507953405,0.2973057628,0.0781920105
2.9971461296,-0.1617465317,0.0609097853,0.0853167772,0.6990491152,0.2927533686,0.0558110997
3.0068259239,-0.1525473297,0.0632230863,0.0782354474,0.7190076709,0.2873399556,0.0422888994
3.0167589188,-0.1408869922,0.0614351705,0.0710242391,0.6728329659,0.2857550979,0.0235931128
3.0266618729,-0.1383204758,0.0563617423,0.0782127976,0.5713276267,0.2669281363,-0.0144048696
3.0368039608,-0.1373242438,0.0401623622,0.0781579614,0.458176136,0.2489486188,-0.056061469
3.0465528965,-0.1354672611,0.0285629407,0.0614914261,0.317723155,0.2245407403,-0.0748926848
3.0564699173,-0.1318633854,0.0356368497,0.0611376725,0.2037068456,0.1985288411,-0.0775336698
3.0664038658,-0.1280254424,0.0383955017,0.0513494574,0.1714205444,0.179009214,-0.0745956749
3.0763678551,-0.1205214486,0.0374897048,0.0419068299,0.2039197981,0.1635154784,-0.0698102042
3.0862519741,-0.1113261804,0.0359131619,0.025752183,0.2881990075,0.1490124315,-0.0619032755
3.0961408615,-0.1003888473,0.0435067043,-0.0005134969,0.3492760062,0.1502350867,-0.0546883792
3.1060459614,-0.0956349,0.0553577617,0.0028319331,0.385129869,0.1646081656,-0.0527035221
3.1160020828,-0.0997240767,0.0434445664,0.005068657,0.4266417325,0.1816310883,-0.0724560916
3.1259520054,-0.098242186,0.0132396305,0.010217485,0.4545159638,0.1833275259,-0.1093880087
3.1358709335,-0.0950454101,0.0056740129,0.0110322805,0.4567565024,0.1728181541,-0.1409007609
3.1457979679,-0.0905815586,0.0263027027,-0.0141387014,0.4182674289,0.1747819632,-0.147902742
3.1556899548,-0.0943390951,0.0679358765,-0.0172742046,0.4014832079,0.2048069835,-0.1460874975
3.1656589508,-0.105685316,0.0798368976,-0.0041590361,0.411642909,0.2325307578,-0.1520966589
3.1755719185,-0.1059132442,0.0596187338,0.0206375085,0.4222044647,0.2291520089,-0.143352434
3.1854579449,-0.0821595415,0.0399287269,0.0254120193,0.3720624745,0.1934994757,-0.1193336472
3.1955928802,-0.0516973361,0.0257715359,0.0244555436,0.2650588751,0.1368260682,-0.084890455
3.2053108215,-0.02440002,0.0138436789,0.0228883587,0.1635082811,0.0712798163,-0.0496248752
3.2152929306,-0.0043607587,-0.0023909723,0.0057931514,0.0704719126,0.0027345775,-0.0218150485
3.2252011299,-0.0003609294,-0.0188493505,0.0042379471,0.0018393213,-0.0522272103,-0.0073940326
3.2351198196,-0.002332055,-0.0268551037,-0.0173533596,-0.0435338393,-0.0773956776,-0.0054050507
3.2450890541,-0.0148948068,-0.0108385449,-0.0150668053,-0.061347995,-0.0755746067,-0.0017642428
3.2549757957,-0.0378821716,0.0051245773,0.0114624472,-0.0241520647,-0.0559002385,-0.0089372005
3.2648999691,-0.0542644486,0.0087111676,0.0228639208,0.0479144044,-0.0520754084,-0.0284757465
3.2750058174,-0.0492136702,0.0126511538,0.01933771,0.1123179868,-0.063474007,-0.0503022149
3.2847681046,-0.0319071636,0.0168374255,-0.0049124388,0.1218030974,-0.0735607296,-0.0556871295
3.2946679592,-0.0203492884,0.0216162279,-0.0222014822,0.0936933458,-0.0624034144,-0.0662738234
3.3046388626,-0.0126770968,0.012556144,-0.0280847587,0.0545035973,-0.0521433167,-0.0724238604
3.3145170212,-0.0050386423,-0.0065758293,-0.0210478939,0.0346326865,-0.0534240305,-0.0772213191
3.3244810104,0.0020267135,-0.0189876482,-0.0233407654,0.0162105374,-0.0486095697,-0.0978421718
3.3344159126,-0.0008684034,-0.0193968788,-0.0112639097,0.0078056012,-0.0599815324,-0.1189894974
3.3445420265,-0.0078199739,-0.0099211847,-0.0169042982,0.0122352373,-0.0690421462,-0.1232731938
3.3542771339,-0.0198955182,0.0167266652,-0.0417884625,0.033094801,-0.0401130207,-0.1146001443
3.3641870022,-0.0409483537,0.0508655682,-0.0319779553,0.1026472449,0.0019486786,-0.0960024893
3.3740458488,-0.0467201099,0.0711222365,-0.0286203064,0.1861442775,0.0241687633,-0.0691431835
3.3839697838,-0.0313089713,0.0837651119,-0.0400831141,0.2254892737,0.0476650372,-0.0159044638
3.3939299583,-0.0139369005,0.0821518824,-0.0316078104,0.199132964,0.0643516034,0.0330869481
3.403854847,-0.0026176805,0.0565313175,-0.0222104825,0.1241934597,0.0715104416,0.054076653
3.4138269424,0.0032391911,0.0235636458,-0.0257001556,0.04085996,0.0644629225,0.0450817943
3.4236979485,0.0070211058,0.006118753,-0.0172300972,-0.0232577771,0.0393471867,0.0295662172
3.4336628914,0.0043442016,0.0113615179,-0.0098475842,-0.0485175028,0.0239138976,0.0228750892
3.4435710907,-0.0057658786,0.0302668288,-0.0042495159,-0.0287706964,0.027939532,0.020635372
3.4535439014,-0.0184507016,0.0455324426,-0.0003774195,0.0138962511,0.038274996,0.0223033428
3.4633870125,-0.0271365289,0.0580421463,-0.0125675825,0.0381134413,0.0477294847,0.0462731235
3.4733920097,-0.0315624103,0.0636561289,-0.0057160286,0.0434062928,0.0621046945,0.0783706382
3.4832549095,-0.0326822624,0.0518813655,0.0051059099,0.0234392434,0.0570912957,0.1026978195
3.4932229519,-0.0357322916,0.0350528583,0.0152922245,-0.0168503877,0.0428726748,0.1208217293
3.5031070709,-0.0409422144,0.0211281851,0.0280761681,-0.0618120022,0.0289938785,0.1279795021
3.5130958557,-0.0483696684,0.0073484266,0.0296190344,-0.1012542173,0.0095197791,0.1146677956
3.5231599808,-0.0503375754,0.0040231133,0.0190166794,-0.1324132085,-0.0121146757,0.1087057814
3.5329408646,-0.0547236428,0.0128385508,0.0211028419,-0.1448052377,-0.0270912293,0.1181019023
3.5428290367,-0.0650804266,0.0138832564,0.0270735584,-0.133002907,-0.0429298468,0.118947193
3.5527968407,-0.0784733519,0.0112414593,0.0125120254,-0.1093409956,-0.0584129319,0.115038909
3.5626409054,-0.0838718042,0.0257842317,0.0122684808,-0.1020564511,-0.0683561116,0.1283091605
3.5726490021,-0.0851720795,0.0517591611,0.0180119239,-0.1036261171,-0.0737189204,0.1436551362
3.5824899673,-0.0860197768,0.0677179769,0.0324317776,-0.1114070788,-0.092532821,0.1368275881
3.5924978256,-0.0842572078,0.0737930164,0.0505220257,-0.1239505559,-0.0993595645,0.1182068288
3.6025629044,-0.0939217433,0.0612012818,0.0430800281,-0.153402999,-0.0914643556,0.0998363495
3.6123480797,-0.1170376167,0.0227684155,0.0370100699,-0.1868365854,-0.0692195073,0.0733122975
3.6221950054,-0.127887696,-0.005997709,0.0362355076,-0.2448559403,-0.0502087958,0.0394627228
3.6321258545,-0.1202583537,-0.0074971383,0.0337942205,-0.3148042262,-0.0628974289,0.0230442677
3.6420221329,-0.1036170945,0.0014284187,0.0394504629,-0.3749642372,-0.0920688957,0.0184742846
3.6519629955,-0.0928902254,0.0134920413,0.0458647572,-0.4164423347,-0.1249083355,0.0300771762
3.661896944,-0.0927274451,0.0182137415,0.046478685,-0.4585415721,-0.1519785672,0.0356772728
3.6718659401,-0.102145575,0.0193763301,0.0584417544,-0.5220549703,-0.1750556529,0.0249520894
3.6817879677,-0.1089534983,0.0193310156,0.061049398,-0.5944737792,-0.1958884895,0.0125132632
3.6916429996,-0.1049825773,0.0181033239,0.066383779,-0.6800388098,-0.2354098111,0.01571122
3.7015800476,-0.0918231234,0.0175882354,0.085673511,-0.7589653134,-0.3280656934,0.0307911038
3.7115459442,-0.0684370026,0.0340475067,0.118065834,-0.8111212254,-0.4536678493,0.0603111461
3.7214539051,-0.0529002771,0.0704886094,0.1130090356,-0.8208809495,-0.5471152663,0.0993232578
3.7314329147,-0.0689092502,0.0941077694,0.0958216786,-0.7861865163,-0.5997983813,0.110506475
3.7412900925,-0.1146767959,0.0752464309,0.110660851,-0.7069574594,-0.6198126078,0.0913191959
3.7512841225,-0.1563462913,0.0423542932,0.1063440442,-0.6361875534,-0.6241343617,0.0417001769
3.7611279488,-0.1794357002,0.020269759,0.1067832112,-0.6301816106,-0.6359596252,-0.0222300701
3.7713479996,-0.1756217778,0.0142991925,0.121797204,-0.6671575308,-0.6883882284,-0.1132785529
3.7810049057,-0.1563141644,0.0009707891,0.1430741549,-0.6713448167,-0.71897012,-0.1750724167
3.7909519672,-0.120891355,-0.0046578264,0.1386774182,-0.6867462993,-0.81045717,-0.2302391231
3.8008680344,-0.0830392465,0.0017958366,0.1535567641,-0.7253264189,-0.9335441589,-0.2357137948
3.8108401299,-0.0468901023,0.02763585,0.1518400908,-0.8129662871,-1.0535686016,-0.2000708431
3.8206930161,-0.0268352274,0.0473623052,0.1410332918,-0.9616465569,-1.1473424435,-0.1870791465
3.8306908607,-0.0386510715,0.0290065184,0.1610609889,-1.0915611982,-1.1981157064,-0.2324451506
3.8407568932,-0.0643568859,-0.0287036821,0.182226181,-1.157241106,-1.2693253756,-0.2954259813
3.850728035,-0.0850208029,-0.0862382874,0.210631907,-1.1337077618,-1.362298727,-0.3718007505
3.8604130745,-0.0949432477,-0.1177091524,0.2017374635,-1.0625425577,-1.452247262,-0.4692887068
3.8703918457,-0.1033979878,-0.1165120229,0.1836597919,-1.0094096661,-1.5293979645,-0.5626468658
3.8804349899,-0.1036274359,-0.0877536759,0.1812644601,-0.9916291237,-1.592223525,-0.6448767781
3.8902111053,-0.100888364,-0.0644764528,0.1756064296,-0.9981722832,-1.6528555155,-0.7230209708
3.9001169205,-0.091905497,-0.0525131747,0.1777760386,-1.0437674522,-1.7250074148,-0.7945822477
3.9101068974,-0.0754746422,-0.0393029079,0.1719703674,-1.0905919075,-1.8228037357,-0.8353233337
3.9199700356,-0.054105185,-0.0171216652,0.1276468039,-1.1446740627,-1.8863606453,-0.8444324136
3.9298739433,-0.0550291464,0.0041826451,0.1013593078,-1.2021542788,-1.897588253,-0.8640180826
3.9400179386,-0.0710863993,0.0163745359,0.0844959021,-1.2296812534,-1.8836327791,-0.913538456
3.9497308731,-0.0861520097,0.0111883665,0.0713221431,-1.2486838102,-1.8535118103,-0.9896880984
3.959736824,-0.0907633528,-0.0068453765,0.1077460647,-1.2861614227,-1.8445500135,-1.0790739059
3.9697179794,-0.0770125017,-0.0469829664,0.1590129733,-1.312928319,-1.8983703852,-1.1600738764
3.9795398712,-0.0421544537,-0.0835078582,0.1875914931,-1.3209937811,-2.0055823326,-1.2284054756
3.9894008636,0.0027893549,-0.0953582749,0.1816639304,-1.2735316753,-2.1419298649,-1.2725673914
3.9993801117,0.0406664088,-0.0781731829,0.1277055144,-1.1737374067,-2.2735548019,-1.2716275454
4.0093488693,0.0555135682,-0.0412973389,0.0437744223,-1.0513093472,-2.3265879154,-1.1988446712
4.019423008,0.0326089785,0.0094936872,-0.0366887487,-1.0008285046,-2.2702445984,-1.1311039925
4.0290818214,-0.0193563197,0.0350394621,-0.0395204462,-1.0176641941,-2.1724042892,-1.1636568308
4.0390748978,-0.0622997656,0.0118968273,-0.0232359804,-1.0097488165,-2.0986912251,-1.2655296326
4.0489850044,-0.0678597316,-0.029397212,-0.0211545862,-1.029715538,-2.0765626431,-1.3537068367
4.0591797829,-0.034656547,-0.0462990031,-0.0220543779,-1.0965834856,-2.0947914124,-1.4034876823
4.0688281059,0.0096225953,-0.0511398539,0.0200698934,-1.1314043999,-2.1438977718,-1.4258682728
4.0788378716,0.037080273,-0.0414069518,0.0081360908,-1.0611425638,-2.198374033,-1.4130277634
4.0886831284,0.0339572504,-0.0064500785,-0.0723156333,-0.9751091003,-2.1915416718,-1.3605880737
4.0986948013,0.004276122,0.0365580097,-0.1289998889,-0.8447455168,-2.1198225021,-1.3022128344
4.1083979607,-0.040591076,0.0643458143,-0.1820228696,-0.7022746205,-2.0087487698,-1.2520310879
4.1184477806,-0.0766841993,0.0903166309,-0.1900738478,-0.5956714749,-1.9143693447,-1.2072428465
4.1284799576,-0.0878054351,0.1135442033,-0.1651038527,-0.4683178067,-1.8735419512,-1.1954607964
4.1383128166,-0.0675798878,0.1132932082,-0.1642004848,-0.3020177782,-1.8613358736,-1.1983060837
4.1485271454,-0.038788788,0.1051993743,-0.2009006739,-0.1609682441,-1.861728549,-1.1897186041
4.1581788063,-0.0193195287,0.1166153923,-0.2237215638,-0.1592145562,-1.8246759176,-1.1694200039
4.1681556702,-0.0223121438,0.1169904247,-0.1564283967,-0.174459368,-1.7126224041,-1.1509202719
4.1780538559,-0.0393899009,0.0962058082,-0.1422328949,-0.1643452197,-1.6171081066,-1.1278364658
4.1882119179,-0.0517500862,0.0877321139,-0.1722505093,-0.1847099513,-1.5146956444,-1.0746231079
4.1978840828,-0.0525798872,0.0912531391,-0.1907235384,-0.2412195653,-1.449021101,-0.9929775596
4.2078590393,-0.0435219333,0.0870018974,-0.2024893165,-0.3613325953,-1.3912934065,-0.915991962
4.2177171707,-0.026085848,0.0675518885,-0.1689853072,-0.4920631647,-1.349875927,-0.8536815047
4.2276802063,-0.0067101056,0.0510495678,-0.1678717732,-0.595564723,-1.3050277233,-0.8177999258
4.2375798225,0.0040774113,0.053352274,-0.1860191226,-0.6523259878,-1.2206982374,-0.7678052187
4.247563839,-0.0041069323,0.0786162391,-0.2275403142,-0.7300483584,-1.1461737156,-0.6939223409
4.2574176788,-0.0108915502,0.1172073856,-0.2294675708,-0.764862299,-1.0330489874,-0.6277704835
4.2676129341,-0.0263184253,0.1302816123,-0.2104417682,-0.7693021297,-0.978084445,-0.5815238953
4.2771978378,-0.0301175658,0.1190852299,-0.1936238408,-0.8140807748,-0.7265837789,-0.4189352095
4.2872028351,-0.0130743915,0.1139328256,-0.1441742182,-0.5259632468,-0.6702853441,-0.4065212309
4.2972021103,0.0264761504,0.0623646155,-0.1289064288,0.037921425,-0.8823829889,-0.5894224048
4.3070731163,0.047764875,0.0391875282,-0.1270407438,0.4166735411,-0.9559272528,-0.7400993705
4.3170547485,0.0247996803,0.0799032226,-0.1125147939,0.47404176,-0.9298272133,-0.7908272743
4.3268947601,0.0009410446,0.098076202,-0.1272522807,0.2767424285,-0.8488550782,-0.7007722259
4.3368492126,0.0043296283,0.0714685097,-0.1221808791,-0.0645563006,-0.6603280902,-0.4483620226
4.3467860222,0.0224774834,0.0405208841,-0.1042247415,-0.336691767,-0.5235515833,-0.2172363698
4.3567428589,0.030841982,0.0176052824,-0.1001663804,-0.4080053568,-0.4732532501,-0.1461494118
4.3666400909,0.0299856421,0.0218528882,-0.1078619361,-0.3310183585,-0.5059140325,-0.2428187579
4.3765687943,0.0110139018,0.04907123,-0.111907661,-0.2615404725,-0.4852558672,-0.3275730908
4.3864622116,-0.0007411475,0.0776906982,-0.0931246281,-0.2049305439,-0.4571629763,-0.3476476967
4.3964357376,0.0017465418,0.0641572252,-0.0910519958,-0.1101811379,-0.4474728107,-0.3463525772
4.4063420296,0.0211869236,0.0260766521,-0.0687842965,-0.0211767815,-0.4389607906,-0.3666368425
4.4162950516,0.0388768092,-0.0083921766,-0.0374549665,0.0679922402,-0.4690177739,-0.4369575977
4.4262099266,0.0555866733,-0.018387638,-0.008702877,0.1828542948,-0.4200741947,-0.4515880048
4.436273098,0.0714862123,0.0077975178,0.0089493962,0.2487800419,-0.3854829371,-0.4138446152
4.4460086823,0.0680296794,0.0563232675,-0.0430494584,0.209260866,-0.3733463585,-0.3928708732
4.455947876,0.0635667518,0.0860751048,-0.0898004174,0.2010181099,-0.3523097932,-0.3598788083
4.4658808708,0.0532609299,0.0931511298,-0.1135951877,0.122403197,-0.3367303014,-0.3544447124
4.47579813,0.0263394471,0.0912857428,-0.1249219775,0.0441225097,-0.283446312,-0.3017519414
4.4856967926,0.0027731722,0.1119977608,-0.137453258,0.0196146779,-0.216552496,-0.2192788571
4.4956388474,-0.0231959168,0.1419395655,-0.1558570862,0.0530181751,-0.1712425351,-0.1381738931
4.5055809021,-0.05012279,0.1686644405,-0.1675564647,0.1078262106,-0.1395378709,-0.1093925089
4.5156707764,-0.0617218837,0.1712701768,-0.1472213268,0.1733319908,-0.1095062047,-0.1373538226
4.5254268646,-0.0559096858,0.134538278,-0.1031620502,0.2368359417,-0.0751674101,-0.1410587579
4.5353178978,-0.026560599,0.0814753547,-0.0649623275,0.2802947462,-0.0177944005,-0.1020431742
4.5452547073,0.0073110526,0.0318946019,-0.0378053822,0.2939276397,-0.0210474506,-0.110915862
4.5551800728,0.0260214861,-0.0112852072,-0.0085019497,0.296338886,-0.0435807258,-0.1594602317
4.5651102066,0.0285883602,-0.0380304679,0.0066521736,0.2689698339,-0.0648005232,-0.1938422471
4.5750179291,0.0335893109,-0.0450186357,0.0344703756,0.2222486585,-0.0991680846,-0.2186189592
4.5849637985,0.0332038179,-0.0545950159,0.0605742298,0.1842249334,-0.1240899488,-0.2418457866
4.5948886871,0.0314658657,-0.0644633994,0.0677959323,0.1238739789,-0.1577799916,-0.2703570426
4.6046562195,0.0300443824,-0.0665691718,0.0652463436,0.0561465025,-0.1585398018,-0.2783932686
4.614759922,0.0264407452,-0.0613274798,0.049263414,-0.0030323993,-0.1678238511,-0.2595844269
4.624683857,0.0153109198,-0.0403304324,0.0279314481,-0.0376045816,-0.1608578116,-0.2326835692
4.6346206665,-0.0086495513,-0.0097763157,0.0122045847,-0.0358575471,-0.1261270046,-0.2130989432
4.6447582245,-0.0423202142,0.0306243673,-0.0029748706,-0.0090103084,-0.1124929488,-0.2020658851
4.6545181274,-0.0702911243,0.0631729737,-0.0031294255,0.0328444615,-0.096661523,-0.1851819754
4.6644310951,-0.0763850734,0.0772865787,-0.0075544743,0.0907629803,-0.101757206,-0.1561066061
4.6743941307,-0.066537939,0.0731889978,0.0027003856,0.141094327,-0.0977020115,-0.1115838811
4.6846618652,-0.0497253761,0.0555364862,0.0047259899,0.1740888506,-0.1007526666,-0.0794499516
4.6941919327,-0.0380856022,0.0364538804,0.0044962736,0.1840330958,-0.0873436481,-0.048209738
4.7040929794,-0.0329562351,0.0163554922,-0.0072153835,0.1783632189,-0.0775802359,-0.0246622022
4.7140207291,-0.0267732684,-9.83692e-05,-0.0100563196,0.1500998884,-0.057698939,4.07482e-05
4.7240509987,-0.0201104525,-0.0097531294,-0.0084210066,0.1015993804,-0.0357337184,0.0123431208
4.7338562012,-0.0200191084,-0.0173008069,-0.0156040816,0.0485910252,-0.0081026237,0.0110932989
4.7438268661,-0.019895548,-0.0226947889,-0.0255349912,-0.0102485009,0.0114638871,0.0096375495
4.7537169456,-0.022985572,-0.0202274546,-0.0260344185,-0.0580341294,0.0429041013,0.0093232952
4.763906002,-0.0248311702,-0.0108372187,-0.0281209387,-0.1089384109,0.0691865757,0.011584552
4.7735590935,-0.0217451993,-0.0088845706,-0.0301583447,-0.1668869257,0.1077731103,0.0168067459
4.783536911,-0.0168391112,-0.0166782364,-0.0276117958,-0.2201221138,0.1472219825,0.0174479671
4.7934250832,-0.0187889878,-0.0209240541,-0.025416974,-0.2468447983,0.1784675121,0.0488889813
4.803404808,-0.0223388914,-0.0079070544,-0.0268732943,-0.2330711037,0.2002393901,0.0615150295
4.8132667542,-0.0279186014,0.014534452,-0.0316479243,-0.1826076657,0.2341803163,0.0871261135
4.8232412338,-0.0304609183,0.0392989293,-0.0337852277,-0.0864647031,0.2543905377,0.1416190863
4.8331208229,-0.0244422797,0.0538049713,-0.0384071507,0.010981421,0.2451581359,0.1747642606
4.8430709839,-0.0170054082,0.0558442846,-0.0292236842,0.0955704302,0.2212107182,0.1592480689
4.8529667854,-0.0218507592,0.0440357104,-0.0222060122,0.1410526931,0.2116284072,0.1313109845
4.8629589081,-0.0285145584,0.0356318727,-0.0332567133,0.1096630767,0.2127605081,0.143810764
4.8728079796,-0.0242571775,0.0297683254,-0.0461112298,-0.0026024766,0.262757659,0.2201939523
4.8827548027,-0.0198686067,0.0169434324,-0.0677868724,-0.1977080554,0.323707521,0.300604552
4.892677784,-0.0171799008,0.0050571943,-0.0697703958,-0.4424442947,0.4035286009,0.3556342423
4.9026517868,-0.0181597415,-0.007029674,-0.0579541959,-0.6892672777,0.5101210475,0.388017714
4.9125208855,-0.0318364725,-0.0101790046,-0.06099445,-0.8443929553,0.6110072136,0.4096625447
4.9224882126,-0.0458037183,0.0064472342,-0.0805808902,-0.869353354,0.6812941432,0.4296201766
4.9325199127,-0.052804254,0.0477199331,-0.0871499181,-0.7177585363,0.7344197035,0.4450164437
4.9422540665,-0.0533878729,0.0933263078,-0.1086204052,-0.4226208925,0.7659504414,0.4637188017
4.9523158073,-0.0532859489,0.1356652826,-0.1552032828,-0.1214045733,0.7682045698,0.4839859903
4.9621896744,-0.0471675321,0.1747882813,-0.1752761602,0.0955714956,0.7704365849,0.4907236695
4.9729337692,-0.0436499342,0.1733561605,-0.1812827587,0.1805534959,0.8132484555,0.5008580685
4.9826688766,-0.0385015532,0.131615445,-0.1866113544,0.1042718664,0.8926759362,0.5519436598
4.9928207397,-0.0292060617,0.090764977,-0.1919352412,-0.1182557493,0.9925394058,0.6451862454
5.0022931099,-0.0156545881,0.0637204424,-0.1931676269,-0.4005337954,1.1023727655,0.7432059646
5.0119071007,-0.0155819589,0.0492536202,-0.1962123513,-0.6718582511,1.2130984068,0.831020236
5.0216097832,-0.0160284881,0.0481055155,-0.1956524849,-0.8079837561,1.3365924358,0.9240046144
5.0314259529,-0.0255933944,0.0573159829,-0.2219008207,-0.7945536971,1.425323844,1.0150809288
5.0413718224,-0.0282859746,0.0893831626,-0.2254968882,-0.6524091363,1.4866873026,1.0960394144
5.0513100624,-0.0260200147,0.1298641413,-0.2173070312,-0.404181242,1.536187768,1.1469529867
5.0612850189,-0.0271135215,0.1654143184,-0.2100929022,-0.1328552067,1.5528703928,1.166359663
5.0711278915,-0.0309467558,0.1843340248,-0.208094418,0.0801209882,1.526070714,1.1512286663
5.0810389519,-0.0268533025,0.1791506857,-0.1766741276,0.2213990092,1.5656570196,1.1375807524
5.0910010338,-0.0279233996,0.1415169686,-0.154224813,0.2976740897,1.5929216146,1.1521331072
5.1009879112,-0.0258181784,0.1095826998,-0.1552681327,0.3096546531,1.6419570446,1.2168062925
5.1108541489,-0.0155292535,0.1040906683,-0.1734625697,0.2932282984,1.6757086515,1.2952760458
5.1207680702,-0.0037108148,0.0982283726,-0.1797567606,0.3394482434,1.7399462461,1.3627414703
5.1306939125,-0.0051839659,0.0842587724,-0.1932681203,0.4708624482,1.7663384676,1.4414640665
5.140832901,-0.011540533,0.0930448547,-0.2050052285,0.6372010112,1.7985652685,1.5041126013
5.1507229805,-0.0217394847,0.1158483997,-0.1847642064,0.829346478,1.8263814449,1.5283002853
5.1607098579,-0.0413803048,0.1342850775,-0.1636696458,1.0244832039,1.8471614122,1.517441988
5.1705050468,-0.0590439253,0.1316737384,-0.1374837756,1.1647244692,1.8864061832,1.4896018505
5.1806797981,-0.074105531,0.1107193008,-0.1064553857,1.2409543991,1.9306259155,1.4447994232
5.1904950142,-0.0860995129,0.0711329356,-0.0755020976,1.2719717026,1.9711533785,1.401481986
5.2003779411,-0.0841134638,0.0379694477,-0.0633065104,1.2406722307,2.0093488693,1.3816041946
5.2102689743,-0.0766305551,0.0276052728,-0.0572637953,1.1435449123,2.0431978703,1.3801109791
5.2202529907,-0.0732769221,0.0237539187,-0.0415696539,1.0283493996,2.0750453472,1.3800394535
5.2301259041,-0.0712714568,0.0191847458,-0.0420549549,0.8897550106,2.0964143276,1.3698805571
5.2401080132,-0.071436964,0.015881516,-0.0237266459,0.7743335366,2.1063258648,1.3426811695
5.2499818802,-0.0708705708,0.0020253444,-0.0096377758,0.7538045645,2.1033706665,1.3087239265
5.2598958015,-0.0627866313,-0.0070662713,-0.0272135176,0.8027714491,2.0816516876,1.2995268106
5.269824028,-0.0545106903,0.0183059946,-0.043919567,0.8445404172,2.0592908859,1.2891303301
5.2798051834,-0.057685934,0.0390503183,-0.0165981688,0.9293273091,2.0448963642,1.2646708488
5.2896780968,-0.0683932826,0.0344385877,0.0119819017,1.0966699123,2.0437688828,1.22960186
5.2996330261,-0.0805502459,0.0294235721,0.0218830667,1.2989463806,2.0326850414,1.2117205858
5.3095288277,-0.0870261416,0.0435129181,0.0371414982,1.408744216,2.0173490047,1.1865016222
5.3194618225,-0.097371392,0.0531777516,0.0759853721,1.474629283,1.9956525564,1.13312006
5.3293471336,-0.1076014563,0.0436823443,0.0848579407,1.5229916573,1.9571563005,1.0734080076
5.3393230438,-0.1099827215,0.0350153819,0.0740068555,1.524037838,1.9189505577,1.0248824358
5.3492689133,-0.1100508198,0.0384601429,0.0689963698,1.4603300095,1.872395277,0.9873763323
5.3590106964,-0.1160633489,0.0474921837,0.0707197785,1.3639745712,1.843288064,0.9364023805
5.3689117432,-0.1262459159,0.0442427769,0.0804939866,1.2751607895,1.8179517984,0.8772506714
5.3788928986,-0.133156389,0.0290403143,0.1019894481,1.2260837555,1.7627899647,0.8324949145
5.3887810707,-0.1295047998,0.0222408548,0.1009771228,1.2285735607,1.6927547455,0.8073168397
5.3989238739,-0.1230083331,0.017367132,0.1029899716,1.2336050272,1.6179002523,0.7815349698
5.4087700844,-0.1248237714,0.0163775161,0.1225072742,1.2322502136,1.5512599945,0.7397713065
5.418762207,-0.1322239935,0.0131455148,0.1323330998,1.1998933554,1.4942866564,0.686504364
5.4288711548,-0.1432171166,0.0062565887,0.1546012759,1.1359063387,1.439011693,0.6106314659
5.4385871887,-0.1517454684,-0.0084527051,0.1865515709,1.0760024786,1.352627039,0.5225602984
5.4483232498,-0.143371731,-0.0239096507,0.1955941319,1.0317397118,1.2382011414,0.4643001854
5.4582180977,-0.127355665,-0.0226061568,0.1728560328,0.9673728943,1.1253107786,0.4493550658
5.468132019,-0.1201732978,-0.0041724658,0.1576393843,0.8865374327,1.0292750597,0.4354611039
5.478012085,-0.1343542039,0.0008470797,0.148960948,0.8609620333,0.9657483101,0.3930462599
5.4886670113,-0.1542957127,-0.0064488864,0.1295552254,0.8564369678,0.9298629761,0.3263126612
5.498167038,-0.163936764,-0.0021197712,0.143858254,0.8686253428,0.8670496941,0.259909451
5.5082378387,-0.1530191004,-0.0026802635,0.1532050967,0.8750057817,0.7957389951,0.2083314657
5.5180091858,-0.1284941733,0.0017017805,0.1469761729,0.8291602135,0.7280968428,0.1716632694
5.5280900002,-0.1121989712,-0.0010755874,0.1644868255,0.7671599984,0.64341712,0.136224851
5.5378007889,-0.1048414931,-0.0206317231,0.1700338721,0.6927095652,0.5445610881,0.1022398844
5.5477728844,-0.1009896621,-0.0378791615,0.1658419967,0.6391682625,0.4334513545,0.0690893903
5.5576529503,-0.1021018848,-0.0386293456,0.1275381446,0.5884817243,0.3467127383,0.0555847995
5.5677318573,-0.1103546843,-0.0025081551,0.0993976593,0.5366992354,0.2901242971,0.0488006622
5.5775389671,-0.1329956949,0.0483875796,0.0989884734,0.5402876139,0.2849297822,0.0451990701
5.5875139236,-0.1616382301,0.0854042396,0.0916808248,0.5951167941,0.2995744944,0.0329783596
5.5973238945,-0.1825891435,0.0952504352,0.1000756025,0.6655684114,0.3192717731,-0.0003830274
5.6073589325,-0.186765939,0.0801680163,0.1016096473,0.7029147148,0.3238657117,-0.029822411
5.6171741486,-0.1667890847,0.0651928261,0.0998293161,0.6414644718,0.3061929941,-0.0525460653
5.6271858215,-0.1411131918,0.0494245961,0.1104499102,0.5225423574,0.2652956247,-0.0705218688
5.6370277405,-0.1160417423,0.0276572481,0.1145481467,0.4106116295,0.1971277595,-0.0771748498
5.647023201,-0.0924816355,0.0125762159,0.0906823874,0.3176603913,0.1241880357,-0.0687049329
5.6568861008,-0.0865957364,0.0140194381,0.0680809021,0.2607207894,0.0741794631,-0.0546455309
5.6669092178,-0.0992181525,0.0251639858,0.0482608639,0.1992238462,0.0966834426,-0.0600562766
5.6769528389,-0.1281137168,0.0444762781,0.0732468963,0.1662599593,0.1273577362,-0.1041267291
5.6867527962,-0.1422693431,0.04177735,0.0875179172,0.1856930405,0.1301516593,-0.1447290182
5.6966657639,-0.1289093196,0.0301090106,0.0627686381,0.2183076143,0.1182337403,-0.1544427425
5.7065210342,-0.1026202068,0.0249109045,0.0391405188,0.2131951451,0.09428633,-0.1357590556
5.7164916992,-0.0862438306,0.0258269981,0.0410364233,0.207129091,0.089519009,-0.1212666035
5.7264137268,-0.0854428634,0.0161229894,0.0359021388,0.2070465237,0.1010318547,-0.1320076585
5.736328125,-0.088256143,0.0046107257,0.0381566845,0.2359867394,0.0889115408,-0.1552012712
5.7462759018,-0.0764307007,0.0011435234,0.0168010555,0.284406215,0.0688251853,-0.158459112
5.7563958168,-0.0602395758,0.018121548,-0.006906691,0.3175801635,0.0399144366,-0.1265747547
5.7661070824,-0.0538291559,0.0441221073,-0.0254552998,0.3185828328,0.0526374206,-0.0891999453
5.7760338783,-0.0692998394,0.0473066047,-0.0031389622,0.3005074263,0.0838882849,-0.0827224776
5.7859802246,-0.0858270749,0.023781009,0.0148694487,0.2808583379,0.0989005268,-0.0981797278
5.7958631516,-0.0775003657,0.0050364072,0.0095236273,0.2318415344,0.1038135216,-0.1078822613
5.8057880402,-0.0527729616,-0.0001132555,0.0079312893,0.1680020988,0.0788810104,-0.098023504
5.815721035,-0.0233664159,0.0045457119,0.0100386711,0.0833524689,0.0362411402,-0.0720788538
5.8256959915,-0.0038023228,0.0065266127,0.01348978,0.0027068902,0.0080646276,-0.0532875881
5.8358178139,-0.0022490853,-0.0004636265,0.0044320794,-0.0543625206,-0.0013565705,-0.0502580106
5.8455309868,-0.0058201784,-0.0032357192,0.0123668881,-0.0608324073,-0.0313400365,-0.0599865392
5.8554339409,-0.0012752647,0.0040190006,0.0064589353,-0.0201338883,-0.0756081641,-0.045031555
5.8653559685,0.0069745546,0.0255372152,-0.0128873019,0.0304845478,-0.102985993,-0.0081491712
5.8752889633,-0.0052616829,0.0471618995,-0.0262677111,0.0878425613,-0.0835212097,-0.0022603229
5.8852472305,-0.0254454259,0.0422957614,-0.0320859589,0.1285513639,-0.0520762056,-0.0171071813
5.8951220512,-0.036894165,0.0300727561,-0.0258181728,0.1233221665,-0.0155272502,-0.0251796879
5.905081749,-0.0342573747,0.0157328472,-0.0174901523,0.0987510458,0.0126884077,-0.0275184754
5.9149689674,-0.0155784721,-0.0018299288,-0.0207898654,0.0737683699,0.0132319592,-0.0239609238
5.9251418114,0.0038935905,-0.0097008264,-0.022704903,0.0417505205,-0.0013243463,-0.0152720939
5.9348688126,0.0188671704,-0.0035228049,-0.0208752789,0.0078523839,-0.0107783014,0.0112660378
5.9448008537,0.0240863319,0.0089916969,-0.0161662735,-0.0016652211,-0.0159704015,0.0341867991
5.9546718597,0.0205763932,0.006739282,-0.0169491805,0.0108456882,-0.0238435045,0.0401534475
5.9647130966,0.0151330596,0.0045679891,-0.0239614882,0.0326346084,-0.0353781879,0.0427580178
5.9746551514,0.003417111,0.0093681747,-0.0316396393,0.0361391492,-0.0172375329,0.0456016399
5.9844360352,-0.0150061483,0.0083080316,-0.0249731578,0.0390891321,0.019980941,0.038692601
5.994427681,-0.033614181,-0.0021385467,-0.0156394877,0.032970611,0.045178175,0.0126929274
6.0044116974,-0.0354349241,-0.0076982891,-0.0052358536,0.0232452769,0.0643164515,0.0001987068
6.0142588615,-0.0273548607,-0.008563525,-0.006521645,0.0071936068,0.0641987398,-0.000279963
6.0243721008,-0.012992763,0.0007905149,-0.0026989607,-0.0102847181,0.061332643,-0.001912747
6.0342321396,-0.0045737857,0.0109879458,0.0075878473,-0.0176138263,0.0495862402,-0.0004862251
6.0442519188,0.0002912646,0.0161944404,0.0065341564,-0.0084173996,0.0168679729,0.0121230436
6.053940773,-0.0013790959,0.0148718441,-0.001441422,8.1318e-06,0.005162315,0.0290755946
6.0638890266,-0.0131905908,0.0140131349,-0.0003175764,0.0023671601,0.0041692224,0.043835368
6.0737762451,-0.0301692132,0.0168421939,0.0003263326,-0.0023410432,0.0111925108,0.0540265851
6.083799839,-0.046124123,0.0281608924,-0.0024985699,-0.0185594279,0.0348959751,0.0688670501
6.0936470032,-0.0643288717,0.0394995287,0.0044476958,-0.0337114818,0.0574835762,0.080961436
6.1035900116,-0.0785153136,0.0364362225,0.0127413841,-0.0437151119,0.0772072077,0.0724603534
6.1134958267,-0.0763473734,0.0296419635,0.0164827071,-0.0563510135,0.0778346583,0.0711402893
6.1234922409,-0.0620451197,0.0315198675,0.0369045697,-0.0637048036,0.0591565743,0.087208733
6.1333508492,-0.0398104414,0.048635684,0.0507596098,-0.0816313326,0.0072494345,0.1130434945
6.1433448792,-0.0310843829,0.0682546571,0.0366683565,-0.1057710275,-0.0189475492,0.1387097239
6.1531939507,-0.0412425622,0.067691721,0.0111774774,-0.1216218024,-0.0128110927,0.1603624523
6.163184166,-0.0638964996,0.0571988598,0.0220725499,-0.1457100958,-0.0094826743,0.1712363958
6.1732559204,-0.0837679133,0.0400498733,0.0356420837,-0.1747710407,-0.0128712803,0.1664919853
6.1830587387,-0.0876011476,0.0316284224,0.0305255614,-0.2268435657,-0.0272025485,0.1645476073
6.1929006577,-0.0879448876,0.034299396,0.02514356,-0.2997529209,-0.0382815674,0.1941658854
6.2028961182,-0.0925839767,0.0406885222,0.0259908997,-0.3656864166,-0.036634136,0.2280482203
6.2127518654,-0.1058930978,0.0446466878,0.0438821875,-0.4116612375,-0.0510018878,0.2373125255
6.222741127,-0.1075402126,0.0543228164,0.0717663765,-0.4317606688,-0.0958053097,0.2352491021
6.2325878143,-0.1009790525,0.0705744699,0.0680049658,-0.4452916682,-0.1315204352,0.2353951037
6.2425498962,-0.1045032963,0.0692211911,0.0687451363,-0.4536609352,-0.158974424,0.2293465436
6.2525620461,-0.118655704,0.047969453,0.0822569728,-0.4531557858,-0.1909406185,0.2139710784
6.2623820305,-0.1268949211,0.0325461254,0.0942904353,-0.4597665668,-0.2519717515,0.1916141063
6.2723169327,-0.1264916956,0.0389706418,0.104557097,-0.4830961227,-0.3125387132,0.1936519593
6.2822170258,-0.1197299585,0.0576819405,0.111284256,-0.5150540471,-0.3709093332,0.2038255036
6.2919607162,-0.1153199896,0.0685034916,0.1181263328,-0.5640203357,-0.4465987384,0.2008812875
6.3020939827,-0.1183579788,0.0689072385,0.1379457116,-0.623039484,-0.5183288455,0.1891391426
6.3119740486,-0.1181622371,0.0546029732,0.1476237178,-0.6562364101,-0.5997672677,0.2025493383
6.3219680786,-0.1120243296,0.0344888642,0.1238913536,-0.702039063,-0.669965744,0.2181197852
6.3320479393,-0.1093626842,0.0256310478,0.1207147241,-0.7613550425,-0.7306661606,0.2093994915
6.3418416977,-0.111529015,0.016351141,0.1197505593,-0.8183202744,-0.7718764544,0.1838443279
6.3516798019,-0.1153004393,0.0098798061,0.1291640401,-0.8853347301,-0.8071702719,0.1433057338
6.3616509438,-0.1166849956,0.0012858742,0.1538262963,-0.9508343935,-0.8656977415,0.078147769
6.3717660904,-0.1183111295,-0.0219193771,0.1588176489,-1.0293295383,-0.942434907,-0.0054975618
6.3815197945,-0.1221623644,-0.053705357,0.1717665792,-1.0976635218,-1.0202060938,-0.0722472966
6.3913879395,-0.1285201013,-0.0741790161,0.1710262895,-1.1665539742,-1.1069735289,-0.1268343031
6.4013261795,-0.1361112297,-0.0684680864,0.1724834442,-1.2224228382,-1.2032028437,-0.1871093661
6.4114589691,-0.1424829662,-0.0504401848,0.1875104308,-1.2404111624,-1.3123790026,-0.2670829296
6.4211769104,-0.1411956847,-0.0291480348,0.197204411,-1.1981630325,-1.4328916073,-0.3404079974
6.4311289787,-0.1252652705,-0.0148675656,0.1856715083,-1.1032888889,-1.5570969582,-0.4019106328
6.4410400391,-0.1094042286,-0.0174080357,0.1634323597,-0.9858062267,-1.6509473324,-0.4675183892
6.4510140419,-0.0939126238,-0.0412060842,0.1265212297,-0.8520284891,-1.6830136776,-0.56067276
6.4608812332,-0.0735489354,-0.0763091072,0.0928218961,-0.7509950995,-1.6863907576,-0.6599628925
6.4708638191,-0.0526115522,-0.1015626714,0.0884901881,-0.7412950993,-1.6974391937,-0.7344346046
6.480758667,-0.0220353846,-0.1020304188,0.1016973257,-0.8350266814,-1.7086173296,-0.7857047319
6.4907140732,0.0088399118,-0.0954852924,0.1199795604,-0.992662847,-1.7396781445,-0.8490083814
6.5007910728,0.0223774072,-0.0994382128,0.1214548945,-1.1894373894,-1.7710270882,-0.9358884096
6.5105648041,0.0174789187,-0.1044886634,0.126681447,-1.4407471418,-1.7845666409,-1.0287140608
6.5203800201,2.82889e-05,-0.1043437049,0.1430552006,-1.6788401604,-1.8164851665,-1.1134591103
6.5304141045,-0.013222062,-0.1106465086,0.1500506997,-1.8348691463,-1.8754669428,-1.1720094681
6.5402569771,-0.0130707854,-0.1085818633,0.1483795047,-1.8708726168,-1.9697537422,-1.1922215223
6.5502481461,-0.001228028,-0.0850693807,0.0914192796,-1.7646715641,-2.0583209991,-1.1740448475
6.5601329803,0.0008024638,-0.0446154997,0.0248416625,-1.5668381453,-2.0968205929,-1.1204309464
6.570127964,-0.0255966429,0.0076222206,-0.0198851265,-1.3471477032,-2.0743002892,-1.0773866177
6.58020401,-0.069581233,0.0555596128,-0.0268536843,-1.1500058174,-2.0270094872,-1.0911127329
6.5899467468,-0.1041572317,0.072855629,0.0057026716,-1.0060241222,-1.994301796,-1.1825882196
6.5998277664,-0.106483005,0.0513019338,0.0511270128,-0.920794189,-2.0016930103,-1.3377759457
6.6097340584,-0.0626897439,-0.0026765084,0.0828225017,-0.9144726992,-2.0593168736,-1.4800083637
6.6196908951,0.0184540953,-0.0554464087,0.0850137472,-1.0094960928,-2.2029607296,-1.5434206724
6.6297006607,0.1039762869,-0.0717247352,0.0535814725,-1.1602896452,-2.3302872181,-1.5010749102
6.6396269798,0.141604349,-0.0557438359,-0.0107740192,-1.2574974298,-2.3700184822,-1.4054069519
6.6494207382,0.1148932204,-0.0179144964,-0.0740670562,-1.2281148434,-2.3097305298,-1.3221050501
6.6596632004,0.0468401462,0.0289560929,-0.1219369769,-1.067950964,-2.1603770256,-1.2792366743
6.6693029404,-0.017531449,0.07168708,-0.1478412151,-0.8860720992,-2.0175600052,-1.2601501942
6.6793050766,-0.0556415506,0.1033464447,-0.1320089698,-0.6774073243,-1.8990732431,-1.2579243183
6.6891641617,-0.0677258447,0.0930584446,-0.1188051701,-0.5118281841,-1.8082275391,-1.2594194412
6.6991868019,-0.0583006255,0.0641256943,-0.0893803239,-0.4638334811,-1.7592186928,-1.2622432709
6.7090039253,-0.0416699536,0.0400131121,-0.0761724114,-0.536314249,-1.7369043827,-1.2728279829
6.7189998627,-0.0310970638,0.0196996704,-0.091377914,-0.6710457206,-1.7151851654,-1.2914054394
6.7288541794,-0.0259253923,0.0088039422,-0.1104596257,-0.7895665765,-1.6766213179,-1.3121074438
6.738861084,-0.0217479784,0.0237003341,-0.1303724647,-0.839328289,-1.6255283356,-1.2703385353
6.7489156723,-0.0225522462,0.0756193176,-0.1590117812,-0.8249801397,-1.5754375458,-1.1552298069
6.7586936951,-0.0283586476,0.1497467607,-0.2011302114,-0.7870790958,-1.5032126904,-1.0366829634
6.7685518265,-0.0437435731,0.1994284242,-0.2448629737,-0.6912763715,-1.4101985693,-0.9661805034
6.7785348892,-0.0549230799,0.2111438364,-0.290489018,-0.6381902695,-1.3681448698,-0.9371759892
6.7884049416,-0.0468917713,0.1872415394,-0.2868512273,-0.6050295234,-1.3262819052,-0.9200091958
6.7983732224,-0.0237108413,0.0960072652,-0.2135782838,-0.5077146888,-1.2750407457,-0.9280388951
6.8082699776,-0.0055119777,-0.0220536217,-0.1632303596,-0.4659277201,-1.2586092949,-0.9121596217
6.8182020187,0.013883031,-0.0542463288,-0.095433414,-0.499732554,-1.2227239609,-0.8464797139
6.8283538818,0.019377565,-0.0135071492,-0.0810943246,-0.575938046,-1.1567423344,-0.7817444205
6.8380241394,0.0075465506,0.0491899624,-0.1017001867,-0.8311817646,-1.0446722507,-0.6109287143
6.8479990959,-0.0181127433,0.093284823,-0.146772027,-0.8232529163,-0.6466934681,-0.4188812971
6.857875824,-0.0212121252,0.1045413986,-0.2504776716,-0.3412492275,-0.7827095985,-0.4418683648
6.8677749634,-0.0012356872,0.1355386823,-0.2735743523,0.2403488308,-0.9327170253,-0.5627282858
6.877849102,-0.0162653271,0.2194342464,-0.2839438319,0.5522033572,-0.9802003503,-0.7016142607
6.8876447678,-0.0474114642,0.2749613225,-0.2503640056,0.5979223251,-0.971177578,-0.7760021091
6.8976669312,-0.0468877479,0.2375329584,-0.2096785903,0.4873654544,-0.8572326303,-0.7120851278
6.9075040817,-0.0075741345,0.1216801181,-0.1548504829,0.3061354756,-0.708494246,-0.5454275608
6.9175019264,0.0348208025,-0.0043746447,-0.0877566934,0.1375627071,-0.6001787186,-0.3972165287
6.9273519516,0.0599533096,-0.0821410045,-0.0423571505,0.053596437,-0.5656710863,-0.3546409905
6.9372439384,0.0562944785,-0.0939775333,-0.0224053897,0.0456093512,-0.5562634468,-0.389942795
6.9472150803,0.0288190302,-0.0358584151,-0.0277709402,0.0066308808,-0.5489001274,-0.4102051556
6.9571361542,0.003871358,0.040096797,-0.041008655,-0.0431766249,-0.5174210072,-0.4066016078
6.9671349525,-0.0067737037,0.0771774426,-0.0512957014,-0.0107063875,-0.5109865069,-0.3771432936
6.9772191048,0.0119543439,0.0726936236,-0.058535222,0.1320137382,-0.4687264264,-0.326372534
6.9869880676,0.0311426874,0.0721494332,-0.0778788924,0.3430063128,-0.3914550543,-0.2219446152
6.9968481064,0.0267904755,0.1395433992,-0.1687547565,0.4639348686,-0.3084299564,-0.1524752676
7.0068268776,0.0199945327,0.2314831465,-0.2230070829,0.4751381874,-0.2168712765,-0.1679027528
7.0166797638,0.010778225,0.2423566431,-0.2356415391,0.4682949185,-0.1552550495,-0.1710854918
7.0266637802,0.0146063333,0.1862557381,-0.2271698713,0.3748662472,-0.0882805437,-0.117050156
7.0366039276,0.0358248428,0.1215117946,-0.1883090734,0.1707930118,0.0246739648,-0.0329877436
7.0464739799,0.0615967587,0.0673643723,-0.1457536817,0.0685992688,0.0556164347,-0.0051754853
7.056388855,0.0901229158,0.0310784355,-0.0881355405,0.1522994936,-0.0098917354,-0.0490470715
7.0663070679,0.0960900858,0.0248898044,-0.0637162328,0.255964607,-0.0375899412,-0.1021147445
7.0764627457,0.0882167593,0.0456183329,-0.0490298904,0.3001102507,-0.0521734133,-0.156047225
7.0861768723,0.0849804357,0.0514760986,-0.0059452085,0.3339033723,-0.1087642536,-0.1947609633
7.0960969925,0.0745975152,0.0231165662,0.0264081322,0.3700195551,-0.1777931303,-0.2294752598
7.1060528755,0.0609508827,-0.0134024238,0.0463797413,0.3625169098,-0.2101473361,-0.2443856746
7.1159749031,0.0499710813,-0.038557373,0.0643404126,0.2970774472,-0.2319825888,-0.2523402572
7.1258730888,0.0375402346,-0.0603594407,0.0726366639,0.1924060732,-0.2389819026,-0.2522953153
7.1359019279,0.0242560562,-0.074272953,0.065136075,0.0819799677,-0.2160944343,-0.2334742248
7.1457366943,0.0043734973,-0.0801037773,0.0517719351,-0.0104910266,-0.175955534,-0.2030659318
7.1556901932,-0.0159088615,-0.0721596703,0.0395128094,-0.047556635,-0.1495558918,-0.1873700619
7.1656227112,-0.0258347336,-0.0561821684,0.0321316086,-0.0351178087,-0.1087304279,-0.1806268394
7.1757698059,-0.0331186578,-0.0276870355,0.0236297213,0.041057121,-0.0912462473,-0.1785476953
7.1854419708,-0.0328343138,0.011529007,0.008137879,0.1396550685,-0.0931983441,-0.1785250008
7.1953959465,-0.0351179466,0.0444114581,-0.0019854931,0.226165995,-0.102831535,-0.1760940701
7.2053108215,-0.0365323052,0.0491841212,-6.59852e-05,0.2687826157,-0.1113776192,-0.1692202836
7.2153940201,-0.0367468819,0.0395498648,0.0017635197,0.2373221517,-0.1031907946,-0.1491448432
7.2251820564,-0.0386564359,0.0288393274,-0.0032787947,0.1798031926,-0.0981161371,-0.115504086
7.2350869179,-0.0411294326,0.0163864866,-0.0128604798,0.0677642748,-0.1084337607,-0.1016407385
7.2452111244,-0.0441542193,0.0077803517,-0.0073720841,-0.0246592201,-0.0880656317,-0.0897696316
7.254986763,-0.0472344086,0.0046430016,-0.01120055,-0.0502961427,-0.0698613301,-0.0623009875
7.2649068832,-0.0366296098,0.0072640562,-0.004947844,-0.0284856521,-0.0593812577,-0.0375335589
7.2748498917,-0.0247930232,0.0097827101,-0.0003059535,0.0115693575,-0.0489256866,-0.0212589819
7.2847299576,-0.0160163883,0.0076269889,-0.0116094975,0.0358193032,-0.0425026752,-0.0098880492
7.2946710587,-0.0124209458,0.0076396251,-0.0198453106,0.039931491,-0.0330143683,-0.0043856921
7.3045830727,-0.0205310527,-0.0023369407,-0.0336800255,0.0174763389,-0.0204905849,0.0025228141
7.3145051003,-0.0243299548,-0.0075795269,-0.0508134998,-0.0274711624,-0.0001560175,0.0201382935
7.3244099617,-0.0224994961,-0.0077244258,-0.051928822,-0.0664218441,0.0237450544,0.022310134
7.334277153,-0.0202863459,-0.0050342893,-0.0464608707,-0.095680669,0.0433168896,0.0116295274
7.3442707062,-0.0145246321,0.0021114135,-0.0385023393,-0.1118306071,0.048905801,0.0104614981
7.3542547226,-0.0075410837,0.0107347751,-0.0303537287,-0.1030312628,0.0483145788,0.0097184759
7.3641710281,-0.0022753114,0.0084448243,-0.0175443329,-0.0888477042,0.0513841398,0.0105686896
7.3740587234,0.003042466,0.0027808929,-0.006967607,-0.0799151957,0.0629888624,0.0149293495
7.3839540482,0.0059806174,0.0059482837,-0.0028141169,-0.0803882629,0.055069685,0.0174378809
7.393945694,-0.0011221105,0.0075987363,-0.0004064469,-0.0815991983,0.0561216362,0.0191383101
7.4038038254,-0.0070514912,0.0005773091,0.0065944763,-0.0964605287,0.0764415562,0.0229151379
7.4138097763,-0.0097283954,-0.0080758547,0.0126458975,-0.1334489137,0.0902521759,0.0395263396
7.4236450195,-0.0122548873,-0.0015788294,0.0157094561,-0.1841657013,0.0750188977,0.0350697376
7.4336557388,-0.0152643556,0.0052334452,0.0029991837,-0.2204065323,0.0939137563,0.0399387963
7.4433917999,-0.0131430263,0.0094486261,-0.0134831099,-0.2387914807,0.106354177,0.0577580705
7.4535098076,-0.0078742439,0.0053424621,-0.0302303471,-0.2411987185,0.1204100773,0.0760491937
7.4633579254,-0.0060324008,9.57035e-05,-0.053440813,-0.2360875756,0.1483394504,0.0830752775
7.473361969,-0.0162958745,-0.0076686358,-0.0782129169,-0.2508185804,0.1782507449,0.0932054147
7.4834318161,-0.0250021461,-0.0115965819,-0.0771486163,-0.2720979452,0.2382368445,0.0998818874
7.4933819771,-0.0332077369,-0.0172919258,-0.0733130574,-0.2897270024,0.3068776727,0.123550728
7.503057003,-0.0377477929,-0.0079382872,-0.086253345,-0.3089524508,0.3391442895,0.1524958014
7.5130290985,-0.0325148329,0.0236242786,-0.0928948522,-0.3352317214,0.3578905463,0.1905502528
7.5229201317,-0.031312339,0.0544270054,-0.0954165459,-0.3787277341,0.38903597,0.2057425082
7.5328779221,-0.0292160157,0.0564043894,-0.0898745656,-0.4150567055,0.4357616603,0.2067334652
7.542760849,-0.0186610464,0.0417329445,-0.0917187929,-0.375695169,0.4196207523,0.190663293
7.5526947975,-0.0053204829,0.0313263312,-0.1052650809,-0.3365613818,0.4018990099,0.2051170617
7.562625885,0.0052174991,0.0407104269,-0.1181535125,-0.3064440489,0.4614163935,0.2422854751
7.5725398064,0.0043399101,0.0443812385,-0.1287937164,-0.2593306005,0.5299392343,0.288402617
7.5824451447,-0.0130943889,0.0498964563,-0.1567690969,-0.254712671,0.6144733429,0.3456391394
7.5923690796,-0.0257071797,0.07675872,-0.1681724191,-0.2975338995,0.7393897176,0.3980091214
7.6023511887,-0.049868755,0.0951944366,-0.1942827106,-0.3547604382,0.8400115967,0.4510169327
7.6122426987,-0.0601991937,0.09647993,-0.2042633891,-0.4290381372,0.9658720493,0.5106272101
7.6221542358,-0.0585223362,0.0900376216,-0.2168554068,-0.5476529002,1.0832344294,0.5780781507
7.6320738792,-0.0512135848,0.0911276713,-0.2146493793,-0.6692959666,1.2107717991,0.6485821009
7.6420240402,-0.0450782701,0.0870372429,-0.227431953,-0.7563832402,1.3219815493,0.7229373455
7.6519360542,-0.0343782827,0.0920894518,-0.2425245643,-0.77139467,1.4104019403,0.8140925765
7.6620569229,-0.0196064953,0.1061670557,-0.2631403804,-0.6942782998,1.472307086,0.9166832566
7.6717801094,-0.0064514214,0.139989242,-0.2806771398,-0.5562320352,1.5404765606,0.9978074431
7.6817398071,-0.0026278431,0.1657171696,-0.279076159,-0.3427757621,1.5887863636,1.0353293419
7.6916098595,-0.0073926682,0.1740218848,-0.2909907699,-0.0829074383,1.6064912081,1.0380353928
7.7015490532,-0.0021118307,0.1683172435,-0.2777984738,0.1683258563,1.6446141005,1.0617251396
7.7114768028,0.0005620038,0.1598430723,-0.2632641196,0.3402166665,1.6929396391,1.0895348787
7.7214679718,-0.0024736011,0.1396467537,-0.2280700803,0.4506568015,1.7715659142,1.1131535769
7.7313451767,-0.0144552523,0.1067652479,-0.2011896968,0.5112506151,1.8423905373,1.1385835409
7.7414507866,-0.0196285937,0.0825627223,-0.1892563701,0.5007288456,1.8985891342,1.1854412556
7.7511758804,-0.0116683776,0.0777095333,-0.1666799784,0.4557283521,1.9719986916,1.2374198437
7.7611689568,-0.0083633522,0.0735237375,-0.152669847,0.4606272876,2.0276949406,1.2761592865
7.7710809708,-0.0023101131,0.0780873671,-0.1633729339,0.5212879777,2.0596337318,1.3024954796
7.7809209824,0.0059970459,0.1042777672,-0.173453331,0.6373765469,2.0855910778,1.324580431
7.7908768654,0.0075063398,0.1270492524,-0.1626093388,0.8199905753,2.1059067249,1.3384978771
7.8008828163,-0.0011634203,0.1314396709,-0.1497865319,0.9966301918,2.1107110977,1.3578083515
7.8107428551,-0.0129255531,0.1200451627,-0.1225361824,1.135764122,2.1208386421,1.3668884039
7.8206529617,-0.0333537757,0.0918116942,-0.0901247859,1.2041484118,2.1412451267,1.358080864
7.8305997849,-0.0488313548,0.0661631003,-0.0691934824,1.178270936,2.1584076881,1.348377347
7.8405761719,-0.0659844652,0.0586430803,-0.039679531,1.0616904497,2.1885735989,1.3295037746
7.8504500389,-0.0813128501,0.053270556,-0.0081846146,0.9479467869,2.1934278011,1.2796273232
7.8603639603,-0.0892782137,0.0373330489,0.0098047825,0.8691287041,2.1848688126,1.2326204777
7.8702530861,-0.0844898,0.0321595445,0.002684054,0.7775036693,2.1797761917,1.2183449268
7.8802108765,-0.0772866234,0.0398644581,0.0239646398,0.6644272804,2.1572577953,1.2027873993
7.8901519775,-0.0739993826,0.0355629101,0.0473422967,0.6327636242,2.1245448589,1.1849482059
7.9000620842,-0.0737154409,0.0229900256,0.0388720594,0.7126631737,2.092145443,1.1708799601
7.9101910591,-0.0720357522,0.0194270387,0.022429999,0.8845401406,2.0552992821,1.1870183945
7.9199409485,-0.0644783303,0.0480500832,0.0126084061,1.0593340397,2.0118136406,1.2275704145
7.9298820496,-0.0688723251,0.086074926,0.042592939,1.2209596634,1.9804722071,1.2424644232
7.9396038055,-0.0900592729,0.097868003,0.0721659064,1.369081974,1.9543421268,1.2117835283
7.949696064,-0.111249201,0.083496727,0.0897265673,1.4608558416,1.9294372797,1.1468508244
7.9595909119,-0.1301377416,0.0612969771,0.1158376336,1.4705835581,1.8911703825,1.0858783722
7.969563961,-0.1378349364,0.0414738432,0.1225470901,1.4086877108,1.8518080711,1.0349503756
7.9797458649,-0.1475588977,0.0312210098,0.1289016604,1.2890853882,1.8123708963,0.9865227342
7.9893760681,-0.1593526602,0.0300105587,0.1325038075,1.1774579287,1.766577363,0.9370744824
7.9991607666,-0.1698437631,0.0385338739,0.1272552609,1.1174800396,1.719995141,0.891925931
8.0090656281,-0.1728825569,0.052792944,0.133546412,1.1087888479,1.6409629583,0.8589786291
8.0192308426,-0.1706935465,0.0680863038,0.1505644321,1.1298317909,1.5658156872,0.8319528699
8.0294027328,-0.1710765064,0.0775584355,0.1429761052,1.1289784908,1.5105679035,0.787917614
8.0392303467,-0.1734101474,0.0755716041,0.1499766111,1.0953983068,1.4356776476,0.7299138308
8.0489625931,-0.1783722937,0.0498615578,0.1650207639,1.0655869246,1.3865871429,0.6674176455
8.0590324402,-0.1724540889,0.020031102,0.1721297503,1.0105507374,1.3246787786,0.5951846242
8.0687980652,-0.159265846,-0.0062720394,0.2010343671,0.9612852335,1.2295007706,0.5133473277
8.078956604,-0.139639169,-0.0324232504,0.2031800151,0.9224309921,1.1346623898,0.4619114995
8.0886602402,-0.1144591197,-0.0431287512,0.1850273609,0.8588115573,1.0227487087,0.4145309329
8.0986328125,-0.0963294134,-0.0487935469,0.1855668426,0.7847073674,0.9121870399,0.3814595938
8.1084690094,-0.0888695344,-0.0530885682,0.1775481701,0.7322710752,0.8106202483,0.3748967648
8.1184282303,-0.0862602815,-0.0487731919,0.1529502273,0.7013696432,0.7158651948,0.3881760836
8.1283283234,-0.0975593552,-0.0322914645,0.1357659698,0.6725968719,0.6337053776,0.3889995515
8.1383037567,-0.1237533316,-0.0195422396,0.1467670798,0.6823238134,0.5825532079,0.3488115668
8.1481981277,-0.1480233371,-0.0197693333,0.1389792562,0.7217077017,0.5390446186,0.2694544196
8.1583023071,-0.1645389497,-0.0171705708,0.1388366818,0.7439964414,0.4952063262,0.1951111704
8.1680984497,-0.1653865874,-0.0069051897,0.1430116296,0.7430720925,0.4484401345,0.1373315006
8.1779689789,-0.1527589858,0.0032228911,0.1312385798,0.7185259461,0.4103335142,0.0971726924
8.1879634857,-0.1401369274,0.0025192881,0.1265898347,0.6677019,0.3721661568,0.0716079399
8.1977977753,-0.1305132806,-0.0091411686,0.1265277267,0.5866569877,0.3351921737,0.0510650501
8.2078065872,-0.1219384298,-0.0127665913,0.1284961104,0.4844986498,0.2914132476,0.0340786092
8.2176733017,-0.1134882793,-0.0137838935,0.1072162986,0.3757326007,0.2574384809,0.0251189042
8.2276134491,-0.1055202112,-0.0083828783,0.0959987044,0.2667349875,0.2282385528,0.0127735538
8.237701416,-0.1031682715,-0.0021748459,0.088870883,0.2046826333,0.1936989278,-0.0210018866
8.2475299835,-0.1001759991,-0.0024838662,0.0713316798,0.1681129038,0.1705784351,-0.0485882424
8.257349968,-0.0967622027,0.0080976272,0.0707126856,0.1393289268,0.1541848183,-0.0587550588
8.2673606873,-0.0913191661,0.0223217085,0.0787644386,0.1504971534,0.118489936,-0.0600506887
8.2771997452,-0.0811527595,0.0240022019,0.0628702044,0.1878436357,0.1039967537,-0.0554076619
8.2871103287,-0.0768591985,0.0191363767,0.0629780889,0.2188039422,0.074601844,-0.0433318242
8.29708004,-0.0785277709,0.0101699317,0.0749815106,0.2773457468,0.0304295886,-0.0317836925
8.3069753647,-0.0795153603,0.008290478,0.0425341688,0.2827391624,0.0202155672,-0.0184228811
8.316901207,-0.0889286622,0.0324881449,0.0510868393,0.2708735466,0.0214494094,-0.0268286485
8.3271484375,-0.1082984433,0.0495421067,0.0373461805,0.2766736448,0.0456703268,-0.0415743068
8.3367214203,-0.1237150058,0.0642041042,0.0313639604,0.2771970332,0.0847679302,-0.0615388304
8.3467483521,-0.1295613945,0.067406781,0.0533247553,0.278971225,0.0915302336,-0.0831639618
8.3566131592,-0.1162520871,0.0574387088,0.0664319396,0.2807530761,0.0759517998,-0.0800739303
8.3665819168,-0.0892377123,0.0456737354,0.049540516,0.2785450518,0.0589778759,-0.0703150406
8.3764839172,-0.0642113313,0.0350423828,0.0110853286,0.2430105805,0.0599688366,-0.0690554678
8.3864364624,-0.0482528433,0.0222239271,0.0068379017,0.2116454542,0.0599738993,-0.0691124573
8.3963623047,-0.043885313,-0.0041557914,0.0130904289,0.2138991207,0.0530882962,-0.0733654201
8.4065093994,-0.034938775,-0.0304766819,0.0064623328,0.21690768,0.0395011157,-0.0747614503
8.4161806107,-0.0239842776,-0.0325296745,0.0018771262,0.1903311163,0.0047724284,-0.0555713847
8.4261407852,-0.0197240952,-0.0207215622,0.0051166387,0.1501773,-0.0169009101,-0.0278955456
8.43608284,-0.0320440754,-0.0011269517,0.0054195495,0.1177226007,-0.013023613,-0.0095331166
8.4460172653,-0.0541329011,0.0296638682,-0.0064833788,0.0902821869,0.0253488086,-0.0062217419
8.4559316635,-0.0721519217,0.0613502041,-0.0086237816,0.0857596993,0.063836284,-0.0032113043
8.4658632278,-0.0723923072,0.0702713504,-0.0088760285,0.1117153987,0.0803753138,0.0046255793
8.4757804871,-0.0543833002,0.0632342324,-0.0155683188,0.1148739979,0.0708409324,0.0259184502
8.4858875275,-0.0298624877,0.0470685139,-0.0087440638,0.0745886266,0.0541769937,0.0394124202
8.4956455231,-0.0092197293,0.0188414082,-0.0038978485,0.0222588424,0.0147259934,0.0456850976
8.5055522919,0.0059842234,-0.006147868,-0.0094961552,-0.0069317999,-0.0101039894,0.0456038713
8.5154619217,0.008129335,-0.0229779854,-0.0173234381,-0.0119475964,-0.0208240133,0.0396288373
8.5254230499,-0.0007282133,-0.0201930329,-0.0128967194,0.0062188897,-0.0104712388,0.0250517577
8.5353088379,-0.0134216184,-0.0168698356,-0.0121440319,0.0373562165,-0.0023544568,0.0074104136
8.5452508926,-0.020729566,-0.0144457137,-0.0186640061,0.0498624183,0.0133142509,-0.0017503279
8.5551795959,-0.0259594563,-0.016269289,-0.0137853054,0.0277842805,0.0258859694,-0.0010905627
8.5651168823,-0.0340210423,-0.0117278015,-0.0109203486,-0.0171038322,0.043827951,-0.0016295866
8.5750236511,-0.0361540541,-0.0053798473,-0.0040615229,-0.0488404557,0.0505132861,-0.0065110615
8.5849437714,-0.0322758183,0.0022817487,-0.0026419787,-0.0561598875,0.0468383878,-0.0081262682
8.5948667526,-0.0273388866,0.009348535,0.0085885497,-0.0257867128,0.0316170938,0.0015873788
8.604804039,-0.0189305786,0.0160006657,0.0085268589,0.0222199596,0.025372779,0.0180070978
8.6147222519,-0.0147807831,0.0182551071,0.0055453749,0.0673837066,0.006062197,0.0358177535
8.6246500015,-0.011401915,0.0219170675,-0.0017381338,0.1055950075,-0.0097678984,0.0517399944
8.6345863342,-0.0130660171,0.0199089125,-0.0140720634,0.1147284061,-0.010499469,0.0587509349
8.6445035934,-0.0228778366,0.0234513953,-0.0165720023,0.0862536207,-0.0005688075,0.0581948683
8.6545982361,-0.0368935093,0.026508756,-0.0021440415,0.0600811429,0.0096811661,0.0496284738
8.6644086838,-0.0446123108,0.0199507102,0.0095371576,0.023948973,0.0112830577,0.0444259904
8.6746368408,-0.0446194634,0.0189253017,0.0237629972,-0.0405653045,-0.001998126,0.0533478148
8.6842699051,-0.0467283353,0.0203999057,0.023575481,-0.1193996668,0.0042413939,0.0637714267
8.6941814423,-0.0552716479,0.0179532841,0.0272901617,-0.1755679399,0.0029795885,0.0734062418
8.7040395737,-0.0617318973,0.0181806758,0.0341300927,-0.2012623847,-0.0107157174,0.0945677161
8.713973999,-0.0650986061,0.0402035341,0.036010202,-0.2081744522,-0.0158257913,0.1348208338
8.7239112854,-0.0664351806,0.0729025081,0.0303127132,-0.1907659024,-0.0131154917,0.1691258103
8.7340192795,-0.0714462027,0.0899758115,0.0311678015,-0.1594974548,-0.0130771426,0.194531545
8.743724823,-0.0721028671,0.0844331756,0.0406634174,-0.1442455351,-0.0155528169,0.214853853
8.7536640167,-0.0676439032,0.0693754479,0.0518386327,-0.160158813,-0.0287253447,0.2364055514
8.7636756897,-0.0593576655,0.056409888,0.0553209148,-0.2083945125,-0.058948759,0.2482337058
8.7735271454,-0.0602102503,0.0402341112,0.0592151843,-0.2717519104,-0.0860938281,0.255650878
8.7832727432,-0.0696934089,0.0267539993,0.0666816235,-0.339677453,-0.1014852971,0.2412658185
8.7933969498,-0.0820754394,0.0198951438,0.0804001689,-0.4237114489,-0.1160924733,0.1970149875
8.8032960892,-0.0877421126,0.0201868489,0.1024909616,-0.5128775835,-0.1487849057,0.1635870039
8.8132677078,-0.082573317,0.0170417503,0.1229056716,-0.5775423646,-0.2122227252,0.1384023875
8.8233356476,-0.0735987052,-0.0005421258,0.1309671998,-0.633046329,-0.2989142239,0.1248812526
8.8331098557,-0.0663344488,-0.010915718,0.1218500733,-0.7084795833,-0.3819859326,0.1200486794
8.8429956436,-0.0738610253,-0.007425121,0.1139636636,-0.7508752942,-0.4413155615,0.1327085495
8.8529748917,-0.0887317881,0.0036917413,0.103253305,-0.730602324,-0.4707192779,0.1306663305
8.8630542755,-0.1056944355,0.014279821,0.1093763709,-0.6793452501,-0.5177735686,0.1023388281
8.8728227615,-0.1161436662,0.0255568996,0.1301814914,-0.593845129,-0.5845448971,0.0685263276
8.8826904297,-0.1157338843,0.0367223695,0.1247319579,-0.5094655752,-0.6280921102,0.0286819804
8.8926725388,-0.1175612435,0.0384789482,0.1109134555,-0.4702418447,-0.6387636662,-0.0197783969
8.9026832581,-0.12273141,0.0233005658,0.1130587459,-0.4879902005,-0.6518206,-0.0662369728
8.9125261307,-0.123186253,-0.0022328412,0.1164292693,-0.5694513321,-0.6729285121,-0.1088840738
8.9223804474,-0.1165521964,-0.0315707549,0.1287879944,-0.7003036141,-0.7009385824,-0.157382369
8.9323577881,-0.1045796499,-0.056846939,0.132671535,-0.8650925756,-0.7312384844,-0.2093287855
8.9422359467,-0.0824033841,-0.0707650706,0.1295137405,-1.0609637499,-0.7984971404,-0.2510858178
8.9522228241,-0.0652903542,-0.0752011761,0.1434856057,-1.2543854713,-0.8799895644,-0.2725357413
8.9620685577,-0.0543716177,-0.0692124888,0.1523833871,-1.4132424593,-0.9755666852,-0.2862131894
8.9720783234,-0.0607897863,-0.0575689897,0.16463238,-1.5032299757,-1.0825070143,-0.31528005
8.9820842743,-0.0731390342,-0.0482073948,0.1643643975,-1.5012270212,-1.1936007738,-0.3651922345
8.9919319153,-0.0875165686,-0.0355587527,0.1440434456,-1.3818706274,-1.2801321745,-0.4226949811
9.0018043518,-0.0988661274,-0.0187781379,0.0912585855,-1.1702615023,-1.3208175898,-0.4873381555
9.011715889,-0.1122184619,-0.0042032516,0.0617025457,-0.9312698841,-1.3309538364,-0.5698834062
9.0216159821,-0.1267577112,0.0001403176,0.0717219114,-0.7274142504,-1.3161703348,-0.6630650163
9.0315389633,-0.123576276,-0.0151741421,0.0913362503,-0.5852074027,-1.3113309145,-0.7553629279
9.0415058136,-0.100112848,-0.0459200963,0.1056753993,-0.5753070712,-1.3427757025,-0.8295657635
9.0515356064,-0.057001166,-0.0826060995,0.1265637279,-0.709751904,-1.4279898405,-0.876339376
9.0617361069,-0.0134420628,-0.1089129671,0.1380975842,-0.9224857092,-1.5500332117,-0.8998300433
9.0713119507,0.0127646094,-0.1143636927,0.1205981374,-1.1590542793,-1.6668518782,-0.9001319408
9.0811824799,0.0135014718,-0.0892077312,0.1004505157,-1.3550970554,-1.7416998148,-0.8940551281
9.0911483765,-0.0067002112,-0.0498329923,0.090805769,-1.460482955,-1.792440176,-0.9029365182
9.1010246277,-0.0323004946,-0.0151884174,0.0948851705,-1.4345275164,-1.831733346,-0.9065808058
9.1110477448,-0.0463156924,0.0116754556,0.0607259832,-1.3089339733,-1.840303421,-0.9108265042
9.1209077835,-0.0592731163,0.0358114615,0.0360889994,-1.1623286009,-1.8441793919,-0.9172849655
9.1309757233,-0.0708502159,0.0500510111,0.0475631319,-1.0250928402,-1.8462324142,-0.9487169385
9.1409578323,-0.0713918433,0.042438902,0.0542019568,-0.8772727251,-1.8613226414,-1.0201109648
9.150680542,-0.0629512891,0.0123747373,0.0368749462,-0.7602692842,-1.8790411949,-1.10422647
9.1606788635,-0.0422866568,-0.0202346668,0.0284764729,-0.7612104416,-1.9084070921,-1.1567248106
9.1705217361,-0.018320078,-0.0431217775,0.0440094434,-0.8462456465,-1.9665169716,-1.1733762026
9.1804924011,0.0072638905,-0.0504311547,0.026993569,-0.9632446766,-2.0168762207,-1.1642807722
9.1903362274,0.0232046153,-0.0496791825,0.0034226747,-1.1021351814,-2.0445346832,-1.1550168991
9.200378418,0.028494617,-0.0446588024,-0.0073325066,-1.2146576643,-2.0658965111,-1.1459267139
9.2102231979,0.0260299351,-0.0430407152,-0.0271549262,-1.2287362814,-2.0707485676,-1.1348483562
9.2204246521,0.0205170792,-0.0342713222,-0.0780984759,-1.2216061354,-2.044809103,-1.1248551607
9.2300701141,0.0199422594,0.000328102,-0.0844672918,-1.2173300982,-2.0129773617,-1.1209894419
9.2400836945,0.0181208905,0.0287319198,-0.0720841885,-1.1719037294,-1.9843870401,-1.1195329428
9.2499217987,0.0168975461,0.0494512692,-0.0769333839,-1.0851666927,-1.9635741711,-1.1055468321
9.2599220276,0.013821899,0.057459034,-0.0855121613,-0.9985220432,-1.9401718378,-1.093998313
9.2697677612,0.0108542247,0.0413744226,-0.0698398948,-0.8477686048,-1.9030034542,-1.1125713587
9.2796916962,0.0068642031,0.006719091,-0.0755367875,-0.632519424,-1.8738703728,-1.1209206581
9.2896490097,0.0092909103,0.0097461725,-0.1082330346,-0.4629091024,-1.8791493177,-1.0925980806
9.2995834351,0.0145619167,0.0609649792,-0.1301700473,-0.398999095,-1.846160531,-1.051399827
9.3094787598,0.0160380285,0.1081517711,-0.131385982,-0.3877892196,-1.7868087292,-1.0411947966
9.3194828033,0.005509018,0.1186743751,-0.1273474097,-0.3405532837,-1.7237943411,-1.0433863401
9.329325676,-0.0055706957,0.1114195958,-0.1688963771,-0.3196651042,-1.6516256332,-1.0173178911
9.3392925262,-0.0129834944,0.1093536392,-0.1832508445,-0.3637345731,-1.5500614643,-0.9685152173
9.349146843,-0.0102938497,0.1014174595,-0.1929264665,-0.396936655,-1.4566020966,-0.9311280847
9.3590335846,-0.0077895308,0.082859911,-0.2100641727,-0.4534816742,-1.3970948458,-0.912958622
9.3690900803,0.0067852205,0.0612576976,-0.1891084313,-0.479999125,-1.3539683819,-0.9110666513
9.3789253235,0.0296831187,0.0081223631,-0.1475134492,-0.4352580309,-1.3104901314,-0.9170696735
9.3890590668,0.0492588058,-0.0498133525,-0.1039257646,-0.3826413453,-1.2409669161,-0.9018234015
9.398859024,0.0542611405,-0.0448413119,-0.1002083421,-0.3579136133,-1.1572453976,-0.8797788024
9.4087018967,0.0383522138,0.0087280655,-0.1485921144,-0.3189242184,-1.0567755699,-0.8554593325
9.4187135696,0.0095065599,0.0801827088,-0.2350381017,-0.3143790066,-0.9554550648,-0.7934236526
9.4285526276,-0.0186880473,0.1454762667,-0.2684938312,-0.3212490976,-0.8231193423,-0.7152425647
9.4384937286,-0.040985249,0.1650409549,-0.2626671195,-0.4539006054,-0.7464938164,-0.5861631036
9.4484872818,-0.0538304076,0.151086852,-0.249134779,-0.6344127059,-0.3537907898,-0.3739904463
9.4583463669,-0.0363504514,0.1348433942,-0.2479925156,-0.4115281701,-0.3937246203,-0.3428796828
9.4682798386,0.0098450249,0.1107545868,-0.2212638259,0.0361121595,-0.6551793814,-0.4978767335
9.4782848358,0.033613719,0.1091958061,-0.1770530343,0.3168026805,-0.7569446564,-0.6964418292
9.4881029129,0.025634801,0.0936953202,-0.0599563159,0.4070960879,-0.7956694365,-0.8584189415
9.4981174469,0.0131066209,0.0339730158,-0.001622024,0.3356501162,-0.7475489974,-0.8673876524
9.5079698563,0.0185869392,-0.0111861443,-0.0146483211,0.1056862697,-0.5951807499,-0.6879451275
9.5179672241,0.0388538912,-0.023273252,-0.0627503991,-0.1341186017,-0.4428516626,-0.4390010834
9.5278072357,0.0626134649,-0.0109113669,-0.1338745952,-0.2176678181,-0.3722566068,-0.2866995633
9.5377531052,0.0661609247,0.0271751061,-0.1758545637,-0.1333926171,-0.3930508494,-0.2823410332
9.5476760864,0.0414068773,0.0852008834,-0.1843573451,0.0168724209,-0.3899591863,-0.3400599957
9.5577278137,0.0008200174,0.1435186118,-0.1620418429,0.1420436502,-0.3483472764,-0.3721984923
9.5675487518,-0.0249205176,0.1658233851,-0.1308368444,0.242470488,-0.3072131574,-0.3592926562
9.5775251389,-0.025236452,0.1487302631,-0.1033217311,0.2875245214,-0.2859224975,-0.318949759
9.5872106552,-0.0047612125,0.1110707298,-0.0646521449,0.2716250718,-0.2803677022,-0.3051047623
9.5973758698,0.009529925,0.0505090132,-0.0028103022,0.2649685144,-0.2761929333,-0.3186754286
9.6072340012,0.0171997603,-0.019123219,0.0422054492,0.2498961836,-0.2564120293,-0.3126898706
9.6172065735,0.0257426258,-0.0460257754,0.076530993,0.1975962222,-0.1903688312,-0.24547939
9.6272525787,0.0352121964,-0.0059376573,0.0473875366,0.1326867342,-0.1914586127,-0.1458607316
9.6372823715,0.0512321964,0.0787880197,-0.0147344498,0.0513567179,-0.1948298961,-0.1001081541
9.646938324,0.0711768344,0.1372379512,-0.0524014868,0.0583176874,-0.2146627158,-0.1265991181
9.6569757462,0.0722722486,0.1252837032,-0.090118289,0.1000880376,-0.2350974232,-0.171354875
9.6670217514,0.0776306763,0.0791769996,-0.089063108,0.1077168435,-0.2291908115,-0.2077560574
9.6767292023,0.0853781477,0.0249985829,-0.0711055994,0.1139848605,-0.2140257061,-0.2417883277
9.6866750717,0.0889408365,-0.0107557392,-0.0576537885,0.1159318015,-0.1879440248,-0.2647234499
9.6965532303,0.0884730592,-0.0091260886,-0.0425595678,0.0992601514,-0.1560494751,-0.2759020627
9.7066736221,0.0751027539,0.0192584768,-0.0331262983,0.1182717457,-0.1487438977,-0.2919102609
9.7164716721,0.0540797189,0.0389020219,-0.0223289169,0.2171008587,-0.1487199366,-0.309271127
9.7263908386,0.0349203125,0.0502515808,-0.0165250339,0.3234407008,-0.1642607898,-0.3059262335
9.7363176346,0.0279128309,0.0611728802,-0.0067668585,0.3746532798,-0.1815931797,-0.2844270766
9.7462539673,0.0258415993,0.0594393387,0.0098153921,0.3888761699,-0.2090727389,-0.2673576176
9.7562532425,0.0181721505,0.0457783714,0.0109825106,0.3482083678,-0.23318021,-0.252742976
9.7660903931,0.0103809303,0.0269516483,0.0288363062,0.291336,-0.2398530394,-0.2260409594
9.7760190964,0.0043947762,0.0097204829,0.0301248394,0.2227961123,-0.2574402988,-0.1907098591
9.7859420776,-0.0012998218,0.0057110572,0.0345567428,0.1766039431,-0.2639833987,-0.1657034457
9.7958774567,-0.0089647407,0.0077599669,0.0282126032,0.1563974768,-0.2638710141,-0.1601134688
9.8059711456,-0.0215423647,0.0082324529,0.0114504071,0.2236181498,-0.2634497285,-0.1534721702
9.8157262802,-0.0282483641,0.0059440518,-0.0172048248,0.3105988503,-0.2483349293,-0.1454978734
9.8255519867,-0.0299650673,0.0072483802,-0.040041808,0.3862417638,-0.1926887184,-0.1379730403
9.8355827332,-0.0355169997,0.0230902806,-0.0618238486,0.4462291896,-0.167267248,-0.1052057818
9.845459938,-0.0434022471,0.0449524298,-0.0787408948,0.4595500827,-0.1214912385,-0.0768648162
9.8554458618,-0.0523717031,0.0567762032,-0.0668860674,0.4262227416,-0.088985756,-0.0538210198
9.8653211594,-0.065790467,0.0486052409,-0.0714220405,0.3243697882,-0.0719476491,-0.0287628695
9.8752880096,-0.0624490008,0.0364193693,-0.0553533472,0.2152776569,-0.0533207022,-0.0169786476
9.8851690292,-0.054049693,0.0121588493,-0.0369743146,0.1817560047,-0.0208588988,0.00647884
9.8951101303,-0.0392594561,-0.0089614009,-0.0348248519,0.1651578546,0.0095613245,0.0295167807
9.904999733,-0.0201823656,-0.0172106251,-0.0100225834,0.1412581205,0.0245530568,0.0378371924
9.914935112,-0.0055174762,-0.0222107396,0.0018098921,0.1210630983,0.023367418,0.0287757907
9.9248838425,-0.0023968751,-0.0311386809,0.0031858655,0.0890432,0.0248771645,0.0192392431
9.9348716736,-0.0017231042,-0.0356943831,0.0012890071,0.0424743667,0.0161707588,0.0144032091
9.9473428726,-0.0006895895,-0.0322780237,0.0008491249,0.000152919,0.016649859,0.0278780386
9.9553375244,0.0004343455,-0.0270570144,0.0049030157,-0.0299088415,0.0213948134,0.0299257431
9.9646854401,-0.0018976564,-0.0237937197,0.0038662525,-0.0471683443,0.0263866428,0.0142310355
9.9754524231,-0.0017838115,-0.0207826719,-0.007116559,-0.0631715506,0.0308104195,0.0175085887
9.9852800369,0.001621074,-0.0174918398,-0.0184753574,-0.1009320691,0.0321031213,0.0243409611
9.9950237274,-0.0021569366,-0.0123104071,-0.0181244053,-0.1355872452,0.0576478951,0.0177709423
10.0047168732,-0.0101647312,-0.0161703452,-0.0094547896,-0.1420078576,0.084682174,0.0131788878
10.0142412186,-0.01712575,-0.0155902123,-0.0095483689,-0.1363638192,0.1052519009,0.0144793093
10.023976326,-0.0146755511,-0.0014943696,-0.0068550734,-0.1147958636,0.1148967966,0.0211140756
10.0338983536,-0.0109962458,0.0145827914,-0.0092195896,-0.0757001266,0.1082399637,0.0176524986
10.0438137054,-0.0091356868,0.0218124166,-0.0051980643,-0.0384149812,0.1030390784,0.0171746947
10.0539579391,-0.003763699,0.021811761,-0.0016661912,-0.0175118279,0.0917528644,0.0265721902
10.06366539,0.0013989275,0.0186044946,0.0040715309,-0.0089697391,0.089648433,0.0460059457
10.0735988617,0.0066517359,0.0131796384,-0.0004401832,-0.0145434691,0.0650911629,0.0731110647
10.0835571289,0.0072420007,0.0185180083,-0.010910931,-0.0290388763,0.0515149012,0.0893808827
10.0934839249,0.0079840189,0.0237845555,-0.0115512637,-0.0522001237,0.0436295457,0.0933521837
10.1033658981,0.003379113,0.0197353736,-0.013821247,-0.089299649,0.0441336855,0.0908222497
10.1133012772,0.0084973937,0.0074959183,-0.0096468357,-0.1308497488,0.0532869697,0.0919655487
10.1232156754,0.011257953,-0.0082470393,-0.0068696169,-0.1673030108,0.0651121959,0.0946317017
10.1334037781,0.0102518862,-0.0162408575,-0.0120133189,-0.2025789768,0.0863650218,0.1015649736
10.1430673599,0.0091985827,-0.0090419268,-0.0212504901,-0.2258265913,0.1019706205,0.1055688709
10.1530056,0.0053900247,0.0096232677,-0.0312698521,-0.2312003076,0.1133819968,0.1015168652
