0.0000000000,-0.0356013589,0.0368447155,-0.0099323457,-0.5509538651,0.1754254699,-0.0314932540
0.010068059,-0.0336308293,0.0573879927,-0.0386796072,-0.4643438458,0.1592321098,-0.0272761397
0.0201439857,-0.0150566492,0.0859411806,-0.0576862767,-0.2921355963,0.121558778,-0.0145970955
0.0302239656,0.00346001,0.1205755919,-0.0839094594,-0.0376267061,0.0719693229,0.0129190162
0.0403419733,0.0128760543,0.1505879611,-0.101451166,0.2050776035,0.0309506468,0.0691126511
0.0503400564,0.0110810008,0.1632098407,-0.103835769,0.3600503802,0.0114214206,0.1210916936
0.0604310036,-0.0029228725,0.1610782593,-0.1085530594,0.3255831301,0.046544455,0.1837644577
0.0720859766,-0.0049410262,0.1611893624,-0.1266576648,0.1113504395,0.1301490664,0.2741135061
0.0806440115,0.0106373634,0.1487023681,-0.1280584931,-0.2493231297,0.2368866354,0.3655732274
0.0905960798,0.027240416,0.146698758,-0.1295106411,-0.7016938329,0.3342169225,0.439000845
0.1006710529,0.0216030087,0.1494587511,-0.1304039359,-1.1447007656,0.4548757374,0.4975729883
0.1107480526,0.0190645065,0.1903223842,-0.0753324702,-1.6314587593,0.57398808,0.5402280688
0.1208729744,0.0318561383,0.2480367869,-0.014173693,-2.0795457363,0.665566206,0.5393254161
0.130934,0.0536573417,0.2879647911,-0.0054048961,-2.3051350117,0.7048539519,0.5202899575
0.1409630775,0.0863978788,0.3416775763,-0.0295705255,-2.234372139,0.6737554073,0.538308382
0.1510260105,0.1052553877,0.427918762,-0.0449687913,-1.9840731621,0.6200426221,0.590246141
0.1611070633,0.0992558524,0.4901385605,-0.0743587092,-1.5395531654,0.5681458712,0.6601842642
0.1711930037,0.0769792423,0.484598428,-0.1130581573,-0.9725840092,0.5461185575,0.7534676194
0.1812160015,0.055588264,0.4743655026,-0.1090449169,-0.4525365829,0.5228473544,0.8818029761
0.1912690401,0.0542644747,0.4621285498,-0.0486852005,-0.1124881878,0.4653603435,1.0483902693
0.2013760805,0.0689071044,0.4524028003,0.0521534607,-0.0575289614,0.422415942,1.2235518694
0.2114070654,0.0762071833,0.4165950716,0.1027868316,-0.1767815799,0.404435873,1.3923991919
0.2215470076,0.0486999936,0.359570533,0.1291071177,-0.4562532604,0.3999261558,1.5634169579
0.2315859795,-0.0049804249,0.3262371719,0.1918435097,-0.8840919137,0.396027565,1.7015575171
0.2416460514,-0.0633129254,0.2566282451,0.2486320138,-1.2789713144,0.397993505,1.7186485529
0.2516900301,-0.112105675,0.2073021978,0.2434434891,-1.6134281158,0.3371753991,1.7898436785
0.2617650032,-0.2307413667,0.2290617675,0.2204417586,-1.8461819887,-0.0679375157,1.9733909369
0.2718340158,-0.2330123037,0.2445385903,0.1840261817,-1.8137882948,-0.114298895,1.8172751665
0.2818840742,-0.0867430344,0.253952235,0.1802091599,-1.6813732386,-0.0190715753,1.7610138655
0.292075038,-0.0129755829,0.2610386908,0.183598876,-1.4858193398,-0.1487387568,1.7916915417
0.3020160198,-0.0616268031,0.2402675599,0.1522922516,-1.2046086788,-0.306342572,1.8170253038
0.3121340275,-0.0843906179,0.2286175936,0.135180831,-0.9250323772,-0.4065362811,1.8614997864
0.322157979,-0.1287736744,0.2189633101,0.1094518825,-0.6617332101,-0.4791651964,1.9240421057
0.3322470188,-0.159913823,0.1796516627,0.0698325559,-0.4262197912,-0.5465937853,2.0078306198
0.3423340321,-0.1905889958,0.1558997482,0.0363053009,-0.2195395231,-0.6061618924,2.1967489719
0.3523550034,-0.2129165381,0.184919104,0.0837796852,-0.1802562922,-0.6797242761,2.4164946079
0.3624510765,-0.2315572947,0.2108651847,0.1563293934,-0.1666002423,-0.7549389005,2.5799713135
0.3724839687,-0.2213804871,0.1834944338,0.2300704718,-0.1005077809,-0.8481556773,2.6786551476
0.3825550079,-0.195434466,0.1684339494,0.3254708052,0.0545021556,-0.979265213,2.7050948143
0.3926379681,-0.1656772643,0.1791309565,0.4051556587,0.4414373636,-1.1468949318,2.6783678532
0.4026950598,-0.150940001,0.2221352309,0.4307574034,0.9290823936,-1.353957653,2.6526556015
0.4128010273,-0.1599188596,0.2510666549,0.4238735437,1.4170259237,-1.5884008408,2.6587853432
0.4228230715,-0.2159615308,0.2192524523,0.3663425446,1.8113626242,-1.7437354326,2.7180702686
0.4329110384,-0.310615629,0.1718455404,0.2917729616,2.0007071495,-1.7828484774,2.812502861
0.4429730177,-0.3971212804,0.1339847296,0.250213325,1.9777619839,-1.7228316069,2.9346454144
0.4530940056,-0.4405072629,0.0925510973,0.2408329844,1.8058102131,-1.5973296165,3.0473024845
0.4657880068,-0.4512275159,0.0671077818,0.2546087503,1.4799263477,-1.4490298033,3.1196613312
0.4739880562,-0.4445689619,0.0437953919,0.2648558021,1.0485168695,-1.3144887686,3.1761136055
0.4833730459,-0.4302912652,0.0260835141,0.2763553262,0.5245890617,-1.2125896215,3.2325735092
0.4972330332,-0.4181050658,-0.0002759853,0.2787963152,-0.0267076679,-1.1503899097,3.2582278252
0.5040860176,-0.4116089046,-0.0231847912,0.2537176609,-0.5662466288,-1.0914368629,3.2583944798
0.5140919685,-0.4037713408,-0.0280423909,0.1910621524,-0.9635518789,-1.0620546341,3.2521390915
0.523892045,-0.3911560476,-0.0295218974,0.1288508773,-1.1074140072,-1.0847064257,3.2256195545
0.5336060524,-0.3628202975,0.0072572669,0.1146240756,-1.1205798388,-1.1572043896,3.1905474663
0.5435340405,-0.3259818256,0.0527490228,0.1113787219,-1.0043479204,-1.2561599016,3.1554284096
0.5535470247,-0.3010173142,0.0689086169,0.0864232704,-0.755723834,-1.3614910841,3.1043462753
0.5636270046,-0.2953512967,0.0648790449,0.0928897187,-0.5030168295,-1.448810339,3.0437159538
0.5736659765,-0.2988265157,0.0641287416,0.1156854555,-0.3316684961,-1.5101882219,3.0022315979
0.5838400126,-0.3120910823,0.054234311,0.1199192926,-0.2214398533,-1.5435193777,2.9501588345
0.593824029,-0.3282400668,0.0330987424,0.0999752209,-0.1852741241,-1.5339235067,2.9087443352
0.6038980484,-0.3352254927,0.0241494626,0.0970132872,-0.2122930139,-1.5002613068,2.900274992
0.613937974,-0.3363087475,0.0206944793,0.0985510871,-0.2725448906,-1.4520118237,2.8950054646
0.6240190268,-0.3260711133,0.0216873735,0.1093181893,-0.3542176485,-1.3965700865,2.8823122978
0.6340850592,-0.3063233793,0.0269155949,0.1155704781,-0.4433816075,-1.3402711153,2.8483855724
0.6441420317,-0.275996238,0.0364467353,0.1215389296,-0.5172647834,-1.3189293146,2.8027558327
0.6542220116,-0.2484087199,0.036006555,0.0989714786,-0.5182791352,-1.3278490305,2.7379820347
0.664304018,-0.2216867059,0.0249511451,0.0742428228,-0.4402201772,-1.3467599154,2.6625666618
0.6743819714,-0.1988437623,0.0306212157,0.0788226053,-0.3449884653,-1.374972105,2.6020057201
0.6844739914,-0.167157039,0.046561107,0.0989952609,-0.2409872413,-1.4252445698,2.5637288094
0.6944850683,-0.1520963758,0.0633268207,0.10131412,-0.1283049136,-1.4891947508,2.5318143368
0.7047200203,-0.1488275975,0.0706775635,0.0973339602,0.0023927456,-1.5402338505,2.5030870438
0.7147990465,-0.1388300508,0.0726311058,0.094702892,0.1157688424,-1.5658470392,2.4913656712
0.7248510122,-0.1133299842,0.0706841201,0.1073989794,0.1991410106,-1.5789335966,2.4881522655
0.7349450588,-0.1105823889,0.0491126031,0.1217412874,0.1980318129,-1.5758914948,2.467979908
0.745002985,-0.1217017546,0.0168856829,0.1281422973,0.1571370661,-1.5435489416,2.4382765293
0.7551820278,-0.1369184703,-0.0164721757,0.1320126057,0.0913135931,-1.4744236469,2.3873615265
0.7651150227,-0.1533005685,-0.0293349773,0.1440275908,0.0392751023,-1.3979305029,2.3088400364
0.775214076,-0.1844085306,-0.0180772692,0.1461367011,0.0097441087,-1.3307557106,2.2356169224
0.7852640152,-0.208885476,-0.0150090614,0.1488807201,0.0209781211,-1.284432888,2.1644966602
0.7953380346,-0.2169114798,-0.0210578591,0.1545293927,0.0452578962,-1.2624636889,2.0838048458
0.8057559729,-0.20139651,-0.0351712257,0.1668543816,0.0837128013,-1.271204114,1.9935370684
0.815492034,-0.1859348863,-0.055032298,0.1652619839,0.0861186981,-1.3036388159,1.8979583979
0.8256930113,-0.1851502508,-0.070701018,0.1716387868,0.0352630503,-1.3449242115,1.8183163404
0.8391680717,-0.206975624,-0.0803758055,0.1827441454,-0.072283648,-1.3728200197,1.7524981499
0.8459240198,-0.2299370617,-0.0841905624,0.1730858088,-0.181040138,-1.3858094215,1.6962445974
0.8557440042,-0.2522893846,-0.0877091438,0.1475886106,-0.2004492581,-1.3681963682,1.656971693
0.8658089638,-0.2645656168,-0.0699835867,0.1637780666,-0.2124547958,-1.3429588079,1.6378743649
0.875880003,-0.2667690217,-0.0417302698,0.192402184,-0.2287605256,-1.3145970106,1.6155949831
0.8859909773,-0.2735609114,-0.0342590362,0.2041270137,-0.2719510198,-1.2663431168,1.5880225897
0.8960720301,-0.2918525636,-0.0390322953,0.2112916112,-0.3473317921,-1.201490283,1.5456022024
0.906099081,-0.303134948,-0.0475230962,0.2156733871,-0.4664569497,-1.1380939484,1.501067996
0.9162200689,-0.2917316258,-0.0550384074,0.214381218,-0.5833412409,-1.0853103399,1.4533430338
0.9262340069,-0.2712525427,-0.0615315884,0.2018709183,-0.6571682096,-1.0693528652,1.3960340023
0.936289072,-0.2552097738,-0.053213045,0.1629036069,-0.5857499242,-1.0649620295,1.3227540255
0.9463480711,-0.2533849776,-0.0360824317,0.1156864092,-0.3636702895,-1.0782642365,1.2632293701
0.9564430714,-0.2433863133,-0.0181374103,0.1016259119,-0.1381194592,-1.1156516075,1.2482882738
0.9665020704,-0.2221534103,-0.0225110799,0.0946389362,0.079235889,-1.1858947277,1.2503225803
0.9765200615,-0.1984475702,-0.0503035337,0.1160617396,0.1770450026,-1.2551074028,1.2449542284
0.9866319895,-0.1770587415,-0.0819766372,0.1516862512,0.129663527,-1.3203794956,1.2247592211
0.9965940714,-0.1647811383,-0.1221182495,0.1523734331,0.048857905,-1.3520231247,1.1992807388
1.0070120096,-0.1588337868,-0.1416312605,0.1314618587,-0.0417416133,-1.3646463156,1.1748766899
1.0168740749,-0.1603917927,-0.1433716714,0.1111681983,-0.1081134453,-1.3463615179,1.1388015747
1.0269529819,-0.172518,-0.1370994598,0.0932975933,-0.1459298283,-1.3035459518,1.0836181641
1.0370219946,-0.1884047836,-0.1217337996,0.0622806475,-0.1261518598,-1.2570585012,1.0262992382
1.047031045,-0.2023475021,-0.1084765047,0.0387053415,-0.0690881461,-1.2026723623,0.9912723303
1.0571140051,-0.2037104815,-0.109717235,0.0333051607,0.0037325295,-1.1238126755,0.9456358552
1.0671540499,-0.1934712976,-0.1218078583,0.030377442,0.0361005366,-1.0560352802,0.8819538355
1.0772750378,-0.164667353,-0.1421920061,0.0133925611,0.0386686213,-0.9970688224,0.8087185025
1.0872980356,-0.1320596188,-0.1710437238,0.0016980107,-0.0111261783,-0.931096971,0.7408083677
1.0974099636,-0.1153132692,-0.1913774759,-0.0050541824,-0.1433470696,-0.841620326,0.645324707
1.1075689793,-0.1075765267,-0.2047850937,-0.0323464349,-0.3160730898,-0.7567359805,0.5509117842
1.1175650358,-0.0991144553,-0.2296919674,-0.0751960352,-0.4940105975,-0.6834436655,0.4756058156
1.1275789738,-0.0929204598,-0.2378450781,-0.1142120436,-0.6869782209,-0.6006351709,0.4151729941
1.1376600266,-0.0960060731,-0.2262359113,-0.1436691284,-0.8736870885,-0.5028758645,0.3611174822
1.1477249861,-0.1084622517,-0.1799460649,-0.1606917977,-0.9569448829,-0.39779073,0.3155334592
1.1578019857,-0.1137509122,-0.1251565814,-0.1356673241,-0.9183772206,-0.3073990643,0.2943328619
1.1678130627,-0.0999941602,-0.0661081076,-0.0964796618,-0.8496710658,-0.2409979105,0.2964729667
1.1779019833,-0.0650573149,-0.0291294158,-0.0711635426,-0.8171211481,-0.1876380146,0.2996767461
1.1879990101,-0.0314763002,-0.0241522938,-0.0481944755,-0.8380593657,-0.1220534146,0.2965291739
1.198045969,0.0025927625,-0.0341411978,-0.003457672,-0.9432739019,-0.0604646206,0.2817214429
1.2082409859,0.0256248321,-0.0323404968,0.0356957838,-1.0696208477,-0.0191529337,0.2775278389
1.2182179689,0.043640811,-0.0215077698,0.0587527677,-1.1465489864,-0.0102611706,0.2796754241
1.2280780077,0.0578271933,0.0123457601,0.0640832111,-1.1452264786,-0.0357371718,0.2764774263
1.2381989956,0.0675692782,0.0602777451,0.0124715501,-0.9405345917,-0.119801186,0.2912486494
1.2482600212,0.0815395936,0.0821797699,-0.0017604892,-0.593028605,-0.1833796203,0.3272298276
1.2588219643,0.0838341936,0.0887960196,0.0464119241,-0.3536595404,-0.2141123712,0.337770462
1.2685580254,0.076511763,0.0673267096,0.0532388613,-0.2032397538,-0.208574459,0.3345492482
1.2786070108,0.0633920655,0.0152155003,0.0164942686,-0.1328806281,-0.2016901821,0.3196696341
1.2886250019,0.0420037694,-0.0244400054,-0.0245690402,-0.1148059964,-0.1964069456,0.2920611203
1.2989909649,0.0338609405,-0.0402991325,-0.0403847769,-0.1298842728,-0.1839438826,0.270835191
1.3088890314,0.0322542377,-0.0443000197,-0.0174446162,-0.2988963723,-0.1474900097,0.2294856161
1.3188400269,0.030606648,-0.0663511455,-0.051789172,-0.5204855204,-0.0840665549,0.1637420207
1.3289949894,0.0198443737,-0.1232533157,-0.1165773943,-0.713347733,-0.0119957551,0.084194392
1.3392369747,-0.0169285927,-0.1394165754,-0.158980608,-0.8595467806,0.0879835784,-0.0091568576
1.3490359783,-0.0440153293,-0.1134089679,-0.182110846,-0.8690210581,0.1777357012,-0.0643246323
1.3592690229,-0.0398167782,-0.0803446472,-0.1708638668,-0.7374699712,0.2540081143,-0.0972357169
1.3691750765,-0.0170433912,-0.020738259,-0.1368963122,-0.4590203762,0.2615103424,-0.1334037036
1.3795970678,0.0098315682,0.0195535123,-0.0616974905,-0.133844167,0.1855804324,-0.171748966
1.3893020153,0.0520711727,0.0304279774,0.0227733199,0.1052402481,0.0761269778,-0.1909746677
1.3994179964,0.0929902419,0.0262415707,0.1012896225,0.2792471945,-0.1408766955,-0.1815710366
1.4094510078,0.1227237806,-0.0242577344,0.2414580584,0.3514057994,-0.3120381832,-0.1657498628
1.4198269844,0.1223775372,-0.0138041237,0.2969398499,0.2984943986,-0.4643824697,-0.188110292
1.4295669794,0.1202744469,0.0216681957,0.2313160896,0.0959206447,-0.5890941024,-0.1658230275
1.43968606,0.130359605,-0.0884285122,0.1311555505,-0.0307768472,-0.6164098978,-0.1169617549
1.4497050047,0.0775478706,-0.1272969544,0.0445440933,-0.2260683626,-0.5109313726,-0.1147356108
1.460234046,0.0014868579,-0.0065679112,-0.055610247,-0.2583861053,-0.371891737,-0.0658152103
1.4698420763,-0.0070777335,0.0845100731,-0.1131739691,-0.0968712345,-0.2942643166,0.0690310225
1.4799820185,0.0234875288,0.157198444,-0.0948137119,-0.0186035894,-0.2175093591,0.1816001683
1.4900029898,0.0453476496,0.1310553402,-0.0547666624,-0.1535647064,-0.0639548227,0.1530424207
1.5005249977,0.0431363173,0.0355289727,-0.1090395525,-0.375346899,0.1198368445,-0.0039557042
1.5103920698,0.020766994,-0.0667486638,-0.2195889354,-0.3685598969,0.2891190946,-0.0888178647
1.5200090408,0.0089789238,-0.1071655899,-0.201651454,-0.2907716036,0.408821255,-0.0611710548
1.5302510262,0.0278266277,-0.0514944941,-0.1151096895,-0.2537067533,0.4389929771,-0.0399283506
1.5406210423,0.0644724593,-0.0501690954,-0.050565131,-0.2093936205,0.3806945384,-0.0898732767
1.5504610538,0.0832116827,-0.1095028669,0.009849661,-0.1808470041,0.2953918278,-0.1918557584
1.5604940653,0.0794205293,-0.1609585434,0.0505181476,-0.1764898151,0.1737037301,-0.3087155521
1.5705239773,0.0786400065,-0.1627596468,0.0656359121,-0.1893716305,0.0701183602,-0.3926462531
1.5809140205,0.0758530721,-0.114647612,0.0249047223,-0.1021123603,-0.0144015886,-0.4532331824
1.5906500816,0.0612546392,-0.0340154916,-0.0976651981,0.2176646888,-0.0828127339,-0.4703372121
1.6008640528,0.0488085933,0.0648220628,-0.2352432013,0.7055731416,-0.0995445773,-0.4354300797
1.6110590696,0.0388921089,0.1313540787,-0.3042405844,1.1790862083,-0.0619807541,-0.3537740409
1.6211839914,0.0222699251,0.1845632643,-0.297685802,1.4621790648,0.0205378197,-0.28266415
1.6309490204,0.0126660671,0.2128220648,-0.2740001678,1.3886833191,0.1169538423,-0.2061478198
1.6410660744,0.0130508747,0.1364264041,-0.3001796007,1.14500916,0.2605000734,-0.159295097
1.6510660648,-0.0287504587,0.0127060404,-0.3392368555,0.8323560953,0.4676989317,-0.1845941991
1.6614170074,-0.0915311947,-0.0305282176,-0.3168637753,0.4534263909,0.6860682964,-0.1981922984
1.6712310314,-0.1056533828,-0.0289612859,-0.2792634368,0.1912202388,0.8675552011,-0.1661810279
1.6812900305,-0.0912711993,-0.0069730887,-0.2754514813,0.0928108469,0.9973350763,-0.1469788402
1.6913449764,-0.082259573,0.0197820961,-0.2870995998,0.197730422,1.069185853,-0.1713910401
1.7016769648,-0.0841164961,0.0152620366,-0.2840399742,0.4239340127,1.072001338,-0.2054246366
1.7114830017,-0.0907050744,0.0060553839,-0.2325709462,0.6729623079,1.0324412584,-0.2596597075
1.7215230465,-0.0880654827,0.0055347374,-0.150931716,0.8986575007,0.9777385592,-0.3266376853
1.7315930128,-0.0739721432,0.0083809486,-0.0857632235,1.1076258421,0.8866259456,-0.4222983718
1.741979003,-0.0667212382,-0.012888954,-0.0728550628,1.3626326323,0.7798880339,-0.5349671245
1.7517299652,-0.073250331,-0.0560849756,-0.0721384361,1.6442453861,0.6796240807,-0.6667513251
1.7618240118,-0.0975929275,-0.0543727726,-0.0479773358,1.7965435982,0.5973446369,-0.7963705659
1.7718939781,-0.1212814823,-0.0502669364,-0.018227106,1.7760185003,0.5117923021,-0.8707330823
1.782310009,-0.138568446,-0.0888966322,-0.00748182,1.6537206173,0.4658258557,-0.9216913581
1.7920020819,-0.1683124155,-0.1260417998,-0.0077558821,1.4487105608,0.4721102715,-0.9853454828
1.802093029,-0.1960984915,-0.1258683503,-0.0087559288,1.2626689672,0.5041773915,-1.0256307125
1.8123170137,-0.2082892507,-0.0947209448,-0.0074244207,1.1471512318,0.5284826756,-1.048948884
1.8225480318,-0.2087847441,-0.0582403243,-0.0043959683,1.1330692768,0.548430562,-1.0627387762
1.8322650194,-0.2113283128,-0.0314751714,0.0072810585,1.1860973835,0.5805945992,-1.0829098225
1.8423490524,-0.2139810771,-0.0221537799,0.0247295443,1.2487198114,0.6127322912,-1.1200727224
1.852410078,-0.217629239,-0.0264916867,0.0362338945,1.2931435108,0.6499966979,-1.1604146957
1.8627630472,-0.2242479771,-0.0360273123,0.0407142565,1.2895437479,0.686771512,-1.2113617659
1.8725240231,-0.2327795476,-0.053911224,0.0215367023,1.2945208549,0.7193138003,-1.2718685865
1.8826260567,-0.2461373657,-0.0801600963,-0.0085899895,1.3057842255,0.7624189258,-1.3482993841
1.8926730156,-0.2682420313,-0.0992313176,-0.0468068197,1.3639272451,0.8133324981,-1.4289844036
1.9030389786,-0.2982417643,-0.1173270494,-0.0666883066,1.5084506273,0.8714927435,-1.4905763865
1.9129500389,-0.3323045671,-0.1146994978,-0.0613481477,1.6773962975,0.9415115118,-1.55641675
1.9229040146,-0.3596444428,-0.0970851034,-0.0365512446,1.8741749525,1.0032837391,-1.6222673655
1.9330320358,-0.3703971803,-0.077053383,0.0021006996,2.0690493584,1.0427825451,-1.6838798523
1.9432650805,-0.3555507958,-0.068337217,0.0451594517,2.2301502228,1.0437260866,-1.7550609112
1.9531199932,-0.3216971457,-0.0899593979,0.0801029131,2.3146526814,1.0182784796,-1.8655223846
1.9631400108,-0.2881933749,-0.1348042041,0.1039038822,2.3458647728,0.9836134911,-2.0163230896
1.973271966,-0.2755205333,-0.1810303181,0.1279563904,2.3032398224,0.9672729373,-2.1872711182
1.9835649729,-0.2816832364,-0.2067608684,0.1509099007,2.1826510429,0.9565822482,-2.3635044098
1.9933700562,-0.2968428433,-0.2259434015,0.1776062846,1.9842905998,0.9325071573,-2.5354781151
2.0034360886,-0.3149977624,-0.2485937625,0.2010794878,1.7356719971,0.9186313152,-2.7031860352
2.0136089325,-0.3311783373,-0.2719585001,0.2250579596,1.4667090178,0.9108324051,-2.8878734112
2.0238261223,-0.3452006876,-0.2894414961,0.2387017608,1.1849838495,0.8975346684,-3.0853033066
2.0336170197,-0.3558700383,-0.2989574373,0.2488971353,0.9480776787,0.8846570253,-3.2784979343
2.0437059402,-0.3630497158,-0.3029880524,0.2607434392,0.7891793847,0.8618281484,-3.4749016762
2.0540919304,-0.376286,-0.2846499085,0.2841532826,0.6677837372,0.8233416677,-3.6819415092
2.0641140938,-0.3904020488,-0.2613666952,0.3046910167,0.5187399387,0.7750633359,-3.8889784813
2.073884964,-0.3993104994,-0.2555406392,0.3007913828,0.3557789028,0.7320297956,-4.0864520073
2.0840470791,-0.4098096192,-0.2746028006,0.2860298753,0.2279029787,0.7020580173,-4.2807435989
2.0941140652,-0.4217522442,-0.2822596133,0.2827144265,0.1286471933,0.6902367473,-4.4962697029
2.104377985,-0.4291410148,-0.2656492889,0.2820497751,0.0432673171,0.6785710454,-4.7064900398
2.1143100262,-0.4433743656,-0.2332520634,0.2676389217,0.008274097,0.643938303,-4.9262900352
2.1242408752,-0.4691825211,-0.2145471126,0.2478399277,0.0639911592,0.6101816893,-5.13337183
2.1342720985,-0.5014449954,-0.1871022135,0.2333996296,0.1962176114,0.6089277864,-5.3404583931
2.144742012,-0.5414837003,-0.1441063434,0.2138546109,0.3850631714,0.6017103195,-5.5613641739
2.1544070244,-0.5783860683,-0.0993392617,0.2164925337,0.5888513327,0.5958147645,-5.7620978355
2.1645460129,-0.6015247107,-0.0602793247,0.2228906155,0.7151741385,0.548158586,-5.9171762466
2.1745629311,-0.6111363769,-0.0317913443,0.2199342251,0.7011504173,0.451990962,-6.0011024475
2.1849160194,-0.6223406792,-0.0300688893,0.2328239083,0.5732459426,0.3287577033,-6.0149350166
2.1946921349,-0.638450861,-0.051581338,0.2442168593,0.3770261109,0.2070847303,-6.0234408379
2.2047739029,-0.6723667979,-0.0664219409,0.2638722658,0.0980599895,0.1407539099,-6.0584425926
2.2148370743,-0.7292611003,-0.0397148877,0.2843996286,-0.2805555463,0.1138180271,-6.1018929482
2.225194931,-0.7946209311,-0.0013105432,0.3209588528,-0.7532426715,0.2104380578,-6.1102190018
2.2349648476,-0.8812710047,0.0711001605,0.2770786881,-1.1630378962,0.4248484075,-6.0388684273
2.2450408936,-0.9546455741,0.1562357992,0.1982252598,-1.3356573582,0.7281220555,-5.837993145
2.2552189827,-0.9838095307,0.2800626457,0.141402185,-1.4878454208,1.0191650391,-5.5872235298
2.2654981613,-0.9610973001,0.4248362482,0.11679589,-1.6040303707,1.2344360352,-5.2887210846
2.2753129005,-0.8804910183,0.5533245206,0.1539232731,-1.8046206236,1.3607866764,-4.8447756767
2.2853009701,-0.7702884674,0.7080309391,0.2634263635,-2.3031895161,1.4087505341,-4.3062934875
2.2954268456,-0.6120254993,0.8114364743,0.4276499748,-3.154774189,1.4334837198,-3.765609026
2.3057150841,-0.4421105087,0.8186437488,0.5030902624,-4.0563201904,1.4339175224,-3.3045589924
2.3155808449,-0.3132248521,0.7441327572,0.4931510687,-4.7412133217,1.4282079935,-2.9370062351
2.3255729675,-0.2200669199,0.6954666972,0.4555100203,-5.0675578117,1.3206293583,-2.5621621609
2.3357138634,-0.1712515801,0.7216870785,0.4281153083,-4.8984093666,1.0749408007,-2.2257359028
2.3460650444,-0.1712255776,0.8333220482,0.4307156801,-4.3366165161,0.8331636786,-1.9786000252
2.3557879925,-0.1822677553,0.9727845192,0.4051581621,-3.3575460911,0.6943459511,-1.7973510027
2.3658518791,-0.1424524635,1.0657039881,0.3249678612,-2.0136883259,0.5732647777,-1.6629042625
2.375975132,-0.0393722765,1.1321197748,0.3144154549,-0.7081275582,0.4402472675,-1.5178368092
2.3863339424,0.0924427435,1.1771434546,0.3796459436,0.3614072502,0.3254455924,-1.3546487093
2.3960709572,0.1960671097,1.1585379839,0.5123500824,0.9778007269,0.2745949328,-1.1913124323
2.4061660767,0.2617136538,1.1283019781,0.6684498787,1.0142322779,0.2708531916,-1.0001997948
2.41624403,0.3017573059,1.0788239241,0.8076989651,0.5584028363,0.1910381168,-0.7506014705
2.4266009331,0.3101758063,0.9928916693,0.915992856,-0.2752088606,0.0039768866,-0.4945896566
2.4363341331,0.2802433968,0.8797785044,0.9873936772,-1.5128329992,-0.2290441096,-0.2363738418
2.4465010166,0.2216936499,0.7801142931,0.9676339626,-2.8247416019,-0.3967936933,0.0420668498
2.4565930367,0.1499705464,0.7045693398,0.864343524,-3.7641246319,-0.4658934772,0.3045342267
2.4668459892,0.0925166234,0.7672811151,0.7305225134,-3.967716217,-0.5839657784,0.5328137279
2.4766311646,0.0963672027,0.9640533924,0.6243579388,-3.3255705833,-0.8592941165,0.7342553139
2.486702919,0.150576368,1.168623805,0.5124415159,-1.9758813381,-1.2364314795,0.9726289511
2.4967498779,0.1989780217,1.2697793245,0.3792693615,-0.3064773381,-1.5671409369,1.2311197519
2.5071091652,0.1848236471,1.197108984,0.2874650955,1.1836998463,-1.7998309135,1.4652827978
2.5168981552,0.1084807739,1.0067918301,0.2986261845,2.0956861973,-1.9529315233,1.6614066362
2.5269169807,0.0265497174,0.7966758609,0.323081255,2.4991233349,-2.0522811413,1.8322041035
2.5370140076,-0.0362769477,0.6286459565,0.3525326252,2.4503154755,-2.0706796646,2.0052812099
2.5473508835,-0.0770760551,0.5262873769,0.3812793493,2.0853793621,-2.0651872158,2.1975622177
2.5571489334,-0.1059643105,0.4730246365,0.4069378376,1.5250827074,-2.0527877808,2.409008503
2.5672399998,-0.1426084489,0.4502877891,0.4299459457,0.8793207407,-2.0327775478,2.6003062725
2.5772640705,-0.1975220889,0.4279378951,0.4298304319,0.3058367372,-1.9858928919,2.7480657101
2.5876469612,-0.2547639012,0.4041390717,0.4129388332,-0.057653334,-1.9161590338,2.8639290333
2.597427845,-0.2975479662,0.3927914798,0.4184729457,-0.2288845778,-1.8640744686,2.9446959496
2.6075139046,-0.3137955368,0.4085738361,0.4370961189,-0.2907252908,-1.8663285971,3.0073566437
2.6175739765,-0.3119494617,0.4105465114,0.4163720608,-0.2281792164,-1.9292182922,3.0423474312
2.6278600693,-0.3074820936,0.3550439775,0.3674817085,-0.0521671697,-2.0262036324,3.066675663
2.6498980522,-0.3158926368,0.2965393364,0.3084288836,0.1425928175,-2.1835360527,3.0867221355
2.6500020027,-0.3412014246,0.2604853809,0.2752451897,0.3118672967,-2.3526310921,3.1269431114
2.6611251831,-0.3804754317,0.2362539023,0.2729306817,0.5109441876,-2.5140657425,3.1629128456
2.6683490276,-0.4207257926,0.2131501287,0.2949627638,0.6925719976,-2.6397485733,3.1723601818
2.6780209541,-0.4546688795,0.2018754929,0.329108417,0.8002770543,-2.7375328541,3.1659147739
2.6880860329,-0.480981499,0.1935220212,0.3329082727,0.8711549044,-2.7826793194,3.1446382999
2.6981420517,-0.500451088,0.1743854731,0.2913625836,0.9127152562,-2.7782230377,3.1212692261
2.7084908485,-0.5093130469,0.1407037824,0.2420938015,0.9241000414,-2.7431349754,3.117036581
2.7182760239,-0.5058455467,0.1032738537,0.2146813273,0.8691905141,-2.6947486401,3.1255691051
2.7283260822,-0.5018330216,0.065904662,0.210302949,0.7426254153,-2.6310510635,3.1373128891
2.7383761406,-0.5002830029,0.0449757427,0.2222516537,0.5434008241,-2.5584104061,3.153326273
2.7486920357,-0.5020774007,0.0344872922,0.2354507446,0.3280653656,-2.4764785767,3.1512982845
2.7585101128,-0.5050747991,0.0167642087,0.2377338409,0.2205408365,-2.3980228901,3.1226968765
2.7685871124,-0.5100412965,0.0180203766,0.2267677188,0.1494600028,-2.3363227844,3.0792119503
2.7786278725,-0.516962409,0.0284738988,0.1874587536,0.1489023268,-2.2823915482,3.0516321659
2.7889430523,-0.5200898051,0.0240787715,0.1393240094,0.2712939978,-2.2496004105,3.0346286297
2.7987508774,-0.5176134109,0.025592193,0.1095779464,0.4592854083,-2.2648813725,3.043068409
2.8089289665,-0.5066553354,0.0312912315,0.1131351516,0.6209044456,-2.3099780083,3.0706114769
2.8188359737,-0.4950468838,0.0256541818,0.129186511,0.7238072753,-2.3522360325,3.1236526966
2.8292951584,-0.4896498024,0.0134102544,0.152023077,0.725993216,-2.3551442623,3.1629371643
2.839017868,-0.4892694652,-0.0059043923,0.1697551012,0.6177780032,-2.312592268,3.161924839
2.8490991592,-0.494631201,-0.0396416932,0.1649871469,0.469737649,-2.2388103008,3.1216509342
2.8594350815,-0.4888165891,-0.0855809599,0.145822823,0.3150880337,-2.1462233067,3.0452880859
2.8695931435,-0.478154093,-0.1083524376,0.1236725971,0.1901921779,-2.0417721272,2.9583044052
2.8794620037,-0.4595061839,-0.1081650406,0.1070999429,0.0856022537,-1.9402832985,2.8776834011
2.8896021843,-0.4368656576,-0.0966174752,0.081903927,0.0548576564,-1.8582291603,2.8097770214
2.8994350433,-0.4117367566,-0.1019962579,0.0528486297,0.1117184088,-1.7860827446,2.7322869301
2.9112639427,-0.4038882554,-0.1148133427,0.0364602134,0.218736738,-1.7146772146,2.636733532
2.9198298454,-0.3978457749,-0.1343683153,0.0370212123,0.2939412594,-1.6637808084,2.5305609703
2.9296340942,-0.393498987,-0.162972942,0.0299770776,0.3297820687,-1.6260224581,2.4148344994
2.9397029877,-0.3867736757,-0.210263148,-0.0114036268,0.3794335425,-1.5817776918,2.2991087437
2.9500570297,-0.385158807,-0.2369238287,-0.0488367155,0.3819068074,-1.5144479275,2.2067651749
2.9598910809,-0.3769586384,-0.2397869378,-0.0529636815,0.2574235797,-1.4501681328,2.1420578957
2.9700021744,-0.3594744503,-0.2609558403,-0.0446706489,0.095505245,-1.3765767813,2.0911695957
2.9801039696,-0.332631737,-0.2877185047,-0.0426492766,-0.0781538635,-1.3031510115,2.0307285786
2.9905209541,-0.3114970028,-0.2791369855,-0.0306298789,-0.2860892117,-1.2184624672,1.9533122778
3.0001690388,-0.2909357846,-0.2622758448,-0.0192468818,-0.4768807292,-1.1411142349,1.8663319349
3.0101618767,-0.264991194,-0.2554719746,-0.0294815954,-0.569383502,-1.0746347904,1.7708266973
3.0204319954,-0.2370244712,-0.2619864643,-0.0438721254,-0.5807663798,-1.0108100176,1.6476927996
3.030600071,-0.2238806933,-0.2367572337,-0.0669457987,-0.5398035049,-0.952991426,1.5096774101
3.0403609276,-0.2120422572,-0.2199524194,-0.0928342417,-0.4324975312,-0.9125964642,1.3769444227
3.0505020618,-0.2103340477,-0.2277131826,-0.1114049032,-0.2802725732,-0.8813461065,1.2463201284
3.0605258942,-0.2032546252,-0.2538847625,-0.1266836524,-0.1782130599,-0.8482877016,1.1348223686
3.0709209442,-0.2005913705,-0.2759206593,-0.1513823867,-0.1205481589,-0.8556614518,1.065787077
3.0806970596,-0.1868397444,-0.2960866392,-0.1182817295,-0.132028684,-0.8836278915,1.0233049393
3.0907390118,-0.1795653552,-0.2884017527,-0.0433301404,-0.1861949861,-0.9119455218,0.9840179682
3.1008648872,-0.1736242026,-0.270491749,0.0332826301,-0.2716726065,-0.9033088088,0.9585612416
3.1111390591,-0.1835360378,-0.2244706303,0.0681344196,-0.4083604217,-0.8949459195,0.9596619606
3.1210420132,-0.1825823635,-0.1830726415,0.0302550737,-0.5036534667,-0.8627036214,0.9873082042
3.1315121651,-0.174041912,-0.1585362703,-0.03358794,-0.5694210529,-0.795250237,1.0054091215
3.1411318779,-0.1600274295,-0.141134426,-0.112546213,-0.5264468193,-0.7186070681,0.9852620363
3.1514101028,-0.1482672542,-0.1115221828,-0.1615480781,-0.369336307,-0.6367851496,0.95553267
3.1612701416,-0.1173425689,-0.0897978097,-0.1439789534,-0.2207209319,-0.5593385696,0.9173100591
3.171282053,-0.0847141519,-0.1026923209,-0.0942380503,-0.1607366949,-0.4773938656,0.8738020062
3.1814050674,-0.0541105084,-0.1625705212,-0.0536204055,-0.158476904,-0.3888225257,0.7846538424
3.1916871071,-0.0272398982,-0.215727821,-0.0439620689,-0.2275816798,-0.3159658909,0.6594154835
3.2014789581,-0.0057688751,-0.2470813543,-0.0506889299,-0.3036989272,-0.2911750674,0.4948675334
3.2115459442,0.0106179919,-0.2670966387,-0.0984910205,-0.2598912716,-0.3032671511,0.3716816902
3.2216160297,0.0265935268,-0.2942841649,-0.137075901,-0.1913083345,-0.3361153007,0.2867036164
3.2319021225,0.0264768209,-0.3243395388,-0.1525225639,-0.0182071216,-0.3628491759,0.1857754141
3.2417459488,0.0228392091,-0.3307401836,-0.1204518154,0.123547636,-0.3495512903,0.0827537552
3.2518839836,0.0273776259,-0.3003961444,-0.1028246954,0.177545622,-0.3114268184,-0.0011230328
3.2618741989,0.0312231388,-0.3047787845,-0.1204501465,0.1014259085,-0.2818727195,-0.0860335901
3.272300005,0.0087954607,-0.3010454774,-0.1071407273,-0.2286247164,-0.2575684488,-0.1475219876
3.282006979,-0.0353190117,-0.3140620291,-0.0656621531,-0.6260525584,-0.2153779119,-0.1420912147
3.2920839787,-0.0573147349,-0.3055521846,-0.0603160337,-0.9010897279,-0.1368186474,-0.0931393728
3.3021600246,-0.0318061523,-0.2342536896,-0.0851787403,-0.855433166,-0.110585846,-0.0368634537
3.312497139,0.0252406802,-0.0931554884,-0.0631274655,-0.4287979901,-0.0796814561,0.0628527552
3.3223590851,0.0594259687,0.0693101734,-0.0624176338,0.2274094373,-0.0617517233,0.1433918029
3.3323500156,0.0620336123,0.2048902363,-0.0916919783,0.9521330595,-0.0667544752,0.1952334344
3.342441082,0.056614656,0.2650741041,-0.0766411498,1.5653027296,-0.1214938909,0.2545113862
3.352768898,0.0659560785,0.2274736911,-0.0139639443,1.865167737,-0.2225368768,0.304289341
3.3626198769,0.0874303803,0.1209648699,0.0849237368,1.7744058371,-0.3229553699,0.3223130703
3.3725960255,0.1084514484,-0.0013069669,0.1519955993,1.4184588194,-0.3726834953,0.3329966068
3.3827619553,0.1201000437,-0.0920964628,0.162755847,0.9226049781,-0.4130630195,0.3373483717
3.3930389881,0.1185589656,-0.1440657228,0.1483257413,0.4611902237,-0.482992053,0.3204418123
3.4028968811,0.1222412214,-0.1781006008,0.1637051105,0.100608632,-0.4979667962,0.297167182
3.4128940105,0.108489655,-0.1597898155,0.1581929326,-0.0843950361,-0.4638722241,0.2409558445
3.4230351448,0.0959992632,-0.1307287365,0.0607093498,0.0029160045,-0.4464366138,0.1942233592
3.4332928658,0.0983820781,-0.1274130493,-0.023471063,0.172776401,-0.4677134156,0.1209054738
3.4431638718,0.0952545628,-0.1557212621,-0.0464853123,0.2752599418,-0.4759375751,0.0242524985
3.453125,0.0853279456,-0.2299408466,-0.0480647162,0.2626677155,-0.39597857,-0.0638336837
3.4632160664,0.0555454679,-0.2657587528,-0.0442521647,0.0127338273,-0.2746081948,-0.1550245881
3.4735889435,0.0291944947,-0.2764130533,-0.0462187603,-0.2318476886,-0.150584802,-0.17188932
3.4833931923,0.0244267788,-0.3014127612,-0.0335887149,-0.5780751109,-0.0009351808,-0.1908394992
3.4934258461,0.0397560783,-0.243620351,-0.1003668383,-0.9049006104,0.1285911202,-0.2299783826
3.5035481453,0.0669927225,-0.2534571588,-0.1474735737,-1.0524798632,0.2640585303,-0.2489852458
3.5138390064,0.0641621575,-0.209532395,-0.1601589918,-1.1210064888,0.3905424476,-0.287129432
3.5237169266,0.0724919662,-0.130388096,-0.128741622,-1.0189144611,0.4288211763,-0.2489109933
3.5337049961,0.1167435274,-0.0620547682,-0.0495959595,-0.7335938811,0.3944932818,-0.2001578361
3.5437910557,0.1532305628,-0.0218342692,0.0865627453,-0.4811422825,0.3350797296,-0.2119324058
3.5540928841,0.1855697185,-0.0291136652,0.1825300455,-0.2612448037,0.2222152203,-0.240713194
3.5638709068,0.1993167549,-0.0649475604,0.2546935081,-0.2201425582,0.0600812361,-0.2631024718
3.5739588737,0.1860260516,-0.1109050065,0.2764071226,-0.2362091392,-0.1470075101,-0.2685108185
3.5840611458,0.1570380479,-0.1926259845,0.2915767431,-0.2052345127,-0.2548936009,-0.2568918169
3.5943388939,0.1020661816,-0.105313614,0.3017444611,-0.2782085836,-0.3189546168,-0.2197423279
3.6042380333,0.0994605049,-0.0072398046,0.2220478058,-0.2671252191,-0.4603451192,-0.1125747934
3.6142449379,0.1118581519,-0.0077184299,0.1580592394,-0.3353125453,-0.5740075111,-0.0404119156
3.6243300438,0.0707411394,-0.0201240927,0.0784289762,-0.4097005725,-0.6030308008,0.0020651706
3.6346259117,0.0298218336,-0.0719204992,0.0344011113,-0.3814673126,-0.4358530045,0.0541696511
3.6444420815,-0.0315724425,-0.0597219914,-0.0938549712,-0.2884300351,-0.2442563474,0.021324819
3.654515028,-0.1430873722,-0.1225682944,-0.1892875433,-0.8294892907,-0.039535705,-0.0782446489
3.6646430492,-0.2345512956,-0.2456306964,-0.3916450739,-0.8701159358,0.1820717901,-0.0483927466
3.6749260426,-0.2347391695,-0.3194184899,-0.3207995892,-0.901537776,0.4489698112,0.0802262127
3.6847238541,-0.1497358531,-0.0231515616,-0.2183772326,-0.5519944429,0.613070786,0.2065746337
3.6947820187,0.0569085069,0.1214980036,-0.1790844798,0.1784744263,0.5678588152,0.2679509223
3.7049150467,0.1901189238,0.1824021786,-0.1405082941,0.8535653353,0.3923804164,0.1158538535
3.7151861191,0.1684444696,0.0752989501,-0.0953983143,1.3138954639,0.2415043563,-0.0436082408
3.7250230312,0.1049364433,-0.1487825364,-0.0171126183,1.273317337,0.1323375255,-0.1328442544
3.7350311279,0.1057755575,-0.2639226615,0.1091198847,0.7718438506,0.0132758468,-0.1455179602
3.7451138496,0.1650216132,-0.2778823376,0.24360466,0.2789729238,-0.1097144559,-0.121031329
3.7554578781,0.2222586423,-0.18972601,0.2859785557,-0.1082741395,-0.2320089489,-0.1316120625
3.7652831078,0.242564097,-0.1190069169,0.1888273358,-0.1423556805,-0.348297596,-0.1826285124
3.7753181458,0.206031695,-0.0814803988,0.1070918366,-0.045278661,-0.453946799,-0.2421666831
3.785446167,0.1680479199,-0.0432085246,0.0761902258,0.1153421476,-0.5077199936,-0.2422351837
3.7957379818,0.1682925373,-0.0419005305,0.0715838596,0.2113826573,-0.5068949461,-0.244382754
3.8053631783,0.168583706,-0.037449792,0.0457096621,0.2399341762,-0.4812555313,-0.2560567856
3.8153970242,0.1490703374,-0.0414635986,0.019682521,0.3076972365,-0.4264162481,-0.2358724177
3.825535059,0.0965994224,-0.0565733463,0.0334280059,-0.0028912583,-0.3189481199,-0.2622848749
3.8363230228,0.0389981456,-0.1146214157,-0.0949745253,-0.1484285593,-0.1714299619,-0.2260736674
3.8460299969,-0.0138821397,-0.2582059205,-0.1764035225,-0.4380913973,-0.0236521438,-0.2822006345
3.8558769226,-0.1008834019,-0.1626067907,-0.2424126863,-0.6182875633,0.1720824689,-0.2905515134
3.8658430576,-0.1224124804,-0.0702698678,-0.2943131924,-0.3693040907,0.2523880303,-0.1875796616
3.8763539791,-0.0889679566,0.0087532243,-0.2585654259,0.1018056199,0.2102991641,-0.1133943871
3.8860669136,-0.0349764638,0.0336748809,-0.1430745125,0.4953967631,0.1257358789,-0.1029191688
3.8962259293,-0.0036860504,0.0345011503,-0.087197192,0.5794754028,0.0402585305,-0.1433315724
3.9062349796,-0.0109839831,-0.0419071168,-0.0602669194,0.5009069443,-0.0008468968,-0.1581967324
3.9165711403,-0.0199748073,-0.1819902807,-0.1083238199,0.4985686839,0.0192727521,-0.1613714844
3.9264800549,-0.0360461287,-0.1804730743,-0.1338916421,0.3826028705,0.0881901681,-0.1772363335
3.9364600182,-0.0397734456,-0.1144816726,-0.1624503136,0.319044143,0.1482351273,-0.1591396183
3.9464859962,-0.022498766,-0.0765590817,-0.2117706537,0.3504134715,0.2156686336,-0.1113320291
3.9568128586,-0.0176508818,-0.0516500622,-0.2350916266,0.4283897579,0.3150247931,-0.1123640016
3.9666490555,-0.0120475087,-0.0713112503,-0.2329597473,0.5201243758,0.4226092398,-0.1717942357
3.9767508507,-0.0002204575,-0.0997383744,-0.2169052362,0.5446707606,0.5253417492,-0.2343952954
3.9867630005,0.007201632,-0.1185392886,-0.1937685013,0.5149233937,0.6149230003,-0.2884955406
3.9970920086,-0.0022212663,-0.1311244816,-0.1694382429,0.4789736569,0.6842330694,-0.3510979414
4.0068759918,-0.0214771423,-0.142476961,-0.148680687,0.4304319918,0.73220402,-0.4147692025
4.0169258118,-0.0337303095,-0.1544247419,-0.1428293586,0.4335321784,0.739312768,-0.4678564072
4.0270252228,-0.0403626971,-0.1486855894,-0.1419472098,0.516982615,0.7152634859,-0.5252273679
4.0373592377,-0.0568530373,-0.1231892854,-0.1428858638,0.6817305684,0.6728515625,-0.5783803463
4.0471301079,-0.0680526271,-0.1001888961,-0.1422970295,0.9331045747,0.6144112945,-0.6018317342
4.0571680069,-0.0676491037,-0.0927078575,-0.1530569792,1.2376821041,0.5712854266,-0.6263520122
4.0672740936,-0.0818279162,-0.0932530016,-0.1913970709,1.5760653019,0.5623463392,-0.6604187489
4.0776438713,-0.1107195392,-0.1076719016,-0.2062354088,1.8105108738,0.5937865376,-0.709305346
4.0874347687,-0.12697272,-0.1222740263,-0.208964467,1.9093544483,0.631449461,-0.7613400221
4.0975122452,-0.1150823608,-0.1524989754,-0.1895135641,1.8318995237,0.6898691058,-0.8111957312
4.1075620651,-0.1108218804,-0.1848181635,-0.1501672268,1.5948717594,0.8006864786,-0.910890162
4.1179199219,-0.125078544,-0.2121320516,-0.1147620752,1.2530003786,0.9371007681,-1.0126678944
4.1277251244,-0.1261219233,-0.2239217609,-0.0828186348,0.8887028694,1.0755037069,-1.1048828363
4.1377687454,-0.1176966205,-0.2229108363,-0.0598949268,0.6164308786,1.1892025471,-1.2035042048
4.1478462219,-0.1030534282,-0.2038787752,-0.0424583033,0.4842469692,1.2743518353,-1.3117313385
4.1581888199,-0.0994117633,-0.1594223231,-0.019033676,0.4483979046,1.3317762613,-1.4072554111
4.1679811478,-0.097319521,-0.1273090988,-0.0133015579,0.4962526858,1.3444290161,-1.4837106466
4.1780600548,-0.0878817216,-0.1224734038,-0.0285903271,0.6019676328,1.3354566097,-1.536831975
4.1881160736,-0.0745270029,-0.1445791572,-0.077028282,0.8100773692,1.3315188885,-1.6059033871
4.1984581947,-0.0660084262,-0.1656440049,-0.0942399576,1.0490864515,1.332047224,-1.6824133396
4.2082509995,-0.0785915628,-0.157539174,-0.0704594329,1.2881762981,1.3240818977,-1.7599908113
4.218296051,-0.1113284007,-0.1261646301,-0.0096023744,1.4834576845,1.322147727,-1.8301200867
4.228468895,-0.1384383887,-0.0864263326,0.0492517874,1.592310667,1.3195335865,-1.8885468245
4.2387399673,-0.1527062505,-0.077858761,0.086184077,1.6435014009,1.3195724487,-1.9512059689
4.2484898567,-0.1664524525,-0.1106603295,0.1038875505,1.6019324064,1.3090577126,-2.0435771942
4.2586212158,-0.1796300858,-0.1504195184,0.1241880581,1.4672424793,1.3252625465,-2.1444058418
4.2686910629,-0.1785622686,-0.1749292761,0.1464220285,1.271317482,1.38237679,-2.2356417179
4.2789568901,-0.1733813733,-0.1722608358,0.1654777527,1.067884922,1.4425610304,-2.3343071938
4.2888250351,-0.1677034348,-0.1634236723,0.1815214157,0.9436771274,1.4768775702,-2.4383172989
4.2988243103,-0.1651663035,-0.1469325572,0.1942640543,0.9083755612,1.4790467024,-2.5466105938
4.3089599609,-0.1742339581,-0.1286963373,0.2099913359,0.9692928791,1.4639478922,-2.6655547619
4.3192200661,-0.2008686513,-0.1236129552,0.2402717471,1.031368494,1.4392684698,-2.7908751965
4.3291273117,-0.2194366306,-0.1382976323,0.2527704239,1.0881080627,1.4156993628,-2.9013273716
4.3390932083,-0.2378183454,-0.1599772125,0.2426351309,1.1416327953,1.3931641579,-3.0117793083
4.3491611481,-0.2602581084,-0.1500933319,0.2373083234,1.1407244205,1.3700503111,-3.1381452084
4.3595352173,-0.2791475356,-0.1432147771,0.2427101135,1.1302822828,1.3417477608,-3.2337186337
4.3692851067,-0.2832715809,-0.1579436809,0.2670429945,1.0877798796,1.31851089,-3.3229091167
4.3794322014,-0.2706417739,-0.1702200323,0.3059829473,0.9778777957,1.3105131388,-3.4258797169
4.3894381523,-0.2477813214,-0.175600186,0.3503287435,0.7899771929,1.3102067709,-3.5468785763
4.399848938,-0.2306348532,-0.1764193326,0.3896381259,0.5976495743,1.3257420063,-3.6731760502
4.4095659256,-0.2395170182,-0.1617155224,0.4327741861,0.4343032539,1.3256889582,-3.7878079414
4.419672966,-0.2635765672,-0.130067125,0.4694660902,0.371204704,1.3329415321,-3.8929064274
4.4297099113,-0.2900927067,-0.0979665071,0.4849500656,0.4490442574,1.3340605497,-3.9884881973
4.440114975,-0.3131492138,-0.0590869933,0.4718942046,0.6839776635,1.314267993,-4.0841197968
4.4498357773,-0.3307338655,-0.0171401054,0.4499386549,1.0485259295,1.2468317747,-4.1744990349
4.4600362778,-0.3438065946,0.0188900083,0.4308106899,1.4796408415,1.1396483183,-4.265976429
4.4699840546,-0.3502589166,0.0340701789,0.4020489454,1.9127135277,0.9444299936,-4.3543119431
4.4803500175,-0.3368732631,0.0164211243,0.3898104429,2.276248455,0.6595085263,-4.4373669624
4.4901771545,-0.3084934652,-0.0166590363,0.4112478495,2.4396848679,0.3209167719,-4.5097818375
4.5001730919,-0.2835634649,-0.0215990096,0.441819489,2.3333296776,-0.0368035659,-4.5502820015
4.510310173,-0.2714060247,-0.0131329456,0.4892318249,1.9151394367,-0.371512115,-4.5492806435
4.5205850601,-0.2808437049,-0.0073408643,0.5100874901,1.2746268511,-0.5647479296,-4.5226693153
4.5304551125,-0.3179202974,-0.0282523781,0.4557794333,0.6196630001,-0.5935351849,-4.4800462723
4.5404419899,-0.3838298619,-0.0348420292,0.382645607,0.0313637555,-0.4594487548,-4.4458522797
4.5505819321,-0.4492798746,0.0049007973,0.3460428119,-0.4671856761,-0.2290237397,-4.4031395912
4.5608868599,-0.4929391146,0.0908666104,0.3364683986,-0.8741387725,0.0238724314,-4.2914209366
4.5706768036,-0.5087575912,0.2208182067,0.3461453319,-1.2366981506,0.2206653208,-4.0555095673
4.5807180405,-0.4905952811,0.3599424064,0.3931376934,-1.5326126814,0.3763867319,-3.6985924244
4.5908412933,-0.4427951276,0.4671621621,0.4424563646,-1.6914030313,0.4850209355,-3.2610361576
4.6011328697,-0.3733743727,0.5586861372,0.4860191345,-1.7604519129,0.5837938786,-2.8288168907
4.6109199524,-0.3032191098,0.6040617228,0.47337991,-1.6353366375,0.6823926568,-2.520878315
4.6210160255,-0.2466204613,0.5742824078,0.3927912712,-1.2928059101,0.6947521567,-2.3861105442
4.6310648918,-0.1929159015,0.4993093312,0.2987375259,-0.9301505685,0.5051745176,-2.3289608955
4.6414661407,-0.1286229342,0.4215879142,0.2226417065,-0.6758913994,0.1676207483,-2.2007164955
4.6511888504,-0.0960845128,0.3598680198,0.1788586378,-0.5369358063,-0.1632640362,-2.0342137814
4.6612801552,-0.1202458218,0.3522027433,0.186384201,-0.577699244,-0.3485646546,-1.9196218252
4.6713209152,-0.1581130177,0.3881332576,0.2200001478,-0.7155922651,-0.4301366806,-1.8771545887
4.6817440987,-0.1656020582,0.4322905242,0.2453439236,-0.8885986209,-0.4189631343,-1.8845376968
4.6914558411,-0.1426225752,0.4634322226,0.2219530344,-0.9849995375,-0.3860638738,-1.9174132347
4.7015910149,-0.0882620886,0.4946365654,0.2037246227,-1.0846403837,-0.3489215672,-1.9460378885
4.7115988731,-0.0184928272,0.5298811793,0.2150540948,-1.1425164938,-0.3227131367,-1.9173413515
4.7220029831,0.0231858697,0.5575356483,0.2648157477,-1.1993247271,-0.2940753698,-1.8429867029
4.7317142487,0.0277077165,0.5918095708,0.3186599016,-1.314016223,-0.2392906249,-1.7494925261
4.7418608665,0.0027504168,0.6002089381,0.345117569,-1.4782520533,-0.1393120885,-1.6559625864
4.7518620491,-0.0233574603,0.5728664398,0.3276149035,-1.6544559002,-0.0172382537,-1.5751600266
4.762237072,-0.0338530056,0.5409841537,0.2778799534,-1.8174583912,0.0657181516,-1.4901332855
4.7719969749,-0.0131467972,0.5165329576,0.2409257293,-1.8978284597,0.1049951166,-1.3796648979
4.7820739746,0.0261726584,0.5163750052,0.2086991668,-1.8515514135,0.0732872561,-1.259709239
4.7921562195,0.0647739395,0.5234552622,0.1810157895,-1.7036033869,0.0115730874,-1.1589086056
4.8024830818,0.0920950398,0.5205377936,0.138092339,-1.4572812319,-0.0683696792,-1.0560165644
4.8122549057,0.1099044904,0.4786553681,0.0887026116,-1.1224889755,-0.1356954575,-0.926594913
4.8223142624,0.1208806857,0.4464818537,0.0690900609,-0.8099787831,-0.2159205228,-0.7929276824
4.8324460983,0.1250111014,0.4442125261,0.0972895548,-0.5669339895,-0.2872784436,-0.6709183455
4.8427457809,0.1185141429,0.4558994472,0.139557004,-0.4075185359,-0.3212989867,-0.5690430999
4.852602005,0.106503807,0.4541001618,0.1711882949,-0.293079257,-0.3421462178,-0.5021894574
4.8627948761,0.093132548,0.4339756072,0.2006072402,-0.2504686713,-0.3331468701,-0.4809598029
4.8726673126,0.0835248455,0.4234805405,0.2241133451,-0.3297562599,-0.3020205796,-0.4830475152
4.8830370903,0.0788008794,0.422339946,0.2301355004,-0.4903550148,-0.2515265048,-0.4978466928
4.8928751945,0.0858297572,0.4314236939,0.2135879993,-0.6424890757,-0.1935245246,-0.5115818977
4.9028801918,0.1073407456,0.4761702716,0.1943088174,-0.714543283,-0.1378120035,-0.4956087768
4.913020134,0.1470393091,0.5432467461,0.175358057,-0.6060190797,-0.1026309803,-0.4531480372
4.9232821465,0.1804796606,0.6252210736,0.1403686404,-0.3558060825,-0.1466631591,-0.3810312152
4.933163166,0.209149614,0.680388689,0.120281212,-0.0475394726,-0.2278066128,-0.2197564393
4.9431490898,0.2264475375,0.6850357652,0.1508120298,0.158357501,-0.3136663735,0.006311581
4.9532108307,0.2087343484,0.6406220198,0.199891448,0.275498569,-0.3823754787,0.2154238522
4.9636349678,0.1592186838,0.5819135308,0.2491573691,0.2739752531,-0.433226943,0.3927192688
4.9733448029,0.1142659411,0.550424397,0.2840878963,0.1675895005,-0.4574673772,0.5604977012
4.9834189415,0.0827723369,0.5391703248,0.2915090919,0.0173012018,-0.4684776962,0.7006878257
4.9934892654,0.066889368,0.5250320435,0.2793763876,-0.0904919729,-0.4623811245,0.8037124276
5.0038218498,0.0717184767,0.5083923936,0.2695448399,-0.1576092243,-0.4699106812,0.8780516386
5.0136117935,0.089590691,0.5069690347,0.2748638391,-0.1851067543,-0.4909088016,0.949188292
5.0236701965,0.1077632234,0.5198664069,0.2915341258,-0.1974973828,-0.5276087523,1.0330553055
5.0337629318,0.1076002344,0.5305297375,0.299371779,-0.1585603952,-0.5733283758,1.1296473742
5.0440711975,0.0860545859,0.5147609711,0.303637445,-0.0919099972,-0.6155799627,1.2326037884
5.0538859367,0.0558337159,0.4765453041,0.2978186607,-0.0009266976,-0.6375332475,1.3238835335
5.0639181137,0.0229799654,0.4374164641,0.266756773,0.1509411335,-0.6654330492,1.3981570005
5.0740089417,-0.0076359906,0.4005123079,0.244792521,0.2923665345,-0.7156450152,1.481978178
5.0843958855,-0.0282705519,0.3745011985,0.2403128147,0.3806354105,-0.7853100896,1.5827919245
5.0941429138,-0.045812767,0.3388148248,0.2412792444,0.4399084151,-0.8372245431,1.6783128977
5.1042189598,-0.0602276139,0.3070134223,0.2425521016,0.440176338,-0.8589309454,1.7664313316
5.1143450737,-0.0715274885,0.2916986644,0.252391994,0.3966423273,-0.8768795729,1.8386361599
5.1245741844,-0.0814932957,0.2792128026,0.2590255737,0.3562810421,-0.8927611113,1.898099184
5.1344251633,-0.0880815163,0.2590263784,0.2702811956,0.3127456009,-0.9119301438,1.9458819628
5.1444978714,-0.0853560343,0.2486196011,0.2899939418,0.270293206,-0.9332668781,1.9851686954
5.1546258926,-0.0868262425,0.2355063409,0.29716295,0.3249823451,-0.9581168294,2.0063779354
5.1649112701,-0.0873936191,0.2375115007,0.3071032166,0.422485739,-0.9965187907,2.0073957443
5.1747498512,-0.0898907408,0.2595409453,0.3064537048,0.5607584119,-1.0556604862,2.0275039673
5.1847391129,-0.0944459662,0.2676427066,0.2840611935,0.7534151673,-1.1088986397,2.0667150021
5.1948871613,-0.1148877516,0.2571133673,0.2538856268,0.9386196733,-1.1632300615,2.1112377644
5.2051701546,-0.1404522359,0.2328073829,0.232131362,1.0606429577,-1.1969312429,2.1494147778
5.2150030136,-0.1691935211,0.1974676102,0.2065863013,1.1267873049,-1.1918194294,2.1939971447
5.2250318527,-0.1915487051,0.1548351496,0.1902512312,1.0902556181,-1.1641901731,2.2492337227
5.2351679802,-0.2037466764,0.1182845086,0.1880798936,0.975415647,-1.0969079733,2.3066320419
5.2454538345,-0.1989597529,0.0847036093,0.2053202391,0.8081718087,-1.0196331739,2.3396289349
5.2552609444,-0.1760839075,0.0569195002,0.2542335987,0.5905262828,-0.9196135998,2.348228693
5.2653050423,-0.1485399753,0.061893329,0.2971993089,0.3431439698,-0.8347921968,2.344086647
5.2754297256,-0.1309730262,0.0898308605,0.3205421567,0.1364949942,-0.7676327825,2.3431107998
5.2857122421,-0.1281241924,0.1292401999,0.3209279776,-0.0057665408,-0.7360229492,2.3367919922
5.2955627441,-0.1321259886,0.1647682041,0.3104997277,-0.1145875603,-0.7401829958,2.3325688839
5.3055677414,-0.1418821514,0.1731957048,0.2818781734,-0.1783580184,-0.7661855817,2.335757494
5.3156619072,-0.1525884122,0.145002529,0.2473410964,-0.1950036883,-0.808740139,2.3410494328
5.3259849548,-0.1593664438,0.1095138043,0.2371168137,-0.2318487763,-0.8588850498,2.3484663963
5.3357572556,-0.1631340533,0.0831184834,0.2325336933,-0.2729141414,-0.9132776856,2.3611922264
5.3458409309,-0.1667452306,0.0648553222,0.2181534171,-0.2851966321,-0.9653648734,2.3632929325
5.3559851646,-0.165296331,0.053351745,0.1934376955,-0.2922176719,-1.0099856853,2.3643343449
5.3663201332,-0.1610653996,0.0533842891,0.1657763124,-0.2832241952,-1.0531561375,2.4035971165
5.3760929108,-0.1561415493,0.0433854908,0.1609504819,-0.2688777447,-1.0973218679,2.4460451603
5.3862118721,-0.1495647877,0.0349775404,0.1904294491,-0.3016093373,-1.1302525997,2.4842617512
5.3962330818,-0.1462773532,0.0228603929,0.2104775906,-0.3431287408,-1.1400452852,2.5023157597
5.4065551758,-0.1497501731,0.0170895904,0.2288426161,-0.4008687437,-1.128849864,2.5065832138
5.4162979126,-0.1580487937,0.0135865053,0.2439038157,-0.461707741,-1.1283335686,2.5044751167
5.4263792038,-0.1691146642,0.0036246618,0.2500509024,-0.4829384685,-1.1402603388,2.4938564301
5.4364771843,-0.178387776,-0.0118556777,0.2355767488,-0.4612921178,-1.1709549427,2.4768481255
5.4468040466,-0.1926359087,-0.019027248,0.2135123014,-0.3925889432,-1.2130478621,2.4385848045
5.4565711021,-0.2013161331,-0.027508989,0.1908272505,-0.2735044062,-1.2769845724,2.4002988338
5.4674191475,-0.2034609467,-0.0274828225,0.1775528789,-0.1362035573,-1.3481475115,2.3683743477
5.4796290398,-0.1938939244,-0.0365075618,0.1538927555,0.0086447299,-1.4266163111,2.3449385166
5.4877381325,-0.1898538917,-0.0526083261,0.1189913675,0.1642332673,-1.5113098621,2.3289296627
5.4975032806,-0.1842239946,-0.0815946609,0.0953892991,0.2362627089,-1.5648705959,2.3172028065
5.5076479912,-0.1830178052,-0.1110534817,0.0792603418,0.2407218963,-1.5839452744,2.3150687218
5.5176610947,-0.1746975034,-0.1411709934,0.0752969906,0.1414335072,-1.5806097984,2.3087246418
5.5272607803,-0.1671072692,-0.1646530181,0.0929970071,-0.0308567658,-1.5344069004,2.3024208546
5.5372180939,-0.158304438,-0.1835804135,0.1013392732,-0.2076401114,-1.4660310745,2.2855126858
5.5470972061,-0.1492739469,-0.1834097654,0.1032460257,-0.3632952273,-1.3774050474,2.2537424564
5.5571279526,-0.1343679279,-0.1679426581,0.0887218043,-0.4568906426,-1.305234313,2.2187619209
5.5674962997,-0.1189816669,-0.1438828856,0.0712481067,-0.4851190746,-1.2589794397,2.1901237965
5.5772829056,-0.1119798496,-0.1342657954,0.05196964,-0.4373521805,-1.2355240583,2.1434056759
5.5873498917,-0.1092643514,-0.1282906681,0.0323737189,-0.3627581,-1.2278392315,2.0828678608
5.5974092484,-0.1080270782,-0.1328781992,0.0096322829,-0.2550590634,-1.223095417,2.0148861408
5.6077489853,-0.1087806001,-0.1458791643,-0.0060468977,-0.1323254406,-1.2278409004,1.9362795353
5.6175441742,-0.1027589217,-0.160593465,-0.0166537818,-0.0159812532,-1.233668685,1.8629829884
5.6277170181,-0.0891292468,-0.1702296883,-0.0243899878,0.0480741598,-1.2387467623,1.8119978905
5.6378521919,-0.0772707835,-0.1770208627,-0.0246788319,0.0298229307,-1.2295503616,1.782276988
5.6482081413,-0.0775363222,-0.1907180101,-0.0055118268,-0.0943709165,-1.1915405989,1.7568442822
5.658000946,-0.0803962722,-0.2099183351,-0.0061545437,-0.2741971314,-1.1402641535,1.7250615358
5.6680579185,-0.0800816193,-0.2239801437,-0.0238273796,-0.4147393405,-1.0684490204,1.6985881329
5.6781349182,-0.0674366727,-0.2201057225,-0.0398531631,-0.4944641888,-0.9950920343,1.6646693945
5.6884908676,-0.0552205257,-0.1911218315,-0.0457237437,-0.5026376843,-0.9275369644,1.6211714745
5.6982779503,-0.0476646833,-0.1630970985,-0.0447912887,-0.4380302727,-0.8816122413,1.579764843
5.70835495,-0.0388303809,-0.1475384384,-0.0394937471,-0.3392075598,-0.8418275714,1.5277314186
5.7184152603,-0.0302063022,-0.1493380815,-0.0342740491,-0.2551735938,-0.8170351982,1.4746334553
5.7287302017,-0.0274183545,-0.1647436768,-0.0269342717,-0.1881831139,-0.7967597842,1.4024242163
5.7386288643,-0.0278851781,-0.1881276518,-0.0250446256,-0.1423487514,-0.7958451509,1.3185311556
5.7485718727,-0.0315155797,-0.2089126855,-0.0257868227,-0.1326023787,-0.8143038154,1.2410080433
5.7586169243,-0.0243546758,-0.2232700735,-0.0393415168,-0.140697673,-0.8614156842,1.1868349314
5.7689938545,-0.0218408499,-0.2252326161,-0.0366631821,-0.1531255841,-0.9009993076,1.1539025307
5.7787241936,-0.0277640019,-0.2099213153,-0.0252758916,-0.203093797,-0.9206119776,1.1422259808
5.7888879776,-0.0383938365,-0.1831394583,-0.0180434044,-0.2531348765,-0.9315631986,1.1570984125
5.7988891602,-0.0498278551,-0.1553320438,-0.028750902,-0.2851657569,-0.9284659624,1.1868383884
5.8093008995,-0.0713788643,-0.1343332678,-0.0395152047,-0.3163740337,-0.9009493589,1.2176523209
5.8190088272,-0.0980922356,-0.1142283231,-0.0507236794,-0.3393881321,-0.8394196033,1.2463570833
5.8291459084,-0.1026520506,-0.1016213447,-0.0612227395,-0.3037528992,-0.7731473446,1.2729260921
5.8391628265,-0.0761294737,-0.095262602,-0.0696551278,-0.2328015715,-0.7172538042,1.2878012657
5.8495559692,-0.0390851311,-0.0905757099,-0.0690556839,-0.160658136,-0.6753169894,1.2761241198
5.8592839241,-0.0097768698,-0.1059820205,-0.0700249746,-0.0457760096,-0.6394906044,1.2463819981
5.8694300652,0.0089650955,-0.1278824955,-0.0705284551,0.0584601164,-0.607044816,1.2007143497
5.8794260025,0.0240749326,-0.1504918486,-0.0597704723,0.1372205466,-0.589835465,1.1306236982
5.8897938728,0.0309830513,-0.1879539043,-0.0554595068,0.257791698,-0.5925675631,1.0382151604
5.899559021,0.0386074372,-0.2224846035,-0.0454297736,0.369122684,-0.6302944422,0.961720109
5.9096889496,0.0577343889,-0.2473153025,-0.0433214977,0.4358242154,-0.6862751842,0.9117706418
5.9196929932,0.0703945383,-0.2776522338,-0.042211242,0.5129383206,-0.7167260051,0.8575838208
5.9300642014,0.0573859997,-0.2977502644,-0.0187519249,0.509717226,-0.7194091082,0.7758247852
5.9398350716,0.0292807426,-0.298158735,0.0013609465,0.4241886139,-0.7089812756,0.6994011998
5.9499778748,-0.0002719559,-0.2968192995,-0.0231847223,0.2670506537,-0.6862738729,0.6495478749
5.9599542618,-0.0281452332,-0.3118337691,-0.0798410252,0.0902924538,-0.6211497188,0.6220195889
5.9703259468,-0.0509674363,-0.3252972662,-0.1207023934,-0.0707616806,-0.5261973739,0.5913157463
5.9800992012,-0.0545627885,-0.3221742809,-0.1396889687,-0.2137325257,-0.4258368015,0.5521155
5.9902338982,-0.0456589274,-0.3140858114,-0.1433532834,-0.3255767524,-0.3432638943,0.5097131729
6.0002241135,-0.0340467505,-0.30092749,-0.1442383528,-0.4054561257,-0.25505808,0.4747382998
6.0105881691,-0.0207810197,-0.29798159,-0.1401964426,-0.4533973038,-0.1591523141,0.4386972189
6.0203809738,-0.0028723874,-0.2847788036,-0.1330503225,-0.4681329727,-0.0757382512,0.3952090144
6.0304222107,0.0198151078,-0.2883078754,-0.1223750785,-0.4366432428,-0.0258961227,0.3485067487
6.0405230522,0.0552298613,-0.2967508137,-0.0931728557,-0.382525444,0.0018483552,0.2996625602
6.0508422852,0.0800211653,-0.2790118158,-0.0610272363,-0.3316627741,0.0348060355,0.2412671745
6.0606331825,0.0805681571,-0.2275309116,-0.0388265327,-0.3201405406,0.0536667481,0.1892461181
6.0707678795,0.0655620918,-0.2044086009,-0.0166283902,-0.3061826527,0.0452998951,0.1892383993
6.0807638168,0.0437081642,-0.2100920826,0.0196113531,-0.2620321512,0.0076372018,0.2125690132
6.0911951065,0.0297615733,-0.1570892483,0.0630536601,-0.2421969324,-0.0524160117,0.2518205345
6.100897789,0.0404713936,-0.0948384553,0.0693880245,-0.1484355628,-0.1403617263,0.3080275059
6.1110539436,0.0583383031,-0.0736279041,0.0634604022,-0.0437959731,-0.2507382929,0.3270581663
6.1210341454,0.0536957569,-0.0782531053,0.0707566664,0.0140942493,-0.3828913271,0.3237929344
6.1314501762,0.0475448556,-0.1107408553,0.0731772706,0.1347253174,-0.4921293855,0.3332639337
6.1412138939,0.0553199835,-0.1379906088,0.0977066085,0.2073671818,-0.4988523722,0.3438591063
6.1512737274,0.0572347231,-0.1315711886,0.1051153466,0.1299980879,-0.4477143288,0.3162975311
6.1613092422,0.0495192595,-0.128057614,0.0132696563,0.079704769,-0.4355660677,0.2940188646
6.1717200279,0.0347812362,-0.1709250957,-0.0375607088,0.0345370211,-0.402102381,0.279181838
6.1814498901,0.0267307367,-0.1764030606,-0.061924167,0.0507906377,-0.3214554191,0.257981956
6.191532135,0.0370773263,-0.1684636325,-0.0848022774,0.0949607641,-0.2599342763,0.1953553408
6.2016091347,0.0639900789,-0.172432825,-0.0942738727,0.0785161927,-0.2190356255,0.143353194
6.2119178772,0.0907350406,-0.2222985178,-0.0913959816,0.0214097667,-0.1678866893,0.0903032869
6.2217788696,0.086995624,-0.2547109127,-0.0820580795,-0.1511785686,-0.1003294811,-0.0582720712
6.2317562103,0.0603215881,-0.2297012061,-0.0983595923,-0.191146493,-0.0601884499,-0.1952139437
6.2419252396,0.0676381215,-0.2006625086,-0.1173604801,-0.1197167337,-0.0508402213,-0.1591265053
6.2521858215,0.0962870941,-0.20820795,-0.0834895447,-0.071780093,-0.0407194085,-0.1357740462
6.2620639801,0.1085117683,-0.2583057284,-0.031575568,-0.1046677157,-0.0636912361,-0.1973613203
6.272081852,0.1320380718,-0.2932513058,0.0012140209,-0.1309565753,-0.1044431999,-0.2281671613
6.2821502686,0.1526361853,-0.302665472,0.0205351058,-0.1529504657,-0.1447617859,-0.1984527558
6.292509079,0.1493285447,-0.2776393294,0.0141063267,-0.0818552673,-0.2074744403,-0.1475357711
6.3022398949,0.1317059547,-0.2318265587,0.0431170389,-0.0577106699,-0.1645520031,-0.1061081737
6.312330246,0.0789647922,-0.1645339876,0.0147309238,-0.2124722898,-0.0553837083,-0.0805311725
6.3224439621,0.0418988056,-0.1255095154,-0.0934667662,-0.2351109982,-0.0321254581,-0.063526161
6.3327760696,0.0224522557,-0.0802206844,-0.1128522828,-0.2056367248,0.0084467363,-0.0645751804
6.3425569534,0.0149085131,-0.0055025676,-0.0814763382,-0.1537869275,0.0535410456,-0.0528852977
6.3525938988,0.0324709006,-0.0136313299,-0.0552938655,-0.1447281837,0.1089078933,-0.0358711593
6.3626799583,0.0526173897,-0.0542910844,-0.0182464179,-0.2552954555,0.1726274937,-0.0421820506
6.3729867935,0.0660420284,-0.0785645396,-0.0191900786,-0.3625686169,0.2267844677,-0.05486935
6.3826079369,0.0666283593,-0.0958470851,-0.0444822982,-0.3758795857,0.2765130103,-0.059089262
6.3927030563,0.0706147179,-0.0882142633,-0.074456878,-0.3204831779,0.2865675092,-0.0559129119
6.4028038979,0.06466683,-0.0675435811,-0.0912859514,-0.2143522054,0.2398212999,-0.0442834198
6.4132971764,0.0581531711,-0.0357794017,-0.0555563644,-0.135596469,0.1568269581,-0.0220461581
6.4231681824,0.0646951422,-0.0348556787,-0.0082327193,-0.0396046899,0.0581797361,0.0171654262
6.4331378937,0.0841305479,-0.0634645373,0.0526559874,-0.0450370088,-0.0384136476,0.01924216
6.443215847,0.106655024,-0.0872903615,0.0990843698,-0.1272392869,-0.1432790011,-0.0052099861
6.453578949,0.1139756069,-0.1379683763,0.1212320253,-0.2845016122,-0.2138799429,-0.0444918796
6.4633207321,0.1044600233,-0.1626914889,0.1109408066,-0.4991236627,-0.3115160167,-0.0848347098
6.4733948708,0.1064689383,-0.1757678241,0.0617895052,-0.5201860666,-0.3404464722,-0.0997089967
6.4834737778,0.0624647327,-0.1462190896,0.0687152073,-0.5357919931,-0.2760775983,-0.1336501837
6.4938921928,0.0348882265,-0.1239439398,0.0388925001,-0.4766623378,-0.2141697705,-0.1569938511
6.5035710335,0.0537030287,-0.1648076326,-0.0030901497,-0.4654608369,-0.1622719467,-0.1867011487
6.5136780739,0.0559131093,-0.1689457446,-0.0194605049,-0.5666226149,-0.0806599036,-0.2280448526
6.5238060951,0.0367052741,-0.1736253649,-0.04159493,-0.6275500655,0.0331709236,-0.2640735507
6.5340518951,0.0294823851,-0.2013487369,-0.0780995563,-0.5866841078,0.1077215895,-0.2767882943
6.5438728333,0.0454961844,-0.1584713012,-0.0706633404,-0.5488266349,0.1631956398,-0.2820801437
6.5539169312,0.0430101342,-0.0602387935,-0.0516745523,-0.3494823873,0.1886131167,-0.2311517
6.5642023087,0.0309939589,0.0095427474,-0.0120244687,0.1243219823,0.0925892442,-0.1325709373
6.5746498108,0.0146867838,0.1089171618,0.1215399429,0.3815274239,-0.0108932052,-0.0742889866
6.5842123032,-0.0110608134,0.1834406108,0.0771362111,0.4902999997,-0.1049846187,-0.0042853365
6.5943398476,-0.0218635593,-0.0729370266,-0.0589548424,0.4974340498,-0.176986903,0.0094802771
6.6041822433,-0.0660168901,-0.1323111206,-0.017838126,0.2243144661,-0.1881172508,-0.0297425594
6.6145091057,-0.0709932223,-0.1111255437,0.039709501,0.0613090321,-0.2124838382,0.0318710022
6.6241998672,0.0011324487,-0.1095114499,0.0289074723,-0.0537074059,-0.2308419347,0.1370089948
6.6343150139,0.0574063845,-0.0787440985,0.0079397494,-0.0950186253,-0.2596032917,0.1752298921
6.6446008682,0.0676892027,-0.0514970273,-0.0362203196,0.0415092297,-0.2508586645,0.1943121105
6.6549401283,0.0658594593,-0.0533386022,-0.0447254851,0.1935658753,-0.19420816,0.2165995687
6.6646690369,0.0861804113,-0.0778862089,-0.0617848709,0.2473634332,-0.1310562342,0.2282960415
6.6747479439,0.1218933687,-0.0679413825,-0.0739424899,0.2200402021,-0.0677052215,0.2166548371
6.6847858429,0.1367887408,-0.0640865117,-0.0507254079,0.1404993236,-0.0147070521,0.151932627
6.6952390671,0.1379846483,-0.0976075083,-0.0229978617,0.004299676,0.0449134037,0.039446298
6.7049479485,0.1323650032,-0.1823085994,-0.0122228926,-0.1652576774,0.1306100637,-0.0974392518
6.7149910927,0.1155942902,-0.2897189558,-0.020363098,-0.3062297106,0.2388193458,-0.2375068665
6.7250909805,0.0999996886,-0.3178857565,-0.0503394678,-0.3550357223,0.3110010028,-0.3308979273
6.735502243,0.0894285068,-0.2092426866,-0.0700515583,-0.2536766231,0.3128505647,-0.3457879424
6.74522686,0.0775727853,-0.0733462125,-0.0415415242,-0.057491146,0.2278857529,-0.2949131727
6.7552957535,0.0746740922,0.0112826666,0.0294802133,0.0419315808,0.107011795,-0.2514650226
6.7653570175,0.0583814569,-0.0032569328,0.0952814743,-0.1035854295,0.0377602167,-0.2620795369
6.7757439613,0.0230267253,-0.0475229174,0.0501295254,-0.3846405149,-0.0303996615,-0.2493006289
6.7855191231,-0.001706461,-0.1098665744,-0.0094218319,-0.587434113,-0.0266003292,-0.2089010626
6.7955670357,-0.0318679027,-0.0320996195,-0.0192967113,-0.6887384057,-0.0301356763,-0.1271185875
6.8056101799,-0.0194898043,0.0459284037,-0.0506288484,-0.5274416804,-0.0374891981,-0.0061167926
6.8160390854,0.0040443144,0.0976955742,-0.0650623515,-0.2815962136,-0.0696521923,0.1021082178
6.8257288933,0.0183655228,0.1028691977,-0.0691093877,-0.0263524838,-0.0827847123,0.1869799048
6.8358249664,0.0244430508,0.0716194361,-0.0604095533,0.1155074537,-0.0716359168,0.2421629876
6.8459701538,0.0291590299,0.0228669494,-0.0473355129,0.2091190815,-0.0386525989,0.2931214571
6.8563051224,0.0560264774,-0.008782641,-0.0273582395,0.2290626913,-0.0044056792,0.3111840785
6.8660778999,0.0837164745,-0.03260912,-0.0124805039,0.2340312898,0.0316171683,0.2963365316
6.8762178421,0.106500946,-0.0770348459,0.0002782876,0.2518315911,0.0633287579,0.2538759112
6.8862352371,0.1190854535,-0.1209329814,0.0279420558,0.3018655777,0.0717839003,0.1816652268
6.896528244,0.1272223741,-0.1274438947,0.0819109604,0.3382422328,0.0577330589,0.0935196504
6.9063167572,0.1351158172,-0.1209761351,0.092423968,0.3805291057,-0.0135864597,0.0021589138
6.916364193,0.1243031248,-0.1439571232,0.0853232071,0.4042011499,-0.1445173025,-0.0934743956
6.9264531136,0.1024145111,-0.178808555,0.1628085375,0.3574945331,-0.2801897228,-0.1710415632
6.9368300438,0.0992028937,-0.1933738738,0.244556427,0.1178015247,-0.4334088266,-0.2400741577
6.946595192,0.1333543807,-0.2439133078,0.1965502501,-0.0652612373,-0.4863286614,-0.2995142043
6.9566488266,0.1008225307,-0.2681767642,0.05492156,-0.287237823,-0.4920459092,-0.3907753825
6.9667158127,0.0215831008,-0.1720065624,-0.1240178421,-0.2576617897,-0.4609110355,-0.3748413026
6.9770812988,-0.0564830713,-0.0359549671,-0.2145493031,0.1110150442,-0.3952614665,-0.2389918566
6.9868440628,-0.0882866159,0.1484760493,-0.1809535027,0.4974433184,-0.2865780592,-0.0362310857
6.9969167709,-0.0618331246,0.2146130651,-0.1457111239,0.7935692668,-0.2213822603,0.1272433251
7.0070018768,-0.0235323105,0.1385588199,-0.1145927384,0.8324244022,-0.1560035944,0.1750460714
7.017332077,-0.0298061166,0.0263298303,-0.1001106575,0.698897779,-0.0372521766,0.1772628874
7.0271139145,-0.0524468236,-0.051740244,-0.1021492556,0.4820640683,0.0894827992,0.2134814113
7.0371899605,-0.0426492505,-0.0851800293,-0.081900306,0.1557014287,0.1782462299,0.2688221633
7.0472888947,0.0065332255,-0.1309007257,-0.0560554937,-0.2176583409,0.2696158886,0.2986934483
7.0576572418,0.0602532215,-0.1872340292,-0.0683955029,-0.5043672919,0.336943239,0.2680076957
7.0674090385,0.0982151851,-0.2246877402,-0.0258874949,-0.6851283908,0.3719210327,0.1788804233
7.0774931908,0.1404316574,-0.2328917235,0.0297648851,-0.6349259615,0.3633794785,0.1034756824
7.0875449181,0.189205125,-0.1836368889,0.0618532822,-0.4496392012,0.2933713496,0.0216354094
7.0978980064,0.2066947967,-0.1000249237,0.0758995935,-0.2180778682,0.1832384616,-0.0920908898
7.1078100204,0.1892632991,-0.09872742,0.0589635298,0.0138433799,0.0370393656,-0.2047744989
7.1177587509,0.1642081887,-0.1429954618,0.0526118204,0.0779208988,-0.0786347687,-0.2929778695
7.1278061867,0.1499141008,-0.1848634332,0.0549071953,0.0683458224,-0.1928373724,-0.3822231591
7.1381020546,0.1250022203,-0.173896715,0.0540394709,0.0738356635,-0.3184624016,-0.4534278512
7.147963047,0.1048451886,-0.0942039043,0.0352979824,0.0833822936,-0.4203889072,-0.4757796228
7.1580290794,0.0795746073,-0.0340511352,-0.0609012917,0.0307353325,-0.4907980859,-0.4630598426
7.1680650711,0.0453253575,-0.0804816037,-0.2191254497,-0.0984881893,-0.4812609553,-0.4545274079
7.178440094,-0.0260546003,-0.1167712957,-0.3416384459,-0.1557107419,-0.413629204,-0.4205015302
7.1882228851,-0.0720295683,-0.0510770828,-0.3965973854,-0.0214905627,-0.2770676315,-0.323843956
7.1982841492,-0.0802675858,0.0829389542,-0.4045498967,0.3007926643,-0.1608352959,-0.1794630736
7.208357811,-0.0575276427,0.1568499058,-0.4080465436,0.760741055,-0.0457801484,-0.074402906
7.21870327,-0.0591890626,0.163699314,-0.4011127949,1.1984556913,0.0462317988,-0.0564175136
7.2284588814,-0.0927669182,0.1262822896,-0.4035593271,1.6102330685,0.1698170006,-0.0437202305
7.2386031151,-0.1174114719,0.0805264562,-0.3982572556,1.9164236784,0.2883931696,-0.0065757884
7.2487640381,-0.1123218313,0.0614102036,-0.3878791332,1.9906657934,0.3346399069,-0.010817538
7.2589321136,-0.1053728834,-0.0113839069,-0.3681985736,1.8623616695,0.3554770052,-0.0606791042
7.2687630653,-0.1199293509,-0.1147945076,-0.3470110893,1.5906565189,0.4142196178,-0.1264135689
7.2787671089,-0.1444388479,-0.184323892,-0.3445495367,1.3226988316,0.5249527693,-0.1974307597
7.2889137268,-0.1436410993,-0.1942863613,-0.3651586175,1.2079075575,0.5807492733,-0.2738214731
7.2992558479,-0.1141943112,-0.1309891492,-0.3850755692,1.3042054176,0.5513330698,-0.3577427268
7.3090319633,-0.083041288,-0.065095827,-0.4173617363,1.6262415648,0.4666111171,-0.4385645092
7.3190813065,-0.0695375577,-0.0422799438,-0.4571088552,2.0561406612,0.3730798364,-0.5502092242
7.3292031288,-0.0847413912,-0.0498955101,-0.4619747996,2.3804821968,0.3750617504,-0.6808918715
7.3394823074,-0.11640165,-0.0701266974,-0.4515535831,2.6168808937,0.4209592044,-0.793479681
7.3493452072,-0.1304910034,-0.0935492665,-0.4477732182,2.7707207203,0.5054799914,-0.8932865262
7.3593330383,-0.1389946193,-0.1012812406,-0.4162063599,2.8316957951,0.5900422931,-1.0249228477
7.3694782257,-0.1546151489,-0.1114958078,-0.3670422435,2.8102333546,0.7003772259,-1.16183424
7.3797521591,-0.1775140017,-0.127775386,-0.3046306372,2.6776332855,0.8257063627,-1.2912774086
7.3896079063,-0.1900462359,-0.1479588002,-0.2624362111,2.4618842602,0.9418411851,-1.4175186157
7.3996229172,-0.195042178,-0.170444265,-0.2365286946,2.2324335575,1.040892601,-1.5416413546
7.4097528458,-0.2002672404,-0.17864649,-0.2063189745,2.0276684761,1.1263999939,-1.6604682207
7.4200248718,-0.2006991357,-0.1547586769,-0.1871284246,1.8902679682,1.1998665333,-1.7633911371
7.4298110008,-0.1990903467,-0.1156273633,-0.198836565,1.9015575647,1.2396910191,-1.8546880484
7.4399461746,-0.2061347812,-0.0805955082,-0.1968609691,2.0112657547,1.2559636831,-1.9470843077
7.4499540329,-0.2139294595,-0.056988135,-0.1681476831,2.1584675312,1.2588387728,-2.0288784504
7.4604091644,-0.2244620174,-0.0572863072,-0.1350533962,2.3139545918,1.2873079777,-2.1021678448
7.4700789452,-0.2417567819,-0.0678175837,-0.1220634058,2.503439188,1.330922842,-2.176520586
7.4802207947,-0.2571401894,-0.0660641938,-0.0951647833,2.667211771,1.3837866783,-2.2625415325
7.4902129173,-0.2744806111,-0.038121596,-0.0342431143,2.6541609764,1.4020805359,-2.3687090874
7.5006508827,-0.2787906229,-0.0252065808,0.0263122264,2.470477581,1.4082868099,-2.4727156162
7.5103468895,-0.2944583595,-0.0544959754,0.0733529851,2.1660294533,1.4314903021,-2.5745592117
7.5204911232,-0.3098725379,-0.095430091,0.1111716554,1.7950460911,1.4912582636,-2.6753060818
7.5304822922,-0.306437701,-0.119231239,0.146289289,1.3748844862,1.559037447,-2.7834694386
7.5408949852,-0.2907834351,-0.1200693995,0.1504160166,1.0507551432,1.6287162304,-2.8916559219
7.550632,-0.2843544185,-0.1134264022,0.1337884665,0.9325424433,1.7033153772,-3.0094490051
7.5606937408,-0.2910004556,-0.0600968152,0.1224632189,0.9820663333,1.7615200281,-3.0996854305
7.5707521439,-0.2999530137,-0.0026841322,0.124138765,1.1418898106,1.7848799229,-3.1485562325
7.5811419487,-0.3003671467,0.0272836536,0.1345959902,1.2807667255,1.7700519562,-3.1677112579
7.5908889771,-0.2854157984,0.0188364238,0.1478403807,1.305337429,1.7670069933,-3.1793987751
7.601020813,-0.2728028595,-0.0143147865,0.1678827405,1.164129138,1.7984461784,-3.2133247852
7.6110191345,-0.2832316458,-0.0527811795,0.207095027,0.8569277525,1.8855543137,-3.2747869492
7.6214241982,-0.3155865967,-0.0723026544,0.2488332987,0.4461069107,1.9811623096,-3.35851717
7.6311469078,-0.3471932709,-0.0672258884,0.2860300541,0.0300005898,2.0737617016,-3.4082694054
7.641228199,-0.3731354177,-0.0447083265,0.3178198338,-0.312284857,2.1502850056,-3.4187624454
7.6514062881,-0.3845484555,-0.0136992494,0.3428174257,-0.5623779893,2.1875143051,-3.3953216076
7.6616539955,-0.381273061,0.0120785674,0.352116704,-0.6903578043,2.1813817024,-3.3506965637
7.6714868546,-0.3642656505,0.0343690366,0.3407771587,-0.7260071039,2.1232974529,-3.2604629993
7.6815090179,-0.3317721188,0.0685087293,0.3201913238,-0.717556119,2.034160614,-3.1097340584
7.6915860176,-0.2881109416,0.1023216099,0.2966248989,-0.6874377728,1.9146775007,-2.9229254723
7.7019071579,-0.2600508034,0.1146187037,0.2750321627,-0.6572894454,1.7943539619,-2.7021391392
7.7117557526,-0.2608268559,0.1065017432,0.2590895891,-0.6350724101,1.7219244242,-2.448410511
7.7217721939,-0.2674972117,0.0896456093,0.2368947268,-0.6227688789,1.6813941002,-2.1713044643
7.7318620682,-0.2666220963,0.0668745488,0.2218365669,-0.6064909101,1.6682442427,-1.9313479662
7.7421650887,-0.2433146685,0.0418363065,0.2277256846,-0.5435026288,1.6751517057,-1.7699670792
7.7520480156,-0.2020394057,0.0471923798,0.2565164566,-0.4794988334,1.6837886572,-1.6701697111
7.7620391846,-0.2001133412,0.0776336044,0.2962082028,-0.4633768499,1.6758282185,-1.6107170582
7.7721290588,-0.2167954892,0.0851834267,0.3388511539,-0.5121821165,1.6502814293,-1.5576273203
7.7824430466,-0.2205861062,0.0606856197,0.377138257,-0.6719020009,1.6150419712,-1.5406155586
7.7922959328,-0.234609887,0.005564197,0.3974004984,-0.943633914,1.5733183622,-1.5543712378
7.8022909164,-0.246908173,-0.0649086982,0.3999003172,-1.2719243765,1.5310727358,-1.5723595619
7.8123641014,-0.2555599511,-0.1184939891,0.3930642605,-1.5947990417,1.4815583229,-1.5733650923
7.8227529526,-0.2617780268,-0.1431359202,0.3761352301,-1.8355461359,1.4393829107,-1.5351002216
7.8324947357,-0.2510962486,-0.1479700953,0.3482230902,-1.9393808842,1.3677341938,-1.480956912
7.8425731659,-0.2274572104,-0.1423334628,0.2990531921,-1.8775873184,1.2752850056,-1.4215580225
7.852684021,-0.1722779721,-0.133747831,0.2283090353,-1.6281095743,1.1959813833,-1.38768363
7.8630018234,-0.1018665805,-0.111550644,0.1530134678,-1.2261160612,1.1217143536,-1.436665535
7.872836113,-0.0703498796,-0.0721689016,0.1013827249,-0.7272971869,1.0710502863,-1.5759145021
7.8828511238,-0.0695005134,-0.0382790715,0.0594019815,-0.1714770794,1.0823018551,-1.7342580557
7.8929820061,-0.0583738796,-0.0059349695,0.0651269481,0.320797205,1.1513229609,-1.8978644609
7.9032669067,-0.0593961291,0.030596897,0.1397280693,0.648896575,1.2006787062,-2.091170311
7.9130330086,-0.1047690287,0.0554413646,0.2213141918,0.7756875157,1.2136269808,-2.228168726
7.9231090546,-0.1530318707,0.0375504941,0.2781182528,0.6891974211,1.2157850266,-2.2695558071
7.9332680702,-0.1873131543,-0.0083788792,0.3285427094,0.3647321463,1.2193651199,-2.2620382309
7.9435229301,-0.2089334577,-0.0475861579,0.3585435748,-0.176333487,1.2202283144,-2.2183666229
7.9533958435,-0.2258313447,-0.0850551873,0.3491936922,-0.7760932446,1.2217789888,-2.1534445286
7.9633922577,-0.2333839983,-0.1050056964,0.3056278825,-1.2327913046,1.2206177711,-2.0450258255
7.9735279083,-0.2378894836,-0.0700023919,0.2519908547,-1.4642652273,1.2174009085,-1.9026873112
7.9838027954,-0.2288649231,0.0058058938,0.2225823402,-1.4894474745,1.1831680536,-1.7487370968
7.9935741425,-0.1974234134,0.0718332976,0.1730123162,-1.2739589214,1.0936487913,-1.608679533
8.0036296844,-0.1521231383,0.1056431979,0.118208997,-0.8790585995,0.9894267917,-1.5228261948
8.013792038,-0.1121843085,0.1323757023,0.0933272764,-0.4171664417,0.9067076445,-1.4836984873
8.0240449905,-0.0812615082,0.1460636705,0.104539983,0.0647429675,0.8483883739,-1.4721701145
8.0338954926,-0.0639907196,0.1367785186,0.1292335987,0.4784083962,0.7829328179,-1.4871724844
8.0439023972,-0.0698738173,0.0976475328,0.1567946672,0.7853656411,0.7142299414,-1.5318802595
8.0540399551,-0.0889276192,0.0451704115,0.1838263273,0.9179998636,0.6810675263,-1.588206768
8.0643472672,-0.1084500179,0.0026841005,0.21623528,0.86687994,0.6675557494,-1.639166832
8.0741586685,-0.12362995,-0.0376259834,0.2543461919,0.6640844345,0.6676576138,-1.6773402691
8.0841913223,-0.1414542347,-0.0690474063,0.2965278625,0.3013965487,0.649461329,-1.703802228
8.0942001343,-0.152148962,-0.0975229889,0.339538753,-0.1638038605,0.6366736889,-1.7397913933
8.1046857834,-0.1679603308,-0.1086335331,0.3476446867,-0.6367149353,0.6446879506,-1.8299202919
8.1143960953,-0.1826400161,-0.0712123662,0.3048006296,-0.9722926021,0.6868085265,-1.9179422855
8.1244630814,-0.1818238944,-0.0024174014,0.2443167567,-1.0455131531,0.7484207749,-1.9720447063
8.134598732,-0.1620406359,0.0863867849,0.1993767023,-0.8389083743,0.7915664911,-1.9784462452
8.1448726654,-0.1189971343,0.1826262325,0.1819057465,-0.478004247,0.7759166956,-1.9328883886
8.154747963,-0.0755651966,0.2560872138,0.1930894256,-0.0375168771,0.7005902529,-1.8703917265
8.1647453308,-0.0523126237,0.2832972705,0.2094339132,0.3082698286,0.5968065858,-1.8142559528
8.1748027802,-0.0452980511,0.2632342875,0.2275710702,0.4896009862,0.5032516122,-1.7591352463
8.1851921082,-0.0409091227,0.2172388881,0.2439023256,0.5256093144,0.4287057519,-1.6859174967
8.1949520111,-0.0344880633,0.181264922,0.285238862,0.4323536158,0.3679758012,-1.5988563299
8.2050046921,-0.0269010458,0.1629229039,0.3223304749,0.2748995721,0.3224703968,-1.5319457054
8.2150745392,-0.0258155707,0.1698805541,0.3343065977,0.0946750343,0.3128570318,-1.4628876448
8.225484848,-0.0351052396,0.2020680755,0.322016716,-0.0760399848,0.3116980195,-1.4118784666
8.2352056503,-0.0545333736,0.2313951701,0.2957324982,-0.1743112057,0.3216101825,-1.3874276876
8.2452802658,-0.067442812,0.2540817559,0.2863289118,-0.2372387648,0.319090575,-1.3640533686
8.2553501129,-0.0590738468,0.2555985749,0.2978762984,-0.3000369966,0.3026815653,-1.3555518389
8.2657642365,-0.0448659025,0.2436142415,0.2933712006,-0.3360168338,0.2727119327,-1.347063303
8.2754602432,-0.0240170155,0.2395031303,0.2751095295,-0.3249856234,0.239088133,-1.3109813929
8.2855443954,-0.0065378943,0.2529669106,0.2550946474,-0.2689687014,0.1900380254,-1.2600537539
8.2956123352,-0.0003432729,0.2722793519,0.220430553,-0.1019573063,0.1409452558,-1.2017221451
8.3060350418,0.0014010868,0.2819237411,0.1837747097,0.1267949045,0.1071843579,-1.15295434
8.3157777786,0.0103545692,0.2839271128,0.172709465,0.3502953649,0.0660532415,-1.0882614851
8.3257904053,0.0301764216,0.2763064802,0.1992962956,0.4663031697,-0.0034526002,-1.0001963377
8.3359460831,0.0364456661,0.2530380785,0.2271991372,0.4800182879,-0.08982943,-0.9216710329
8.3462572098,0.0216244068,0.2092290372,0.2381116152,0.4347613156,-0.1504166126,-0.8770942092
8.3560667038,-0.0013124445,0.1653737277,0.2490952015,0.3293406963,-0.1724428236,-0.8590267897
8.3660898209,-0.0175217781,0.1428570002,0.2461397648,0.180697158,-0.1418183446,-0.8451703787
8.3762226105,-0.0251036081,0.1561065763,0.2097083926,0.0458492488,-0.1024808437,-0.8153860569
8.3865346909,-0.0095879529,0.1527769417,0.1803112626,-0.0118204374,-0.096368894,-0.7771435976
8.3963184357,0.0086057093,0.1416662186,0.1594501734,-0.0052840821,-0.1089901477,-0.7686566114
8.4063768387,0.0198999252,0.1413372606,0.1456822753,0.0587739982,-0.1116346642,-0.7718595862
8.4164047241,0.0302159097,0.156702444,0.1403846145,0.1473500729,-0.1119411215,-0.7750692964
8.426779747,0.0414492376,0.185719952,0.1281117201,0.246783182,-0.1289936155,-0.7570524812
8.4365692139,0.0466318317,0.1982288212,0.1098567769,0.3442349434,-0.1609343588,-0.7411645055
8.4466466904,0.0389675982,0.1894433945,0.0982439443,0.4309349656,-0.1855534315,-0.7273954153
8.4566860199,0.0251675751,0.1719547957,0.0977227017,0.4481375217,-0.1968659461,-0.695553124
8.4669933319,0.0148882773,0.156330511,0.1038344428,0.4045493007,-0.2107087821,-0.6445826292
8.4768619537,0.0040478609,0.148289606,0.1122769043,0.3396073878,-0.2225058526,-0.5766162872
8.4869098663,-0.0034541287,0.1525689214,0.1120880768,0.2425178587,-0.2219053209,-0.5171306133
8.4969787598,-0.0046525993,0.1565846652,0.1052499935,0.1591715962,-0.2084794492,-0.4618889689
8.5073318481,0.0064088604,0.1594205946,0.1027740166,0.1097827479,-0.1768357605,-0.4246976674
8.5171127319,0.0288561787,0.1670208424,0.1079323813,0.0838159695,-0.139731288,-0.3949413896
8.5271835327,0.0558764227,0.193907842,0.1120314524,0.0718298778,-0.1130663827,-0.3577620685
8.5372838974,0.0825504288,0.224510178,0.1045753881,0.0995640084,-0.1093638539,-0.3152954578
8.547624588,0.0921955928,0.2345915288,0.1061148569,0.1275405139,-0.1301061362,-0.2792117596
8.5574417114,0.0868068561,0.2211947888,0.1125075147,0.1138697639,-0.148008585,-0.239930287
8.5674371719,0.0634663329,0.1891572922,0.1165110394,0.0488889031,-0.1578907669,-0.2038175613
8.5775413513,0.03689586,0.1598109454,0.1167476103,-0.0566992238,-0.1628352702,-0.1698163748
8.5878868103,0.0158967581,0.1370320767,0.1129498407,-0.1869592369,-0.1552905291,-0.1400491595
8.5976686478,0.008380523,0.1227984279,0.0993645713,-0.2969814837,-0.1444405466,-0.1187803596
8.6077346802,0.0134525206,0.1210347265,0.0705639049,-0.3335211277,-0.1181146726,-0.1007073522
8.617805481,0.0368788131,0.1396513432,0.0535814092,-0.3037463427,-0.1060092002,-0.0741642192
8.6281480789,0.0726998076,0.180594191,0.0526934788,-0.2106659114,-0.1272646934,-0.0412827022
8.6379089355,0.1004047915,0.212716803,0.0547076389,-0.0630118474,-0.162906304,-0.0094834948
8.6480178833,0.0994516239,0.2389298528,0.0540501997,0.0898421407,-0.1846523583,0.0308151916
8.6580867767,0.0716059133,0.2484900206,0.0612018034,0.1783963442,-0.1792879403,0.0838848054
8.6684265137,0.0481477566,0.2326582521,0.0875167176,0.1909052134,-0.1470482498,0.1295550913
8.6782102585,0.0379391797,0.2128267139,0.1351665854,0.1061599702,-0.1019537374,0.1614530981
8.6882772446,0.0460598059,0.2190778702,0.186737895,-0.0521170236,-0.0681955144,0.180622533
8.6983089447,0.0667596385,0.2396949381,0.2212919593,-0.2239956707,-0.0610425286,0.2061534673
8.7086992264,0.0921078846,0.2551696002,0.2378703952,-0.3527576625,-0.0958662853,0.2454553246
8.7184448242,0.1063586697,0.2558247149,0.2407681942,-0.3905792236,-0.1532185227,0.2879076898
8.7285490036,0.0957753882,0.251411289,0.2325261235,-0.3856492043,-0.2165506333,0.3324703574
8.738656044,0.0671852157,0.2477612942,0.2115863562,-0.3155415952,-0.2866231203,0.3950633705
8.7489900589,0.0398256965,0.2341117114,0.189409852,-0.1845774651,-0.356983304,0.4948040843
8.7587251663,0.0211410727,0.2347244471,0.1895492077,-0.0610434264,-0.4293452501,0.623215735
8.7688188553,0.0139937904,0.2456568331,0.2109654546,0.0443671495,-0.5051787496,0.7314545512
8.7788181305,0.0167088117,0.2504418194,0.2290406227,0.1037910581,-0.5730691552,0.8174099922
8.7892351151,0.0236698296,0.2326600403,0.2435148954,0.1385303885,-0.6286578178,0.8704633713
8.7989807129,0.0261831488,0.2070314735,0.2715651989,0.1046429202,-0.6519589424,0.9224885106
8.809053421,0.024249902,0.193877086,0.2969667912,0.0011713933,-0.6535432935,0.9809129238
8.8191509247,0.0266611483,0.1912317723,0.3107329607,-0.0906296,-0.6487429738,1.0265969038
8.8294782639,0.0335605331,0.2050952762,0.3288559318,-0.1128539518,-0.66572088,1.0563243628
8.8392410278,0.0333225615,0.249138698,0.3556265235,-0.0889190063,-0.7099537253,1.0754090548
8.8493614197,0.0377655812,0.2844083607,0.3614181876,-0.0017556064,-0.7801266909,1.0997732878
8.8593988419,0.0390740819,0.2816973031,0.3302035332,0.1356606483,-0.8593828678,1.1283673048
8.8697509766,0.0224505868,0.2497834414,0.2808116078,0.3007414639,-0.9298533201,1.1654530764
8.879611969,-0.0132925007,0.2072201222,0.2483338714,0.4306178987,-1.0004857779,1.2248454094
8.889588356,-0.0546271317,0.1772994846,0.2292873859,0.4856193662,-1.0536714792,1.2938218117
8.8997163773,-0.0878197327,0.1512705535,0.2155021429,0.4932483137,-1.0659226179,1.357521534
8.9100027084,-0.1001848355,0.1447513551,0.2153698802,0.4472248852,-1.0489110947,1.4244350195
8.9198513031,-0.0907503441,0.1519116014,0.2304058075,0.3617660999,-1.0375905037,1.4849842787
8.9298582077,-0.0760360137,0.150432393,0.2545892,0.283824712,-1.031607151,1.530664444
8.9399862289,-0.0685752854,0.1403112262,0.2723090649,0.1887679994,-1.022700429,1.5593612194
8.9502696991,-0.0633151457,0.1264706105,0.2871525884,0.0659027994,-1.0088698864,1.5668319464
8.9599170685,-0.0609729402,0.1098999232,0.2874545455,-0.0260455515,-0.992793262,1.5519990921
8.9699363708,-0.0574848019,0.1139646024,0.2726062536,-0.0697967634,-0.9943611026,1.5328971148
8.9800357819,-0.0548948161,0.1308996528,0.2547908425,-0.0578474253,-1.0155062675,1.5286362171
8.9908828735,-0.0583112948,0.1470851153,0.237205565,-0.0350979827,-1.0481054783,1.5434801579
9.0005264282,-0.0717199147,0.1333704442,0.224016726,0.004625381,-1.0710120201,1.5572613478
9.0103988647,-0.0872597545,0.0965705365,0.2142822742,0.0239460804,-1.0813781023,1.5689311028
9.0205392838,-0.1059278771,0.0590565652,0.2103832364,-0.0270671155,-1.1019016504,1.5816755295
9.030798912,-0.1267311126,0.0246764868,0.2049270272,-0.1111993045,-1.1184076071,1.6039863825
9.0406599045,-0.1449828446,0.0119255027,0.2015343308,-0.2283738106,-1.1382883787,1.641168952
9.0506696701,-0.1578120738,0.0160180181,0.2136095762,-0.3595374227,-1.1466195583,1.6783610582
9.0608167648,-0.1661133319,0.0252533406,0.2236472368,-0.4715820849,-1.1463787556,1.702811718
9.0710802078,-0.1765377074,0.0270116776,0.2241951227,-0.5452347994,-1.144892931,1.7038929462
9.0808992386,-0.1762174815,0.0223281235,0.2312493324,-0.5739178061,-1.1590554714,1.6858426332
9.0909433365,-0.169865042,0.0190101713,0.267031908,-0.5180638433,-1.1970299482,1.6454610825
9.1010656357,-0.1582095027,0.052946493,0.3101681471,-0.48309955,-1.2808834314,1.5944440365
9.1113519669,-0.1372879893,0.0714377612,0.3145365715,-0.344391197,-1.3859959841,1.561440587
9.1212034225,-0.1170689091,0.0666903108,0.2867357731,-0.1778332144,-1.5003256798,1.5422292948
9.1312179565,-0.1201436594,0.0687881559,0.2260130644,0.0474451743,-1.6161534786,1.5399906635
9.1413383484,-0.1409969777,0.0614034981,0.1796123981,0.2620005906,-1.7254923582,1.5706722736
9.1516103745,-0.1739715785,0.0562738627,0.1530679464,0.4582380056,-1.8157545328,1.6226055622
9.1614961624,-0.192901656,0.036125049,0.1830567122,0.5280451179,-1.8549898863,1.695833087
9.1714897156,-0.2045537084,0.0465081781,0.2007564306,0.4984287024,-1.8770195246,1.7744027376
9.1816082001,-0.2129011899,0.0282223076,0.2183352709,0.4182604253,-1.8602435589,1.8508805037
9.1919050217,-0.2196468562,0.0016103825,0.2205071449,0.2802940309,-1.8282501698,1.8976505995
9.2017555237,-0.2245731801,-0.0187710673,0.2107175589,0.1197986007,-1.7859944105,1.9210716486
9.2117958069,-0.2236285955,-0.0358467251,0.201474607,-0.0642663091,-1.7355669737,1.9275143147
9.2218523026,-0.2177447826,-0.0372670442,0.1982858181,-0.2825799584,-1.6759581566,1.9233525991
9.2321367264,-0.2057279497,-0.0323481113,0.1891440153,-0.4977098703,-1.6153433323,1.9064487219
9.2420101166,-0.1944043785,-0.0290569812,0.1937159896,-0.7137023807,-1.5760543346,1.8746688366
9.2520170212,-0.1836140603,-0.0284874588,0.2023199201,-0.9218941927,-1.5707980394,1.8205726147
9.2621173859,-0.1733948439,-0.0387488157,0.1962103844,-1.0721496344,-1.5969794989,1.7494572401
9.2725105286,-0.1631691009,-0.0525722057,0.1833046079,-1.1580911875,-1.6512624025,1.6761878729
9.2822227478,-0.154279694,-0.0391081721,0.1634606123,-1.1926259995,-1.7219296694,1.6251959801
9.2922859192,-0.1547286361,-0.0051085511,0.1210269853,-1.0925531387,-1.805034399,1.6017695665
9.3023920059,-0.1633182019,0.0269744843,0.0891345665,-0.8675861955,-1.8901277781,1.5942373276
9.3127126694,-0.1744036227,0.0566314906,0.0821485445,-0.5870578289,-1.9810123444,1.6004915237
9.3225345612,-0.1844975799,0.0768554658,0.0902666971,-0.2969225645,-2.0717570782,1.615237236
9.3325681686,-0.197453633,0.0788737983,0.0946534798,-0.0742988065,-2.1343941689,1.6374471188
9.342625618,-0.2079321593,0.0673456639,0.0834195539,0.0562287346,-2.1648447514,1.6745616198
9.3530025482,-0.2120662481,0.0399703234,0.071576409,0.0753204003,-2.1505999565,1.7180976868
9.3627729416,-0.2162354141,0.0140558919,0.0655252263,0.0056709368,-2.1201674938,1.7595413923
9.3728246689,-0.2242704481,-0.0124595324,0.0577151701,-0.1187109277,-2.0606122017,1.7840241194
9.3829679489,-0.2249223441,-0.0263065845,0.0553833172,-0.2871807516,-1.9685389996,1.8095939159
9.3932523727,-0.2201338857,-0.0327276736,0.0601650998,-0.4460974336,-1.8711274862,1.8277335167
9.4031000137,-0.2073257416,-0.0340869576,0.0675266907,-0.5748792887,-1.8001611233,1.8182463646
9.4130964279,-0.1882281154,-0.0305491835,0.0651895925,-0.6670310497,-1.7651032209,1.785371542
9.4232330322,-0.1738970131,-0.0313681513,0.0530854985,-0.6852517128,-1.7603456974,1.7259191275
9.4335041046,-0.1612477154,-0.0358482152,0.043097727,-0.6477205753,-1.781648159,1.6632528305
9.4433012009,-0.148767516,-0.0395008475,0.0351023003,-0.5544454455,-1.8279645443,1.5952509642
9.453338623,-0.1402584165,-0.0443417579,0.0218676869,-0.4139463603,-1.901540041,1.5144817829
9.4634637833,-0.1390574425,-0.0479651242,-0.0117281741,-0.3182769716,-1.9743962288,1.4411557913
9.4737682343,-0.1432274431,-0.0544183999,-0.0883134678,-0.2177341431,-1.9992818832,1.3954604864
9.4836406708,-0.1517907232,-0.0724489242,-0.1472673416,-0.0910660177,-1.9675276279,1.3763312101
9.4936380386,-0.1561434716,-0.0824097544,-0.1529844403,-0.0235106759,-1.8937979937,1.3646711111
9.5037746429,-0.1500062197,-0.0722740442,-0.1310617924,-0.0298672672,-1.7919960022,1.3636626005
9.51404953,-0.1402709931,-0.0644936115,-0.1191579178,-0.0567241833,-1.6680754423,1.3647931814
9.5238857269,-0.1353489012,-0.0790401846,-0.0985093787,-0.1136078909,-1.5307334661,1.3489490747
9.5338783264,-0.1272539347,-0.1034698039,-0.0616145208,-0.2067040205,-1.402397275,1.3023176193
9.5440826416,-0.1033971682,-0.11640127,-0.0216325577,-0.3410869241,-1.3096795082,1.2185153961
9.5543050766,-0.08329878,-0.1130430847,0.0025766427,-0.4868401289,-1.2542831898,1.1219563484
9.5640764236,-0.0701456442,-0.1135651618,-0.002506501,-0.5809798837,-1.2377381325,1.0189940929
9.5741758347,-0.0649258271,-0.1246020347,-0.0185589846,-0.5682829618,-1.2330414057,0.9085661769
9.5842761993,-0.0748698488,-0.1359765679,-0.0171120223,-0.5202946067,-1.235450387,0.800249517
9.594619751,-0.0885487571,-0.1209939271,-0.0032321876,-0.4729569554,-1.2780274153,0.7163341045
9.6044502258,-0.0926829949,-0.0928332955,-0.0148547953,-0.4231553078,-1.3510848284,0.6738129854
9.6144485474,-0.0972535983,-0.0716326982,-0.0721119717,-0.2966620922,-1.4073207378,0.6673820019
9.6245889664,-0.1068374887,-0.0605969578,-0.1428884268,-0.1183572635,-1.4141485691,0.6832606792
9.6348590851,-0.1231683865,-0.0587760955,-0.1714084744,0.0540738925,-1.365629077,0.7331457138
9.6447200775,-0.1253218502,-0.063725248,-0.1445025206,0.2115916908,-1.3192429543,0.8010826111
9.6546678543,-0.1103234068,-0.0560448915,-0.0857480243,0.3200121522,-1.2722605467,0.863724649
9.6648979187,-0.097874321,-0.0427940637,-0.0330997184,0.341894567,-1.216588974,0.9104672074
9.6751384735,-0.093136467,-0.0304284841,-0.0284019168,0.3027620614,-1.1422665119,0.9699749947
9.6848964691,-0.0965492502,-0.0450780541,-0.045121856,0.2006631941,-1.0685915947,1.014633894
9.6949892044,-0.1022039428,-0.0937933475,-0.0484358147,0.0612073019,-0.9965178967,1.0263850689
9.7050580978,-0.0964785591,-0.1389054209,-0.0291518029,-0.1174738929,-0.9526034594,1.0030924082
9.7154712677,-0.0930986181,-0.1557272226,0.002665394,-0.3246188164,-0.945201993,0.9511206746
9.7252254486,-0.08717338,-0.1473748833,0.0323703811,-0.5035909414,-0.9823123217,0.869387269
9.7352619171,-0.082387425,-0.1293980032,0.0217087213,-0.5734014511,-1.0480364561,0.8099114299
9.745306015,-0.079227902,-0.1108412296,-0.0568644479,-0.4608832896,-1.0949417353,0.7886237502
9.7556686401,-0.0862452164,-0.1016532332,-0.1144163683,-0.2665604353,-1.1050686836,0.7652097344
9.7655630112,-0.0980191603,-0.0938608199,-0.1230762675,-0.1043759957,-1.1027158499,0.7460577488
9.7755289078,-0.099864997,-0.093453899,-0.1056205109,-0.029648222,-1.1052880287,0.7396667004
9.7855949402,-0.0999775901,-0.0977247506,-0.0930010751,0.0140735032,-1.1017020941,0.7428427339
9.7960157394,-0.0938203111,-0.0999228507,-0.079895623,0.050132174,-1.0791040659,0.7428448796
9.8057260513,-0.0914343968,-0.0981826335,-0.0823730305,0.0956498086,-1.0427262783,0.7279865146
9.8157997131,-0.0879633203,-0.1061203033,-0.1081720069,0.1655833572,-0.9933949709,0.7141900063
9.8259048462,-0.0819808617,-0.1255613714,-0.1353358626,0.2364088297,-0.926005125,0.7025276423
9.8362388611,-0.074728705,-0.1360330731,-0.142786324,0.2901277244,-0.8567237854,0.6781272292
9.8460655212,-0.0587081127,-0.1455058604,-0.1271535158,0.2852262855,-0.7953740358,0.6547983289
9.8560791016,-0.0368163995,-0.1621157676,-0.1014385298,0.2099648267,-0.7421646118,0.6166192889
9.8662128448,0.0014662347,-0.1970191747,-0.0730441883,0.0762455314,-0.715180397,0.5402163863
9.8765258789,0.0329471417,-0.227436021,-0.0539911464,-0.0755163059,-0.7002965808,0.4224026799
9.8863067627,0.0396424122,-0.2349954396,-0.0700419024,-0.2025197595,-0.70403409,0.3449226022
9.8963518143,0.0360422917,-0.2317693383,-0.1021382287,-0.2249923199,-0.7014483809,0.2833452523
9.9064226151,0.0141144004,-0.206514433,-0.107064493,-0.19301337,-0.7004405856,0.2323717326
9.9167642593,0.0041868291,-0.1510003358,-0.1144327,-0.0434837975,-0.7130187154,0.2185240984
9.9265422821,0.0021844706,-0.1181419641,-0.1090205982,0.1199637651,-0.7296494842,0.2152879685
9.9367704391,-0.0046316781,-0.1066587716,-0.0838158801,0.2309515476,-0.7297964692,0.2067653239
9.9470567703,-0.0194230471,-0.1093481332,-0.0633308366,0.2435397208,-0.7073560357,0.2142068446
9.9572124481,-0.0305587444,-0.1051645428,-0.0725585893,0.1961397082,-0.6619907022,0.2376011163
9.9670028687,-0.0292200241,-0.1078480631,-0.1037205532,0.1496910602,-0.6060737967,0.2503810227
9.9769668579,-0.0320011191,-0.1076329499,-0.1373441815,0.1137759387,-0.5363135934,0.2567957938
9.9869642258,-0.0332031064,-0.0977103263,-0.1375274658,0.0916386321,-0.4569049776,0.2600274086
9.9973201752,-0.0209458265,-0.0898915678,-0.1246203855,0.084491238,-0.38267681,0.2621898949
10.0070943832,0.007645031,-0.0918822438,-0.0839988068,0.0550405644,-0.320425421,0.2473624647
10.0171356201,0.0381132551,-0.1001423746,-0.0469164923,0.0129437102,-0.2754358351,0.2059854865
10.0272817612,0.0647182688,-0.1244882494,-0.0210424718,-0.019512793,-0.2346823514,0.1529239267
10.0375957489,0.0759645328,-0.1435966045,-0.0022625392,-0.0624424219,-0.2142436653,0.0902988911
10.0474796295,0.083702527,-0.1505903155,0.0047974521,-0.1264092326,-0.2224598527,0.0552730672
10.0577201843,0.0880590305,-0.1453002244,-0.0306555089,-0.1081109121,-0.2394505441,0.0287149567
10.0674819946,0.0720828995,-0.1389997751,-0.0541429594,-0.0579530187,-0.2413270772,-0.0010303548
10.0779886246,0.0481761284,-0.1238525063,-0.036842294,-0.0590094961,-0.2423973978,-0.0010306211
10.0877017975,0.029724678,-0.1059116274,-0.0241506156,-0.1251978278,-0.2385450155,0.0276573505
10.0977563858,0.0068563423,-0.0910038501,-0.0269394573,-0.1744647175,-0.2197095454,0.0531624444
10.107665062,-0.0283261333,-0.0876092464,-0.0265111979,-0.2088237405,-0.1975676715,0.0776038021
10.1181287766,-0.0520860367,-0.0850758702,-0.0322447494,-0.2025700957,-0.1814582199,0.0988462418
10.1279239655,-0.0603871159,-0.0715965182,-0.037968941,-0.1589168012,-0.1703406572,0.1179523617
10.1379728317,-0.0578195266,-0.0509330779,-0.0470161512,-0.0778752267,-0.1632177681,0.1253679246
10.1480579376,-0.0452754311,-0.0463814288,-0.0670300797,0.0244873688,-0.1538148075,0.1285327077
10.1583900452,-0.0375408344,-0.0658512861,-0.0846345499,0.1429503709,-0.1550268233,0.1093896255
10.1681957245,-0.0327922516,-0.1015881151,-0.0503911451,0.1573215276,-0.0999252126,0.0786215961
10.1782388687,-0.0249758754,-0.1022004932,-0.0432074144,0.0448634252,-0.0618475974,0.0478769988
10.1883277893,0.0064157448,-0.1375917643,-0.0647305325,-0.0367535092,-0.0128473006,0.0235000215
10.1986408234,0.0260352697,-0.1554587632,-0.0590683296,-0.2176457942,0.037234243,-0.0273953844
10.2084321976,0.0496154018,-0.138255164,-0.0630881861,-0.2638757229,0.0707579851,-0.0316142291
10.2185745239,0.0819077715,-0.1143116802,-0.0536410883,-0.2469998002,0.0899220854,-0.044350531
10.2285432816,0.0966955647,-0.0874004513,-0.0411545709,-0.2085359991,0.0836912841,-0.0751560479
10.238899231,0.0940616354,-0.1001909524,-0.0233104285,-0.1753420979,0.0710543171,-0.1049011648
10.2487268448,0.0669688806,-0.1002350599,-0.002562887,-0.1591704935,0.0541205481,-0.1197783053
10.2587347031,0.0567113943,-0.0807448179,0.0214815084,-0.1094066799,-0.0134310648,-0.1315044761
10.268904686,0.0594763346,-0.073241964,0.0515894815,-0.0051348908,-0.0890235007,-0.1474952251
10.2791595459,0.053632576,-0.0672819167,0.0794049427,0.0176023785,-0.121753484,-0.152826339
10.2889862061,0.0352029391,-0.0565904528,0.0663067028,0.021991428,-0.1333386153,-0.1454007924
10.2990446091,0.0225198474,-0.0625300556,0.0286140386,-0.0005588885,-0.118569538,-0.1283988953
