0.0000000000,-0.0029349946,-0.0268253032,-0.0225272197,0.1660258025,0.0706739053,-0.0754484907
0.0096480846,-0.0053441548,-0.024661893,-0.0283677597,0.1895609498,0.0801299959,-0.115897119
0.0196681023,-0.0147463102,-0.0365996324,-0.0310881753,0.2214701474,0.1225019544,-0.1894991696
0.0298250914,-0.0350334682,-0.0558191203,-0.0561038293,0.2991132736,0.1750642359,-0.239835307
0.039820075,-0.0498636998,-0.063627027,-0.0770286918,0.3948339522,0.236316666,-0.2881067097
0.0498690605,-0.0621812977,-0.068749629,-0.0927629471,0.4648484588,0.312243104,-0.3470794857
0.0597480536,-0.0542379059,-0.0887289569,-0.1098893285,0.5371197462,0.3679979742,-0.3921119273
0.0741850138,-0.0417215265,-0.1080930457,-0.1248496771,0.5967069268,0.4097331762,-0.4402318001
0.0799450874,-0.0314755477,-0.1268877089,-0.1387827396,0.6585491896,0.4386197031,-0.4935842156
0.0897160769,-0.0263405461,-0.1471054554,-0.154771626,0.7054945827,0.4599500299,-0.5415629148
0.0997869968,-0.0283998866,-0.1677679718,-0.1589620709,0.7085847855,0.4958227873,-0.5991669297
0.1098300219,-0.0317375697,-0.2025052309,-0.1627620459,0.6914023757,0.5388384461,-0.6780508161
0.1196930408,-0.0375295319,-0.2414528131,-0.163107872,0.6398928761,0.6081796885,-0.7719541788
0.1300081015,-0.0478244461,-0.2845772207,-0.1674833298,0.5563367009,0.6888406873,-0.8882195354
0.139827013,-0.0607521571,-0.3434511721,-0.1804906726,0.4929161966,0.7940907478,-1.0216548443
0.1497750282,-0.0669178963,-0.3914909065,-0.201140523,0.4496382177,0.9218177795,-1.170125246
0.1597490311,-0.0732342601,-0.4314637184,-0.2394415736,0.5153639317,1.0406358242,-1.3345514536
0.1697540283,-0.0836411715,-0.4718796313,-0.289139688,0.6495047212,1.1482139826,-1.5000133514
0.179688096,-0.0949425101,-0.4761036038,-0.304818213,0.8530132174,1.2710045576,-1.6985538006
0.189751029,-0.104161799,-0.472088486,-0.3023976088,1.1080446243,1.3662471771,-1.9160773754
0.1997500658,-0.1016088724,-0.4531246424,-0.2665700316,1.2831691504,1.4228384495,-2.0812366009
0.2096600533,-0.0964006782,-0.4705964327,-0.2235506773,1.42849648,1.4726883173,-2.2580182552
0.2197750807,-0.1031006575,-0.5124131441,-0.195001483,1.4705181122,1.4709341526,-2.3770272732
0.229755044,-0.098295629,-0.5517474413,-0.1611566544,1.3942757845,1.435280323,-2.4776701927
0.2401540279,-0.0990601182,-0.611743927,-0.1529874206,1.2373052835,1.3488203287,-2.5715510845
0.2497880459,-0.1029210687,-0.6514992118,-0.1177353859,1.0164397955,1.2374229431,-2.6492912769
0.2597850561,-0.0769397616,-0.6436704397,-0.0684510469,0.7282137871,1.2875585556,-2.7747759819
0.2697319984,0.0678963661,-0.5644348264,-0.0078505296,0.4631304741,1.2533507347,-2.9103550911
0.2797900438,-0.0087383408,-0.5252508521,0.0323104225,0.3265634477,1.011245966,-2.9756214619
0.2897000313,-0.1680158973,-0.5322358012,0.045231577,0.217785269,0.8965039253,-3.0459816456
0.2997450829,-0.1815738678,-0.5190281272,0.0529821478,0.0771479979,0.9198343158,-3.1905210018
0.3097079992,-0.2038881779,-0.4846658707,0.0845772028,-0.0034256708,0.9073153138,-3.3316814899
0.3197060823,-0.2505105138,-0.4283592105,0.115780592,0.017347252,0.9020036459,-3.4708313942
0.3297280073,-0.2740405798,-0.3883320689,0.1530688405,0.0958953276,0.8748196959,-3.5960719585
0.3397049904,-0.297091186,-0.3466684818,0.179481864,0.1766889691,0.8306292892,-3.7127068043
0.3497281075,-0.3156180978,-0.3152589798,0.202973485,0.2149636596,0.7595039606,-3.8153243065
0.3596930504,-0.3395735919,-0.2852463722,0.238994658,0.220424071,0.6455736756,-3.8942689896
0.3697479963,-0.3485032916,-0.2679015398,0.2785483003,0.196269989,0.4867784381,-3.9431548119
0.379674077,-0.3615053892,-0.2618136406,0.3235592842,0.1242602542,0.2915929854,-3.9545879364
0.3894619942,-0.3694995344,-0.2593960762,0.3717579842,-0.0234716851,0.0820626467,-3.9499390125
0.3995070457,-0.3834604621,-0.2670041323,0.4050704241,-0.2490110695,-0.1409131736,-3.9472732544
0.4095810652,-0.391607821,-0.2703115344,0.4257426262,-0.4660206139,-0.3585698605,-3.9552717209
0.4199150801,-0.4063127637,-0.2543025017,0.4261974692,-0.6211806536,-0.5588595271,-3.987859726
0.4297090769,-0.4212075174,-0.2077957988,0.4402473569,-0.7021167278,-0.6987194419,-4.0208926201
0.439743042,-0.4439734817,-0.1587440968,0.4532558918,-0.6980326772,-0.7919809818,-4.0564126968
0.4497200251,-0.4597769082,-0.1075429246,0.4577634931,-0.6024047136,-0.8587751985,-4.0794186592
0.459649086,-0.4715782106,-0.0504648648,0.4524460435,-0.4225227833,-0.9205506444,-4.0918931961
0.4696440697,-0.4827561975,0.0038036162,0.4202731252,-0.243432954,-1.0342956781,-4.0562214851
0.4796611071,-0.4860786796,0.0301132854,0.4086847901,-0.1060051769,-1.1451352835,-4.0173492432
0.4896430969,-0.4865021706,0.0125811156,0.4224784374,-0.089014478,-1.2699257135,-4.0016784668
0.4996510744,-0.4802396297,-0.0140134636,0.4457772374,-0.12439657,-1.389709115,-3.9785692692
0.5096390247,-0.4749365151,-0.0264498536,0.4444536567,-0.1546420753,-1.4942853451,-3.9311246872
0.5197020769,-0.4724780917,0.0056517776,0.4311552048,-0.2159887999,-1.5966262817,-3.8443655968
0.5296289921,-0.4705533385,0.0492140688,0.4258949757,-0.304266721,-1.6723852158,-3.7492599487
0.5397090912,-0.4652223885,0.0847013667,0.4211378098,-0.4033896923,-1.7164053917,-3.6819720268
0.5497140884,-0.4624530971,0.1131743267,0.4096572995,-0.43314147,-1.7598657608,-3.6126139164
0.5596400499,-0.4572191834,0.144862473,0.4016730189,-0.4095553458,-1.8132888079,-3.5071091652
0.5696110725,-0.4620113969,0.1761705875,0.3866147995,-0.301671505,-1.8597146273,-3.4091434479
0.5796710253,-0.4716440439,0.2013390064,0.3421390653,-0.2834774256,-1.9182605743,-3.2717254162
0.5896040201,-0.4683172703,0.2047377825,0.2997279763,-0.3795528412,-1.9775393009,-3.1172273159
0.5995980501,-0.4493308067,0.1552559137,0.2945341468,-0.4970475137,-2.0211114883,-2.9819407463
0.609596014,-0.4347679913,0.1314429045,0.276476264,-0.6423506737,-2.0574300289,-2.8477425575
0.6196300983,-0.4216621816,0.1432190537,0.2682310939,-0.7342957258,-2.0849394798,-2.7316994667
0.6295990944,-0.4101316929,0.178101778,0.2733314037,-0.7847607732,-2.0866410732,-2.6349756718
0.6395970583,-0.3928890228,0.2170572877,0.2793424129,-0.7724922895,-2.0548014641,-2.5470101833
0.6496239901,-0.3919020891,0.2402520776,0.2547278404,-0.7432339787,-2.0225992203,-2.4325010777
0.6595770121,-0.3876904845,0.2569128871,0.2387851477,-0.7482843995,-1.9756239653,-2.3095662594
0.669588089,-0.395725131,0.2501875162,0.2060396671,-0.7317901254,-1.9415463209,-2.214183569
0.6794310808,-0.37456882,0.2395572662,0.1996710896,-0.7130923271,-1.9201802015,-2.107032299
0.6895650625,-0.3684803843,0.2357330918,0.1701419353,-0.7094616294,-1.8766465187,-2.0191385746
0.6995670795,-0.3673331738,0.2075563669,0.1376013756,-0.7335774899,-1.8239319324,-1.9578466415
0.711089015,-0.3567694426,0.1666827798,0.1002078056,-0.7664619684,-1.7497674227,-1.8796876669
0.7480330467,-0.3229083717,0.131115675,0.0790410042,-0.800568521,-1.658474803,-1.7973895073
0.7481271029,-0.3115029931,0.1158536151,0.0338817202,-0.8252296448,-1.5499544144,-1.708835125
0.7482590675,-0.3029951751,0.1183736995,-0.006024959,-0.799854517,-1.4229246378,-1.6257470846
0.7495510578,-0.2881256342,0.1469334364,-0.0273864288,-0.7253320813,-1.2914557457,-1.5682201385
0.7597990036,-0.2504587173,0.1804243922,-0.034489397,-0.5739150047,-1.1657752991,-1.5064564943
0.7697600126,-0.2329077125,0.2019933462,-0.0422362722,-0.3722135723,-1.0588376522,-1.432923317
0.7794049978,-0.2203660607,0.2125795484,-0.0359334983,-0.1758411229,-0.9530084729,-1.359380126
0.7930550575,-0.2157326341,0.2149168253,-0.0399467982,0.014230554,-0.8527279496,-1.3038563728
0.8014870882,-0.1961078048,0.2025001049,-0.0377045311,0.1683258414,-0.7828329802,-1.2693586349
0.8096990585,-0.1993263662,0.1744891405,-0.0460928716,0.2882434726,-0.7225587368,-1.2039650679
0.81942904,-0.1919257641,0.127027154,-0.024671318,0.336707145,-0.6609073281,-1.1629658937
0.829234004,-0.1731513143,0.0740834549,0.0131833535,0.3168295622,-0.59343642,-1.1293929815
0.8392519951,-0.1224166155,0.0321882404,0.0450683199,0.2704004049,-0.5505723357,-1.0743938684
0.8492400646,-0.0909232199,0.0113678034,0.0517126881,0.2133339345,-0.5267101526,-0.982080698
0.8592660427,-0.0668968558,0.012735134,0.0447926484,0.1543245465,-0.5232349634,-0.8970699906
0.8692400455,-0.0532470383,0.0196328815,0.0430005156,0.0825467631,-0.5157818794,-0.8354495168
0.8799051046,-0.0470840968,0.0174138602,0.0414952002,0.0341853537,-0.498562634,-0.7781593204
0.8896570206,-0.0436974801,0.0189365204,0.037174698,0.0039227889,-0.4716681838,-0.7305049896
0.8994539976,-0.0423712172,0.0331649818,0.0307618957,0.0077079399,-0.4274924695,-0.6925475001
0.9092381001,-0.0429495312,0.0378257073,0.0163476449,0.0393289849,-0.3916870654,-0.6588052511
0.9192470312,-0.0417045392,0.0399276651,0.0016172507,0.071847111,-0.3366035819,-0.6209373474
0.9291870594,-0.0328351595,0.0386261977,-0.0124298353,0.1161503941,-0.2857278585,-0.5862392783
0.9392271042,-0.0191346426,0.0329191126,-0.0248236675,0.1573736072,-0.2529757917,-0.5439878702
0.9491870403,-0.0006916248,0.0346115269,-0.0238549728,0.1954014152,-0.2223558426,-0.4974677563
0.9591550827,0.0159867089,0.035601262,-0.0169871468,0.2558726072,-0.1895440966,-0.4647879899
0.9692590237,0.0238796454,0.0357644595,-0.0044604563,0.3227312565,-0.1514102966,-0.4406469762
0.979189992,0.0263421517,0.0320394672,0.0108350497,0.3788792193,-0.1059424058,-0.4239822328
0.9891639948,0.0295146089,0.0108455475,0.0103898626,0.3998098075,-0.0628561899,-0.4040908217
0.9991970062,0.0436651073,-0.0111435596,0.0107526761,0.3388053179,-0.0524424314,-0.3807420731
1.0091940165,0.0610267781,-0.037552949,0.0328545533,0.2947691381,-0.0290606748,-0.3564279675
1.0191780329,0.0721724629,-0.0493907891,0.0493918024,0.2700977325,-0.0174303837,-0.3490498066
1.0291930437,0.0790640712,-0.043447312,0.07261163,0.2581079304,0.0040434832,-0.3268704712
1.0392330885,0.0813125968,-0.034077283,0.0848591328,0.2599954605,0.0235306323,-0.2993750572
1.0491820574,0.0906893611,-0.0199228469,0.0923469663,0.2438803911,0.0257706158,-0.2728185356
1.0592360497,0.1040199697,-0.0087746922,0.1021902561,0.2449176908,0.0227196999,-0.2558022738
1.0692991018,0.1152631044,-0.0131006185,0.1155301332,0.2545903027,0.0069351438,-0.235521242
1.079234004,0.1226918697,-0.0186334793,0.1243643165,0.2449985147,-0.0036354754,-0.2131361812
1.0892450809,0.1304574013,-0.0240424816,0.1163728237,0.1885485649,-0.0242611244,-0.1991519183
1.0992530584,0.1342421174,-0.0304860417,0.1073002815,0.1244559959,-0.0319486074,-0.165060401
1.1092120409,0.1367468834,-0.0256322566,0.1031951904,0.0881824121,-0.0500535741,-0.1245467961
1.1193950176,0.1354634166,-0.0115032736,0.1013342142,0.0838146955,-0.0508754253,-0.0916038901
1.1293720007,0.1318992078,0.0049170312,0.0997270346,0.082711339,-0.053926874,-0.0724602938
1.1393840313,0.1337072253,0.0171739515,0.105004549,0.0986972302,-0.0589661077,-0.0511906892
1.149359107,0.138405025,0.0182707366,0.1068795919,0.129677251,-0.0692509711,-0.032022588
1.1593980789,0.1394015551,0.0129228886,0.1163119674,0.1383350641,-0.0872747079,-0.0234156512
1.1693620682,0.1410783529,0.0071908887,0.1234043837,0.0766698271,-0.1124429107,-0.035958074
1.1794130802,0.1336694956,-0.0160281602,0.1264559627,-0.0128969382,-0.1133827493,-0.0645730719
1.1893770695,0.1186178923,-0.0675338432,0.1036652923,-0.0769443661,-0.1117768586,-0.0687883198
1.1993620396,0.106118083,-0.1012970731,0.0822620392,-0.1569995135,-0.1123949811,-0.0687289387
1.2094550133,0.0963420272,-0.0997073576,0.0682418942,-0.1922959834,-0.1009748131,-0.0762150809
1.2193551064,0.0861817002,-0.0779393837,0.0551729165,-0.1848222315,-0.0956929624,-0.0900647193
1.2293280363,0.0806884766,-0.0539183579,0.0477145873,-0.1379380822,-0.0825683773,-0.09761931
1.2393790483,0.0761768818,-0.0408883058,0.0357397757,-0.0792614445,-0.0747152418,-0.1072724685
1.2493450642,0.0678856373,-0.029202098,0.0301431995,-0.0302574188,-0.0667638406,-0.0967343375
1.2594259977,0.0621321164,-0.0186296646,0.025229929,-0.0068382453,-0.0580502488,-0.0989321172
1.269321084,0.0594401322,-0.0142001454,0.0214253645,-0.0036893245,-0.0474287607,-0.1096271053
1.2793190479,0.0554618202,-0.014301056,0.0294997673,0.0271229167,-0.0353145748,-0.0959166139
1.2893280983,0.0575332306,0.0002397353,0.0397243463,0.0654788241,-0.0264675543,-0.0960007682
1.2993320227,0.054874029,0.0211449917,0.0395326577,0.0826128051,-0.0285725165,-0.1076853871
1.309401989,0.0611704253,0.0239180978,0.0429384075,0.0539247021,-0.0427341424,-0.1128854752
1.3193230629,0.062957108,-0.008176798,0.0520384274,-0.0099698566,-0.0561671257,-0.1255003363
1.3293271065,0.0521655641,-0.0362637006,0.0538297854,-0.0643606633,-0.0535721406,-0.1477894038
1.3394160271,0.0324220024,-0.0454752408,0.0401583873,-0.0975447148,-0.036847759,-0.161684975
1.3492830992,0.0152318161,-0.0324492417,0.0205463152,-0.0978211462,0.0004761789,-0.1714883298
1.3593900204,0.0076192594,-0.0250991527,-0.0070576691,-0.0958288312,0.0186429322,-0.1737323105
1.3692960739,0.0154031496,-0.0361260734,-0.0130603332,-0.0969556272,0.0229729656,-0.166322872
1.3792780638,0.0249976199,-0.038455721,-0.0042841458,-0.0970096812,0.0241599362,-0.1525197029
1.3892800808,0.0244890731,-0.0193047468,0.0050829626,-0.0779726058,0.0477752499,-0.1579980999
1.3993080854,0.0268515032,0.0005060488,0.0030825713,-0.0535608791,0.0640133396,-0.1559952646
1.4092741013,0.0432718657,0.0142485555,0.0009371021,-0.0429244749,0.0600111447,-0.1336665154
1.419293046,0.0602543913,0.0205110367,0.0175998192,-0.0290744416,0.0560044199,-0.1145261154
1.4292830229,0.066016674,0.0188646372,0.0334931575,0.0305454805,0.0715104043,-0.1051067859
1.4392830133,0.0670513809,0.0260940846,0.0463662706,0.0955770761,0.0805864632,-0.1030885056
1.4493280649,0.0738342404,0.0435369052,0.0549564324,0.1425046474,0.0789571404,-0.0861124545
1.4593230486,0.0768262744,0.0436580218,0.0594285093,0.1500758678,0.0599315166,-0.0679335818
1.4692569971,0.0799658895,0.0357801951,0.0641361475,0.1276621819,0.0472050682,-0.0359636694
1.4792521,0.0802785158,0.0342692174,0.0692662001,0.0743785799,0.0246054847,-0.0060343966
1.4892510176,0.0796734095,0.0360699929,0.0729190111,-0.0076699518,-0.0088166557,0.0346104987
1.4992690086,0.0762835741,0.0344308652,0.0701623559,-0.1132364571,-0.0391900092,0.0784406736
1.509393096,0.0712202191,0.0255165156,0.0629805923,-0.2113843262,-0.0578643605,0.1083772704
1.5192110538,0.0662612915,0.0249383505,0.0483655892,-0.2774959505,-0.0742366761,0.1287158281
1.5292130709,0.0651193857,0.0347193517,0.0340520106,-0.3126100004,-0.0957116038,0.1490650475
1.5392410755,0.0660924315,0.0337860025,0.0257706027,-0.3296296,-0.1033170596,0.1501892954
1.5492290258,0.0603322349,0.0102475937,0.016563056,-0.37871328,-0.0974655673,0.1289378107
1.5592060089,0.0505660139,-0.0303810779,0.0125415307,-0.4663210213,-0.0801528841,0.1076377034
1.569224,0.0385959409,-0.0707728192,0.0010138729,-0.5593998432,-0.0468439311,0.0873012692
1.5792160034,0.0233185869,-0.0952067301,-0.0191879291,-0.621722877,0.0070928028,0.0763705969
1.5892060995,0.0046768165,-0.0868853256,-0.0541787781,-0.673361063,0.0610838644,0.0622454584
1.5992010832,-0.0162650365,-0.0681832954,-0.0842798948,-0.6920310855,0.1271507591,0.0554554611
1.6092040539,-0.0395199992,-0.0593559109,-0.0958935022,-0.6713604331,0.21379219,0.0442552716
1.6192040443,-0.0565725602,-0.0405976735,-0.1060240269,-0.6443058252,0.3026283085,0.034099441
1.6291480064,-0.066264987,-0.014657313,-0.1205644608,-0.626850903,0.3871890008,0.0324765109
1.6392130852,-0.0713862181,0.0126776155,-0.1316670179,-0.6199628115,0.4546556771,0.0415969044
1.6493390799,-0.076600045,0.0235657152,-0.133128643,-0.6759778261,0.5088943839,0.0604073443
1.6591809988,-0.0846635699,0.0113436636,-0.1282342672,-0.8462133408,0.5591359735,0.0899464563
1.6692000628,-0.0896020234,-0.0239055101,-0.1280162334,-1.1177947521,0.5927597284,0.143037647
1.6791800261,-0.1002936661,-0.0592563115,-0.1205409169,-1.4428859949,0.6347024441,0.217359677
1.6893060207,-0.1193497181,-0.0790852234,-0.1171922684,-1.6518783569,0.7064269185,0.2945950925
1.6991471052,-0.1564835906,-0.0607350431,-0.1239062548,-1.7318553925,0.7972926497,0.3684285581
1.7092061043,-0.1855937839,0.0054717716,-0.1302410364,-1.756383419,0.8929158449,0.4485673308
1.7191510201,-0.1994121075,0.0604284443,-0.1469070911,-1.7136323452,0.9889736772,0.5190967917
1.7291520834,-0.2028226852,0.0997212604,-0.1634217501,-1.6109919548,1.0757796764,0.5779560804
1.7391591072,-0.2075793147,0.127576679,-0.1762003899,-1.4666323662,1.1522121429,0.6357907653
1.749186039,-0.2146068811,0.1461711824,-0.1666218638,-1.342515111,1.2189770937,0.7064512968
1.7591480017,-0.2227616906,0.1463725269,-0.1422016621,-1.2962828875,1.2819117308,0.7750679255
1.7691460848,-0.2290563583,0.124662675,-0.1103902459,-1.3345322609,1.3581995964,0.8564040661
1.7791399956,-0.2306302786,0.0970774963,-0.0747514963,-1.4667205811,1.4264618158,0.9591052532
1.7891530991,-0.2206180692,0.0846810117,-0.0408858098,-1.6585675478,1.4740908146,1.0779181719
1.79915905,-0.2065214515,0.0793533698,-0.0212544817,-1.8620127439,1.5003392696,1.2064379454
1.8091490269,-0.1998382807,0.0753682032,-0.0100847501,-2.0077445507,1.5153375864,1.3424284458
1.8191310167,-0.2095438242,0.077384986,-0.0040714764,-1.9946229458,1.5613386631,1.4600453377
1.8291320801,-0.2341016531,0.1139634326,-0.0139806885,-1.7851550579,1.6225961447,1.5593665838
1.8391680717,-0.2569828033,0.1872211397,-0.0284149665,-1.5008862019,1.671666503,1.6661531925
1.8491290808,-0.2592476606,0.2491296232,-0.024609806,-1.167422533,1.709364295,1.7729773521
1.859104991,-0.2482842803,0.2772464156,-0.018170597,-0.8187748194,1.7245885134,1.8629390001
1.8691000938,-0.2297465801,0.27834481,-0.0060493969,-0.488070637,1.7109084129,1.9637240171
1.8791140318,-0.2101334333,0.2705374658,0.0071498132,-0.2522166967,1.6741448641,2.0753467083
1.8891150951,-0.1992340684,0.2371613681,0.0187723022,-0.1478333175,1.6734411716,2.1485834122
1.8990410566,-0.1933148503,0.1858879626,0.0362371765,-0.1840505749,1.6415948868,2.2072477341
1.9090940952,-0.1982053518,0.1451946795,0.0541192256,-0.305760771,1.6093524694,2.2967824936
1.919121027,-0.2199447155,0.1285319328,0.0773031712,-0.4341993034,1.6134625673,2.3935222626
1.9290920496,-0.2497426867,0.1224878505,0.0899758339,-0.4731376469,1.6396025419,2.4858081341
1.9391130209,-0.2799474597,0.1250419021,0.0904831886,-0.3489847779,1.6947717667,2.575668335
1.9490799904,-0.2941236496,0.1468980312,0.0850651264,-0.1511952877,1.7515910864,2.6665272713
1.9590990543,-0.2754493952,0.1747888923,0.089435339,0.0854755715,1.7573231459,2.7481310368
1.9690850973,-0.2466920018,0.1822587848,0.0879081488,0.3543411195,1.7482089996,2.8138706684
1.9791990519,-0.2273924947,0.1629214883,0.0803381205,0.5701476932,1.7179991007,2.8351621628
1.9889910221,-0.222309649,0.127694428,0.0732072592,0.6389757991,1.6439791918,2.8664033413
1.9991340637,-0.2332742214,0.0784115866,0.0804058313,0.4634616077,1.5531915426,2.9085507393
2.009073019,-0.2475786209,0.0129023846,0.1044535637,0.1149822026,1.470600009,2.9401390553
2.0188889503,-0.260753572,-0.0586109124,0.1399083734,-0.2101828456,1.4168629646,2.9492099285
2.0290498734,-0.2801087499,-0.1015439555,0.1613134146,-0.3511444926,1.4138530493,2.9748253822
2.0392971039,-0.2970545292,-0.0854238197,0.1634909511,-0.3620964885,1.419729352,3.0481045246
2.0490570068,-0.2851107717,-0.0220982973,0.1756671071,-0.3601912558,1.4151175022,3.1320619583
2.0587770939,-0.2486879826,0.0335851349,0.1932771802,-0.3622224331,1.3855447769,3.1736812592
2.0690369606,-0.1993510723,0.0646032169,0.2048123479,-0.369176209,1.3130217791,3.1985912323
2.0790281296,-0.1652511358,0.0727453306,0.2120630741,-0.349298656,1.2204574347,3.232118845
2.0890259743,-0.164128989,0.0804460719,0.228335619,-0.3327111602,1.1364597082,3.2687733173
2.0990052223,-0.181135565,0.0797445849,0.2265166044,-0.3353596628,1.0492335558,3.3192689419
2.1090180874,-0.2005559504,0.0630288795,0.21751827,-0.3167979717,0.9761297107,3.3781614304
2.1190130711,-0.2226391137,0.0441795625,0.2026927471,-0.2138904929,0.9046691656,3.4284880161
2.1290168762,-0.2531342506,0.0360691585,0.1875185966,-0.1194084585,0.8025169373,3.5215125084
2.1388978958,-0.2700889111,0.0279761609,0.1884179115,-0.1455487311,0.6868995428,3.6487038136
2.1490139961,-0.2658392787,0.0007928663,0.205045104,-0.1751748025,0.6347444654,3.7011198997
2.1590151787,-0.2607448697,-0.0407928191,0.206997633,-0.0338191278,0.5928031206,3.6683595181
2.1690030098,-0.2571421862,-0.0520712696,0.1956095695,0.2505731881,0.5289463997,3.6930100918
2.1791369915,-0.2457566261,-0.0305830184,0.2108254433,0.4264408648,0.4047712088,3.761685133
2.188999176,-0.2389529794,-0.0204079691,0.268075645,0.3324214518,0.2874909043,3.7561368942
2.19896698,-0.23528862,-0.0633845851,0.3088994026,0.0537111163,0.2180151641,3.6335453987
2.2090210915,-0.2317597717,-0.141740799,0.3196672201,-0.3186174333,0.1208515912,3.4825134277
2.2192120552,-0.2245315611,-0.2019172311,0.3026647568,-0.7389495969,-0.0154532529,3.4220705032
2.2289860249,-0.214020744,-0.2225757241,0.274895668,-1.2203005552,-0.1601300091,3.4382183552
2.2389769554,-0.2079199851,-0.223213315,0.2733775973,-1.6261874437,-0.2646881342,3.452991724
2.2489550114,-0.2142316997,-0.2142050862,0.2555660009,-1.8156394958,-0.3282343447,3.4429121017
2.2591309547,-0.2227367461,-0.18343997,0.2428504229,-1.7500236034,-0.3802911341,3.4208948612
2.2689390182,-0.2277071029,-0.1420395374,0.2379506826,-1.4270255566,-0.4401371777,3.3796241283
2.2789649963,-0.2250478715,-0.1081803963,0.2383497953,-0.9500229955,-0.529904902,3.32462883
2.2889709473,-0.2077246904,-0.0841782019,0.2396153212,-0.4907462001,-0.6679692864,3.2625222206
2.2991509438,-0.1881539375,-0.0851124451,0.244278729,-0.1539553851,-0.8306820393,3.1783492565
2.3089640141,-0.1691243947,-0.1109617874,0.2172665,0.0109243728,-0.9830616713,3.0836069584
2.3189620972,-0.152992934,-0.1431077719,0.1892330647,-0.0175599977,-1.1208158731,2.9995296001
2.3289470673,-0.1379437894,-0.1775097847,0.1780337095,-0.1701026708,-1.2390301228,2.9377217293
2.3389470577,-0.1250416636,-0.2010321021,0.1704801321,-0.359459281,-1.300735116,2.8925700188
2.3489289284,-0.1126792431,-0.19426018,0.1608573198,-0.5587177873,-1.3293230534,2.8546485901
2.3589701653,-0.0991588235,-0.1695948839,0.1744486094,-0.6845814586,-1.3273918629,2.8196659088
2.3689131737,-0.092025578,-0.1529420018,0.1851412058,-0.6899163127,-1.3169813156,2.7919800282
2.378911972,-0.0903137326,-0.137837708,0.1872724295,-0.5962586403,-1.2789375782,2.782109499
2.3889141083,-0.0991714001,-0.128424108,0.1889182329,-0.3777595758,-1.2209919691,2.7358984947
2.3989219666,-0.1255369186,-0.1231440827,0.1679213047,-0.0972573534,-1.1690884829,2.6769344807
2.4089021683,-0.152921766,-0.1099635288,0.1654131413,0.1057354361,-1.1742854118,2.6353931427
2.4189062119,-0.171025008,-0.1236382648,0.1803671122,0.1860554367,-1.1848193407,2.5801584721
2.428896904,-0.1846497059,-0.1765998006,0.1667354107,0.1628230959,-1.1804269552,2.4898428917
2.4389209747,-0.1835771799,-0.2368599772,0.1427462101,0.050146345,-1.1982102394,2.3869845867
2.4489688873,-0.1657724977,-0.2889668345,0.1103973389,-0.0550200194,-1.2296310663,2.3075823784
2.4589090347,-0.1488569975,-0.3114408255,0.0780706406,-0.1472596824,-1.2759004831,2.230394125
2.4688849449,-0.1329387426,-0.304898262,0.0943505764,-0.2125630379,-1.3539944887,2.1565787792
2.4788990021,-0.1155524254,-0.2966252565,0.1238541007,-0.2501243949,-1.4349855185,2.0933847427
2.4888901711,-0.1074201465,-0.2712233663,0.150840044,-0.3516472876,-1.5208684206,2.0164580345
2.498871088,-0.108289659,-0.2582425475,0.1493945122,-0.4726786315,-1.5726640224,1.9435731173
2.5088729858,-0.1191991568,-0.2675046921,0.1226523519,-0.5896664858,-1.5997829437,1.8779624701
2.5189020634,-0.1337064505,-0.2762797475,0.0999183059,-0.6803575754,-1.5890802145,1.8365222216
2.528865099,-0.146094203,-0.2738221288,0.0549957119,-0.7541917562,-1.5442017317,1.77678895
2.5390210152,-0.1432839036,-0.2698633671,-0.0035386703,-0.8509280682,-1.6003677845,1.7963457108
2.54885602,-0.1128219366,-0.2437931895,-0.0356107987,-0.9150127769,-1.5777494907,1.7494986057
2.558891058,-0.0959258676,-0.2281332612,-0.0553470291,-0.8845772743,-1.6019601822,1.6402065754
2.5688509941,-0.0845872164,-0.2011808455,-0.0663266182,-0.8137094975,-1.6359766722,1.5978820324
2.5788412094,-0.0981119871,-0.182647258,-0.097753346,-0.7580513954,-1.6192150116,1.5084968805
2.5888371468,-0.1351895332,-0.1692055464,-0.105122447,-0.6774473786,-1.518933177,1.4132375717
2.5988578796,-0.1627860069,-0.1372376084,-0.13676548,-0.5884978771,-1.3992557526,1.3284695148
2.6088471413,-0.1654189825,-0.1069556996,-0.1520693898,-0.5219670534,-1.2734680176,1.2288049459
2.6188359261,-0.143687129,-0.105675213,-0.1587791443,-0.4138679206,-1.1440634727,1.1397128105
2.6288080215,-0.122959435,-0.1188501045,-0.1611338258,-0.2981889844,-1.0274329185,1.0496348143
2.6388640404,-0.1012799144,-0.1261253357,-0.1582661867,-0.2271505147,-0.9409275651,0.9767811298
2.6488740444,-0.0803363919,-0.1452236176,-0.1472174525,-0.1772753596,-0.8728473186,0.8934382796
2.6588411331,-0.0755832195,-0.1647216976,-0.1506532431,-0.0956113935,-0.7882242799,0.8407744765
2.6688809395,-0.0806129575,-0.1444551647,-0.1423054934,0.0095187556,-0.7033759356,0.793405652
2.6788060665,-0.0883831382,-0.1086272523,-0.1220968962,0.115847595,-0.6261826754,0.7248383164
2.688849926,-0.0994088054,-0.0983086452,-0.1113444567,0.2074102759,-0.5736211538,0.6638772488
2.6991150379,-0.1164622307,-0.1254046261,-0.112893343,0.2433297783,-0.4991653264,0.5890028477
2.7089328766,-0.1230926514,-0.1753075719,-0.1254191995,0.2269854248,-0.4356726408,0.5291086435
2.7191271782,-0.1078339219,-0.2091469467,-0.1392011642,0.1659802645,-0.399115175,0.4842923284
2.7288961411,-0.0843706727,-0.2144265771,-0.1350477338,0.0956003815,-0.391472429,0.4417962432
2.7442750931,-0.0631831884,-0.2059515715,-0.1161206961,0.0465036742,-0.3845415413,0.4215993583
2.7488279343,-0.0558825769,-0.1877475381,-0.0999847651,0.0154754492,-0.3626274467,0.3874824047
2.7589221001,-0.0498700179,-0.1566969156,-0.0846415162,0.0110258395,-0.3297723234,0.3585868478
2.7686161995,-0.0401345529,-0.1321881413,-0.0718844533,0.0215226896,-0.2978543341,0.3318127394
2.7786941528,-0.0314948596,-0.1229969189,-0.0510404147,0.0448783413,-0.2711952627,0.3040040433
2.7886462212,-0.0327332653,-0.1252465248,-0.0290451068,0.0447446555,-0.2405191213,0.2666215003
2.7985870838,-0.0468592681,-0.1321635246,-0.018475892,0.0434028208,-0.1864763945,0.2131530792
2.8089110851,-0.061327938,-0.1288613081,-0.0251191873,0.0688381419,-0.1418806911,0.1554770023
2.8189291954,-0.0605737604,-0.1073184535,-0.0432220735,0.1305830032,-0.102279231,0.1063089222
2.8288021088,-0.0416482724,-0.0742223784,-0.0572944917,0.2234356999,-0.0858469903,0.068953827
2.8386240005,-0.0209220666,-0.0472458862,-0.0559562482,0.3482891023,-0.0743421316,0.0507286191
2.8485560417,-0.0100193638,-0.0314871334,-0.0460677184,0.4570730925,-0.0575778037,0.0377952419
2.8588070869,-0.0069456124,-0.0319454037,-0.0255719442,0.5316684842,-0.038902916,0.0291223936
2.8689670563,-0.0106157083,-0.0526413582,-0.0041053318,0.5604239702,-0.0238717701,0.0109441876
2.8787941933,-0.014440598,-0.0760781094,0.0233780127,0.5262628198,-0.0136665385,-0.0145952608
2.8887250423,-0.0152848978,-0.106421344,0.0365097485,0.4345291853,-0.0145395221,-0.0336485803
2.8987259865,-0.0181140918,-0.133089304,0.038196858,0.3256747127,-0.0102038961,-0.0527222753
2.9087309837,-0.0210778732,-0.1443556249,0.0294259172,0.2296976,-0.0122239031,-0.0770771503
2.9187140465,-0.0164794941,-0.1302636564,0.0159066301,0.1966048777,-0.0072427271,-0.0898360908
2.9288911819,-0.0130516309,-0.0965623483,0.0042845584,0.1988635063,-0.014870286,-0.1089112461
2.9411740303,-0.009723248,-0.0742487535,0.001581309,0.2064584643,-0.0203635879,-0.1333163232
2.9486570358,-0.0092024226,-0.0788867399,-0.0021605513,0.2247149646,-0.0205129925,-0.1673246175
2.9587349892,-0.0126262922,-0.0908828601,-0.0061142468,0.2291107774,-0.0197643768,-0.2087658048
2.9687240124,-0.0211261529,-0.1003622338,-0.0151149053,0.2485142946,-0.0201137848,-0.267208606
2.9788620472,-0.0357288159,-0.1120585427,-0.0290966053,0.2795366645,-0.0001810892,-0.3385368586
2.9889070988,-0.0516921319,-0.1259013414,-0.0380072631,0.3115033805,0.0389031954,-0.4216791391
2.9987301826,-0.0631449223,-0.1487309039,-0.0533509292,0.3647354543,0.0898697078,-0.5102284551
3.0087580681,-0.0652812123,-0.1612414122,-0.0702313185,0.420040518,0.1483364701,-0.5977622867
3.0190529823,-0.0651051402,-0.1562104821,-0.0967031717,0.494613409,0.2036719024,-0.6937877536
3.0286700726,-0.0596835651,-0.1472062767,-0.1181402802,0.5649451017,0.2484423071,-0.771681726
3.0384860039,-0.0517931618,-0.1461248398,-0.1276939511,0.6086011529,0.2867066264,-0.8367682099
3.0487351418,-0.0520252623,-0.1601213515,-0.1351549625,0.623441577,0.321601212,-0.8943740129
3.0589199066,-0.0613191165,-0.1951699853,-0.1432877183,0.6211045384,0.3702185452,-0.9563051462
3.0688090324,-0.0759811997,-0.2366260886,-0.148983717,0.5823408961,0.437731266,-1.0257712603
3.1065211296,-0.0913041234,-0.2834632099,-0.153875351,0.5306705832,0.5242251754,-1.1134107113
3.1066570282,-0.1045491695,-0.3170710206,-0.1677732468,0.5014384389,0.6108319759,-1.2085046768
3.1067199707,-0.113796711,-0.342122376,-0.1859256625,0.5181459188,0.6945462823,-1.3089259863
3.1166059971,-0.1201464534,-0.366256386,-0.1986517906,0.5476667881,0.7846232057,-1.4263938665
3.1227002144,-0.1198051572,-0.3912034929,-0.1972488165,0.580537498,0.859698534,-1.5512030125
3.1287379265,-0.1166903973,-0.4189690948,-0.1916614771,0.629560709,0.920932591,-1.6844332218
3.1388449669,-0.1078187227,-0.4466074705,-0.1861116886,0.6639326811,0.9446848035,-1.8131620884
3.1491389275,-0.0991038084,-0.4693731666,-0.1652257442,0.6856843233,0.9406567216,-1.9289517403
3.1587901115,-0.1019262671,-0.4974321127,-0.1478023529,0.6874190569,0.90441221,-2.0434527397
3.1687231064,-0.118234992,-0.5270249844,-0.1456072927,0.6540105343,0.8593161106,-2.1621248722
3.1784710884,-0.144299984,-0.5611070991,-0.1261124611,0.5534281731,0.8082829714,-2.2892100811
3.1884810925,-0.169580102,-0.6074731946,-0.0849235058,0.4388410747,0.7846676707,-2.4472732544
3.1985259056,-0.1885291934,-0.6369772553,-0.051133696,0.2772889435,0.7596417069,-2.6031713486
3.2087600231,-0.1984688044,-0.6321948767,0.0057220436,0.1040676311,0.7238796949,-2.7536780834
3.218517065,-0.209810555,-0.6197112799,0.0445159636,-0.0136928223,0.6980733871,-2.9149112701
3.2284610271,-0.2255280018,-0.6053398848,0.070907712,-0.0973531008,0.674769938,-3.0644989014
3.2385201454,-0.2467934489,-0.5754519701,0.077835083,-0.1437327117,0.6686917543,-3.2333469391
3.2484900951,-0.2670445442,-0.5269238353,0.0720727444,-0.1559648812,0.66603899,-3.4075534344
3.2585110664,-0.2763619423,-0.4821309447,0.0758628249,-0.1338061839,0.6201636195,-3.5421931744
3.2684340477,-0.2822168469,-0.4598204494,0.1075095534,-0.1031236351,0.5702102184,-3.6619408131
3.2784872055,-0.3051495552,-0.4486311674,0.1521750689,-0.0684751123,0.556636095,-3.7819321156
3.2884521484,-0.3319340348,-0.4212356806,0.208078146,-0.0467527695,0.5652335286,-3.9211761951
3.2985150814,-0.3488828838,-0.3943303227,0.2569196224,-0.0143431667,0.5749253631,-4.0668077469
3.3084521294,-0.3557629585,-0.3749049306,0.2827989459,0.0482746735,0.5390406251,-4.1951680183
3.3184390068,-0.3688738942,-0.3553646803,0.3016979098,0.1357860118,0.4501610696,-4.2934546471
3.3284850121,-0.3859558105,-0.3231499195,0.3132967949,0.2235539407,0.3229631484,-4.3734326363
3.3384552002,-0.4018878937,-0.2813252211,0.3206476569,0.2934265137,0.1635982543,-4.4489398003
3.3484740257,-0.4075103402,-0.2485359311,0.3348689079,0.3408813775,-0.008482961,-4.4914150238
3.3583359718,-0.4064233601,-0.2298301458,0.3590341806,0.399084866,-0.1953172982,-4.5189285278
3.368489027,-0.401293993,-0.2038298845,0.3960812092,0.4295892715,-0.4065573514,-4.5005822182
3.3783931732,-0.4026578665,-0.1697527766,0.4501670003,0.4598089457,-0.5794058442,-4.4920444489
3.3884980679,-0.421993047,-0.1493304372,0.468675673,0.4866725206,-0.7299162745,-4.4932122231
3.3984179497,-0.4410508275,-0.1102442071,0.4765119553,0.4469898343,-0.8506962061,-4.4573431015
3.408395052,-0.4555735588,-0.0673625991,0.4706737995,0.3345019221,-0.9474035501,-4.4152040482
3.4183909893,-0.4605588317,-0.040280696,0.4508154988,0.2123364508,-1.0314508677,-4.383764267
3.4284501076,-0.4567924142,-0.0200529043,0.4187112451,0.124479562,-1.1522320509,-4.3043026924
3.4384059906,-0.449714005,0.0160144027,0.3985985518,0.0375328138,-1.2725946903,-4.1770386696
3.4484350681,-0.4436166286,0.049401287,0.3681899309,-0.0698239952,-1.3833627701,-4.0338850021
3.4582490921,-0.4307559133,0.071672447,0.3569500446,-0.159217,-1.468416214,-3.8994083405
3.4684150219,-0.4141832292,0.0869746283,0.3605159521,-0.1857040077,-1.5412962437,-3.7735550404
3.4783558846,-0.3998936415,0.1219755486,0.37034446,-0.1567584872,-1.6093748808,-3.6360840797
3.4884362221,-0.3936771154,0.1837998629,0.3849099278,-0.0745794773,-1.6630905867,-3.4923703671
3.4983670712,-0.4012671411,0.2385296822,0.3871074915,0.0768513307,-1.6866520643,-3.3850224018
3.5084271431,-0.4141703248,0.2767501473,0.3755123019,0.2655605376,-1.6992565393,-3.2798955441
3.5183720589,-0.4217405021,0.3015845418,0.354137063,0.4199967086,-1.699272275,-3.1716399193
3.5284209251,-0.4230348468,0.3051184416,0.3273918629,0.5030755997,-1.7148948908,-3.0738565922
3.5383820534,-0.4151517153,0.2872112393,0.3087162375,0.5061334372,-1.7416812181,-2.9589459896
3.5485460758,-0.4009395242,0.2565172315,0.2936215401,0.4920645058,-1.7632448673,-2.8429956436
3.5585031509,-0.3892536759,0.2256525755,0.2652695179,0.4899226725,-1.8029822111,-2.7386236191
3.5685470104,-0.3771249056,0.2044703364,0.2435646057,0.4131599665,-1.8696930408,-2.5957770348
3.578494072,-0.3593625426,0.1802642345,0.2370321751,0.2777289152,-1.9411392212,-2.452855587
3.5884840488,-0.348625958,0.1409826875,0.2332359552,0.118892923,-2.0098352432,-2.342872858
3.5985250473,-0.3432804942,0.1001945809,0.2271023393,-0.0188103523,-2.0432944298,-2.2565073967
3.6084899902,-0.3438570797,0.0919969156,0.2124208808,-0.1780577898,-2.0471241474,-2.1851911545
3.6185600758,-0.3409968019,0.1153888181,0.207754612,-0.3343346119,-2.0105862617,-2.1460118294
3.6284730434,-0.3415188193,0.1440433264,0.1850476265,-0.3456277549,-1.9452590942,-2.1209301949
3.6394000053,-0.3415664732,0.1738396883,0.1499775648,-0.2448803633,-1.882106185,-2.0757238865
3.6714739799,-0.3381737173,0.2110966444,0.112985909,-0.1505027264,-1.832690239,-2.0070548058
3.671872139,-0.3300392628,0.2255940437,0.078283608,-0.0561192445,-1.785381794,-1.9351861477
3.671901226,-0.3239611089,0.2114492655,0.0389961563,0.0297823511,-1.7424713373,-1.869656086
3.6784520149,-0.3173655272,0.1930761337,0.0117986184,0.0858159214,-1.7019346952,-1.8051543236
3.6884951591,-0.3102351129,0.1781827807,-0.0100141186,0.1353810877,-1.6591871977,-1.7257868052
3.6983540058,-0.3075850308,0.1746667027,-0.0158007164,0.1773909777,-1.6068658829,-1.6443487406
3.7081930637,-0.3045240641,0.1804969907,-0.0122661609,0.193744123,-1.5515043736,-1.5597279072
3.7212491035,-0.3018302917,0.1769965887,-0.0168340225,0.1983059794,-1.4919205904,-1.4708775282
3.7292470932,-0.2898350358,0.1728487015,-0.0282462854,0.1442339569,-1.4403010607,-1.3851208687
3.7385780811,-0.2782885432,0.1627592444,-0.0432002582,0.0476395115,-1.4041067362,-1.3151718378
3.7483291626,-0.2701776624,0.1397518516,-0.0488017239,-0.0650364384,-1.3584388494,-1.2473962307
3.7582290173,-0.2687473893,0.1223217323,-0.0532252826,-0.1256783456,-1.2729734182,-1.1979776621
3.7682240009,-0.2789960504,0.1145582274,-0.0825778246,-0.1042446941,-1.1740244627,-1.1455147266
3.7780861855,-0.281644702,0.1299307942,-0.1049702168,-0.0295209214,-1.074452281,-1.0675922632
3.7881579399,-0.2766081095,0.1589851379,-0.1314482689,0.0910387859,-0.9628618956,-1.0014693737
3.7981910706,-0.2705792189,0.1764900088,-0.1582573652,0.2437395155,-0.8691145778,-0.92675668
3.8081769943,-0.2497502565,0.1798931956,-0.1705815196,0.3924131393,-0.8115881681,-0.8337430954
3.8182759285,-0.2275723815,0.1728577614,-0.175098896,0.5060817599,-0.7758208513,-0.7533109784
3.8284330368,-0.2168955803,0.1559457183,-0.1588481069,0.5557550192,-0.7396306396,-0.6908992529
3.8382401466,-0.2088990211,0.1268895268,-0.13811028,0.5892930031,-0.6917358041,-0.6200530529
3.8482141495,-0.2075197101,0.0894056633,-0.1226552725,0.57372123,-0.6368755102,-0.5651535988
3.8582382202,-0.2073851824,0.0761694983,-0.106215775,0.4717701375,-0.5828921795,-0.5346231461
3.8681900501,-0.2014508843,0.0554987229,-0.108864069,0.3590159118,-0.5066930056,-0.5212274194
3.8782439232,-0.1918675303,0.0303989705,-0.1308287382,0.3039360046,-0.4353674352,-0.5046517849
3.8881878853,-0.1749047041,0.0288448986,-0.1432659626,0.301063776,-0.3654820919,-0.4541081786
3.8983430862,-0.1561971307,0.0482624806,-0.1444613934,0.337770015,-0.3132921159,-0.3843566775
3.9083681107,-0.1392917037,0.0624703206,-0.145286262,0.4097318053,-0.259865135,-0.3263218701
3.9184279442,-0.1253064871,0.0726033524,-0.1391404271,0.5147334337,-0.1987338662,-0.2726113498
3.9283370972,-0.1182480454,0.0914046839,-0.1281645894,0.6167154908,-0.1579728425,-0.2230145037
3.9383921623,-0.106295228,0.1049894169,-0.1101165414,0.6963472962,-0.1248734817,-0.1733488292
3.9483599663,-0.0957880616,0.0927950814,-0.1022180319,0.7377003431,-0.109190926,-0.1267341822
3.9583802223,-0.083971262,0.0643444732,-0.0816146731,0.7299143076,-0.0875120014,-0.0843736753
3.9683609009,-0.0730528235,0.0446196832,-0.0717859268,0.7179124951,-0.0670525283,-0.0558134057
3.9783701897,-0.063203752,0.0432146825,-0.0677207112,0.6900397539,-0.059631899,-0.0377815403
3.9883580208,-0.0485246815,0.045533184,-0.0515946187,0.6546572447,-0.0521697216,-0.0080582658
3.9985470772,-0.0376072563,0.0370000638,-0.0373145975,0.6650137901,-0.0251117386,0.0225710161
4.0084981918,-0.0296341795,0.0402613916,-0.0330539979,0.7042685151,-0.0105868587,0.0606954955
4.0183572769,-0.017682435,0.0487774648,-0.0252013225,0.7393292785,-0.0088451514,0.1063370183
4.0283331871,-0.0053911232,0.0390508212,-0.0164855737,0.7253599167,-0.0108001782,0.1403559595
4.0383701324,0.0032438315,0.0069419798,0.0001126506,0.6420145631,-0.0091199894,0.1627152115
4.0483021736,0.0129727107,-0.0275506917,0.0143667441,0.5032590628,-0.0154372733,0.1745393872
4.0583119392,0.01973751,-0.0502611361,0.0226815324,0.3390224874,-0.0317198411,0.1694495529
4.0683202744,0.0233792942,-0.0671756789,0.033055719,0.1619819254,-0.046023678,0.1569172442
4.07833004,0.0250106733,-0.0859540626,0.0414426886,0.0254268833,-0.0545878708,0.1538805664
4.0883703232,0.0341117643,-0.0877113268,0.0504041873,-0.0482507981,-0.0435826257,0.1326128393
4.0982933044,0.0348123275,-0.0664744303,0.054298576,-0.0120838741,-0.0147421882,0.0973401964
4.108259201,0.0284088235,-0.040223714,0.0231247526,0.0678977743,0.0017539638,0.079116717
4.1183137894,0.0228325706,-0.0250438992,0.0028625706,0.1202521995,0.0051609455,0.0556876883
4.1282958984,0.0220862906,-0.0405156575,-0.0032911322,0.1778148264,0.02358496,0.0332178026
4.1383581161,0.027990697,-0.0711635873,0.0067044473,0.237600252,0.0313358232,0.0097498931
4.1482591629,0.0413205586,-0.0750565454,0.0288902503,0.2825003564,0.0294092949,-0.0062048389
4.1583151817,0.0477071367,-0.0593721829,0.0409344397,0.3028872311,0.0209228639,-0.0167865101
4.1682901382,0.0550985299,-0.0476273261,0.0471240245,0.2965795398,0.0091173379,-0.0167055503
4.1782631874,0.0625790656,-0.0430074893,0.0576393567,0.2412580997,-0.013752291,-0.0165200606
4.1883039474,0.0693390965,-0.0505163036,0.0778036118,0.1622493118,-0.0216269922,0.00908357
4.1983127594,0.0803658962,-0.0604227744,0.0890374184,0.0545144603,-0.0414702073,0.0369134694
4.2082638741,0.0875274539,-0.0454558097,0.1078606844,-0.0628246814,-0.0551215708,0.0466454588
4.2182502747,0.0791966319,-0.0163441841,0.1024349332,-0.0918299705,-0.0391740277,0.0624963306
4.2282238007,0.058289405,0.0222926196,0.0566764437,-0.0918033347,-0.0444723889,0.0678426176
4.2383160591,0.0420839153,0.0524277724,0.0342147909,-0.0374741852,-0.0301746745,0.0655865297
4.2482452393,0.0338138901,0.0449258126,0.0074063516,0.0457160398,-0.0230821446,0.0697320029
4.2582788467,0.0391428731,0.0322079696,0.0017169096,0.0959806815,-0.0386342071,0.0804215297
4.2681980133,0.0434518121,0.011146849,0.0121745449,0.1567976922,-0.0360080637,0.0824868158
4.2782382965,0.0378723703,-0.0038137382,0.0151034575,0.2111023366,-0.0185078979,0.0802118108
4.2882061005,0.0347909294,0.0038751417,0.0273417812,0.2111161798,-0.018544117,0.075962469
4.2982320786,0.031420555,0.0073534306,0.0495730005,0.164094612,6.17909e-05,0.0440010726
4.3081598282,0.021418808,-0.0223079268,0.0374432765,0.1320519894,0.0134630837,0.015251983
4.3182792664,0.0182158928,-0.0532886945,0.0278400164,0.1053416878,0.0143693574,0.0205773748
4.3282117844,0.0218920689,-0.0639183447,0.0275403243,0.0403222069,0.0010772543,0.0249585398
4.3382511139,0.0265793782,-0.0660474226,0.0286778193,-0.0279083773,-0.0080320882,0.0218800586
4.3480463028,0.0195347052,-0.0616280995,0.0319368802,-0.0865607709,-0.0138569549,0.0187716186
4.3582181931,0.0116332155,-0.0505866967,0.0246908646,-0.1378427297,-0.0120398793,0.0272930656
4.3682508469,0.012546001,-0.0425634347,0.0246957522,-0.1986853033,-0.0177363809,0.0411835834
4.3799972534,0.019462822,-0.0405645333,0.0241796356,-0.288305074,-0.0289964918,0.0551288277
4.3882513046,0.0268796664,-0.0487481318,0.0226343852,-0.424821645,-0.0512557253,0.0755539387
4.3981060982,0.0308624487,-0.0645265505,0.0204415899,-0.6339035034,-0.0772585645,0.0992427617
4.4084210396,0.026356874,-0.0864781067,0.0199716073,-0.9017381072,-0.0941842869,0.1122882515
4.4182591438,0.0131524187,-0.111977689,0.0242862683,-1.1899368763,-0.0964090899,0.1125018373
4.4281997681,-0.0049370551,-0.1238489673,0.0120716076,-1.4366140366,-0.0854824036,0.1136656404
4.4381370544,-0.0202065129,-0.1153925583,0.000946758,-1.5722383261,-0.0842685327,0.128626883
4.4482150078,-0.0365938284,-0.0667927191,-0.0224159975,-1.6840583086,-0.1150868982,0.1257176399
4.4581699371,-0.0520407595,-0.0189528409,-0.0137127656,-1.7949955463,-0.1244985163,0.1258577257
4.4682860374,-0.0699682236,-0.0206065122,-0.0300760288,-1.811460495,-0.0784679055,0.1489433348
4.4781432152,-0.0859518647,0.0001496726,-0.0753787756,-1.7855149508,-0.0219503008,0.2346104383
4.4882040024,-0.0884648263,0.0963902548,-0.1251682639,-1.8189216852,-0.0161472727,0.3185250461
4.4981341362,-0.1014298201,0.1731553674,-0.1418282986,-1.816369772,0.0336841978,0.39469558
4.5083799362,-0.1304433346,0.1673803329,-0.1581839323,-1.7011427879,0.13894777,0.4757366478
4.518196106,-0.1585083604,0.1433266401,-0.1651387215,-1.5475548506,0.239449352,0.5897140503
4.5281610489,-0.1781330705,0.1472309232,-0.1600193977,-1.369415164,0.3422292471,0.6983494759
4.5384092331,-0.2010137439,0.1654895544,-0.1617152691,-1.1219344139,0.4655179083,0.7674943209
4.5483489037,-0.2244023681,0.1818625927,-0.1744201183,-0.8231857419,0.5943458676,0.8131955266
4.5581021309,-0.2415713668,0.1829276085,-0.1766098142,-0.5340114832,0.7240607738,0.8461483717
4.5681052208,-0.2485234737,0.1606481075,-0.1728720665,-0.3002237976,0.8415349126,0.8728455305
4.5781378746,-0.2461895943,0.1195389703,-0.1628732681,-0.1090811267,0.9512279034,0.9038754106
4.5884079933,-0.2374174595,0.0777337626,-0.1502389908,-0.0052743033,1.0346457958,0.9404457211
4.5981149673,-0.2308445573,0.038472835,-0.1364302635,0.0151956836,1.1228568554,0.9876655936
4.6080880165,-0.2282934189,0.0002178007,-0.1317507625,-0.044296138,1.1997494698,1.0339536667
4.6181249619,-0.2239183486,-0.0239400212,-0.1325742006,-0.2274057716,1.2511080503,1.080491662
4.6282949448,-0.2186238766,-0.0433818065,-0.1235559583,-0.4724538922,1.3062493801,1.1259880066
4.6381869316,-0.2114731073,-0.0621507131,-0.111448288,-0.7004894018,1.3711082935,1.1682252884
4.6480922699,-0.1986598372,-0.0567304455,-0.0933507085,-0.9550095797,1.4028171301,1.2319408655
4.6581172943,-0.1778496504,-0.0379278623,-0.0668951273,-1.2446439266,1.4130513668,1.3160054684
4.6682348251,-0.1545739174,-0.0312206093,-0.0407282151,-1.4861314297,1.4118556976,1.3947987556
4.6780381203,-0.1425250769,-0.0170092527,-0.0279867072,-1.7060368061,1.3851143122,1.4663050175
4.6881341934,-0.1367697418,0.0011118704,-0.0131386537,-1.8566244841,1.3580288887,1.5600762367
4.6981201172,-0.1431638598,0.0160604771,0.0030648687,-1.8472174406,1.352350831,1.6376615763
4.708135128,-0.1599425077,0.0356316604,0.0058376766,-1.6745437384,1.3553726673,1.7097640038
4.7181620598,-0.1804374158,0.0619951524,0.0177658182,-1.3547502756,1.3798758984,1.7858738899
4.728041172,-0.1969925165,0.0815619305,0.0419589244,-0.9060490727,1.4436711073,1.8403912783
4.7381920815,-0.2018236518,0.0985394791,0.0594609343,-0.463485539,1.482666254,1.8748871088
4.7480401993,-0.1867904067,0.097804673,0.0808624029,-0.1667990237,1.4777699709,1.9087082148
4.7580809593,-0.1640440822,0.04596496,0.1023694277,-0.0193111598,1.4533219337,1.9162012339
4.7680511475,-0.1581249237,-0.0321592651,0.1080856919,-0.0605379604,1.4111657143,1.8984427452
4.7780480385,-0.1604588926,-0.1066042706,0.1002112031,-0.2958090603,1.3418296576,1.8778090477
4.7880620956,-0.1692989469,-0.1683046222,0.0942298174,-0.5814328194,1.2966417074,1.8517417908
4.7980341911,-0.182171613,-0.1862925887,0.0852741003,-0.929030776,1.2563738823,1.8320596218
4.808049202,-0.1774635613,-0.170332253,0.1014324427,-1.3107780218,1.1907256842,1.8752475977
4.8180861473,-0.1564202905,-0.1715663671,0.1366364956,-1.5101917982,1.1458128691,1.9287996292
4.8280329704,-0.1565658748,-0.1568340063,0.1653485298,-1.4601718187,1.1497240067,1.9659230709
4.8381853104,-0.174621582,-0.0816975757,0.1798373461,-1.1884239912,1.1874824762,2.0101063251
4.8480138779,-0.1840038002,0.016187137,0.1802999377,-0.8025451899,1.2378391027,2.0498812199
4.8579931259,-0.1784317493,0.0874764398,0.1657027006,-0.392922163,1.2625966072,2.0749340057
4.8680500984,-0.1566282213,0.1077063754,0.1579264402,-0.0416482911,1.2472711802,2.0896615982
4.8779768944,-0.1320719719,0.0857109502,0.1497833133,0.1456054747,1.1910431385,2.0941441059
4.8879241943,-0.1153892279,0.0407584943,0.1600866318,0.1301913857,1.1109278202,2.1137974262
4.8981533051,-0.1163105071,-0.0146727506,0.1682318449,-0.0028283242,1.052366972,2.1355171204
4.9079999924,-0.1283953786,-0.0508254133,0.1667208672,-0.171359539,1.0277497768,2.1591670513
4.9180250168,-0.143183291,-0.0478817783,0.1602041721,-0.2611865103,1.0295817852,2.2049014568
4.9279651642,-0.1537717581,-0.0226938073,0.1559169888,-0.2593438625,1.0408197641,2.2675085068
4.9380030632,-0.1540727615,0.009686714,0.152461648,-0.1881704926,1.0548157692,2.3396093845
4.9479732513,-0.1489900053,0.0360758938,0.1619785428,-0.0155715505,1.0747652054,2.3914167881
4.9579849243,-0.1406252086,0.0598816909,0.18174088,0.2511629462,1.0844477415,2.4071028233
4.9680480957,-0.1308183968,0.0823447183,0.2004759312,0.5746552348,1.0679385662,2.4335436821
4.9779648781,-0.1211878061,0.0897339061,0.2133224607,0.8257789612,1.0304399729,2.446362257
4.9879722595,-0.1174074411,0.0809503272,0.2214654088,0.8434812427,0.9546923637,2.4468412399
4.9979691505,-0.1116227508,0.0331933536,0.2346571684,0.6637567878,0.8783541918,2.4315240383
5.0079488754,-0.1037857234,-0.0496489368,0.221754849,0.3858585656,0.7970049977,2.4194967747
5.0180411339,-0.0962828696,-0.1149498746,0.2102980614,0.092730023,0.7309322357,2.4583785534
5.0279340744,-0.094334662,-0.1245389506,0.2107577324,-0.1900904924,0.7066814899,2.5033535957
5.0380277634,-0.1008073986,-0.0881669447,0.2093186378,-0.4398898184,0.6807715893,2.5738115311
5.0479621887,-0.0986088365,-0.0481100045,0.2095592022,-0.5468370318,0.6668946743,2.6727786064
5.0579509735,-0.1006541699,0.0013764554,0.2088288069,-0.4277700186,0.6973141432,2.7479298115
5.0679860115,-0.1033980399,0.0721570924,0.2024958134,-0.1441463083,0.7170353532,2.7975363731
5.0779800415,-0.0938989371,0.1356531382,0.1987240911,0.2070812285,0.6955553293,2.842048645
5.0879769325,-0.0814286023,0.1597054005,0.1954084635,0.5522751212,0.6333193779,2.8762078285
5.0979180336,-0.0812847018,0.1320540905,0.1910176277,0.7972223163,0.5585743785,2.9137072563
5.1079039574,-0.0818600655,0.0697785094,0.1980372667,0.9267169237,0.500123024,2.9607410431
5.1179542542,-0.0853947848,0.0119040664,0.1939284801,0.9036007524,0.4404205382,2.99938941
5.1279001236,-0.0842399001,-0.0323740207,0.194314599,0.8057280183,0.3812884986,3.0476489067
5.1379342079,-0.0881046206,-0.0634535477,0.189823091,0.6619747281,0.3207090497,3.0927605629
5.1478991508,-0.1001679897,-0.0756523535,0.2061285973,0.4871525466,0.2748307586,3.1356759071
5.1579771042,-0.1205458194,-0.0731224939,0.2318455577,0.2674890459,0.2349086553,3.165835619
5.1680011749,-0.1395221949,-0.0598753057,0.2555145025,0.0584801733,0.1940736026,3.2044923306
5.1778879166,-0.1492964178,-0.0326228701,0.2668054104,-0.0067282571,0.1906879395,3.2428069115
5.1879339218,-0.1610257924,0.006498402,0.2533200979,0.137072593,0.2312729061,3.2339441776
5.1978640556,-0.1701270342,0.042113129,0.2389435768,0.4447087049,0.2121450156,3.2189819813
5.2079048157,-0.1678819805,0.04934204,0.2249435186,0.7795436382,0.1082186252,3.2619178295
5.2179079056,-0.1809168607,0.0121586975,0.2012740374,1.0941433907,-0.0001661757,3.3017091751
5.2278871536,-0.2225163281,-0.046296116,0.1856650114,1.3278009892,-0.1054654345,3.2756690979
5.2378811836,-0.2632956505,-0.1009327695,0.1958938837,1.3938589096,-0.191098839,3.2007462978
5.247879982,-0.2783566117,-0.1581948996,0.2141839862,1.287812829,-0.2292933613,3.0799553394
5.2578921318,-0.2652232051,-0.2255754471,0.2176359296,1.0216262341,-0.2498215586,2.9198522568
5.2679409981,-0.2357018292,-0.2849666476,0.2090047002,0.6804430485,-0.2586944103,2.8160336018
5.2778482437,-0.2013921738,-0.3172336221,0.2063442469,0.2675440609,-0.2602741718,2.7557790279
5.2878870964,-0.1729496419,-0.3195729256,0.2117332816,-0.1293330044,-0.2638523877,2.6965854168
5.2978591919,-0.1405852735,-0.3053087592,0.2140088677,-0.4163839519,-0.2485008836,2.6265676022
5.3078432083,-0.1209721267,-0.2719378471,0.2021164894,-0.5559711456,-0.2439396828,2.5363323689
5.3178987503,-0.1121427417,-0.2275277972,0.1759051085,-0.5695833564,-0.2447367758,2.4556062222
5.3278207779,-0.1109808385,-0.1871143579,0.1482507586,-0.4828556478,-0.2479080707,2.3811986446
5.3378682137,-0.1223756969,-0.1619591713,0.1264209151,-0.3343672454,-0.2303429246,2.3013031483
5.3478751183,-0.1406018734,-0.1458437443,0.1091895103,-0.158102721,-0.2073976547,2.2001042366
5.3578300476,-0.1483263373,-0.1422894597,0.098723948,0.0276919026,-0.1664004177,2.0764713287
5.3678293228,-0.1456389427,-0.1520041823,0.0802536607,0.2530398071,-0.1200252026,1.9209041595
5.3777289391,-0.1287953854,-0.1581833959,0.0644659996,0.4285370708,-0.1156538948,1.7720134258
5.387804985,-0.1003420353,-0.1747867465,0.0594475232,0.5645909905,-0.127402693,1.6498196125
5.3978071213,-0.0735477805,-0.2148586512,0.053660091,0.6505731344,-0.1533831656,1.5341296196
5.4077911377,-0.0641937852,-0.2543216944,0.0599077307,0.6915789247,-0.1667815298,1.4300736189
5.4178447723,-0.0722388029,-0.2827225327,0.0579527579,0.7015046477,-0.164405182,1.3238115311
5.4277801514,-0.0831449032,-0.2951851487,0.0502099954,0.677007854,-0.134407863,1.2290812731
5.437830925,-0.0911256671,-0.3023705482,0.0497212373,0.6461362243,-0.1045362577,1.1258589029
5.4477910995,-0.0842713118,-0.3052822351,0.0340883695,0.6269503236,-0.0733836666,1.0364294052
5.4579391479,-0.0694880486,-0.2931421995,0.022609232,0.6057962775,-0.0677830353,0.9599131346
5.4677948952,-0.0483433641,-0.2826262712,0.0113058072,0.5828001499,-0.0974722207,0.8836295605
5.4778342247,-0.0244409461,-0.2953157425,-0.0038136265,0.5396979451,-0.1528713107,0.819214642
5.487762928,-0.0085275192,-0.3157233596,-0.0130710024,0.4678460956,-0.2139061689,0.7463555932
5.4980831146,-0.0007664584,-0.3360353708,-0.0173615236,0.3959187865,-0.2632401586,0.667046845
5.5076088905,-0.0034258985,-0.3385895491,-0.0098607559,0.3302069008,-0.285887152,0.5779986978
5.5176081657,-0.0145746488,-0.3281277418,-0.0003382585,0.3272041976,-0.2759762108,0.4897580445
5.5275940895,-0.0322928466,-0.3015905023,-0.0035952351,0.3538323343,-0.2379747331,0.4098137021
5.537610054,-0.0420110859,-0.2665819526,-0.0047031664,0.373901397,-0.1807948053,0.3286871314
5.5479521751,-0.0367354192,-0.2543107271,-0.0111854691,0.3950769901,-0.1257999986,0.2412004322
5.5577750206,-0.0192389507,-0.2686736584,-0.0154023785,0.4207409024,-0.1058550552,0.1751837283
5.5678291321,0.0008228995,-0.2816888094,-0.0245013256,0.4060410559,-0.1170653626,0.127459079
5.5777602196,0.0078031993,-0.2896620631,-0.0218688864,0.3529136777,-0.1233400404,0.0669816285
5.5877780914,0.0094676595,-0.2993973494,-0.0140334982,0.288097918,-0.1329820007,-0.0019660182
5.597738266,0.0068026162,-0.3060369492,-0.0058678412,0.2200741172,-0.1447265595,-0.0645260662
5.6077580452,0.003761468,-0.3027921915,0.0006246545,0.1606118679,-0.1616906226,-0.1196188852
5.6177811623,-0.0035598897,-0.2954318523,0.0023417452,0.1459391862,-0.1677421182,-0.1886229813
5.6277470589,-0.0104579348,-0.2720404863,-0.0038009307,0.1387800723,-0.1769835502,-0.262925446
5.6377439499,-0.0178663153,-0.2490888834,-0.0041517043,0.1487046182,-0.1840140373,-0.3436264098
5.6477298737,-0.0198944826,-0.2411469221,-0.0034259579,0.1531739384,-0.1761374623,-0.4265471101
5.657705307,-0.019552948,-0.2404512167,-0.0045382404,0.149056673,-0.161929518,-0.5116292238
5.6677489281,-0.0207663793,-0.2441664338,-0.0064536952,0.1416653395,-0.1412828267,-0.590374887
5.6776943207,-0.0187210459,-0.2425771952,-0.0052053952,0.1192652285,-0.1205807328,-0.6489245892
5.6877651215,-0.01719773,-0.2367987037,-0.0026934168,0.0862851739,-0.1085733399,-0.7148476839
5.6976928711,-0.0209658761,-0.2376877069,-0.0067378306,0.0586166605,-0.0975036472,-0.7701440454
5.7076869011,-0.0260768551,-0.2403385043,-0.0154849309,0.0343012027,-0.105627358,-0.8231939673
5.7177629471,-0.0355927981,-0.2436736822,-0.0105034728,0.031329114,-0.1093914658,-0.8858490586
5.7276992798,-0.0476673879,-0.2358645797,-0.0086010713,0.0423258394,-0.1164275408,-0.96867764
5.7376971245,-0.0545049943,-0.2246396542,-0.0028545877,0.0405523032,-0.1330765635,-1.0397511721
5.7476649284,-0.0588591136,-0.2257053256,0.0038447359,0.0515740663,-0.1464525461,-1.1140395403
5.7579889297,-0.0618490614,-0.2273504138,0.0095148068,0.0465545394,-0.1556891799,-1.1894044876
5.7677621841,-0.0664386153,-0.2296226621,0.0132342558,0.0447004475,-0.1585313082,-1.270126462
5.7776532173,-0.0677037239,-0.2451802492,0.0170611721,0.0342950746,-0.1593172103,-1.3529821634
5.7875800133,-0.0619424619,-0.2603943348,0.0250676852,-0.0165420063,-0.1722572446,-1.4452908039
5.7978248596,-0.0579305328,-0.2793452144,0.0335342847,-0.1035915539,-0.1919577122,-1.5449650288
5.8076748848,-0.0605724491,-0.3060109019,0.0514035188,-0.202276051,-0.2203944176,-1.6562628746
5.8177022934,-0.081671536,-0.3366277814,0.069853425,-0.3201562166,-0.2490252703,-1.7728577852
5.8276329041,-0.1067883968,-0.3507496715,0.080337882,-0.453091085,-0.2617948353,-1.8959194422
5.8376703262,-0.130161047,-0.3444721103,0.0771688223,-0.5797120333,-0.2638204396,-2.0179920197
5.8477110863,-0.1478150785,-0.3285574317,0.0701391697,-0.6786599159,-0.2622875273,-2.1241719723
5.8576550484,-0.1577371955,-0.3087123632,0.0657149553,-0.7050917745,-0.2547909915,-2.2240688801
5.8676233292,-0.1589005291,-0.2780758739,0.0604844652,-0.6897919178,-0.2671105266,-2.3036789894
5.8808450699,-0.1568718553,-0.2463673353,0.0608037673,-0.6210662723,-0.2917133272,-2.3683743477
5.8885602951,-0.1602978408,-0.2253217101,0.0643468499,-0.5267570615,-0.3139371276,-2.4277899265
5.8978829384,-0.1662346721,-0.2100155354,0.0759236217,-0.4356584251,-0.3372073174,-2.4808187485
5.9081687927,-0.1736863852,-0.2054385543,0.0897874832,-0.3574251533,-0.3520648479,-2.5392084122
5.918202877,-0.1817248166,-0.206798315,0.0963042974,-0.292052269,-0.3595685661,-2.601890564
5.9282422066,-0.1865902245,-0.2043148875,0.1003713608,-0.2340028137,-0.3863389194,-2.6601891518
5.9379110336,-0.197953999,-0.2010751367,0.105846405,-0.1653863341,-0.4001969397,-2.7175142765
5.9475431442,-0.2120592296,-0.1979624629,0.1106969118,-0.0671018586,-0.3808341622,-2.7920758724
5.9573330879,-0.2174407244,-0.1831101775,0.1177196503,0.0292093698,-0.3828254044,-2.8622484207
5.9675130844,-0.2099627107,-0.1595464945,0.1318718791,0.1128909513,-0.4157103896,-2.9088387489
5.9773550034,-0.197020188,-0.1480411291,0.1425718665,0.168907091,-0.4626315534,-2.9468195438
5.9873671532,-0.1920045018,-0.1537012458,0.1509076953,0.2005108148,-0.5331091881,-2.9676322937
5.9973311424,-0.1966539323,-0.168012321,0.1513123512,0.1819266081,-0.6101962328,-2.966057539
6.0073432922,-0.2100715637,-0.1793524027,0.1618112922,0.1119459271,-0.66634202,-2.9688317776
6.0174870491,-0.2216466069,-0.1888169646,0.1753011346,-0.0125342133,-0.711240828,-2.9811990261
6.0274300575,-0.2217344195,-0.186647296,0.1890878081,-0.1252642274,-0.7550280094,-2.9999594688
6.0374450684,-0.2199237645,-0.1777618527,0.2009726167,-0.2090217024,-0.8230445981,-3.0037102699
6.047372818,-0.2170537114,-0.1503377557,0.2175151706,-0.2640024126,-0.8875884414,-3.0021910667
6.0573301315,-0.2218540311,-0.1248176023,0.2275639176,-0.250721097,-0.9368300438,-3.0231297016
6.068789959,-0.2324506044,-0.1009569094,0.2266037464,-0.1723208129,-0.9855880141,-3.046241045
6.0776033401,-0.2409624457,-0.0726728961,0.2211244702,-0.0725533441,-1.0467799902,-3.0427260399
6.0873908997,-0.2442274988,-0.0506031476,0.2190077305,0.0100549841,-1.1016185284,-3.03074193
6.0976762772,-0.2412402034,-0.0318796597,0.2175790668,0.0723384619,-1.1544078588,-3.0113227367
6.1076402664,-0.2328719646,-0.0165397469,0.2219195962,0.1080176383,-1.2222532034,-2.9779734612
6.1175580025,-0.2257308513,-0.005658621,0.2372566462,0.0988289267,-1.2945306301,-2.9222538471
6.1275639534,-0.2155975103,-0.0081933681,0.2584140897,0.0065610497,-1.3919688463,-2.8588764668
6.1375951767,-0.2111470252,-0.0273290221,0.2830680013,-0.1241263896,-1.4834467173,-2.8135707378
6.1479682922,-0.2175477743,-0.0534141026,0.2984494567,-0.2346443832,-1.5493799448,-2.7992548943
6.1578121185,-0.2322117239,-0.058126267,0.295378089,-0.3186655045,-1.5937013626,-2.7819125652
6.1675043106,-0.2385109961,-0.036207851,0.2883616686,-0.371874392,-1.6342730522,-2.7284927368
6.1780581474,-0.2380687147,-0.0030391759,0.2750551701,-0.3654483259,-1.6583304405,-2.6720314026
6.1876969337,-0.2347223163,0.0375993885,0.2501452565,-0.3397208452,-1.6929295063,-2.6165807247
6.1974601746,-0.2235059142,0.0645486787,0.2370970845,-0.2767066061,-1.7218226194,-2.5526943207
6.2076530457,-0.2130906582,0.0710944608,0.2266651988,-0.1901655793,-1.7537863255,-2.4941158295
6.2401342392,-0.2096450925,0.084491618,0.2257351875,-0.1580172479,-1.7915159464,-2.4354617596
6.242067337,-0.2061378956,0.0899942592,0.2259952426,-0.1537061185,-1.8187807798,-2.3779187202
6.2421050072,-0.2085930705,0.0944333151,0.2272404432,-0.100394696,-1.8318120241,-2.3258171082
6.2527418137,-0.2142282724,0.1087890938,0.2290947437,-0.035389863,-1.8393963575,-2.2716314793
6.2595767975,-0.2161919475,0.1283046007,0.2454175949,0.009377609,-1.8587524891,-2.2003550529
6.2675390244,-0.2149961591,0.1275595427,0.2528845668,0.0615691729,-1.8716528416,-2.1312525272
6.2774682045,-0.2167310417,0.1171418503,0.246653378,0.0667823106,-1.8796536922,-2.0717105865
6.2873940468,-0.2156770527,0.1086484268,0.2338820696,0.044239983,-1.887860775,-2.0110852718
6.2973341942,-0.2099512219,0.0981541947,0.2176375389,0.012144234,-1.8983720541,-1.9610614777
6.3073949814,-0.2035909295,0.0935305431,0.2144446373,-0.0050914781,-1.8991382122,-1.9100496769
6.3172869682,-0.1996091306,0.1015401557,0.2104249001,-0.0320172384,-1.8872107267,-1.8654866219
6.3273868561,-0.1948687434,0.1055461839,0.1861078739,-0.0300837811,-1.8824846745,-1.8145238161
6.3373212814,-0.196195066,0.103890188,0.1577521563,-0.0004826114,-1.8731404543,-1.748737812
6.3473701477,-0.1968714297,0.1142109707,0.1302443147,-0.0029265946,-1.863982439,-1.6754904985
6.3572831154,-0.1959100366,0.1229899004,0.1133432984,0.0478736013,-1.8342140913,-1.6151628494
6.3673491478,-0.1984685659,0.1381098628,0.092798233,0.1391726136,-1.7903747559,-1.5708904266
6.37728405,-0.197886914,0.1617949605,0.0860837698,0.2273512185,-1.7582777739,-1.5222911835
6.3875112534,-0.199737072,0.1637501121,0.0854754448,0.3474419117,-1.7120507956,-1.4748672247
6.3974518776,-0.2099314928,0.1428997517,0.0652965307,0.4515956342,-1.6682320833,-1.4444137812
6.4075193405,-0.2209137678,0.1204978302,0.0515595041,0.4256708324,-1.6467115879,-1.4041644335
6.4174432755,-0.2229224145,0.0872198418,0.0560204946,0.3121352196,-1.6078702211,-1.3841524124
6.4275050163,-0.2296202183,0.0397257842,0.0384948216,0.2519027591,-1.5558924675,-1.3759483099
6.4374580383,-0.2324974537,0.0153482016,0.0094307642,0.1744890809,-1.5058686733,-1.3305350542
6.4474139214,-0.225356847,0.0122695621,-0.0299175996,0.0779002085,-1.4738708735,-1.2509957552
6.4574389458,-0.217786938,0.009144431,-0.0551817454,0.0260291584,-1.4255440235,-1.1769037247
6.4674620628,-0.2119674981,0.0130292233,-0.075715661,0.0371281467,-1.3683489561,-1.1231004
6.4774069786,-0.2141157389,0.0416795649,-0.0812250376,0.0640982464,-1.2939341068,-1.0704849958
6.487429142,-0.2143319845,0.0756943896,-0.0814622045,0.1199780256,-1.2258045673,-1.0284701586
6.4974908829,-0.2162917256,0.0975501016,-0.0980442762,0.201565966,-1.171308279,-0.978947401
6.5074119568,-0.2159283161,0.0966873243,-0.1142104864,0.2618186474,-1.126422286,-0.9091627598
6.5174059868,-0.2152215242,0.0857602432,-0.1270129681,0.3156328797,-1.0794047117,-0.834074676
6.5274739265,-0.2152962089,0.0822043493,-0.1373785734,0.3332651258,-1.0423662663,-0.7684589028
6.5375747681,-0.2102971077,0.080092676,-0.1273109913,0.3221183419,-1.0119303465,-0.6985290051
6.5474357605,-0.2031428218,0.0606792606,-0.099640131,0.2969237566,-0.9518731833,-0.6521556377
6.557390213,-0.1990625858,0.0412062444,-0.0760231018,0.2684065104,-0.8674743772,-0.631436646
6.5673971176,-0.1934366822,0.0352709331,-0.070273757,0.2484035045,-0.7798063159,-0.6107433438
6.5776042938,-0.1830941141,0.0381377973,-0.088263154,0.2476608753,-0.7109367251,-0.5559452176
6.5874643326,-0.1667725444,0.038372878,-0.1053956747,0.2353690565,-0.6688038707,-0.4924663603
6.5973768234,-0.1522516608,0.0310783442,-0.111931622,0.2508269846,-0.6212232709,-0.4428568482
6.6074380875,-0.1456325352,0.0280015524,-0.1111232042,0.2813558578,-0.5811784267,-0.4123285115
6.617398262,-0.1470006108,0.0359799899,-0.1000927687,0.3300666809,-0.5410869122,-0.3924355209
6.6273970604,-0.1535605192,0.0414024033,-0.0799053907,0.3828175068,-0.4637620747,-0.3972233534
6.6373639107,-0.1595504284,0.0323925652,-0.07403332,0.4344673753,-0.3800820708,-0.407361716
6.6474332809,-0.1462628841,0.0178299006,-0.0870798826,0.4477949142,-0.3252071142,-0.3769175112
6.657336235,-0.1168392897,0.0035097653,-0.0987811089,0.4228520095,-0.2992729843,-0.3218258023
6.6674199104,-0.0931660533,-0.0059436504,-0.0907472372,0.3734573126,-0.2831962705,-0.2719631493
6.6772241592,-0.078099072,-0.0156201068,-0.0765874982,0.3090495467,-0.2534567714,-0.2349241674
6.6873168945,-0.0669472814,-0.0109537784,-0.059205655,0.2339244336,-0.2205510139,-0.1936518401
6.6973371506,-0.0556600131,0.0021948868,-0.0433668531,0.163028419,-0.1833245456,-0.1513499171
6.7073221207,-0.0412719287,0.0132747944,-0.0173490066,0.1005927399,-0.1374587864,-0.1059209183
6.7172660828,-0.0227313656,0.0251470264,0.0002323368,0.038216047,-0.0959305167,-0.0679009557
6.7273359299,-0.0019077682,0.0348191299,0.0025666335,-0.0144394403,-0.0682221949,-0.0297977831
6.7374801636,0.0179765206,0.0414233245,-0.0018212221,-0.0391371995,-0.0680251122,0.0159021933
6.7473487854,0.0340880118,0.0471811928,0.0034969428,-0.0497565493,-0.0891652852,0.05323039
6.757183075,0.0346612595,0.0491660871,0.0252102595,-0.0401308239,-0.0964596868,0.067084685
6.7673110962,0.0312619172,0.0414885916,0.0476844274,-0.0199123695,-0.0846373811,0.0563699938
6.7773799896,0.0245761257,0.03196216,0.0598892532,0.0599541031,-0.0552928075,0.040185295
6.7873067856,0.024465112,0.0259068068,0.0497193299,0.1655399054,-0.0427466556,0.0368430279
6.7973890305,0.0320118628,0.015493637,0.0399911366,0.2221276909,-0.0486263856,0.0474633165
6.8073091507,0.0463091694,-0.0103418175,0.0429265462,0.2232526094,-0.0519058034,0.037922278
6.8173398972,0.0564703606,-0.0403196178,0.0488386117,0.2115216553,-0.045748841,0.0187682882
6.8272938728,0.0583866797,-0.0539841019,0.0566087924,0.1922952235,-0.0364509448,-0.0014640124
6.8375000954,0.0551848672,-0.059193965,0.0536835752,0.1303807348,-0.030639397,-0.0152674429
6.8472537994,0.051014062,-0.0668345019,0.0492874347,0.0119036175,-0.0336570218,-0.0109155718
6.857322216,0.0508420132,-0.0749962255,0.0465986691,-0.084170714,-0.0343782082,-0.0087208599
6.867249012,0.0515249632,-0.0659241602,0.0511585437,-0.1226600558,-0.0282358937,-0.0055466387
6.8775053024,0.0528903864,-0.032408949,0.0643512011,-0.0853807181,-0.0162359551,-0.0109625757
6.8872771263,0.0493009351,0.0034227425,0.0641794801,-0.0031969054,-0.0124484077,-0.0174188782
6.8973093033,0.0516635738,0.0261977967,0.058549758,0.0705184639,-0.018322276,-0.0206174683
6.9072618484,0.0542062484,0.021212345,0.0662302971,0.1271340698,-0.0211361721,-0.0259507131
6.9174280167,0.0558535419,0.0038315111,0.0745910406,0.1794715822,-0.0218680073,-0.0334171504
6.9272441864,0.0516383015,-0.0046359245,0.0767710805,0.2061527222,-0.0195603799,-0.0377003141
6.9373230934,0.0532491766,-0.0012065119,0.0788002014,0.2211669683,-0.0321808346,-0.0280709881
6.9472489357,0.0561251603,-0.0046664421,0.0673285723,0.1914056093,-0.0547013208,-0.0098435162
6.9574160576,0.06013247,-0.0161985699,0.0631542802,0.1402683705,-0.0731306672,0.0062478362
6.9672403336,0.0564507209,-0.0253220741,0.0615025721,0.0666942969,-0.0874941573,0.0180786625
6.9773130417,0.0408873521,-0.0192959849,0.0620717965,0.0312413629,-0.0599789098,0.0179245975
6.9872512817,0.0162982922,0.0097987708,0.0360584818,0.0278418381,-0.0322982818,0.008185952
6.9973220825,0.0062650419,0.027531689,0.007893322,0.066072315,-0.010573809,0.0143935131
7.0071811676,0.0069918311,0.0301395711,-0.0058619403,0.1192404628,0.010235332,0.0248453543
7.0172901154,0.0106165987,0.0185579117,-0.0112501401,0.1821027845,0.0256600957,0.0215129405
7.0272169113,0.0101695936,0.0081914719,-0.0013045094,0.2013419867,0.0246946998,0.0161938109
7.0373029709,0.0056917644,-0.0032513088,0.0292952042,0.1331181973,0.0228872113,-0.008180771
7.0472040176,-0.0075519704,-0.0456823669,0.0566401444,0.0251656268,0.0517151318,-0.0391016714
7.0572772026,-0.0070417547,-0.1005405113,0.0545800887,-0.0827314109,0.0594835728,-0.032701429
7.0672030449,0.0070832944,-0.1120228693,0.0514038764,-0.1702599227,0.0483547561,-0.0049459627
7.0772762299,0.0222883206,-0.0888411924,0.0449644886,-0.2372950166,0.0169552881,0.0080506634
7.0871911049,0.0308864694,-0.0611649714,0.0390128456,-0.2754487991,-0.0164724439,0.0082940757
7.0972280502,0.038663622,-0.0404338799,0.0391923152,-0.2869627178,-0.0391178355,-0.004298415
7.1071848869,0.044561442,-0.0235528294,0.0373346768,-0.2633729577,-0.0507193655,-0.00742683
7.1172499657,0.0476359688,-0.0073752347,0.0312018376,-0.2377127409,-0.0589988641,0.0011082015
7.1272211075,0.0528958403,0.0082716998,0.0257514101,-0.239914909,-0.0598848984,0.0244880933
7.137237072,0.0555981956,0.0190658625,0.0096268635,-0.2943916023,-0.0643845722,0.0479293726
7.1471748352,0.0547242723,0.0069068726,-0.0097578783,-0.401147604,-0.0714414194,0.0692975074
7.1572031975,0.0501572154,-0.0257660691,-0.0289042015,-0.5965117812,-0.0770545602,0.0896555111
7.1671671867,0.0368829332,-0.0717030689,-0.039566759,-0.8539542556,-0.0555141196,0.0918203965
7.177230835,0.0185803752,-0.1174926683,-0.068210423,-1.0997775793,-0.0168327708,0.087489292
7.1871471405,0.0103047471,-0.123697035,-0.0789514184,-1.3211169243,0.0295328647,0.0852184147
7.1972007751,0.0102887731,-0.0979849026,-0.0739890337,-1.4709610939,0.0775517896,0.0871388242
7.2071490288,0.0120523255,-0.0730402991,-0.0695240498,-1.5512853861,0.1027359739,0.1050922573
7.2172131538,0.0088443737,-0.0504623614,-0.0542376079,-1.5794798136,0.1434154809,0.1377813667
7.227101326,-0.0013525509,-0.0276651327,-0.0475267209,-1.4813735485,0.2549321651,0.2156066447
7.2372913361,-0.0115194339,0.0298394021,-0.096716404,-1.4188512564,0.282750994,0.2876262367
7.2471241951,-0.0120975394,0.0957592204,-0.1072161198,-1.3978639841,0.3152314425,0.3171479106
7.2571411133,-0.0209155399,0.0765659884,-0.1352366209,-1.4280631542,0.3513721228,0.3211847246
7.2671642303,-0.0285246689,0.0002155358,-0.1568684578,-1.5532826185,0.3795153499,0.3508366346
7.2771229744,-0.0421488918,-0.066568248,-0.1769034863,-1.7608202696,0.4188622534,0.3900339901
7.287115097,-0.0679807067,-0.0998666212,-0.1903892756,-2.0198025703,0.4813682437,0.4344299436
7.2971282005,-0.0943202972,-0.107802622,-0.2078896761,-2.3035373688,0.5651293993,0.4872053862
7.3071660995,-0.1153608561,-0.1088020727,-0.2157779932,-2.5758273602,0.6717163324,0.5738204718
7.3170781136,-0.1311735809,-0.0852485821,-0.2142751813,-2.8747968674,0.765534699,0.6913462877
7.3271279335,-0.1367195845,-0.0451203547,-0.1954340339,-3.1886837482,0.8560312986,0.8089041114
7.3371319771,-0.1359456778,-0.0060615484,-0.1653559804,-3.4662098885,0.9487194419,0.8998626471
7.3471288681,-0.1240525246,0.0351435579,-0.1283539534,-3.6507110596,1.0207877159,0.9951393604
7.3571028709,-0.1077025235,0.0729023889,-0.0832771659,-3.6345748901,1.0861263275,1.1211262941
7.3671679497,-0.0954511464,0.1184964851,-0.0604261197,-3.4154334068,1.1253226995,1.2567051649
7.3770942688,-0.0947962999,0.1685563326,-0.0515092053,-3.0605254173,1.1367908716,1.4019318819
7.3870749474,-0.1094141304,0.2074117661,-0.0595011748,-2.6286411285,1.1443457603,1.5195066929
7.3971147537,-0.1306347847,0.2198283076,-0.0823014379,-2.1796264648,1.1665380001,1.5838569403
7.4070391655,-0.1546808779,0.2086085081,-0.1088801622,-1.7731018066,1.1742662191,1.6196442842
7.4171261787,-0.1700959504,0.1821695268,-0.1094359159,-1.4583141804,1.1863583326,1.6235947609
7.4270582199,-0.1808705926,0.1413558125,-0.0973162651,-1.2577155828,1.2069212198,1.5967615843
7.4371418953,-0.1820983887,0.0879126564,-0.0679909587,-1.2555503845,1.2068556547,1.586132288
7.4470591545,-0.1675682068,0.0104976054,-0.0195255298,-1.4765133858,1.1926298141,1.6225001812
7.4571323395,-0.1428901851,-0.0731217191,0.0213678461,-1.8969699144,1.1504331827,1.6942514181
7.4670572281,-0.1176746488,-0.1311212182,0.0472575985,-2.4634771347,1.0721168518,1.7982068062
7.4770941734,-0.0958395004,-0.1515212357,0.0739486217,-3.0544006824,0.9744344354,1.908675909
7.4870328903,-0.0870934427,-0.1349488497,0.091163218,-3.4830992222,0.8791052103,2.0232694149
7.4970808029,-0.0973112881,-0.0826624855,0.0872325301,-3.624519825,0.7730600238,2.1249847412
7.5070381165,-0.1237534881,-0.0071669463,0.0786066055,-3.3050944805,0.7141581178,2.1973860264
7.5170459747,-0.1724379361,0.0773948804,0.0476059876,-2.6141796112,0.6716303229,2.2237408161
7.5270748138,-0.2200627625,0.1596592814,0.0303319674,-1.8166832924,0.6502097249,2.2466955185
7.5370397568,-0.244207859,0.1971229762,0.0281056147,-1.0493432283,0.6888692379,2.1981008053
7.5470919609,-0.2460062504,0.1712825745,0.0382024013,-0.3641363382,0.7361579537,2.1080746651
7.5570173264,-0.22433424,0.1114199534,0.0363326035,0.1556987315,0.7516455054,2.0736145973
7.5670819283,-0.1976368427,0.046311263,0.0461678468,0.4437419772,0.7626417279,2.0988395214
7.5770282745,-0.1851128936,-0.0196346585,0.049628254,0.4267298579,0.747697413,2.1170108318
7.5870437622,-0.1828000844,-0.0838633701,0.0593144856,0.1632699668,0.7200721502,2.1248106956
7.5969719887,-0.1917514801,-0.1354212761,0.0601420961,-0.2379345745,0.6956965327,2.1369335651
7.6070809364,-0.2015917897,-0.1489699483,0.0580321513,-0.5561362505,0.695636332,2.1679654121
7.6169681549,-0.2244415879,-0.104873322,0.0542263351,-0.6930148602,0.7213816047,2.1774544716
7.6269578934,-0.2399142385,-0.0296986047,0.0591148697,-0.6282196641,0.7561750412,2.18780756
7.6370029449,-0.2348232269,0.023630714,0.072481811,-0.3829812407,0.7796750665,2.2140433788
7.6470441818,-0.2089323699,0.0493645705,0.0969654322,-0.075656198,0.7812284827,2.2425034046
7.6570010185,-0.179667592,0.0719273761,0.1234676242,0.2393416911,0.7613996267,2.2636609077
7.666987896,-0.1564512551,0.0812002495,0.142261982,0.503315568,0.7207531333,2.271176815
7.6769390106,-0.1460451186,0.0812642351,0.1515923738,0.6755288839,0.6782576442,2.2702686787
7.6869421005,-0.1482739449,0.060565535,0.1498592496,0.7389097214,0.6274911165,2.2758655548
7.6970009804,-0.1612785459,0.0311254915,0.1392602921,0.7497836947,0.5956796408,2.2962517738
7.7071089745,-0.185305357,-0.000287289,0.1304927468,0.7668859363,0.5842458606,2.318624258
7.7170271873,-0.2158122659,-0.019921476,0.1331472397,0.787073493,0.588827312,2.3355762959
7.726954937,-0.2361084819,-0.0279067699,0.1318512559,0.7496086359,0.5919528008,2.3600172997
7.7370419502,-0.2365966439,-0.0391470455,0.1454953551,0.6725814342,0.6106393933,2.3652625084
7.7472290993,-0.2190951705,-0.0533023141,0.1539043784,0.521253407,0.5837361217,2.3559811115
7.7570228577,-0.1812443137,-0.0678955242,0.1566951275,0.3179152012,0.5086061954,2.378921032
7.7669258118,-0.1540383697,-0.0824804232,0.1530470848,0.0666523501,0.4223642945,2.3955914974
7.7771492004,-0.1416564584,-0.0817073509,0.1508144736,-0.1740534753,0.3563786447,2.3961856365
7.787209034,-0.1415198743,-0.0660701916,0.1643782854,-0.3207832575,0.2899564505,2.386095047
7.7970180511,-0.1445607543,-0.0347869359,0.1678766012,-0.3394259214,0.2077944875,2.4195761681
7.8070130348,-0.1416477561,-0.0061524455,0.1725407243,-0.2396473736,0.1246127784,2.4763524532
7.817592144,-0.1522600353,0.0125985797,0.1796278358,-0.062110424,0.0633709952,2.528683424
7.8271450996,-0.1706289649,0.022823995,0.173084259,0.1644026041,0.0216565654,2.5702288151
7.8371009827,-0.1892610192,0.0258779582,0.1642889977,0.430121243,0.0186479911,2.6029977798
7.8467073441,-0.1997959912,0.0305507835,0.1697509289,0.6231625676,0.031010652,2.6240305901
7.8568048477,-0.1883585453,0.0310120042,0.1894445419,0.6319540143,-0.00932239,2.6487188339
7.8667230606,-0.1483846903,-0.0042911116,0.2002049685,0.5162044764,-0.088121593,2.6631217003
7.8769798279,-0.1217552125,-0.0512149893,0.1866550446,0.3205241561,-0.1856422871,2.6851372719
7.887034893,-0.1255483329,-0.0738132522,0.1710619926,0.1652120799,-0.2530634105,2.6909947395
7.8968129158,-0.1522493064,-0.077435784,0.1530343294,0.0994811356,-0.3028466702,2.6796824932
7.9067749977,-0.1679345369,-0.0660236403,0.1449688673,0.1200934649,-0.3401586413,2.6724731922
7.916738987,-0.1736067533,-0.0515953861,0.1482633352,0.2389831096,-0.380050391,2.6492750645
7.9267191887,-0.1710342318,-0.0414033495,0.1525982618,0.4207760692,-0.4203091264,2.6515340805
7.9368648529,-0.1708140075,-0.0361102782,0.1633840799,0.6333454847,-0.4494076371,2.6802551746
7.9467163086,-0.1710872352,-0.032773193,0.1775794625,0.8263764381,-0.4370178282,2.7044751644
7.9569072723,-0.176124841,-0.0316995941,0.1874059439,0.9935490489,-0.3865476847,2.7061583996
7.966878891,-0.1703453064,-0.035155531,0.1893875003,1.0617872477,-0.3805941939,2.7156336308
7.9769067764,-0.146169737,-0.0578422509,0.1955609918,0.9469596148,-0.4569129348,2.7693285942
7.9868707657,-0.1186866462,-0.105859451,0.1912285089,0.7124935389,-0.5203260183,2.8155863285
7.9968671799,-0.1238142103,-0.1470018029,0.1873886585,0.4212759435,-0.5408309698,2.8063619137
8.0070180893,-0.1466342658,-0.162663579,0.1733944416,0.1545891315,-0.5506386161,2.7758023739
8.0168924332,-0.1637078226,-0.1610760689,0.1638718247,-0.0574461594,-0.5930033922,2.7634773254
8.0268764496,-0.1640748978,-0.1621287465,0.1574472189,-0.1575376093,-0.618468821,2.7509634495
8.0369176865,-0.1647174507,-0.1581873894,0.1363525391,-0.1051485762,-0.6036515236,2.6860237122
8.0468254089,-0.1681107581,-0.1373992562,0.1308481693,0.049938485,-0.6147808433,2.6190569401
8.0568971634,-0.157177195,-0.1176668331,0.1220065355,0.2786567509,-0.6326115727,2.5765161514
8.0666465759,-0.1503610611,-0.1066319868,0.1133161783,0.506284833,-0.640978694,2.5169174671
8.0766983032,-0.1478432417,-0.1083371565,0.0971786976,0.6943988204,-0.6380944848,2.4339008331
8.0866613388,-0.1460007429,-0.120114319,0.0808214545,0.8268128037,-0.6089847684,2.343316555
8.0973033905,-0.1460165679,-0.1442060471,0.0764436722,0.9046253562,-0.5610425472,2.2547733784
8.1070928574,-0.146132037,-0.1710583568,0.0862811804,0.9438861609,-0.4994753003,2.1693553925
8.1167821884,-0.1472733468,-0.1884423494,0.1049102545,0.8957439661,-0.4598227143,2.1000759602
8.1268463135,-0.1413715482,-0.2046194673,0.1241533756,0.7866520882,-0.4099001884,2.037147522
8.1368312836,-0.1324298978,-0.2179383636,0.1375300884,0.6478360891,-0.3731847703,1.9562633038
8.1468715668,-0.1171427369,-0.223618567,0.1176676154,0.5263615847,-0.3809457421,1.9085907936
8.1568107605,-0.1010322869,-0.2157340646,0.0749664307,0.4167532623,-0.4129928946,1.8855048418
8.1668367386,-0.0919589102,-0.2066565752,0.0492968522,0.3541838825,-0.4427792728,1.8336844444
8.1768007278,-0.0890371203,-0.2134367228,0.0295459013,0.3632920086,-0.4787117243,1.7478560209
8.1868391037,-0.0866906345,-0.2141066194,0.0210934859,0.4130046964,-0.5186263919,1.659901619
8.1967830658,-0.0909192264,-0.2064545751,0.0344468318,0.493404597,-0.5220471621,1.562128067
8.2067985535,-0.1010641158,-0.1911834478,0.047982689,0.6173142791,-0.4815916717,1.4311050177
8.2167835236,-0.1115612388,-0.1737499237,0.0685083866,0.7615785599,-0.4453553557,1.2884097099
8.2267875671,-0.114408195,-0.1580275893,0.0843179226,0.898250103,-0.4036324024,1.1690559387
8.2367515564,-0.1202509999,-0.1490921974,0.0964933634,1.0229424238,-0.3394161463,1.0665646791
8.2468080521,-0.1239808798,-0.1453599334,0.0769771338,1.0888968706,-0.2787112594,0.981133759
8.2568330765,-0.0990491509,-0.1471415758,0.0391738974,1.0590088367,-0.2622092366,0.9374872446
8.2665882111,-0.049558226,-0.1726773977,0.0030524114,0.9366998672,-0.3197377622,0.9453824759
8.276758194,-0.005326929,-0.2091212869,-0.0156816859,0.7355523705,-0.4085917473,0.9864709973
8.2867393494,0.0014058626,-0.241527617,-0.0208405871,0.4946124852,-0.4561864436,1.0135076046
8.2968149185,-0.0194011647,-0.2500803471,-0.016065063,0.2938319743,-0.433399111,0.9848139882
8.3067436218,-0.0526406504,-0.2408654094,-0.014194848,0.1975259483,-0.3801803589,0.9207926989
8.3168067932,-0.0624585785,-0.2080708146,-0.0009404442,0.1910113096,-0.3443874717,0.8621317148
8.3267431259,-0.0650997162,-0.1679811478,0.0102460366,0.2615808249,-0.332657069,0.7950757146
8.3368082047,-0.0750978291,-0.1359013319,0.0197999459,0.3876146674,-0.3099330664,0.7141012549
8.3467378616,-0.0906523466,-0.1076896712,0.0177871566,0.5380198956,-0.2635472119,0.6276417375
8.3567562103,-0.0943488479,-0.0861056373,0.0074093915,0.6648697257,-0.2077414691,0.5390122533
8.3666706085,-0.0771445036,-0.0907667205,-0.0139757413,0.7672834396,-0.1733382195,0.4696622193
8.3767852783,-0.0435228385,-0.1201753542,-0.0374749936,0.8026031852,-0.1785449684,0.4537353516
8.3867816925,-0.0087875742,-0.1565324664,-0.0521770753,0.7355448008,-0.2109276801,0.4773647785
8.396777153,0.0038244701,-0.1937975287,-0.0518159904,0.5693281293,-0.2579577863,0.5032853484
8.4067821503,-0.00394881,-0.2176652551,-0.0417066254,0.3462585509,-0.2628622651,0.5066601038
8.4167232513,-0.0257730503,-0.223112464,-0.0312091727,0.1517720371,-0.2219584882,0.4661591053
8.4267425537,-0.0434752144,-0.205586195,-0.0243872423,0.0353029519,-0.1807069331,0.3958551288
8.436706543,-0.0434392132,-0.1703687906,-0.0099692363,0.006447732,-0.1567866802,0.3436599672
8.4467782974,-0.0370230712,-0.1260265708,0.0044524646,0.0557020977,-0.1578559428,0.2990120649
8.4567012787,-0.0445594229,-0.0830854699,0.0133229475,0.1626264155,-0.1575129181,0.2426297367
8.4667396545,-0.0602611937,-0.0384187661,0.0086283665,0.2865028381,-0.1410223544,0.1840047836
8.4767456055,-0.0626989007,-0.0083925072,0.0044341064,0.3858782649,-0.1290330738,0.1211766899
8.4867544174,-0.0447210707,-0.0088077132,-0.0048899078,0.4437833726,-0.1501972079,0.0936513171
8.4967384338,-0.0147954244,-0.0275580827,-0.0046204352,0.4439484775,-0.1830449104,0.1278641522
8.5067110062,-0.0059134983,-0.0429313146,-0.0016038439,0.3938307166,-0.2076152414,0.174803704
8.5167303085,-0.017228486,-0.0492864214,0.0045025325,0.3019292057,-0.2122334242,0.2173912376
8.5267190933,-0.0351378955,-0.0564099513,0.006391821,0.1907315552,-0.2000499964,0.2428872734
8.5367355347,-0.0433040895,-0.0601842366,0.0072880364,0.0879351348,-0.166525051,0.2565524876
8.5466012955,-0.0438936986,-0.0535603724,0.0118547063,0.0300601162,-0.1370736808,0.2532147467
8.5566778183,-0.0378874578,-0.0265657846,0.0118479114,0.021393925,-0.1211205572,0.2520562708
8.5666389465,-0.0320736207,0.009375697,0.0126686078,0.0800913274,-0.115413405,0.2413543612
8.5766658783,-0.0261245389,0.0271462854,0.0071318722,0.1710438728,-0.1403957158,0.2372024953
8.5866737366,-0.0249199886,0.0278015193,0.004803536,0.2598307133,-0.1611302942,0.2319629937
8.5966777802,-0.0352621116,0.0151206907,-0.0031272194,0.3303838372,-0.1681812704,0.2181469053
8.6066160202,-0.0515711345,-0.0011607355,0.0002339461,0.3582336009,-0.1724045128,0.1990318
8.6166419983,-0.05622584,-0.0202429239,-0.0011783263,0.3262106776,-0.1695115268,0.1915997267
8.6266489029,-0.0462360419,-0.0453332029,0.0009002068,0.2386946827,-0.1702156663,0.1884782314
8.6366176605,-0.0313796438,-0.0698615238,-0.0001916907,0.1500154138,-0.1591736674,0.1852821559
8.6466159821,-0.020611586,-0.0733810589,-0.0017672798,0.0805380791,-0.1479543,0.1852579266
8.6566543579,-0.0218239445,-0.0508412682,0.0008023956,0.0462814309,-0.1333173066,0.1777490228
8.666633606,-0.0289601106,-0.0303430501,-0.0082183499,0.055827532,-0.1205359921,0.1638483852
8.6766138077,-0.0399465598,-0.0341327749,-0.0162529964,0.0845680982,-0.1086029038,0.1584392339
8.6865997314,-0.0441684164,-0.0455180369,-0.0213561077,0.0897884294,-0.0894332081,0.1455625892
8.6965999603,-0.0496481098,-0.0606066547,-0.0253635067,0.0908241346,-0.0694728121,0.1039994285
8.7065877914,-0.041791264,-0.0850454494,-0.032051567,0.0791893154,-0.0635677874,0.0550992638
8.7166347504,-0.0304209609,-0.1130740568,-0.0298058409,0.0676150844,-0.0651419759,0.0062466376
8.7265329361,-0.0243647713,-0.1446133256,-0.0314934291,0.1008547917,-0.0506392047,-0.0777995288
8.7366638184,-0.0316792168,-0.1609961987,-0.035518948,0.1501007676,-0.0349542499,-0.1629262716
8.7466287613,-0.0349221267,-0.1561096311,-0.0329850949,0.2014670223,-0.0192152336,-0.2438059449
8.7565593719,-0.0311152358,-0.1474654078,-0.0277345199,0.2634033561,0.0136111556,-0.3354256153
8.7665805817,-0.0309968013,-0.1351031661,-0.02478862,0.3551918566,0.0457128994,-0.4143148363
8.7765846252,-0.0304142255,-0.1287871003,-0.0184385795,0.4576712251,0.0632111952,-0.4612473249
8.7865800858,-0.0301108975,-0.1277762651,-0.0135845561,0.5217120051,0.0731258839,-0.4847289324
8.7966022491,-0.0337998904,-0.1363527179,-0.018701734,0.5259208679,0.0900497437,-0.5092763901
8.8066167831,-0.0318251885,-0.1566169262,-0.0234491844,0.4725287557,0.1022443548,-0.5348155499
8.8165435791,-0.0261520762,-0.1896131635,-0.0237168092,0.4127242863,0.1196377203,-0.5720723271
8.8265838623,-0.0160091538,-0.2274701595,-0.0185371656,0.3392399549,0.1207256243,-0.6283348203
8.8365907669,-0.0073856735,-0.2642986178,-0.0059991502,0.2563028336,0.1140181869,-0.7121601105
8.8465433121,-0.0062742853,-0.3039192557,0.0011388042,0.1894380599,0.1104098707,-0.8236410618
8.8566055298,-0.0138828177,-0.3383307457,0.0046077347,0.1472236216,0.1035905778,-0.9584932923
8.866569519,-0.0284460206,-0.3595690727,0.0052441335,0.1221281216,0.0947070718,-1.0997161865
8.8766002655,-0.0452342667,-0.3675060272,0.0049180365,0.1013139188,0.0900100544,-1.2547785044
8.8863344193,-0.0545374192,-0.3610932827,0.0037153938,0.0964512527,0.0887282789,-1.4003144503
8.8965978622,-0.056259457,-0.3490676284,0.0053217388,0.133191824,0.0836504251,-1.5277955532
8.9065351486,-0.0530811585,-0.3402828574,0.0075191236,0.1944972575,0.0693130344,-1.6350469589
8.9165840149,-0.0448417403,-0.3426386714,0.0141544323,0.241856128,0.058190342,-1.728497386
8.9264822006,-0.0393420197,-0.3563824296,0.0245100241,0.2337917984,0.0391047969,-1.8282327652
8.93658638,-0.0413993634,-0.3838031888,0.0399323665,0.1607266515,0.0024959203,-1.9182467461
8.9465742111,-0.0500812866,-0.4125072956,0.0617866479,0.037396729,-0.0248355698,-2.0029747486
8.9565410614,-0.0703721941,-0.4242756367,0.0767022371,-0.1233117282,-0.0461310036,-2.0983409882
8.9664716721,-0.095559299,-0.4249364734,0.0839626193,-0.2596482635,-0.0416718051,-2.2034516335
8.9765710831,-0.1160472333,-0.410353899,0.0793859363,-0.3277178407,-0.0302889235,-2.3107800484
8.9865598679,-0.1258989871,-0.3832235336,0.0693070292,-0.3263191581,-0.036375843,-2.3989200592
8.996506691,-0.1279771924,-0.3443135619,0.0667783618,-0.2650915086,-0.0484170616,-2.4870610237
9.0065422058,-0.1339056194,-0.3081561923,0.0693005323,-0.1355284452,-0.0599890277,-2.5826916695
9.0165119171,-0.1466560662,-0.2813616395,0.0763292909,0.0547359027,-0.055038482,-2.6763484478
9.0265111923,-0.1624022424,-0.2599062324,0.0933603048,0.2579878271,-0.0703247562,-2.7730689049
9.03652668,-0.1682967544,-0.2496845722,0.117631793,0.4124146998,-0.1222651824,-2.8620803356
9.046582222,-0.1680350453,-0.260945797,0.1389737725,0.4920988679,-0.1726268977,-2.9489254951
9.0564908981,-0.1664988697,-0.2764958143,0.1479719281,0.5270396471,-0.2361108065,-3.0292773247
9.0664958954,-0.174346447,-0.2840376496,0.1429710388,0.5150455832,-0.3146796227,-3.0818791389
9.0764932632,-0.1864818037,-0.2787798643,0.142847538,0.4879725575,-0.3867373168,-3.1100804806
9.0865688324,-0.2058069706,-0.2646958828,0.1496868134,0.4597140253,-0.4448978305,-3.1362433434
9.096487999,-0.2196073681,-0.2446221709,0.16557163,0.4441631436,-0.4922370911,-3.1582350731
9.1064291,-0.226776734,-0.2176057696,0.1757119894,0.4498580396,-0.5307786465,-3.1707377434
9.116607666,-0.2301469445,-0.1884384751,0.1887844801,0.4673948586,-0.5830868483,-3.1789097786
9.1267776489,-0.2324408442,-0.1669757962,0.1960477829,0.4754077792,-0.6471888423,-3.1827492714
9.1364860535,-0.2374220788,-0.1552119851,0.2005051374,0.4759837985,-0.7198042274,-3.1748394966
9.1464662552,-0.2461550683,-0.148250699,0.2120218277,0.4669602215,-0.7862392068,-3.186088562
9.1564702988,-0.2586739063,-0.1393791437,0.2180550694,0.4281275868,-0.8646133542,-3.1919291019
9.1666431427,-0.2680034637,-0.1324955225,0.2238836884,0.3774814606,-0.9366143346,-3.191426754
9.1764068604,-0.276019007,-0.1363790035,0.2275008559,0.3534948826,-1.0041621923,-3.1952254772
9.1864147186,-0.2836231291,-0.1286616921,0.2172684073,0.2635567486,-1.1104595661,-3.1700384617
9.1964359283,-0.2837006152,-0.1131147072,0.2270615101,0.1532526314,-1.2166874409,-3.117210865
9.20657444,-0.2935341001,-0.113315098,0.24112463,0.0727612451,-1.3047150373,-3.0889616013
9.2164716721,-0.3094845414,-0.1096857116,0.2454999089,0.0092268735,-1.3766093254,-3.0650818348
9.2264709473,-0.3198924959,-0.0960976407,0.2527796626,-0.0404048637,-1.4536920786,-3.0348002911
9.2364778519,-0.3315935731,-0.0735326335,0.2658704519,-0.0911533907,-1.5222879648,-3.0109472275
9.2466125488,-0.3425054848,-0.0508325063,0.2681002021,-0.1313181221,-1.5769709349,-2.9946286678
9.2564525604,-0.3498605788,-0.0287915412,0.2720649242,-0.1567895412,-1.600556612,-2.9795832634
9.266409874,-0.3527284861,-0.0054685418,0.26774472,-0.1588974297,-1.6079636812,-2.9689099789
9.2764463425,-0.348238498,0.0174646433,0.2645403147,-0.1013911143,-1.6019407511,-2.9413659573
9.2864055634,-0.3410035968,0.046033565,0.2503530383,-0.045938246,-1.6170624495,-2.8849999905
9.2963695526,-0.3297101557,0.0803597048,0.2342344522,-0.023602711,-1.6438696384,-2.7902891636
9.3064136505,-0.318059504,0.0970791653,0.2311877608,-0.0150313266,-1.679443121,-2.7082602978
9.316368103,-0.3109434843,0.0951377824,0.2324759364,-0.0192693472,-1.7119758129,-2.6336772442
9.3263483047,-0.3105296195,0.0929032639,0.2263485789,-0.0362904072,-1.7404927015,-2.5782361031
9.3364067078,-0.3208067119,0.0972039178,0.2157335877,-0.0510359369,-1.7871397734,-2.5205562115
9.3464012146,-0.3291449249,0.1074183658,0.217176795,-0.0276464559,-1.802400589,-2.4514181614
9.3563871384,-0.3364475071,0.1148763373,0.216585815,0.0373013839,-1.8077450991,-2.3855617046
9.3663911819,-0.3312184811,0.1287394166,0.2244301438,0.1191781461,-1.7979258299,-2.3113150597
9.3763866425,-0.3192012012,0.1451132894,0.2279076576,0.2160676718,-1.7975833416,-2.2338299751
9.3863229752,-0.302254498,0.157314837,0.2279038429,0.3289803565,-1.8023780584,-2.1467616558
9.3963718414,-0.2852366269,0.1672561169,0.2225308418,0.3982602656,-1.8224924803,-2.0616879463
9.4063549042,-0.266197443,0.1709545851,0.228903532,0.4282375872,-1.865372777,-1.9785642624
9.4163646698,-0.2567222118,0.166030705,0.2228676677,0.4070970118,-1.9162756205,-1.9123511314
9.426361084,-0.2560246587,0.1543009281,0.2281976342,0.344309777,-1.961178422,-1.8567717075
9.4363698959,-0.2641344666,0.1345732212,0.2264322042,0.2813972831,-1.987975955,-1.8087464571
9.4463167191,-0.2732807994,0.1116374806,0.1999602914,0.2057112902,-2.0191478729,-1.7606838942
9.4563369751,-0.2795906067,0.0885695294,0.1673905849,0.1287705749,-2.0331070423,-1.6989226341
9.4663448334,-0.2872020602,0.0684660748,0.1479567289,0.0911560953,-2.0233156681,-1.644777894
9.4762935638,-0.2972501516,0.061233107,0.1245146394,0.1111357957,-2.002502203,-1.6034923792
9.486328125,-0.3010990024,0.0729498938,0.1046966314,0.1321942061,-1.9848480225,-1.557938695
9.4963340759,-0.292784512,0.0871599987,0.0974516273,0.1500849277,-1.9735840559,-1.5070304871
9.5063323975,-0.2770681977,0.0939422324,0.0891604424,0.1701771468,-1.9624773264,-1.4763071537
9.5163345337,-0.2657878399,0.0911762193,0.0717930794,0.2008367777,-1.9332309961,-1.4584562778
9.5263242722,-0.2543359995,0.0867986754,0.0569742881,0.2303501964,-1.8933302164,-1.4438621998
9.5364961624,-0.2417296171,0.0846102908,0.0339401923,0.2490939349,-1.846985817,-1.4154891968
9.5463514328,-0.2357975841,0.078766115,0.0085265022,0.2612755001,-1.7866848707,-1.374455452
9.5563468933,-0.229663074,0.0723227337,-0.0231947917,0.2775651217,-1.7144269943,-1.3143815994
9.5662956238,-0.2225657701,0.0713040903,-0.0408111848,0.3055847585,-1.6420470476,-1.2500646114
9.5762643814,-0.2213245034,0.0816131905,-0.0533041991,0.3580919206,-1.5588555336,-1.1932706833
9.586309433,-0.2250468731,0.0975642279,-0.0677702427,0.4596350491,-1.4688425064,-1.1333690882
9.5962982178,-0.2249057889,0.1087353304,-0.0843349695,0.5879610777,-1.3882923126,-1.0798008442
9.6062812805,-0.2219855189,0.1143317297,-0.0805170536,0.72165066,-1.3119522333,-1.0230201483
9.6163072586,-0.2113704085,0.1182844713,-0.0710502863,0.8596486449,-1.2409081459,-0.9640815258
9.6262750626,-0.190910548,0.12523067,-0.0653044581,0.9210970402,-1.2120357752,-0.8931314945
9.6362943649,-0.1633759737,0.1250575781,-0.0412339009,0.9218150377,-1.1943825483,-0.8295040131
9.646279335,-0.141271919,0.1053893641,-0.0307673831,0.873540163,-1.1826176643,-0.7849261761
9.6562261581,-0.1292624772,0.0598501004,-0.0471620597,0.7442290187,-1.1863442659,-0.7285043001
9.6662721634,-0.1283372641,-0.0040186588,-0.0684524775,0.546520412,-1.188288331,-0.6518614888
9.6762666702,-0.1437511742,-0.0592579804,-0.0858023167,0.3196947575,-1.1457568407,-0.5977979898
9.6862707138,-0.1673942208,-0.0815060064,-0.0975283384,0.1194002479,-1.0701984167,-0.5800874233
9.6962347031,-0.1769677997,-0.0598121248,-0.1144772768,-0.0445400849,-1.008117795,-0.5463786125
9.7062349319,-0.1642568409,-0.0335633717,-0.1210756302,-0.1156342328,-0.949457109,-0.4967769384
9.7162494659,-0.1496745646,-0.0100484435,-0.124017477,-0.0736392513,-0.878274858,-0.4600837827
9.7262487411,-0.1324904859,0.0249426421,-0.1248996258,0.0570401996,-0.8150106668,-0.4297759533
9.736243248,-0.1154351234,0.0641036704,-0.1231305003,0.2412338853,-0.7726264,-0.3898086846
9.7461795807,-0.104083389,0.0870932415,-0.1147537231,0.4074015617,-0.7453359365,-0.3486684263
9.7562360764,-0.0992134213,0.0681443289,-0.1052017212,0.5074799061,-0.7219275832,-0.3265793622
9.7662391663,-0.0982272029,0.025139695,-0.0960617065,0.5124912262,-0.6781590581,-0.3374906182
9.7762031555,-0.0996025205,-0.0152243916,-0.0978212357,0.4661519527,-0.6187990308,-0.3537801206
9.7862205505,-0.1034998298,-0.0432091914,-0.1017000675,0.4485162199,-0.5495001078,-0.3584667444
9.7962217331,-0.1050144434,-0.058418449,-0.1089479327,0.4819793999,-0.4721278548,-0.3398672342
9.8062067032,-0.0992925763,-0.0448955856,-0.1178325415,0.5143882036,-0.4010733664,-0.309541285
9.816204071,-0.0849178135,-0.0242803041,-0.1229662895,0.5329846144,-0.339705646,-0.274894774
9.826169014,-0.071639955,-0.0151096527,-0.1225616336,0.5623409152,-0.288936466,-0.2391231656
9.8361692429,-0.0633201599,-0.0105266515,-0.1186279058,0.5778684616,-0.2436273098,-0.2043689191
9.8462047577,-0.0531033911,-0.0027630872,-0.1041345596,0.5540395975,-0.2157141864,-0.168411985
9.8562088013,-0.0378724076,-0.0008533543,-0.0865209103,0.4993403852,-0.1976733953,-0.1344961077
9.8661546707,-0.0224543829,-0.0010924882,-0.0715470314,0.4350948334,-0.1892748475,-0.0941348299
9.8761930466,-0.0145812649,0.000293439,-0.0572336949,0.3601946235,-0.1841445267,-0.0505544618
9.8861751556,-0.0103607792,-0.0006704873,-0.0443953313,0.2704037726,-0.1855445504,-0.0079870261
9.8961849213,-0.0090328474,-0.0002335852,-0.0202081818,0.1570942402,-0.1723936051,0.0068774074
9.9061698914,-0.0117909927,0.0033826882,0.001537738,0.0747213289,-0.1453601122,-0.0070514577
9.9160785675,-0.0108266193,-0.0002071804,0.0137222987,0.070251748,-0.117678158,-0.0146603752
9.926112175,-0.0021810555,-0.0016332811,0.0139006358,0.1255706698,-0.1000315174,-0.0010023535
9.936170578,0.0123000722,0.0032925659,0.0097405296,0.194862783,-0.0961281285,0.0169813074
9.9461536407,0.020045666,-0.0048733298,0.0118771773,0.2779693902,-0.0846339241,0.0359717757
9.9560947418,0.0218967181,-0.0105646793,0.0153428297,0.3515595794,-0.0786777586,0.0411949009
9.9661445618,0.0256181639,-0.0129102413,0.0193401556,0.3995308578,-0.0708251595,0.0411104783
9.9761552811,0.0292551797,-0.0188846532,0.0259354692,0.4411681592,-0.0663419962,0.028306134
9.9861526489,0.0298106056,-0.0285978261,0.0351557098,0.4657941461,-0.0642591417,-0.0004091347
9.9963274002,0.0291296225,-0.0432972871,0.0432689749,0.471159488,-0.0506991223,-0.0451240093
10.0061330795,0.0291359406,-0.0602611266,0.040650066,0.4488126338,-0.0447770506,-0.0823304951
10.0160999298,0.034665551,-0.0736423656,0.0421513282,0.4190399349,-0.047398936,-0.1120397896
10.0261383057,0.0351019166,-0.0815212652,0.0437826477,0.3753531873,-0.0500288047,-0.1300528944
10.0364713669,0.0344667397,-0.0857910439,0.0416908227,0.3433170915,-0.0450114124,-0.1396260113
10.0461292267,0.0365244113,-0.0795332715,0.0446160994,0.3027310669,-0.0389852114,-0.1481358856
10.0561218262,0.0424764715,-0.0667514727,0.0439680777,0.2376945317,-0.0501409285,-0.1437680274
10.0660810471,0.0467067324,-0.0619374476,0.045567926,0.2011386454,-0.0392725654,-0.089631021
10.0761194229,0.0473195277,-0.0397693478,0.0298107844,0.1211423576,-0.0567756593,-0.0639634803
10.0860881805,0.0449604355,-0.004201645,0.034965869,0.0644023791,-0.0421333313,-0.0502077155
10.096118927,0.0418596528,0.0107613262,0.0285314899,0.0684643686,-0.0269157644,-0.0237474814
10.1060590744,0.0349629484,0.0249337014,0.0169971567,0.0928448066,-0.0126875602,-0.0068585118
10.1161022186,0.026064394,0.0422943868,0.0110065918,0.1257939637,0.0015283939,0.0004614529
10.1260986328,0.0171794277,0.0482779182,0.0076286769,0.1853840649,0.0202496164,0.01092235
10.1361961365,0.0170473438,0.0517191924,0.0019895413,0.2259301543,0.0174652822,0.0236610472
10.1461286545,0.0239307862,0.0467832126,0.0010747889,0.2814570665,0.0052871797,0.0491986349
10.1561222076,0.0261476617,0.0344646014,0.0125631075,0.3401176929,0.000633039,0.0768100172
10.1661262512,0.0275001805,0.0283112582,0.026726244,0.3795759082,-0.0062890491,0.1065743044
10.1760444641,0.0339598618,0.0166039523,0.0387960635,0.4179721773,-0.0100960378,0.1267582774
10.1861095428,0.0406063758,0.0019890124,0.0410944186,0.4212409258,-0.0165198483,0.1225480884
10.1960191727,0.0443180166,-0.0098892394,0.0386040173,0.409529537,-0.0166897587,0.112994656
10.2060928345,0.0441446267,-0.0218681041,0.0331691466,0.4201717973,-0.0123413485,0.1118966341
10.2160625458,0.0390678607,-0.0279811565,0.0266159754,0.4308221638,-0.0132414969,0.1225211844
10.226061821,0.0349284969,-0.0291165058,0.0297909956,0.4201133251,-0.0111413281,0.1278269887
