0.0000000000,-0.0660494342,-0.4102477729,-0.4558077753,-0.5807072520,3.0079927444,-2.5505096912
0.0096899271,-0.0647220388,-0.4748948514,-0.5049601197,-0.3111649752,3.0748646259,-2.2239148617
0.019693017,-0.0431837514,-0.597818017,-0.4825570285,-0.2876154482,2.9441537857,-1.9064910412
0.0298439264,-0.0014624364,-0.7092323899,-0.4103477299,-0.2849709094,2.6252572536,-1.5825394392
0.0398509502,-0.0005845792,-0.7345756292,-0.3115461767,-0.3464638591,2.2353508472,-1.3749241829
0.0498149395,-0.0653326586,-0.7296252251,-0.1916991919,-0.4747078419,1.946819663,-1.2518509626
0.0598289967,-0.1474527121,-0.7563133836,-0.215239808,-0.6040884852,1.7898873091,-1.1126322746
0.072108984,-0.1900223494,-0.796115458,-0.2837856114,-0.7110295892,1.6487512589,-1.0213391781
0.0799279213,-0.1919015348,-0.7940126061,-0.3320068419,-0.8473057747,1.5547524691,-0.8910233974
0.090184927,-0.1670713425,-0.7442962527,-0.3427405059,-0.9983738661,1.4435101748,-0.7637720108
0.099834919,-0.1479391456,-0.7020004392,-0.3539352715,-1.0658664703,1.2944329977,-0.6363313198
0.1098300219,-0.1481906176,-0.6562976241,-0.3610841334,-1.0511578321,1.1438677311,-0.5078783035
0.1198029518,-0.170645237,-0.6070293188,-0.3691426814,-0.9052061439,1.013263464,-0.4136419594
0.1299920082,-0.2089481056,-0.5686023831,-0.4041573703,-0.6773545742,0.9216983914,-0.3282159865
0.1398040056,-0.2301445007,-0.518828392,-0.401103884,-0.4189381897,0.7919885516,-0.3573059738
0.1498389244,-0.2605246902,-0.4959357083,-0.3911643326,-0.234368071,0.6674527526,-0.3385666311
0.1597809792,-0.2249956727,-0.4736684859,-0.390247196,-0.2448889017,0.4686180055,-0.2065928876
0.1697769165,-0.1857501566,-0.5946432352,-0.4531877339,-0.2974740565,0.2207413465,-0.1475796252
0.1797789335,-0.1524995267,-0.6551355124,-0.4899099767,-0.4208107889,-0.0861573368,-0.1773765385
0.1897310019,-0.150295645,-0.5780385733,-0.468801111,-0.4563218951,-0.3140216768,-0.1684373617
0.1998150349,-0.2240286171,-0.5122308135,-0.4472533166,-0.317232877,-0.3629545867,-0.1416562349
0.2097529173,-0.3144830167,-0.4727682173,-0.4355668724,-0.0985508487,-0.2357601374,-0.0895141959
0.2197329998,-0.3588833511,-0.4543459713,-0.423846215,0.0864802524,-0.0540193692,-0.0026426825
0.2297530174,-0.3418390453,-0.4716862738,-0.4123216569,0.2166923136,0.037656486,0.1007862389
0.2397749424,-0.2967912555,-0.5043721199,-0.3926816285,0.3066496551,-0.0021625659,0.1126682013
0.2497329712,-0.242736578,-0.5059211254,-0.3872447908,0.4103022814,-0.211520046,0.2849984169
0.2597199678,-0.211666882,-0.4952321351,-0.4137355983,0.5265365839,-0.5111650825,0.7617477775
0.2697240114,-0.0602283254,-0.4836084545,-0.4336017668,0.6681129336,-0.6603495479,0.9368485212
0.2798149586,-0.0687193051,-0.5009664893,-0.4744031727,0.7746737003,-0.5440258384,0.6937932372
0.2897180319,-0.1295882463,-0.5299268961,-0.5255118012,0.9147762656,-0.627319634,0.8259720802
0.2994920015,-0.1029897109,-0.560415566,-0.5444431901,1.0813895464,-0.7653736472,1.1560963392
0.3097089529,-0.043535538,-0.5803242922,-0.5276683569,1.2932999134,-0.9837797284,1.5472621918
0.3196679354,-0.3031120896,-0.3063418567,0.0652550086,1.6075817347,-1.2293707132,2.0415847301
0.3297549486,-0.260299623,-0.2893102467,0.0814120397,2.1183466911,-1.4966646433,2.5699074268
0.3395609856,-0.2506378889,-0.2440539896,0.0918075666,2.7746713161,-1.6826359034,3.1018502712
0.349691987,-0.2725369334,-0.1908398569,0.124058269,3.4555947781,-1.7465299368,3.6382966042
0.3596889973,-0.3096996844,-0.159270674,0.2042455226,4.0994815826,-1.7271883488,4.1922888756
0.3695229292,-0.3455174565,-0.1549833715,0.3130545914,4.6990032196,-1.6501407623,4.7852468491
0.3794419765,-0.3787181973,-0.1470883191,0.4315599501,5.1564211845,-1.5476812124,5.3537054062
0.3895249367,-0.4146446884,-0.1356202066,0.5494027138,5.4873228073,-1.3673363924,5.8951864243
0.3998810053,-0.4615622461,-0.1210866645,0.6469914317,5.7915005684,-1.1525831223,6.3599715233
0.4097019434,-0.5085184574,-0.0801314786,0.7351595163,6.0546422005,-0.8657950759,6.7860717773
0.4198219776,-0.5565215945,0.0080298446,0.7913913131,6.2349362373,-0.4879868031,7.1818933487
0.4297019243,-0.6037277579,0.1214497462,0.8667552471,6.4063854218,-0.0466994047,7.5093154907
0.4396619797,-0.6581388116,0.2261447906,0.9236978889,6.6974105835,0.432041347,7.7333593369
0.4497299194,-0.7130420804,0.3465202749,0.9711390734,6.9037003517,0.9979995489,7.8591566086
0.4598469734,-0.7524610162,0.5030123591,0.9975488782,6.9108896255,1.6601107121,7.9101028442
0.4696530104,-0.7657281756,0.6621426344,0.9843779802,6.7867460251,2.3568735123,7.8822984695
0.4797129631,-0.7431568503,0.8016607761,0.9095190167,6.4520049095,3.125005722,7.7670645714
0.4896309376,-0.7145506144,0.8394057751,0.8000619411,5.519718647,3.8611497879,7.3262991905
0.4998559952,-0.6817814708,0.6558274031,0.6579541564,4.5780172348,4.5144414902,6.7044081688
0.5096319914,-0.5329751968,0.473623544,0.4772394001,3.7486298084,5.1188297272,6.1369380951
0.519644022,-0.2759456635,0.468539238,0.3196082413,2.9141869545,5.4261226654,5.5788316727
0.5296199322,0.0700424835,0.5753638148,0.1655884534,2.1226782799,5.0498509407,5.0410676003
0.5397549868,0.5040429235,0.7438938618,0.031429667,1.3906649351,4.1668448448,4.5639209747
0.5496150255,0.8412424922,0.8769050837,-0.0897400156,0.8313593268,3.347423315,3.9906215668
0.5595989227,0.8425455093,1.01161623,-0.2597323954,0.4979309142,2.8658325672,3.345916748
0.5696079731,0.6197321415,1.2515068054,-0.4282119572,0.3565082848,2.7259566784,2.8656594753
0.5799850225,0.4148414135,1.4232424498,-0.5003073215,0.3880419731,2.8020663261,2.4879953861
0.5896029472,0.3205818534,1.4720151424,-0.5596971512,0.3288092911,2.8848931789,2.1029140949
0.5995949507,0.3798202574,1.4260368347,-0.5283838511,-0.0577705279,2.7920782566,1.7234504223
0.609596014,0.5009437799,1.2394789457,-0.4938873351,-0.5735680461,2.5649111271,1.3736321926
0.6196399927,0.5240713954,1.0664530993,-0.4957999885,-1.1335304976,2.4085206985,0.9660170078
0.6295900345,0.4404187202,1.0045865774,-0.5097695589,-1.6046304703,2.3396174908,0.5843319893
0.6395720243,0.3563840985,1.0384083986,-0.5232405066,-1.9565178156,2.3662977219,0.3984881043
0.6495599747,0.2961580157,1.0842703581,-0.5464649796,-2.2243199348,2.5131311417,0.3127316535
0.659610033,0.2471096516,1.119476676,-0.586309433,-2.4083273411,2.6996471882,0.2914633751
0.6696029902,0.2555121183,1.2272366285,-0.685254097,-1.7080649137,2.8698182106,0.1836317331
0.6795539856,0.4978220165,1.5996164083,-0.7118402719,-0.6968848109,1.4435656071,0.0965606049
0.6895419359,1.0355181694,2.0802819729,-0.8502603173,0.1566353738,0.1379900128,0.2648518682
0.6995459795,1.2104070187,1.8407421112,-1.1621205807,0.979942441,-0.6615005136,-0.1045017987
0.7095409632,0.8939962983,1.3330289125,-1.1436659098,1.0383532047,-0.9938979149,-0.1555066556
0.719563961,0.4150038362,0.9636057615,-0.9257408977,0.4882720411,-1.0731743574,-0.1779778898
0.7295329571,0.1034417078,0.6300495267,-0.657050252,-0.3562136889,-0.9861726165,-0.3638707995
0.7395910025,0.0035540394,0.4343356192,-0.3654423654,-1.198812604,-0.9682345986,-0.6289992332
0.7495199442,0.0427372083,0.3925277889,-0.1720670909,-1.8929024935,-1.1102237701,-0.856007874
0.7595249414,0.1959084272,0.5878234506,-0.1029744521,-2.4890649319,-1.4707155228,-1.099727273
0.7695410252,0.3660269082,0.8442369699,-0.104116179,-2.7501909733,-2.0022511482,-1.5253040791
0.7795510292,0.4698985815,1.0637816191,-0.156161055,-2.8731791973,-2.7538607121,-2.1885900497
0.7895640135,0.524405241,1.2891275883,-0.1641594619,-3.2212383747,-3.4180054665,-2.7938528061
0.7994849682,0.5407271981,1.4032956362,-0.1995209306,-3.7804932594,-3.7400906086,-3.3300068378
0.8094779253,0.4822266102,1.3794761896,-0.2138448805,-4.4757032394,-3.8460576534,-3.9683935642
0.819535017,0.3677175343,1.3124543428,-0.136329636,-5.2202382088,-3.9298524857,-4.5930738449
0.8294860125,0.2276371717,1.2779864073,-0.0098289046,-5.9015207291,-3.8210992813,-5.1329984665
0.8403450251,0.0725951567,1.3372532129,0.1643257886,-6.3670654297,-3.5931699276,-5.6812849045
0.8495889902,-0.0601882264,1.3812969923,0.3591037095,-6.5760974884,-3.3069653511,-6.146197319
0.8594679832,-0.157274574,1.418402791,0.5581968427,-6.7170801163,-2.9100773335,-6.4790787697
0.8694700003,-0.232163012,1.3809407949,0.7108225226,-6.6891584396,-2.4396882057,-6.743496418
0.8794829845,-0.2971330285,1.2846562862,0.8340064883,-6.3939042091,-1.9562880993,-6.8530755043
0.8894109726,-0.336850822,1.2173582315,0.8966216445,-5.9127697945,-1.4209491014,-6.8069505692
0.8994799852,-0.3805927038,1.1647373438,0.8972424865,-5.3050231934,-0.8532361388,-6.7143788338
0.9094319344,-0.4218311906,1.0404254198,0.853063345,-4.5362415314,-0.2839052975,-6.5783720016
0.9195660353,-0.4400840104,0.9044253826,0.8164844513,-3.8292295933,0.3856829107,-6.4110984802
0.9294559956,-0.449463129,0.7346195579,0.7688376904,-3.2028672695,1.0126231909,-6.283864975
0.9394609928,-0.4341499805,0.5589601994,0.7719807029,-2.7729763985,1.6298627853,-6.1139383316
0.9494299889,-0.3919131458,0.3997064829,0.7797037363,-2.4467306137,2.1109755039,-5.8941841125
0.9594299793,-0.3260540068,0.2559183538,0.8016834855,-2.1517033577,2.4621598721,-5.5906977654
0.9695659876,-0.2528062165,0.1677124798,0.8199442029,-1.913236618,2.6605348587,-5.232000351
0.9794089794,-0.2081646919,0.1209212169,0.8463292122,-1.8489168882,2.7809402943,-4.9587278366
0.9894570112,-0.1990026534,0.0583572648,0.8509341478,-1.8560557365,2.906917572,-4.7194390297
0.9994210005,-0.1942878664,-0.0593374707,0.791708231,-1.6608669758,2.9367041588,-4.4127378464
1.0094180107,-0.1857517064,-0.1519199908,0.7450217009,-1.480956316,2.8682420254,-4.0820159912
1.019430995,-0.200785622,-0.1869172752,0.6975439191,-1.368450284,2.83522892,-3.7950365543
1.0293729305,-0.2334479988,-0.208935529,0.650084734,-1.337413311,2.8641958237,-3.5604577065
1.0393689871,-0.2629805207,-0.2589585483,0.6009773016,-1.2538224459,2.8657193184,-3.3331754208
1.0493959188,-0.2772879601,-0.3099193871,0.5993221998,-1.1341580153,2.8628656864,-3.0251469612
1.0593709946,-0.2810800076,-0.3338824213,0.5318088531,-0.9862797856,2.8025500774,-2.7125151157
1.0693680048,-0.288513124,-0.3531384766,0.4560227692,-0.8604581952,2.7317109108,-2.4858541489
1.0793709755,-0.2926223874,-0.3824126422,0.4041468203,-0.7891147733,2.6741547585,-2.28048563
1.0893440247,-0.2836738825,-0.4249338806,0.3856799304,-0.7696236372,2.5428586006,-2.0278611183
1.0993709564,-0.264082253,-0.4645868838,0.3690073788,-0.7825754285,2.3249089718,-1.7555319071
1.1093900204,-0.254822433,-0.4890419543,0.3303423226,-0.7898543477,2.0768435001,-1.5095682144
1.1193870306,-0.263635993,-0.4951637685,0.2922044098,-0.7768409252,1.8351796865,-1.2827810049
1.1293519735,-0.2904572487,-0.4856948555,0.237261191,-0.7296654582,1.6010847092,-1.0773168802
1.1393799782,-0.3343523145,-0.4652505219,0.1988812834,-0.7018773556,1.4018050432,-0.9081881642
1.1493419409,-0.3769947886,-0.4367043674,0.1411746889,-0.6211366653,1.2469060421,-0.7213215828
1.1593829393,-0.4082593322,-0.4086880386,0.0993726477,-0.6227961183,1.0326532125,-0.6508743763
1.1693229675,-0.4444648921,-0.4049307406,0.0674810633,-0.5951535702,0.8776766062,-0.5500239134
1.1793409586,-0.4664204121,-0.4008924663,0.0474853702,-0.6089501977,0.6999233365,-0.4500580132
1.1893559694,-0.4916801453,-0.3996109664,0.0538935848,-0.5650107265,0.5139961243,-0.3585797548
1.1993370056,-0.5052915812,-0.3717741072,0.0321291871,-0.5674996972,0.2489170581,-0.2314960957
1.2093139887,-0.5093762279,-0.3310336173,0.0143779721,-0.5309043527,0.0259974338,-0.0845284984
1.2193160057,-0.5306254625,-0.3338790238,-0.0174441133,-0.4298405051,-0.2090417147,-0.0384551398
1.2292679548,-0.5627964735,-0.3084851801,-0.0037990606,-0.3336625695,-0.3682537377,0.0050057834
1.2393559217,-0.5910440683,-0.2491378486,0.0463895388,-0.2765429616,-0.4612742066,0.0746238828
1.2492610216,-0.6352369189,-0.2433517873,0.0677638277,-0.2144066095,-0.5074028373,0.1237496063
1.2593569756,-0.6822003722,-0.2743000686,0.0769979581,-0.1731015146,-0.482183218,0.160740912
1.2692790031,-0.7096499205,-0.2825087607,0.1019590124,-0.1941822916,-0.4080908895,0.2197690755
1.2792869806,-0.7186751962,-0.2935731709,0.134772554,-0.1929035783,-0.3357711732,0.3011026978
1.2892010212,-0.7131577134,-0.3013366163,0.1698739082,-0.1326290518,-0.2993082404,0.3858154416
1.2992869616,-0.7084380984,-0.2870480716,0.2025015503,-0.0367215723,-0.3044260144,0.4505878985
1.309262991,-0.704892695,-0.2534911335,0.2124194056,0.1118047908,-0.3382023573,0.4910740852
1.319257021,-0.6915401816,-0.2215338051,0.1925259978,0.3530191481,-0.3603449464,0.5579789281
1.3293119669,-0.2675180435,0.0136890076,0.1896635443,0.6374745369,-0.3379075527,0.6744978428
1.3392549753,-0.046364136,0.0487058125,0.0371287651,0.9390279055,-0.359310329,0.8985907435
1.349339962,0.1211901829,0.0331290029,-0.0511090569,1.2644361258,-0.4777131379,1.2571572065
1.359243989,0.2273028493,-0.0021309,-0.075403668,1.6313215494,-0.7310071588,1.67818892
1.3694109917,0.2964308262,-0.0537329949,-0.0801387802,2.1631762981,-1.0755543709,2.1528158188
1.3792419434,0.342146337,-0.0815177932,-0.0814189091,2.9273586273,-1.4079352617,2.7153818607
1.3892239332,0.372379899,-0.0610170998,-0.0771744624,3.8017094135,-1.6473263502,3.3027637005
1.3992810249,0.3394232392,-0.0138230659,0.0202072468,4.6697659492,-1.7556298971,3.8510529995
1.409506917,0.3333826065,-0.0251859166,0.0970884785,5.4654169083,-1.7586296797,4.4050850868
1.4192759991,0.3260272145,-0.0646306947,0.1976238042,6.0576763153,-1.7020566463,4.9854340553
1.4292629957,0.3017677069,-0.1350735128,0.3175958097,6.2761130333,-1.5902427435,5.489192009
1.4393699169,0.2396035194,-0.2220665216,0.4689573944,6.193116188,-1.4043483734,5.9289345741
1.4495120049,0.1939469576,-0.3185096979,0.5718793869,5.9441351891,-1.1555774212,6.3726372719
1.4592000246,0.1517793238,-0.3705485761,0.6457817554,5.5991353989,-0.891988039,6.7610664368
1.4691929817,0.1110038683,-0.3584035933,0.7004929185,5.2458529472,-0.6092650294,7.019765377
1.4791970253,0.0782746896,-0.2562128603,0.7616204619,4.8990497589,-0.2879951,7.1560368538
1.4891870022,0.0698435232,-0.0841235891,0.8160194159,4.6278595924,0.0771849826,7.233537674
1.4992059469,0.0710016116,0.1411404908,0.8455222249,4.4376568794,0.4527538121,7.3268470764
1.5091729164,0.0602333471,0.4122815132,0.8217743635,4.338868618,0.8749990463,7.4219179153
1.5191669464,0.0390194282,0.6561223269,0.7613502741,4.5948610306,1.3686529398,7.547088623
1.5291279554,0.0150835449,0.8178472519,0.6392741799,4.866335392,1.9600217342,7.5855593681
1.5391939878,-0.0255008116,0.8560330868,0.5973505378,4.4903526306,2.614218235,7.3074817657
1.5491509438,-0.079964526,0.5932770371,0.5785049796,3.8240733147,3.27582407,6.6587853432
1.5592390299,-0.0951605514,0.1821890473,0.5369714499,3.1220443249,3.9116842747,5.9072322845
1.569141984,0.0102699781,-0.1331041008,0.4741398394,2.5284724236,4.446284771,5.2146878242
1.5792210102,0.2199648768,-0.217841804,0.3674640954,1.9967921972,4.5819029808,4.55656147
1.5891330242,0.4972186387,0.0150066279,0.3248666227,1.3960648775,4.0370197296,3.877396822
1.5991300344,0.804107964,0.4866261482,0.2797372043,0.8821315765,3.2182810307,3.4676687717
1.6091330051,1.0246310234,1.0188007355,0.1706921607,0.7722429037,2.6612610817,3.5499746799
1.6191259623,1.0266525745,1.3762196302,-0.0329011492,1.3112170696,2.4557318687,3.7761590481
1.6291300058,0.801443398,1.4269778728,-0.2538873255,2.2026562691,2.4904308319,3.6520740986
1.6391249895,0.5191125274,1.2780236006,-0.3710305989,2.8355844021,2.7003879547,3.1328856945
1.6490949392,0.3549506366,1.0152659416,-0.3806981742,2.9728124142,2.964107275,2.5998840332
1.6591219902,0.3420771956,0.7663007975,-0.3462096751,2.585308075,3.1473553181,2.1304495335
1.6691069603,0.3770225048,0.5574574471,-0.2827599347,1.9644327164,3.1524333954,1.6612731218
1.6790850163,0.3924264014,0.4081763327,-0.2547191679,1.0684924126,2.9980142117,1.1635775566
1.6890460253,0.377650857,0.313313514,-0.2543521821,0.0387742519,2.8351206779,0.7956409454
1.6991009712,0.3759240508,0.2453449816,-0.3032766283,-0.910482645,2.700725317,0.5623855591
1.709100008,0.3531098664,0.2691809535,-0.3644549549,-1.5521142483,2.7849845886,0.3721192181
1.7191179991,0.3951131999,0.4817800224,-0.513448596,-1.3285900354,2.4083547592,-0.1259792596
1.7290849686,0.7344239354,0.9778455496,-0.5576432943,-1.1138085127,0.9427973032,-0.089003399
1.7391109467,1.2363034487,1.3426462412,-0.8062822223,-0.4180112779,-0.0906410292,0.2975465953
1.7490730286,1.2542321682,1.1334034204,-1.1899119616,0.3419028223,-0.53603369,0.146919772
1.75908494,0.8088039756,0.8264281154,-1.2851572037,0.6531643271,-0.7138135433,0.0745518431
1.7690639496,0.3567855656,0.4297741354,-1.0378412008,0.2888374925,-0.6289295554,-0.0436696112
1.7790700197,0.0918150768,0.0581855588,-0.6075258851,-0.5492728949,-0.3873691261,-0.2847498655
1.789075017,0.0340949818,-0.1280081272,-0.1931316108,-1.3270064592,-0.2546347678,-0.4327398539
1.7990620136,0.1204710528,-0.0810529441,0.0631671771,-2.0196199417,-0.3561936021,-0.5580229759
1.8090349436,0.2775650322,0.1067985371,0.1682410389,-2.5027732849,-0.5944898129,-0.7388715744
1.8190339804,0.4249058962,0.2658238113,0.1202168092,-2.6592121124,-0.9263705611,-1.0351425409
1.8290359974,0.5210008025,0.3766843975,0.038964767,-2.8650269508,-1.3004472256,-1.4713406563
1.839056015,0.5754451156,0.4676319659,-0.0124192629,-3.2133276463,-1.6781042814,-2.0731525421
1.8490209579,0.6166225672,0.5660342574,0.0127071943,-3.7122924328,-2.2639286518,-2.757434845
1.859087944,0.6419923902,0.6497389674,0.0764399394,-4.3908724785,-2.8189997673,-3.4322280884
1.869017005,0.574637413,0.6532814503,0.0837626681,-5.0395145416,-3.1173980236,-4.1172070503
1.8790320158,0.472927779,0.6710253954,0.067356728,-5.5431461334,-3.2849302292,-4.7532010078
1.8889960051,0.370911181,0.7193603516,0.0996197686,-5.9829673767,-3.3073847294,-5.3561863899
1.8990849257,0.2627120018,0.7720915675,0.183815673,-6.3090920448,-3.1710824966,-5.8710408211
1.9089869261,0.1918039322,0.8695034981,0.3154485524,-6.4148659706,-2.9073991776,-6.1882066727
1.9189989567,0.133846432,0.9486112595,0.4245107472,-6.3006443977,-2.5527119637,-6.4370622635
1.9290059805,0.0797625259,0.9876479506,0.5267964005,-5.9454774857,-2.1912252903,-6.6085748672
1.9390069246,0.0409189835,1.0075470209,0.5854412317,-5.4590287209,-1.7432924509,-6.6638746262
1.9489920139,0.0192682371,0.9656719565,0.5832736492,-4.8889288902,-1.2479794025,-6.6292386055
1.958968997,0.0068926746,0.8725531697,0.5872532725,-4.2987341881,-0.7488857508,-6.5457715988
1.968963027,0.0062541896,0.7380048037,0.5672572851,-3.70622015,-0.2722198665,-6.4621601105
1.9789659977,0.0167159364,0.6190959811,0.5299701691,-3.0677371025,0.1763802916,-6.3274049759
1.9889529943,0.0338977501,0.587644875,0.5375498533,-2.6688313484,0.6787680387,-6.1853933334
1.9989639521,0.046300672,0.5224671364,0.5059797764,-2.3099858761,1.1387470961,-6.0919504166
2.0089569092,0.0738640353,0.3783778846,0.5047203898,-2.038995266,1.4852610826,-5.9382152557
2.0189759731,0.1165047213,0.2620186508,0.5380815268,-1.934728384,1.8278986216,-5.7120962143
2.0289540291,0.1580528617,0.1667985618,0.5668283701,-1.9692424536,2.0610947609,-5.5340399742
2.0392708778,0.1826606393,0.0791306719,0.6055294275,-2.0686435699,2.2681052685,-5.3589539528
2.0491948128,0.2055960894,-0.0065657836,0.5953244567,-2.1748940945,2.390815258,-5.1620707512
2.0589959621,0.2161799073,-0.0806255713,0.5933169127,-2.2817587852,2.4495866299,-4.942463398
2.0689320564,0.2182632089,-0.1062756553,0.5855448246,-2.3323059082,2.5188727379,-4.6687803268
2.0789661407,0.2263982892,-0.090328671,0.573322475,-2.338779211,2.5374891758,-4.3608036041
2.0889079571,0.2210485339,-0.0582732297,0.565726161,-2.2853195667,2.6572527885,-4.0280270576
2.0989661217,0.2192880511,-0.0570101477,0.4981164038,-2.2017071247,2.7587757111,-3.7302093506
2.108891964,0.2231993079,-0.0995335355,0.4456400573,-2.0580506325,2.8297274113,-3.4375498295
2.1189050674,0.2496092916,-0.1542783082,0.3625265062,-1.778121829,2.8047001362,-3.1178030968
2.1288900375,0.2819001079,-0.1765176058,0.302099973,-1.4303673506,2.7117488384,-2.8029754162
2.1389098167,0.3035807014,-0.1419298351,0.2619416416,-1.1403137445,2.6362891197,-2.5158452988
2.1488828659,0.3125119209,-0.1189634278,0.2497363836,-0.8964007497,2.4736051559,-2.2621116638
2.1588830948,0.3183434606,-0.1233819202,0.2638604343,-0.6785702705,2.2150239944,-1.9493045807
2.1688659191,0.3331007957,-0.1131505147,0.2118736058,-0.5098126531,1.931938529,-1.5831865072
2.1788930893,0.3178976178,-0.1099613979,0.1654842049,-0.4155161679,1.6538770199,-1.3126664162
2.1888570786,0.2769486308,-0.1399563253,0.1288029104,-0.3493919969,1.4446742535,-1.0882538557
2.1988768578,0.2197718024,-0.1952607334,0.1097950563,-0.3282741904,1.2721877098,-0.9033526778
2.2088479996,0.1607607603,-0.2387222052,0.0957570896,-0.3340122402,1.1354948282,-0.7590394616
2.218875885,0.1183231398,-0.2398701012,0.0828237161,-0.3247126043,0.9944884181,-0.632769227
2.2288408279,0.0847924277,-0.2042095363,0.0827858672,-0.2650439441,0.8334739804,-0.5170285106
2.2388348579,0.048710756,-0.1451314688,0.1025886759,-0.2214687914,0.6976495981,-0.4407481253
2.2488629818,-0.0089092916,-0.1164308563,0.1034643874,-0.1256093681,0.5800545216,-0.4049935937
2.2588219643,-0.0431778505,-0.105909206,0.1206878647,-0.1329261214,0.3927394748,-0.3049737811
2.2688119411,-0.040155299,-0.1195699349,0.1127013192,-0.1869712472,0.1699333042,-0.187690571
2.278813839,-0.0888536647,-0.1930514276,0.1246180758,-0.2489338219,-0.0890726969,-0.171091482
2.2888031006,-0.093954511,-0.1935994327,0.1327159554,-0.3650622964,-0.3669884801,-0.1925807893
2.2988181114,-0.1106238142,-0.1460220218,0.1450055987,-0.3743733764,-0.5557330847,-0.132921055
2.3088009357,-0.1567413211,-0.0908095613,0.1438591629,-0.2756832838,-0.6367765665,-0.0750953108
2.3188419342,-0.2510704994,-0.0375464298,0.1667022854,-0.1238687262,-0.5602418184,-0.0119541585
2.3288099766,-0.2965790629,-0.0030532819,0.1804924756,0.0646553859,-0.4127011001,0.0719487295
2.3387539387,-0.3200983405,-0.0055374247,0.1932693273,0.2155403793,-0.2385716438,0.174830243
2.3487658501,-0.3121886253,-0.0141285993,0.2125062495,0.2994589508,-0.0991580859,0.2779819369
2.3587818146,-0.3161950111,-0.0375796892,0.2521510422,0.3862278163,-0.0473510846,0.3827603757
2.3687949181,-0.2838781476,-0.0372303464,0.2779749334,0.5568749309,-0.0644975752,0.4730556607
2.3789010048,-0.2595286965,-0.0027386886,0.2633635104,0.7779707313,-0.1091800928,0.5475590825
2.3888888359,-0.2254585028,0.0159368776,0.2188605219,1.0118612051,-0.157910347,0.636952579
2.3998360634,-0.1734180152,-0.0065326435,0.1637693793,1.2230670452,-0.207155928,0.811355412
2.4109740257,-0.1070403531,-0.0361086465,0.1197952852,1.4238494635,-0.3251115978,1.0850147009
2.4188139439,-0.0166916624,-0.0440893508,0.1163088903,1.7416856289,-0.5642778873,1.4528704882
2.4294190407,0.0580091402,-0.0125440098,0.1199993715,2.2238459587,-0.8344483376,1.9206755161
2.4388251305,0.0660409555,0.0464196466,0.1372985989,2.7863469124,-1.0214267969,2.4197561741
2.4486420155,0.0687954351,0.0707708523,0.1514986306,3.3877470493,-1.1406623125,2.931119442
2.458591938,0.0751925334,0.0391572677,0.1775177866,4.0062088966,-1.246126771,3.4126353264
2.4685850143,0.0907905921,-0.0052451533,0.2275780588,4.5441346169,-1.2986645699,3.9066121578
2.4790270329,0.0833190605,-0.0488510169,0.2872021496,4.8334145546,-1.3344552517,4.3337216377
2.4889099598,0.0671389326,-0.1200604513,0.3601885736,4.993206501,-1.3337711096,4.7691860199
2.4986228943,0.0461103246,-0.1940214932,0.4030310214,5.0749516487,-1.3134852648,5.1928920746
2.5085611343,0.0098601812,-0.2329134941,0.4593297541,5.1103281975,-1.2233064175,5.5821800232
2.5186038017,-0.0341323689,-0.2278496325,0.5136390328,5.0610747337,-1.0618690252,5.8818254471
2.5285511017,-0.0676696971,-0.1813991815,0.5671287775,5.012609005,-0.8484520316,6.1343870163
2.5385990143,-0.0867918506,-0.1131965294,0.6328167915,5.0600976944,-0.6183149815,6.3803987503
2.5485668182,-0.0955668762,-0.0089001693,0.700009644,5.1243886948,-0.3549067676,6.6272449493
2.5585918427,-0.1140097454,0.1218108013,0.740277946,4.9099645615,-0.0577725619,6.8198828697
2.5685739517,-0.154674381,0.2150887549,0.7707260847,4.4317083359,0.2953268886,6.9220409393
2.5786960125,-0.1947206259,0.2121510804,0.7756237984,4.0065078735,0.6946274042,7.0047421455
2.5886850357,-0.2071178854,0.2191583663,0.7745205164,3.5613665581,1.0740581751,7.0312771797
2.5987019539,-0.1848739684,0.3124747574,0.7887757421,3.27658391,1.4498918056,6.9918546677
2.6087460518,-0.1306540519,0.4311823547,0.7181064487,3.4949314594,1.7961837053,6.9172139168
2.6186800003,-0.0582216755,0.5931537747,0.5984825492,3.8861706257,2.1804838181,6.7561526299
2.6284308434,-0.0017681039,0.7473372221,0.5397519469,4.1606049538,2.5580990314,6.418859005
2.638671875,0.0550891981,0.7539348602,0.5099407434,4.3281626701,2.8456542492,6.0216703415
2.6486821175,0.1385705918,0.6890103817,0.4278871119,4.3659939766,3.0608386993,5.6526618004
2.6586608887,0.2332186401,0.6515369415,0.3142262995,4.1563863754,3.136936903,5.2411665916
2.668446064,0.3333724439,0.6725105643,0.199194029,3.8053841591,3.1686210632,4.7641921043
2.6787149906,0.4239115119,0.7513856292,0.0805090293,3.4844658375,3.1759705544,4.2894816399
2.6886529922,0.4744741321,0.8527463078,-0.0688344613,3.1619484425,3.2275764942,3.866540432
2.6986479759,0.4720105827,0.9210543633,-0.1864081472,2.7989828587,3.3869924545,3.4631128311
2.7085318565,0.438211292,0.8774871826,-0.1920487732,2.2403817177,3.5125632286,2.903870821
2.7186319828,0.402426362,0.679934144,-0.1562448591,1.4725103378,3.5449869633,2.2656993866
2.7286658287,0.4112410545,0.4761537313,-0.1324193329,0.5257512331,3.4922730923,1.7078847885
2.7386288643,0.4582369328,0.3674004674,-0.1237262264,-0.4855092168,3.3422987461,1.2091776133
2.7485439777,0.5110169053,0.3511722386,-0.12648426,-1.2763687372,3.121560812,0.7352100611
2.758605957,0.5541279912,0.452850163,-0.1509744376,-1.8415385485,2.9145958424,0.4182316959
2.7686548233,0.5777096748,0.6369642019,-0.2319658846,-2.0514461994,2.7617545128,0.358813107
2.778605938,0.5604012012,0.8251079321,-0.3580594957,-1.968187809,2.7404322624,0.414134562
2.7885870934,0.4951732755,0.9655482769,-0.4642385542,-1.7982251644,2.8662509918,0.3494564891
2.7988939285,0.4134559333,0.9821825027,-0.5587143302,-1.2949771881,3.1044812202,0.2540687323
2.8085999489,0.4605958462,0.99263978,-0.6991340518,-0.373957932,2.6908483505,0.0468167439
2.8185880184,0.7705106139,1.1970202923,-0.8204632998,-0.1725453138,1.5567746162,-0.2625609338
2.8287210464,1.1459041834,1.2753924131,-1.0016883612,-0.3814617991,0.4719466567,-0.566660881
2.8386440277,1.2727940083,0.9920037985,-0.9526102543,-0.9740667343,-0.2610591054,-0.6284238696
2.8485860825,1.053994894,0.7577166557,-0.7628731132,-1.3590291739,-0.9235134721,-0.377384454
2.8585658073,0.6048104167,0.6354751587,-0.5912784338,-1.382157445,-1.3429517746,-0.408644259
2.8687901497,0.2562048733,0.5906187892,-0.3853004873,-1.3901743889,-1.552857399,-0.6994350553
2.8785569668,0.1339851618,0.5165281892,-0.206652388,-1.4850777388,-1.5535020828,-1.0637637377
2.8885669708,0.1610614657,0.4443334639,-0.0603366308,-1.7817338705,-1.6327157021,-1.5591796637
2.898581028,0.3202652335,0.5139597058,0.0780229792,-2.5210833549,-2.0695710182,-2.2293870449
2.9087100029,0.5145018697,0.6426267624,0.1486666352,-3.5016388893,-2.7523870468,-2.9456379414
2.9186019897,0.6220324636,0.6932561398,0.158940807,-4.6463541985,-3.3568620682,-3.6017270088
2.9283680916,0.5700028539,0.7038865089,0.1433431655,-5.6637349129,-3.475212574,-4.2716803551
2.9383900166,0.4397218823,0.794641614,0.1463760287,-6.3668317795,-3.4173514843,-4.8686280251
2.9485368729,0.320736289,0.97284168,0.1803100258,-6.6812200546,-3.1505672932,-5.3843364716
2.9587509632,0.2065348029,1.072018981,0.2297215015,-6.5123696327,-2.7645862103,-5.7726049423
2.9687359333,0.1241081133,1.1289284229,0.283548981,-6.0913863182,-2.3002068996,-6.0956897736
2.9786169529,0.0554626808,1.1254742146,0.3682768047,-5.5169878006,-1.8338797092,-6.3296532631
2.9888730049,0.0153377885,1.1080107689,0.4805462658,-4.983355999,-1.3746484518,-6.4817390442
2.9985609055,-0.0137686646,1.0268069506,0.5951658487,-4.4947042465,-0.919557631,-6.5774598122
3.0085139275,-0.0318818614,0.9020895362,0.6518259048,-3.920273304,-0.5474312305,-6.5781493187
3.018556118,-0.0261343345,0.8519710898,0.7291617393,-3.4230575562,-0.1644950211,-6.4949269295
3.0285029411,-0.0158574954,0.8109301329,0.7415005565,-3.0305519104,0.2367317677,-6.4276847839
3.0385329723,-0.0005584426,0.686606288,0.7121622562,-2.6517760754,0.599822402,-6.3081293106
3.0484929085,0.0361095294,0.5501807928,0.6924886703,-2.4456133842,0.9084907174,-6.1466670036
3.0585579872,0.0589541718,0.4134931862,0.6794993281,-2.3386955261,1.206921339,-5.9670052528
3.0684838295,0.0796537921,0.2844009697,0.6661070585,-2.3115468025,1.4705207348,-5.7891898155
3.0784900188,0.0789802596,0.1511547863,0.6683189869,-2.3816018105,1.7523782253,-5.6379833221
3.088488102,0.0696126148,0.0336375497,0.6488566399,-2.4137325287,1.9640263319,-5.4820995331
3.098487854,0.0580541417,-0.0257855989,0.6886341572,-2.4609973431,2.1729180813,-5.2603211403
3.1085109711,0.0543491766,-0.0223574974,0.6810002923,-2.5376265049,2.3310637474,-5.0711255074
3.1184649467,0.0510618314,-0.0056932908,0.6730840206,-2.548653841,2.525739193,-4.7940320969
3.1285228729,0.0599182174,-0.0082229115,0.6146432757,-2.4942111969,2.6697840691,-4.4975347519
3.13843894,0.0780829117,-0.0244722702,0.5837993622,-2.388988018,2.7404565811,-4.2027220726
3.1484918594,0.1098046824,-0.026161287,0.5490940809,-2.2665438652,2.7931110859,-3.9056792259
3.1584470272,0.1594017446,-0.0258216001,0.4620515406,-1.9875825644,2.752127409,-3.5762677193
3.1685128212,0.2008246481,-0.0377042033,0.3663834035,-1.4200844765,2.6581053734,-3.2105917931
3.178442955,0.2017703056,-0.0128056146,0.2343797237,-0.7223495841,2.5744659901,-2.872692585
3.1884980202,0.1447948813,-0.0038195592,0.1619793326,-0.2960371673,2.6847391129,-2.6123571396
3.1984360218,0.1077479646,-0.055130098,0.148570016,-0.148017332,2.7460656166,-2.3249528408
3.2084219456,0.1605372429,-0.1241491213,0.1759554893,-0.1665553302,2.5266370773,-1.9697406292
3.2184889317,0.225163579,-0.1889117658,0.2406922728,-0.2311515063,2.0893871784,-1.6715152264
3.2284209728,0.2176699042,-0.257068485,0.2751374543,-0.3147231042,1.6461383104,-1.4327316284
3.2384400368,0.1197628304,-0.330034405,0.2617205083,-0.4350556433,1.4105565548,-1.2494508028
3.2484049797,0.0010688239,-0.3762961328,0.2312430292,-0.5349676013,1.3072367907,-1.1169745922
3.2584769726,-0.0635975078,-0.3500044048,0.2243660241,-0.6123648882,1.1986019611,-1.0014777184
3.2683899403,-0.0907712057,-0.3105734885,0.1965000182,-0.6071323156,1.0423923731,-0.8995412588
3.2784609795,-0.1135219112,-0.2713383734,0.1838113219,-0.5900974274,0.8787935376,-0.797565639
3.2883839607,-0.1381895542,-0.2432180941,0.165544048,-0.5934754014,0.753031075,-0.7521273494
3.2984099388,-0.1764611006,-0.2611556351,0.1625492126,-0.6182861328,0.6482410431,-0.734431386
3.3083670139,-0.1838968396,-0.2274094522,0.142358616,-0.63399297,0.4772032499,-0.7226873636
3.3184428215,-0.1724398732,-0.1683858335,0.1710004359,-0.6843432188,0.2852119505,-0.5057449937
3.3283619881,-0.1411826313,-0.1808258593,0.1398306042,-0.6299154162,0.0758006722,-0.2951339483
3.3383588791,-0.1283518672,-0.2362065017,0.1201118454,-0.5724183321,-0.2008730024,-0.2030748427
3.3483459949,-0.1356458068,-0.216237396,0.1380837113,-0.5126234293,-0.46750018,-0.1886389107
3.3583850861,-0.176871419,-0.1871077716,0.129456535,-0.3511981368,-0.6579366922,-0.1057119444
3.368596077,-0.2398990393,-0.1481545866,0.1289208084,-0.141780749,-0.6997379661,-0.0588419065
3.378371954,-0.3208659887,-0.1324368417,0.146118775,0.0046339929,-0.6032108665,-0.0276981015
3.3883299828,-0.3716206253,-0.1275797188,0.1742768437,0.0420029387,-0.4809339345,-0.0115188649
3.3983931541,-0.4049851894,-0.1580341756,0.2138792425,0.0527842119,-0.3800318241,0.0292535964
3.4083218575,-0.3872687221,-0.1448256075,0.2414289862,0.0695541352,-0.3634070456,0.0833160356
3.418350935,-0.3623210192,-0.1072219387,0.2457199246,0.1354181021,-0.3589358628,0.1714187264
3.4283208847,-0.353525877,-0.0597274639,0.2192019969,0.2661297917,-0.3177165091,0.2486146986
3.4383749962,-0.3577698171,-0.0516433455,0.1798046976,0.4939686656,-0.2788665891,0.336384654
3.4483239651,-0.3297004402,-0.0453424789,0.1419843584,0.7935580611,-0.2840009034,0.4647580683
3.4583029747,-0.2715134621,-0.0447647311,0.0895784125,1.1039065123,-0.3216958344,0.6496381164
3.4683308601,-0.2008221149,-0.0600340702,0.0348515101,1.449780941,-0.41637519,0.8890485764
3.478292942,-0.1411811709,-0.0936894789,-0.0010986126,1.8928900957,-0.5607661605,1.2264521122
3.4883580208,-0.0791699067,-0.0886677876,-0.0007694756,2.4430141449,-0.7636127472,1.6310919523
3.4982910156,-0.0361343697,-0.0403336026,0.0359220691,3.0703818798,-0.9274863601,2.1491031647
3.5083451271,-0.0190994218,-0.0187288262,0.0900054201,3.7171056271,-1.0061721802,2.7366640568
3.518280983,-0.0238062814,-0.0676858202,0.1690361053,4.3606653214,-1.0902132988,3.3253221512
3.5283360481,-0.0215790942,-0.1275140941,0.2636804879,4.9060740471,-1.1782784462,3.9077029228
3.5382790565,-0.031010963,-0.1770168245,0.3522656262,5.3114438057,-1.2355015278,4.474047184
3.5483000278,-0.0674278215,-0.2239409983,0.4366399944,5.5371856689,-1.2316156626,4.9742503166
3.5582540035,-0.1334055066,-0.2788869739,0.5093554258,5.6024422646,-1.1547813416,5.4007873535
3.5682578087,-0.19453004,-0.3174072504,0.5816816688,5.5701594353,-1.0128002167,5.7844748497
3.5782239437,-0.2446573228,-0.322357595,0.6463184357,5.4674158096,-0.8441408873,6.1021709442
3.5882811546,-0.2720401287,-0.2742827237,0.7110077143,5.3647255898,-0.6557528973,6.3517456055
3.5983090401,-0.2747892439,-0.1706992388,0.7629414797,5.3676857948,-0.4518530369,6.5692715645
3.6082310677,-0.2710832059,-0.0078118634,0.8038711548,5.4494438171,-0.2186083198,6.7727437019
3.618265152,-0.2833890319,0.1939420253,0.8186064959,5.5402550697,0.0872682482,6.9619259834
3.6282029152,-0.3177221417,0.3858769238,0.7974732518,5.619726181,0.4889197946,7.1122508049
3.6383099556,-0.3665280938,0.5586514473,0.7442229986,5.5757904053,1.0011445284,7.1812052727
3.6481969357,-0.4032602608,0.6856293082,0.6893368363,5.2251915932,1.5965399742,7.128718853
3.6603450775,-0.4250631928,0.6763184071,0.5998757482,4.7439227104,2.1882536411,6.8883023262
3.6682009697,-0.419277966,0.4888719618,0.5320191979,4.2221074104,2.7193026543,6.4655780792
3.6788649559,-0.3844007254,0.2983110845,0.4891090095,3.4677655697,3.1627061367,5.8789172173
3.6888370514,-0.2909521163,0.1617258787,0.4732252061,2.8087716103,3.557823658,5.3084359169
3.699174881,-0.1290840209,0.1371592879,0.39838925,2.1911156178,3.7985446453,4.8940348625
3.7087779045,0.0485442951,0.2832913995,0.3335417211,1.5158011913,3.7906577587,4.4579148293
3.7180190086,0.210109666,0.4354707897,0.302177757,1.0343050957,3.4403162003,4.0472540855
3.7281808853,0.360455215,0.5847821236,0.2527830303,0.7793034911,2.8645951748,3.8238136768
3.738038063,0.4540845752,0.7733016014,0.1842250973,0.6373901367,2.3543944359,3.7857892513
3.7480688095,0.4441494346,0.9480136633,0.0905537829,0.6388290524,2.078029871,3.7142753601
3.7580018044,0.3445284069,1.0368825197,-0.0515491776,0.7866167426,2.098808527,3.5100567341
3.7680039406,0.2047885507,1.0266233683,-0.1808186024,0.9147510529,2.3409056664,3.2066781521
3.7780418396,0.1088917181,0.9438381195,-0.258649081,0.8144720197,2.7251870632,2.8632287979
3.7879669666,0.1169941053,0.7569028735,-0.2539122403,0.555768013,3.0323770046,2.5225145817
3.7980279922,0.1948686242,0.579398036,-0.2070439309,0.2757246196,3.2069077492,2.1869251728
3.8079659939,0.2730286419,0.4893853366,-0.1299508065,0.0334669724,3.2115383148,1.8226640224
3.8180270195,0.3471291363,0.5593203306,-0.1046434417,-0.2416536808,3.1578068733,1.5384863615
3.8279480934,0.4297424555,0.76028651,-0.0807087794,-0.4819943905,2.9866306782,1.362344861
3.8380079269,0.5034027696,0.8939028382,-0.0871864334,-0.621533215,2.7397143841,1.2365531921
3.84796381,0.5374436378,0.946590662,-0.1718242019,-0.7346866727,2.6398561001,1.1607875824
3.8579368591,0.5450306535,0.9103226662,-0.2669089735,-0.8155827522,2.5124425888,1.0841193199
3.8679318428,0.5398200154,0.8702664375,-0.3532516658,-0.802508235,2.4389820099,0.8561724424
3.8779830933,0.5494288206,0.8881807327,-0.5351932049,-0.4651349783,2.3092532158,0.5029968023
3.8879230022,0.6938236952,1.0683481693,-0.6497319937,-0.3352805674,1.6139826775,0.0750214905
3.8981690407,0.9327202439,1.2678192854,-0.7575535774,-0.5152281523,0.7876580358,-0.2732679248
3.9080870152,1.0694208145,1.1372078657,-0.7272341847,-0.8325102329,-0.2181119025,-0.6086142063
3.918074131,0.9785780907,0.9608383179,-0.619843483,-1.0480885506,-0.9739204645,-0.6789941192
3.9281048775,0.6207248569,0.8608096838,-0.5700325966,-1.0706721544,-1.4366135597,-0.7694683671
3.9380688667,0.2681993246,0.7408213019,-0.4653591812,-1.0901821852,-1.5743935108,-0.9895370603
3.9481310844,0.0931105539,0.6102633476,-0.3278291523,-1.3551651239,-1.5408906937,-1.3316591978
3.958065033,0.0938881263,0.5207897425,-0.1712162942,-1.9272737503,-1.636706233,-1.7694066763
3.9681239128,0.2209690809,0.5040639639,-0.0274399314,-2.7050554752,-1.9967948198,-2.3019738197
3.9782409668,0.3641909957,0.5364688635,0.0530256219,-3.4907705784,-2.5380637646,-2.8907279968
3.9881210327,0.435331881,0.6097797155,0.071511291,-4.44602108,-2.9873387814,-3.4427781105
3.9980378151,0.406226784,0.6615539789,0.0618439503,-5.4525465965,-3.1468644142,-4.0636048317
4.0081038475,0.3095171452,0.68925488,0.0842729434,-6.2768406868,-3.1173601151,-4.7420887947
4.0180282593,0.2042116374,0.790479362,0.1572869569,-6.7846002579,-2.9182069302,-5.3666472435
4.028067112,0.0919403359,0.9401319027,0.2723011076,-6.9873561859,-2.577239275,-5.9328465462
4.0380301476,-0.0041187322,1.0228425264,0.3758200109,-6.7585687637,-2.1964533329,-6.3583087921
4.0481829643,-0.0622876212,1.0593987703,0.4988766611,-6.4208788872,-1.7660841942,-6.5833749771
4.0581941605,-0.1021836326,1.0731714964,0.6268997788,-6.0239048004,-1.3214219809,-6.6906504631
4.0679941177,-0.1296297759,1.0337046385,0.7100175619,-5.5415458679,-0.9210503697,-6.6797728539
4.0779256821,-0.1393239498,1.0299350023,0.7531883121,-5.0811748505,-0.4553787708,-6.6374311447
4.0878138542,-0.1540814042,0.9355900288,0.7270637751,-4.4987268448,-0.0379013903,-6.5916757584
4.0978250504,-0.1496686786,0.7875249982,0.7144081593,-3.9027707577,0.3764646351,-6.4216070175
4.1078209877,-0.1308631748,0.6943504214,0.6982055902,-3.2546069622,0.7757960558,-6.1824240685
4.1180009842,-0.1115266308,0.6192082763,0.6824082136,-2.6287238598,1.1453202963,-5.9090361595
4.1279788017,-0.0927231684,0.5395099521,0.6624322534,-2.0879030228,1.4861338139,-5.6662111282
4.1379652023,-0.0788284913,0.4225568473,0.6572896838,-1.723695159,1.7843372822,-5.4962906837
4.1478180885,-0.0690295473,0.2395971119,0.6515668631,-1.460216403,2.0120208263,-5.3577156067
4.1578168869,-0.0520306602,0.0630876645,0.66583848,-1.3008219004,2.1517834663,-5.1568784714
4.1678729057,-0.0444745496,-0.0478593446,0.6694258451,-1.2603466511,2.2251858711,-4.9842128754
4.1778030396,-0.0487958267,-0.1066044942,0.6888914108,-1.2965478897,2.2609331608,-4.7708792686
4.1878461838,-0.073784329,-0.1603473723,0.6924344897,-1.4689984322,2.3758676052,-4.5484018326
4.1978020668,-0.1117961183,-0.2262901366,0.6701765656,-1.6396193504,2.5177583694,-4.3006048203
4.2078590393,-0.1245524958,-0.2611290514,0.6555746198,-1.7590879202,2.6613087654,-4.0294799805
4.2177948952,-0.1128681377,-0.251093477,0.6040226817,-1.7904686928,2.7204084396,-3.7143111229
4.2278800011,-0.0879276767,-0.1939740479,0.5931675434,-1.8585896492,2.7430920601,-3.4998075962
4.23777771,-0.0638359264,-0.1764864028,0.5145611167,-1.7140529156,2.7333109379,-3.2746188641
4.2478370667,-0.027638562,-0.1864058077,0.4208624661,-1.3916165829,2.6268296242,-3.0191795826
4.2577700615,0.0011538201,-0.1633436382,0.3371004164,-0.936057508,2.5357656479,-2.7054986954
4.2678189278,-0.0147116845,-0.1454787552,0.2480156571,-0.5261698365,2.5553095341,-2.4158790112
4.2777738571,-0.0452084914,-0.1605860293,0.1709706336,-0.3095219433,2.611112833,-2.2113523483
4.2878360748,-0.0316535309,-0.2168407142,0.1695543677,-0.2573729753,2.5387165546,-1.97506845
4.2977657318,0.0393911526,-0.2552298605,0.1570961028,-0.3216461241,2.3247821331,-1.6857273579
4.3078360558,0.1004748866,-0.2865253985,0.134297505,-0.4043860137,2.0313618183,-1.4256056547
4.3177556992,0.1039223596,-0.345045954,0.143514052,-0.5281720161,1.6942659616,-1.2363536358
4.3278198242,0.056472145,-0.3986812532,0.1407575756,-0.6388058662,1.4396939278,-1.0327712297
4.337747097,-0.0024990507,-0.4147316515,0.137271896,-0.7240740657,1.2257163525,-0.8549681902
4.3478088379,-0.0506770685,-0.3973614872,0.1308385283,-0.7018247247,1.0499306917,-0.6827988029
4.3577399254,-0.0899051502,-0.3564092219,0.1301105171,-0.598198235,0.876196146,-0.5946292877
4.3677968979,-0.1324724555,-0.3040708601,0.1344363838,-0.4488838315,0.7284644842,-0.5066595078
4.3777079582,-0.1794214249,-0.255933255,0.1314491183,-0.3125861585,0.6094136834,-0.4273641407
4.387802124,-0.2309291661,-0.2266812027,0.1445740014,-0.2235598862,0.5294914246,-0.3546654284
4.3977198601,-0.2767192125,-0.2275114357,0.1081050262,-0.1134445742,0.4817843735,-0.2832514346
4.4077830315,-0.2839941382,-0.2069365084,0.1095755324,-0.0741448402,0.3490793407,-0.2133629024
4.4177241325,-0.2664711475,-0.2107626498,0.1149661765,-0.0788108334,0.2217925042,-0.095673956
4.4277758598,-0.2635542452,-0.2619472444,0.1101237163,-0.1276577413,0.0558605231,-0.081815131
4.4377040863,-0.2701778412,-0.2725619972,0.123551093,-0.1989384294,-0.1018284336,-0.0828642845
4.4477639198,-0.2708111703,-0.2484027445,0.1410259157,-0.2246073186,-0.2395927012,-0.0458316989
4.4577031136,-0.2962183654,-0.2303511202,0.1531811506,-0.1846331358,-0.3095645905,-0.015661411
4.4677639008,-0.3409552872,-0.2240160406,0.1478649527,-0.1347167045,-0.2938793898,0.0235104915
4.4776859283,-0.3712214231,-0.229080528,0.1374676377,-0.0808492154,-0.2522283196,0.0965109318
4.4878530502,-0.3639986813,-0.2080536783,0.1453951746,0.0595624894,-0.2383684367,0.215310812
4.4979028702,-0.3355482817,-0.1488475502,0.1575502306,0.3164844215,-0.2595951557,0.3746246994
4.507835865,-0.3255982995,-0.0911357179,0.1492642909,0.7021802068,-0.2401322573,0.5516484976
4.5177879333,-0.3244856596,-0.065617539,0.1045907363,1.185669899,-0.1780638248,0.7474494576
4.5278282166,-0.2937812507,-0.0474705435,0.0302557554,1.7674154043,-0.1457064152,1.0049943924
4.5378918648,-0.2299911976,-0.0330571271,-0.0104641709,2.4146418571,-0.1953791529,1.3607686758
4.547826767,-0.1728786826,-0.0360850431,-0.0083722863,3.0301997662,-0.3100149333,1.7722276449
4.5578169823,-0.1442891955,-0.0710592642,0.030997416,3.5136034489,-0.4617599845,2.2137675285
4.5678119659,-0.1151915267,-0.1420842707,0.1090269312,3.813397646,-0.6347485185,2.711879015
4.5778708458,-0.0899877176,-0.2506449521,0.2127210647,3.9220435619,-0.8152695894,3.2516040802
4.587790966,-0.0730180368,-0.3610719144,0.2869483531,3.8923351765,-1.0230249166,3.7321105003
4.5977869034,-0.0583883598,-0.4458126128,0.344707638,3.8902680874,-1.2166786194,4.2125091553
4.6077818871,-0.0520654842,-0.4709680378,0.3775292933,3.9978854656,-1.3847589493,4.7085986137
4.617787838,-0.0655577257,-0.4484412372,0.4098518789,4.2450013161,-1.5048857927,5.1851506233
4.6278400421,-0.099951975,-0.3790898919,0.4508903325,4.5480251312,-1.5308098793,5.6291866302
4.6377677917,-0.1521285027,-0.2940909564,0.4904628098,4.8536725044,-1.4683941603,6.0280323029
4.647767067,-0.2192946523,-0.2194729745,0.5366725922,5.1482114792,-1.3254535198,6.3530540466
4.6577730179,-0.2847629488,-0.1599391997,0.5847538114,5.500688076,-1.0733813047,6.6380171776
4.6678271294,-0.3372389674,-0.0932603255,0.636339128,5.8623046875,-0.7405391335,6.860833168
4.6777720451,-0.3733734488,0.0105451308,0.6990441084,6.1446275711,-0.3405770957,7.0046515465
4.6878190041,-0.3957466185,0.1562149525,0.754881084,6.1202201843,0.1301848292,7.0812950134
4.6977500916,-0.4170995355,0.3145045936,0.746729672,5.8189492226,0.6594840884,7.1290664673
4.7078270912,-0.4288601279,0.4197065234,0.7002830505,5.4660372734,1.2176837921,7.2287454605
4.7177319527,-0.4386257529,0.4987474382,0.6270851493,4.9168543816,1.7970325947,7.2296218872
4.7277970314,-0.4570743442,0.4929918051,0.5512753725,4.3958425522,2.4100096226,7.0124707222
4.7377262115,-0.4366002977,0.3748033643,0.480417341,3.83527565,2.9876236916,6.5703482628
4.7477231026,-0.3765153289,0.1867245734,0.4742248952,3.2628302574,3.4009535313,5.9263830185
4.7577257156,-0.2676210403,-0.0180628113,0.4831572473,2.674434185,3.5386009216,5.3065276146
4.7676949501,-0.1127002463,-0.0254328437,0.4167309701,1.9151728153,3.6239006519,4.8443646431
4.7777872086,0.0769279227,0.2046248913,0.3519233763,0.9983359575,3.3991165161,4.3864479065
4.7877101898,0.286942482,0.4961147606,0.2229699045,0.4908328056,2.9244437218,4.0839118958
4.7976198196,0.4897661805,0.8052494526,0.0681489334,0.4732990861,2.3541228771,4.0270662308
4.8077011108,0.5689054132,1.0316222906,-0.0537565164,0.5890414119,1.9417459965,3.9457302094
4.8177571297,0.491787076,1.147158742,-0.1949491948,0.6352975965,1.8672542572,3.6922702789
4.827682972,0.3412905335,1.0682333708,-0.2795921266,0.6574923396,2.0227742195,3.3597798347
4.8374919891,0.226629436,0.9241575003,-0.3242881596,0.6108369827,2.3555626869,3.0708088875
4.8477520943,0.191583544,0.880315721,-0.3564725816,0.5608158708,2.7086234093,2.7806463242
4.8576889038,0.2106311917,0.8715542555,-0.3339105546,0.5226045251,2.9364440441,2.4583539963
4.8676977158,0.247269839,0.8554866314,-0.3093800843,0.5127524734,3.0844614506,2.152494669
4.8776416779,0.2698989809,0.8426838517,-0.261267513,0.4407531321,3.1273403168,1.8569209576
4.8876972198,0.280359298,0.8471958637,-0.2188699692,0.1819926649,3.1488194466,1.603050828
4.8976621628,0.2887707651,0.8212777376,-0.2084018439,-0.2945171595,3.1780295372,1.3259122372
4.9077377319,0.3003323972,0.7149176598,-0.2360262126,-0.7812607288,3.1579003334,1.0374122858
4.9178142548,0.3273710012,0.6602888107,-0.2664723694,-1.2714041471,3.0298433304,0.7549258471
4.9276561737,0.363248229,0.6777632236,-0.3605012596,-1.3266391754,2.9018034935,0.3308382034
4.9376888275,0.5632790327,0.8514083028,-0.4972273409,-1.0527549982,2.0129482746,-0.2415287644
4.9476428032,1.0082746744,1.2750226259,-0.5124017,-1.2689787149,0.6027438641,-0.0909349918
4.9578671455,1.1921668053,1.2689224482,-0.668946147,-1.6602143049,-0.4516149461,-0.5417152643
4.9676332474,0.9607432485,0.9139120579,-0.7088544369,-1.98835361,-1.1920444965,-0.836278975
4.9776601791,0.5868339539,0.9235035777,-0.7151613235,-1.8896241188,-1.5632334948,-0.7107050419
4.9878330231,0.2178959548,1.0292785168,-0.6870968938,-1.3843610287,-1.5303472281,-0.5720978975
4.9977860451,0.0001882844,0.9859119654,-0.5552838445,-0.8027724028,-1.391959548,-0.5394046307
5.0076208115,-0.0701321736,0.8061212897,-0.3372888267,-0.5841494799,-1.1945458651,-0.6502637863
5.0176410675,-0.0117117232,0.578360796,-0.1480584592,-0.7884138227,-1.1445657015,-0.9957239032
5.0276060104,0.1412978172,0.4467294216,0.0305885281,-1.3263311386,-1.4758703709,-1.5042099953
5.0376839638,0.3120393455,0.5193430781,0.1248553619,-2.10699296,-2.1226837635,-2.065723896
5.0475959778,0.4006448686,0.5857892036,0.1516406685,-3.0713102818,-2.7571573257,-2.6431264877
5.0575971603,0.3705098927,0.5952073932,0.1061108932,-4.1821837425,-3.0684127808,-3.2883918285
5.0676040649,0.3072535992,0.6482898593,0.0687756166,-5.1178207397,-3.1211705208,-3.9864497185
5.0775852203,0.2458233833,0.7414441109,0.0630086288,-5.7647538185,-2.9729180336,-4.6881370544
5.0875940323,0.1446369886,0.8697006106,0.0956590399,-6.1696915627,-2.6560614109,-5.3910870552
5.0976448059,0.0466180667,0.9884538651,0.1911664158,-6.2519049644,-2.3202440739,-5.9190926552
5.1075758934,-0.0052722907,1.1320919991,0.3346003592,-6.1876339912,-1.9790613651,-6.2018213272
5.1176347733,-0.0469327345,1.2708779573,0.4845466912,-6.0052194595,-1.6298031807,-6.3965039253
5.1275601387,-0.0934964642,1.2580417395,0.5891751647,-5.6805372238,-1.3335760832,-6.5473866463
5.1375589371,-0.1327395439,1.1624307632,0.6673327684,-5.2649288177,-1.0936369896,-6.6140418053
5.1476349831,-0.1663056463,1.0881706476,0.7217826843,-4.8268098831,-0.7620830536,-6.6111860275
5.1575388908,-0.1941477507,0.9991832376,0.730435729,-4.3230690956,-0.3752274811,-6.5747356415
5.1676068306,-0.2025137097,0.8672068119,0.7172233462,-3.8807265759,0.0669898763,-6.5088562965
5.1775488853,-0.1957866848,0.6862038374,0.6913001537,-3.511813879,0.4892380536,-6.4619197845
5.1875772476,-0.1663256884,0.4652180374,0.6696391106,-3.2173559666,0.8621176481,-6.3710532188
5.1975317001,-0.1269879639,0.31724599,0.6728993654,-3.0581548214,1.193418622,-6.270260334
5.207611084,-0.0954934582,0.196949929,0.6820766926,-2.9593405724,1.4624077082,-6.1520237923
5.2175178528,-0.0718404725,0.0813212618,0.6700965166,-2.8284747601,1.6845095158,-5.9208912849
5.2275848389,-0.0596502498,-0.003812049,0.6816120148,-2.8315839767,1.8331079483,-5.6647539139
5.2374792099,-0.0831002071,-0.101574935,0.6840745211,-2.7429618835,2.1014623642,-5.3616499901
5.2475738525,-0.0989611819,-0.1843891442,0.6598137617,-2.7103004456,2.3029446602,-5.0782585144
5.2574987411,-0.1162519827,-0.2168003023,0.6228625774,-2.6408753395,2.5627429485,-4.7580866814
5.2675037384,-0.0920595303,-0.2171545923,0.5342025757,-2.5077695847,2.7249782085,-4.4054551125
5.2775630951,-0.0733235851,-0.2031214535,0.4621214569,-2.3193371296,2.9058845043,-4.0444850922
5.2874889374,-0.031264253,-0.1694032252,0.3983319104,-2.0283095837,2.9673335552,-3.7465548515
5.2975549698,0.0300913677,-0.1211066023,0.3278989494,-1.5344181061,2.88413167,-3.4233915806
5.3074760437,0.0631856844,-0.0563795902,0.298289448,-0.8162142038,2.7719190121,-3.0715141296
5.3175411224,0.0263874456,-0.0217676498,0.1733533293,-0.2325629741,2.7996613979,-2.7310767174
5.3274459839,-0.0495159701,-0.0716088787,0.1250037104,-0.0052390108,2.9461848736,-2.4262170792
5.3375167847,-0.0512694493,-0.1893444955,0.146882847,0.0029150555,2.8625531197,-2.0889017582
5.3474640846,0.0176695511,-0.2743650377,0.1946751624,0.0209337361,2.519651413,-1.8317167759
5.3574538231,0.0657154843,-0.3096196353,0.2405210882,-0.0252520014,2.1048567295,-1.673884511
5.3674860001,0.029200606,-0.3547160327,0.24384965,-0.1369042248,1.8595598936,-1.5096698999
5.3774518967,-0.0517663434,-0.4260703623,0.2122802883,-0.2537100613,1.7336649895,-1.377035737
5.3875131607,-0.0982543305,-0.4446544349,0.1913107187,-0.3651354015,1.6066519022,-1.2550216913
5.397439003,-0.1139581576,-0.4093863666,0.1585968286,-0.396807313,1.5124183893,-1.1215889454
5.4074687958,-0.1270292997,-0.3765263855,0.1198113784,-0.3516995013,1.4283807278,-0.9904013872
5.4174408913,-0.1493771076,-0.3426354229,0.118108891,-0.2938702703,1.3603564501,-0.8731381297
5.4274950027,-0.1748045683,-0.3253802359,0.1185018048,-0.2433906049,1.2877719402,-0.7823994756
5.4374279976,-0.1942139268,-0.3348847926,0.1048706993,-0.1690136939,1.1703641415,-0.7051974535
5.4474830627,-0.1908558607,-0.3209226429,0.1104820594,-0.0880453438,1.0211440325,-0.6044216156
5.457408905,-0.195001781,-0.2970162928,0.115034543,0.0013862681,0.8826447725,-0.5079725981
5.4674830437,-0.2094148993,-0.2874374092,0.1042249426,0.1196708381,0.7421909571,-0.4157787263
5.477399826,-0.1857905388,-0.269238621,0.1096867546,0.1632249653,0.5604094267,-0.2138373405
5.4872932434,-0.1456616521,-0.3220454156,0.0835984573,0.2190075368,0.3230655789,-0.0211067759
5.4972100258,-0.1314769983,-0.4075250328,0.0324632116,0.2199897021,0.0593988001,0.017786026
5.5072879791,-0.1057308987,-0.4032145441,0.018051168,0.1847872436,-0.2278343141,0.0834167004
5.5175089836,-0.0967418626,-0.3809686601,0.0063822474,0.1647866368,-0.4417172968,0.2133667171
5.5274548531,-0.1494742036,-0.3889763653,-0.0033620393,0.1374335885,-0.5193151832,0.2882564068
5.5373792648,-0.2153007388,-0.3906036913,0.0117981639,0.0956829488,-0.5339574814,0.3638108075
5.5474419594,-0.2400521636,-0.3541641533,0.0484252758,0.1084887534,-0.5788176656,0.4809558094
5.5573692322,-0.2369403839,-0.3060825169,0.0780446753,0.224854514,-0.6271183491,0.6023016572
5.5674328804,-0.2402302027,-0.2541802824,0.110892795,0.3873265088,-0.6902499199,0.6971504092
5.5773568153,-0.244407177,-0.2150432765,0.1282240301,0.5967927575,-0.7478649616,0.7696204782
5.5873727798,-0.2316510677,-0.2108831108,0.0953588709,0.8381188512,-0.8110830784,0.907972753
5.5973501205,-0.166582942,-0.2071532905,0.0706736073,1.0379834175,-0.9367595315,1.1540585756
5.6073217392,-0.0899846032,-0.2089565098,0.0665773973,1.1923193932,-1.1359124184,1.4739596844
5.6172962189,-0.0369951501,-0.2370938957,0.0530500598,1.3962097168,-1.3923428059,1.8005720377
5.6273398399,-0.0076108044,-0.2451208532,0.0263297167,1.7154707909,-1.6669460535,2.1474070549
5.6373786926,0.0077164108,-0.2130659521,0.0050668325,2.2028543949,-1.8949490786,2.541629076
5.6473340988,0.0046909684,-0.1601324379,0.0068866219,2.7865803242,-2.0333356857,2.9543266296
5.6573348045,-0.0132228201,-0.1339291632,0.0316465087,3.4262673855,-2.0985765457,3.3707611561
5.6673960686,-0.0286176577,-0.1395308077,0.09041401,4.0860037804,-2.1484160423,3.820015192
5.6773209572,-0.0498045459,-0.1672421992,0.1647609621,4.6822991371,-2.1536054611,4.2987723351
5.6873869896,-0.0801093355,-0.1930941045,0.2458766848,5.1565766335,-2.1212136745,4.7826809883
5.6973028183,-0.1331864297,-0.2270935476,0.3419427574,5.5419778824,-2.0521700382,5.2579140663
5.7073588371,-0.2129873335,-0.2576201856,0.4639639556,5.8734230995,-1.9004360437,5.7029027939
5.7173042297,-0.2932983041,-0.2455384731,0.604372561,6.1399273872,-1.6224076748,6.1014347076
5.7273569107,-0.3531948328,-0.1574657261,0.7741261721,6.3111805916,-1.2994855642,6.46149683
5.7372550964,-0.3925130367,-0.0040083569,0.9046252966,6.3925266266,-0.9410568476,6.8054556847
5.7472491264,-0.4410663247,0.1612346768,0.978695035,6.3965315819,-0.5202483535,7.1395020485
5.7572841644,-0.4923431873,0.2764480412,1.0066027641,6.3504824638,-0.0792064816,7.3852739334
5.767329216,-0.5352118611,0.3553716838,1.0045126677,6.2541656494,0.4171316326,7.5181088448
5.7772660255,-0.5494087338,0.448167026,0.9344450831,6.0528087616,1.000592947,7.5590829849
5.7873697281,-0.5520378947,0.5262469053,0.8339899778,5.413828373,1.6517605782,7.4150710106
5.7972660065,-0.5620042682,0.4536118209,0.7215821743,4.2857108116,2.3179695606,6.9738378525
5.8073329926,-0.5576990843,0.1442016661,0.6709009409,3.1115274429,2.9584555626,6.3150091171
5.8172469139,-0.4662790298,-0.2089564204,0.6527618766,2.2894074917,3.4989364147,5.6417078972
5.8275089264,-0.2785872817,-0.3537011445,0.5519545674,1.4248235226,3.8652260303,5.0110006332
5.8372368813,-0.0409223065,-0.2063719928,0.4635128081,0.1822069138,3.7608628273,4.3060564995
5.8472690582,0.2382770032,0.0184910074,0.4224515855,-0.9062435031,3.0356140137,3.7250800133
5.8572211266,0.5515829921,0.3181171417,0.3331611454,-1.3955341578,2.0080122948,3.4919834137
5.8672647476,0.785166502,0.7424687147,0.2422258407,-1.3682547808,1.2522794008,3.5861060619
5.8772230148,0.7823567986,1.1983418465,0.1096368656,-0.6991329193,1.0448148251,3.843020916
5.8872289658,0.5492666364,1.4849336147,-0.0616797023,0.5633513331,1.1740965843,3.9443528652
5.8972320557,0.2393798381,1.5406764746,-0.1623278111,1.8540180922,1.6092405319,3.7897691727
5.9072790146,0.0095875794,1.4530105591,-0.1830125302,2.7067809105,2.2662088871,3.4736328125
5.9172048569,-0.0823034868,1.180555582,-0.203334257,2.9778120518,2.8552303314,2.9883627892
5.9272589684,-0.0457642749,0.8582533002,-0.1902340502,2.6391382217,3.3620238304,2.4381814003
5.9371938705,0.0542092547,0.6247696877,-0.1834146231,1.8856503963,3.6630613804,1.9501776695
5.9472579956,0.1519836187,0.478752315,-0.1842838377,0.9500336647,3.7727117538,1.495416522
5.9572019577,0.2009085715,0.4328304529,-0.1551430672,-0.0199098326,3.7364771366,1.1361795664
5.9672431946,0.2225406468,0.5104746819,-0.1412997097,-0.8513410091,3.6350388527,1.0258668661
5.9771671295,0.2556987405,0.6660859585,-0.1530570835,-1.3985669613,3.5577368736,1.1053647995
5.9871788025,0.2943734527,0.7904176712,-0.1620149463,-1.5395293236,3.4002966881,1.1957250834
5.9971599579,0.3160948455,0.8537175059,-0.2015699595,-1.1329338551,3.2617747784,1.2537120581
6.0072340965,0.4378238916,1.0337707996,-0.4074091613,-0.1676873118,2.6753942966,0.6788996458
6.0171499252,0.8192597628,1.4070096016,-0.454331547,0.2959087193,1.2240172625,0.6486779451
6.0271549225,1.1539679766,1.5192517042,-0.5590796471,0.2656655908,-0.0554052815,0.0503703356
6.0371761322,1.0076072216,0.9792367816,-0.6341195703,0.0262334272,-1.0265887976,-0.6857762337
6.0471801758,0.5664483309,0.8469613791,-0.6222932935,-0.2919378877,-1.5545243025,-0.6385725141
6.0571341515,0.154989779,0.9739682674,-0.5700255632,-0.3286022842,-1.5736984015,-0.47268942
6.067193985,-0.1064629033,0.9068650007,-0.4473505318,-0.0902166143,-1.2538051605,-0.4026876986
6.0771260262,-0.1887832284,0.7414777279,-0.2641178071,0.1517515332,-0.9547515512,-0.3984228969
6.0871491432,-0.1516162753,0.6115579009,-0.0490214638,-0.0122363344,-0.8078417182,-0.5692436695
6.0971150398,-0.0275916234,0.532348454,0.1010172591,-0.5223454833,-0.8284569979,-0.892780304
6.1071228981,0.1626317799,0.4562139213,0.1434492022,-1.3214621544,-1.1824705601,-1.4455572367
6.1171722412,0.3479222059,0.4157124162,0.1764839441,-2.3248980045,-1.7889508009,-2.2143466473
6.1270980835,0.4651706219,0.4006916285,0.1800174266,-3.611446619,-2.4436769485,-3.1186094284
6.137172699,0.4751553535,0.4587290585,0.1571305543,-4.9610176086,-2.8505563736,-3.9798111916
6.1470980644,0.3991207182,0.5910106897,0.1289755255,-6.0467476845,-2.9484226704,-4.6923456192
6.1571111679,0.252358526,0.8443249464,0.1087762341,-6.6679940224,-2.7042863369,-5.3298711777
6.1670742035,0.074788861,1.0667860508,0.1128476486,-6.7661676407,-2.3614046574,-5.8919057846
6.1771440506,-0.0526954904,1.230058074,0.2191273123,-6.5046319962,-1.9899249077,-6.1845283508
6.187087059,-0.1428039819,1.3589011431,0.3535676301,-6.0330219269,-1.5183297396,-6.3345255852
6.1971597672,-0.1990227699,1.3740147352,0.4238131344,-5.3999786377,-1.084849596,-6.4631404877
6.2070951462,-0.2324142754,1.3006757498,0.4971621931,-4.7868795395,-0.6858705878,-6.6085162163
6.2171411514,-0.247094512,1.1617724895,0.5824413896,-4.2719087601,-0.3087541759,-6.7218103409
6.2270741463,-0.2346416861,0.9865486026,0.6616110206,-3.8375997543,-0.012944906,-6.7707772255
6.2371311188,-0.2089008391,0.8039663434,0.7411320806,-3.3952405453,0.1726494581,-6.7170481682
6.2470550537,-0.1832420081,0.6669493914,0.7772107124,-3.0095758438,0.3393060565,-6.5760374069
6.2571110725,-0.1778063774,0.5625765324,0.7803606987,-2.7945683002,0.4969931543,-6.4539704323
6.2670459747,-0.2002071738,0.4191197455,0.7609118223,-2.6872959137,0.776717484,-6.337934494
6.2770452499,-0.2097514272,0.2243909538,0.6929774284,-2.5926992893,1.1414080858,-6.1491355896
6.2870459557,-0.2047511637,0.0660413727,0.6534378529,-2.5293967724,1.4129685163,-5.9480242729
6.2970666885,-0.1983943582,-0.0085161068,0.6454144716,-2.3996148109,1.8644926548,-5.635512352
6.307033062,-0.1789996326,-0.0271243788,0.6255874634,-2.3091602325,2.1890788078,-5.3827056885
6.3170967102,-0.1691437215,-0.041988764,0.6097900867,-2.1520302296,2.5794677734,-5.1197495461
6.327021122,-0.1267016828,-0.0561063029,0.5256545544,-1.9619429111,2.8505339622,-4.8411688805
6.3370881081,-0.0781841353,-0.0791569129,0.4970243275,-1.7352513075,3.0792331696,-4.550652504
6.3469729424,-0.0211211517,-0.1034489051,0.4762906134,-1.4518744946,3.1599156857,-4.2464675903
6.3570179939,0.0304244682,-0.1041005626,0.4616586268,-1.2082077265,3.1355764866,-3.9383869171
6.367002964,0.0666952953,-0.1246687546,0.4019916356,-0.9839304686,3.0031301975,-3.6306533813
6.3770680428,0.0783994719,-0.1701054871,0.3552356064,-0.8062092066,2.8493807316,-3.3971166611
6.3870038986,0.0822390243,-0.214017421,0.3327739537,-0.6485199928,2.6603152752,-3.1505885124
6.3970580101,0.0907995328,-0.2410160601,0.2944668829,-0.4560699761,2.5208377838,-2.8863456249
6.4069862366,0.0827544853,-0.2666613758,0.2153313309,-0.2178733945,2.4166207314,-2.6648588181
6.4170489311,0.0621876344,-0.3015975654,0.141413942,-0.0876252279,2.4402298927,-2.3963162899
6.426981926,0.0539475009,-0.3515892923,0.1070140824,-0.1456994563,2.3896801472,-2.1303501129
6.4369878769,0.0646719858,-0.4203507602,0.1138272509,-0.2689777017,2.2116253376,-1.8422659636
6.4469537735,0.0803841874,-0.4537676871,0.1227514967,-0.383720547,1.9189537764,-1.5906260014
6.4570279121,0.0581654236,-0.4456747472,0.1403767616,-0.4225836396,1.6527636051,-1.4358890057
6.4669561386,-0.0018062658,-0.4171548188,0.1565889865,-0.4567780793,1.476205349,-1.3029836416
6.4770021439,-0.0797522739,-0.4195964634,0.1473068148,-0.4798725247,1.3777543306,-1.170592308
6.4869608879,-0.137758553,-0.425686568,0.1410380751,-0.5309737325,1.3058979511,-1.0277302265
6.4970030785,-0.1567240357,-0.4527393878,0.1102197394,-0.5356228352,1.179615736,-0.9164173007
6.506937027,-0.1579388082,-0.4768802822,0.093805097,-0.5100333691,1.0212715864,-0.8325418234
6.5169668198,-0.1568993926,-0.4569833577,0.0933641419,-0.4917432964,0.8456875086,-0.7581104636
6.5269298553,-0.163539052,-0.4033513367,0.0747751221,-0.4496240616,0.7422431111,-0.6437932253
6.5369539261,-0.1682688296,-0.3477008045,0.0436468311,-0.3592524827,0.5904911757,-0.4728908837
6.5471229553,-0.1356726289,-0.2909083068,0.0265851822,-0.2554056942,0.4440788329,-0.1894178838
6.5569400787,-0.110730119,-0.3562400043,-0.0310499463,-0.0973600149,0.2383946478,-0.0118379118
6.5668840408,-0.0848010853,-0.3887403309,-0.068674542,0.0284897909,-0.0357634015,0.0620946363
6.5769767761,-0.0562456623,-0.3649028838,-0.0695477501,0.1415373832,-0.3173575401,0.1530829966
6.5869069099,-0.0784320906,-0.3596661985,-0.072741963,0.2311271876,-0.4740470052,0.2475269437
6.5969018936,-0.1438391805,-0.3803843558,-0.080808796,0.3114590347,-0.5316677094,0.3115895689
6.6068959236,-0.2082058787,-0.3777532876,-0.0563689284,0.3582238853,-0.5328714252,0.3784953654
6.6169610023,-0.239372611,-0.3504918516,-0.013000885,0.3609759808,-0.5180770755,0.4803836048
6.6268730164,-0.2411087155,-0.3214101493,0.0393352695,0.3544246256,-0.5459771156,0.5984945297
6.6369538307,-0.2332056165,-0.3276661932,0.0908534154,0.3836217821,-0.6272624135,0.691431284
6.6468372345,-0.2250560522,-0.3448901474,0.1149549708,0.4108291566,-0.7214935422,0.7717027068
6.6568579674,-0.1963891685,-0.3445310891,0.1146546826,0.4647957385,-0.8376728892,0.8860948086
6.6668820381,-0.1484941542,-0.328473419,0.1125092134,0.547623992,-0.9892949462,1.0793130398
6.67689991,-0.1011217013,-0.3203999698,0.1037157401,0.6515420079,-1.1390308142,1.3489962816
6.6868610382,-0.0611583069,-0.3387911618,0.0788490996,0.8387955427,-1.3071519136,1.6431757212
6.6969270706,-0.0223091915,-0.3408863842,0.0570297427,1.1466171741,-1.4846733809,1.9787646532
6.7068619728,0.0052316422,-0.3046384156,0.040794868,1.5556083918,-1.650343895,2.3588271141
6.7168650627,0.0019366973,-0.2656430304,0.0347736664,2.0314083099,-1.7641563416,2.7427546978
6.7268428802,-0.0254682973,-0.2449766099,0.0481946655,2.4617929459,-1.8004461527,3.1092143059
6.7369070053,-0.0584927872,-0.2641537488,0.0887178406,2.7946443558,-1.77787745,3.447740078
6.7467980385,-0.0875209644,-0.3263475001,0.1598179489,3.0439474583,-1.7363680601,3.8265705109
6.75689888,-0.0963990167,-0.3823906481,0.2274271995,3.1393163204,-1.6703487635,4.2117261887
6.7668228149,-0.0995844975,-0.4224192202,0.2942843735,3.1176011562,-1.62910676,4.5546264648
6.7768878937,-0.096782662,-0.4388370216,0.3696062863,3.0630214214,-1.6158975363,4.8987927437
6.7868242264,-0.093779929,-0.4042046964,0.4473126829,3.0470340252,-1.6279238462,5.2569079399
6.7968196869,-0.0954350904,-0.3028213084,0.5196812153,3.1078464985,-1.636081934,5.622379303
6.8068060875,-0.1251274198,-0.1477424204,0.5807178617,3.3029477596,-1.6227986813,5.9993057251
6.8168706894,-0.1922262758,0.0214000605,0.6323417425,3.7344870567,-1.5467046499,6.3830976486
6.8268041611,-0.2893337607,0.2128277123,0.6746891737,4.3495559692,-1.3344656229,6.7722520828
6.8367619514,-0.3964418769,0.4503751695,0.7071828842,4.9911427498,-0.9619237781,7.1337857246
6.8467750549,-0.5042093992,0.665620327,0.7225883603,5.7358489037,-0.5184672475,7.4459195137
6.8568501472,-0.5849875808,0.8072832227,0.7185844779,6.4683718681,-0.0112021342,7.7310886383
6.8667449951,-0.6401982307,0.8748682737,0.71892488,6.7188558578,0.5299162269,7.7868981361
6.8768062592,-0.6929395199,0.717128396,0.7415798306,6.6280670166,1.1638367176,7.5055713654
6.8867712021,-0.7261533141,0.4019934535,0.7541797757,6.3339419365,1.9262017012,7.053565979
6.8968338966,-0.7179793715,0.1299788803,0.7549812794,5.9533171654,2.7183308601,6.5355596542
6.9067678452,-0.6276989579,-0.0077174348,0.7054985166,5.2960672379,3.3138866425,5.9042835236
6.916823864,-0.4456133246,0.0299880989,0.6353396773,4.4854168892,3.7467498779,5.2603583336
6.9267420769,-0.2390701175,0.1842272282,0.4857192338,3.6623797417,3.965416193,4.7028217316
6.9367609024,-0.0448897853,0.3809938133,0.3499741256,2.9503364563,3.8928472996,4.2352743149
6.9467439651,0.1621088684,0.5650692582,0.1998717338,2.3819737434,3.5575435162,3.9116911888
6.956744194,0.3815827668,0.7549833059,0.0712003931,1.8105376959,3.0454845428,3.6699991226
6.9664931297,0.5185961723,0.8210339546,-0.0500405245,1.1768798828,2.621607542,3.2971038818
6.9767971039,0.4901896119,0.7604773045,-0.1944801062,0.5107036829,2.4494197369,2.7621743679
6.9866290092,0.3419255912,0.5988782644,-0.2731446922,-0.1510710418,2.4104399681,2.177511692
6.9968628883,0.1797773242,0.4487553537,-0.2848852575,-0.8204604387,2.4958834648,1.6515445709
7.0065541267,0.0926695392,0.4303037226,-0.2713507116,-1.4182963371,2.6515066624,1.2674297094
7.0167808533,0.1263258755,0.5994277,-0.2777365148,-1.8626662493,2.7775702477,1.0374456644
7.0267038345,0.2346491814,0.8582180738,-0.2650319636,-2.0011975765,2.7654385567,0.9940630794
7.0367231369,0.3306918144,1.0568176508,-0.2859642804,-1.8360419273,2.6527855396,1.0456756353
7.0465650558,0.3655804396,1.1557284594,-0.3319098651,-1.3837141991,2.5244619846,1.1290584803
7.0566949844,0.3638492823,1.1681442261,-0.4123829901,-0.8550035357,2.3847019672,1.0552258492
7.0666871071,0.350728929,1.1253703833,-0.5551706553,-0.0224876385,2.3166592121,0.5940077901
7.0767149925,0.4684416652,1.168836832,-0.6173552275,0.3663302958,1.2960789204,0.1371508986
7.0866098404,0.7886103988,1.3182110786,-0.6622102261,0.1402002126,0.3062978089,-0.0358168781
7.0967020988,0.9023984671,1.0557951927,-0.7136124372,-0.1861474067,-0.6270499229,-0.3928723335
7.1066579819,0.6911842227,0.8590660095,-0.6953995228,-0.6626747847,-1.0945560932,-0.3852583766
7.1166658401,0.3054807782,0.7948476076,-0.5786483288,-1.0097259283,-1.2240967751,-0.3459314704
7.1267161369,-0.0065745777,0.6398115754,-0.4138168991,-1.2629132271,-1.1303294897,-0.5259068608
7.1366891861,-0.1510398388,0.5436047316,-0.1871306151,-1.5135354996,-0.9533033371,-0.7212975025
7.1466417313,-0.1331318021,0.5227684379,-0.010174254,-1.7197365761,-0.8728218079,-0.8725349307
7.1566419601,-0.0108160442,0.5628733039,0.0937849507,-1.9270963669,-0.9754840136,-1.1904394627
7.1668229103,0.1442273855,0.6110389233,0.1283479482,-2.2368943691,-1.353041172,-1.8145855665
7.1766281128,0.2720617354,0.6313306093,0.13896586,-2.7551009655,-1.908614397,-2.5691702366
7.1866230965,0.3267500401,0.6641271114,0.1577745825,-3.6080853939,-2.4106047153,-3.2537488937
7.1966638565,0.288576901,0.6640181541,0.1591440588,-4.5221748352,-2.6369745731,-3.8997008801
7.2068271637,0.1928314865,0.6975898147,0.1472169906,-5.3142995834,-2.6379349232,-4.5450749397
7.2166848183,0.0846150145,0.8275585175,0.1746998578,-5.8682198524,-2.4185819626,-5.1410503387
7.2266111374,-0.0123654371,0.9680715799,0.2453052551,-6.0796265602,-2.2433233261,-5.5786819458
7.2366046906,-0.0773152485,1.0988736153,0.351937741,-6.0980596542,-1.9701113701,-5.8609132767
7.2467899323,-0.1413069367,1.152988553,0.4641024172,-5.937374115,-1.7022993565,-6.0614299774
7.256565094,-0.1881111562,1.1490260363,0.5723510385,-5.6648893356,-1.4130257368,-6.2281661034
7.2666339874,-0.2275300324,1.0978317261,0.6155130863,-5.2378315926,-1.1136693954,-6.3557677269
7.2765679359,-0.2555418611,1.0087727308,0.6286878586,-4.6915521622,-0.7958005667,-6.4262037277
7.2868719101,-0.2675623298,0.9323114157,0.6027333736,-4.0602374077,-0.4711119235,-6.4011273384
7.296587944,-0.2643264532,0.9157205224,0.5752277374,-3.3720574379,-0.0853919461,-6.2904348373
7.3066020012,-0.2618974447,0.8858219981,0.5375443697,-2.7696025372,0.3371419907,-6.1714200974
7.3165869713,-0.2580381334,0.7715319991,0.4955210984,-2.1654314995,0.6983811259,-6.0966277122
7.326622963,-0.2379574925,0.623877883,0.5193781853,-1.7709764242,1.1011549234,-5.975215435
7.3365368843,-0.1956546009,0.5041440725,0.5266630054,-1.5426808596,1.4745241404,-5.8928074837
7.3465356827,-0.1526465267,0.3418041766,0.5471305251,-1.4037981033,1.819362402,-5.8154611588
7.3565440178,-0.0876961276,0.1791801155,0.5336552858,-1.2835441828,2.0579500198,-5.6471104622
7.3665890694,-0.028261058,0.0478147529,0.5284270048,-1.2196805477,2.1380553246,-5.4617552757
7.376540184,-0.0042491918,-0.0395679809,0.5314166546,-1.2624260187,2.2034006119,-5.2804780006
7.3865408897,-0.0055791801,-0.1158960238,0.5110970736,-1.3125989437,2.2560219765,-5.0810551643
7.3966836929,-0.0100013083,-0.1898173988,0.4893574417,-1.3022354841,2.3297812939,-4.8393154144
7.4066581726,-0.0162162855,-0.2476150692,0.4443267882,-1.2015503645,2.4314501286,-4.540450573
7.4197711945,-0.0177365318,-0.2781681716,0.4175432026,-1.0428205729,2.4885826111,-4.2530260086
7.4266262054,-0.0106710857,-0.2805480659,0.3848738372,-0.8609909415,2.5897738934,-3.9584639072
7.4366750717,0.0226819143,-0.268530339,0.3338001668,-0.6702505946,2.6450932026,-3.6614859104
7.4463729858,0.0689387545,-0.2781530321,0.2899009883,-0.4045778811,2.6690561771,-3.3494837284
7.4564118385,0.0984772667,-0.3172922432,0.2422011048,-0.1361179352,2.6275405884,-3.0721158981
7.4663500786,0.0972074792,-0.3721028268,0.1840932518,-0.0392795354,2.6559140682,-2.7164664268
7.4765181541,0.1038226113,-0.4425717294,0.1670860201,-0.1475638002,2.5862641335,-2.3887224197
7.4866867065,0.1230680272,-0.5147577524,0.2073943168,-0.2876306176,2.3508508205,-2.0428831577
7.4964179993,0.1374287009,-0.5372499228,0.2815065086,-0.4276244938,1.991140604,-1.7334221601
7.5063290596,0.1060706303,-0.5111432672,0.3237981498,-0.4641209841,1.6626622677,-1.4901037216
7.5163879395,0.0251939818,-0.4758137167,0.3158224523,-0.491600275,1.4581530094,-1.3814542294
7.5262870789,-0.0759457722,-0.4617735445,0.2639966905,-0.490299046,1.3885308504,-1.2747645378
7.5364847183,-0.1374565363,-0.4623994529,0.2125034481,-0.472301811,1.3608214855,-1.1577392817
7.5464730263,-0.1625702381,-0.4610210359,0.1846667677,-0.4711662233,1.3146388531,-1.0597006083
7.556499958,-0.1720280647,-0.4588216245,0.1508420855,-0.457950294,1.240470767,-0.9954856634
7.5664749146,-0.1690997481,-0.4342125356,0.1411715895,-0.4786728919,1.1267758608,-0.8980563283
7.5764098167,-0.1578356624,-0.3838497698,0.1590508372,-0.5316402316,1.0217821598,-0.753915906
7.5864849091,-0.1590453982,-0.3538006842,0.1286882311,-0.4683328867,0.9366983771,-0.6365453005
7.5964598656,-0.1594711542,-0.3213453591,0.1036803946,-0.3530780673,0.7633511424,-0.5133263469
7.6064519882,-0.1314142942,-0.2829319537,0.0912543759,-0.2925763726,0.5809972882,-0.2688984573
7.6164131165,-0.1215299442,-0.3808597028,0.0156513061,-0.2070504278,0.3850453496,-0.137011677
7.6265087128,-0.1020436063,-0.4657799304,-0.0475563817,-0.1580610573,0.1186797023,-0.0821990222
7.6364307404,-0.0360233858,-0.4416197836,-0.0828256384,-0.1321293116,-0.2169528902,0.0176985413
7.6463971138,-0.0215426758,-0.4063595235,-0.1033830419,-0.060719315,-0.4977994859,0.108710736
7.6564598083,-0.0821017697,-0.3881157935,-0.1238025203,-0.0021743784,-0.633577764,0.1764798015
7.6665091515,-0.1712004542,-0.3845960796,-0.1120733991,0.019785516,-0.6175729632,0.278350234
7.6764130592,-0.226290822,-0.3724677861,-0.0823496953,0.0392403081,-0.5681966543,0.4108178616
7.686478138,-0.2409185469,-0.3403801024,-0.0362794213,0.1189476475,-0.5718979239,0.5308364034
7.6964039803,-0.2297847569,-0.2999638617,0.0066603627,0.2557172179,-0.6266399622,0.6298974752
7.7063550949,-0.2158480287,-0.2677868307,0.0396700092,0.4011018574,-0.686742723,0.7194265723
7.7164549828,-0.2064552903,-0.2750042975,0.0455484577,0.5836440921,-0.7272078991,0.8215495944
7.7263936996,-0.1780890822,-0.2863953412,0.0281371083,0.7790814638,-0.7960340977,0.9705941677
7.7364559174,-0.1107719615,-0.2578932941,0.0205208268,0.9533979893,-0.944049418,1.2529666424
7.7463850975,-0.0302024558,-0.2321912348,0.0293208566,1.1551511288,-1.1046193838,1.667137146
7.7564167976,0.0140559906,-0.2679240406,0.0189804044,1.5350476503,-1.265609026,2.1215593815
7.7663769722,0.0377929136,-0.2866667807,0.0050176587,2.0397632122,-1.4285985231,2.6035273075
7.7764430046,0.055057101,-0.2514143884,0.0201057401,2.5815868378,-1.5707761049,3.109764576
7.7863678932,0.0516466424,-0.2164778411,0.05488028,3.1657898426,-1.6814672947,3.6359579563
7.7964138985,0.0210329816,-0.2158934772,0.0984328613,3.7665085793,-1.7278085947,4.1734118462
7.8063602448,-0.0358530656,-0.2281595767,0.1693674475,4.3249521255,-1.6933065653,4.7029314041
7.8163728714,-0.1042269543,-0.2470028102,0.2620534599,4.8700294495,-1.5947006941,5.2416071892
7.8264040947,-0.1811812222,-0.2553450763,0.3720598519,5.3367519379,-1.4223552942,5.7246141434
7.8363718987,-0.2667368948,-0.266143769,0.4886901677,5.632042408,-1.1387887001,6.1199030876
7.846408844,-0.3493485451,-0.2825214565,0.6090564132,5.8301253319,-0.8097640276,6.4193506241
7.856344223,-0.4086371958,-0.2817907631,0.7372050881,5.9565095901,-0.4400317967,6.6686491966
7.8663301468,-0.4444152415,-0.2298220098,0.8249346018,5.853310585,-0.0331351273,6.8477506638
7.8763961792,-0.4859824777,-0.1472659111,0.8707505465,5.2890686989,0.4034698904,6.9186191559
7.8863048553,-0.5301710963,-0.1028789058,0.8656452894,4.3567852974,0.8471360207,6.8983325958
7.8963947296,-0.5441818237,-0.1223312393,0.8178727627,3.2668476105,1.280377388,6.8017325401
7.9063220024,-0.5254452825,-0.1434308887,0.7409827709,2.144005537,1.6034129858,6.5964422226
7.9163770676,-0.4613907933,-0.1416807473,0.6921364665,1.229411006,1.8245917559,6.29074049
7.9263029099,-0.361923039,-0.1234213486,0.6288632751,0.6408627629,1.9832144976,5.9990282059
7.9363689423,-0.2470135987,-0.0718742386,0.5302690864,0.4035540819,2.1088237762,5.7784638405
7.9462947845,-0.1497944593,0.0171885453,0.4583559334,0.3174951077,2.1740362644,5.4827561378
7.9562010765,-0.0745758191,0.1626997888,0.475782603,0.3494299948,2.1905345917,5.133099556
7.9662857056,0.0105448896,0.4037667215,0.4612688124,0.5242574215,2.0770750046,4.8309321404
7.9762768745,0.1101184264,0.7138908505,0.4057909548,0.9333104491,1.8428990841,4.6993665695
7.9863119125,0.2096547782,0.9830043316,0.3212351501,1.4998933077,1.6058790684,4.7175064087
7.9962849617,0.2623164058,1.197455287,0.2147675902,1.9262036085,1.4546887875,4.6501955986
8.0064153671,0.2335401177,1.2448203564,0.1512822658,1.9239231348,1.4595736265,4.3484463692
8.0162687302,0.1465539336,1.0235990286,0.0667523965,1.6537410021,1.6094605923,3.9970748425
8.0262241364,0.0643735752,0.7409480214,-0.0096075926,1.1335942745,1.8893498182,3.7002782822
8.0363864899,0.0066872174,0.5887665749,-0.0662737861,0.544978857,2.234998703,3.2809283733
8.0465116501,-0.0040631359,0.5228205919,-0.0879478231,0.0916190892,2.4928934574,2.8514289856
8.05610466,0.0471144244,0.6069936156,-0.1281881779,-0.0704039037,2.7103288174,2.5516002178
8.0660829544,0.0944937989,0.7891759872,-0.1391117424,0.0049225464,2.847014904,2.3434948921
8.0766334534,0.1459698081,0.9936681986,-0.1406347603,0.2549266517,2.981852293,2.2606399059
8.0863666534,0.2111243308,1.1878287792,-0.1833010763,0.5407450795,3.0474457741,2.1728990078
8.0962285995,0.2742056251,1.2377940416,-0.2222206444,0.8063073158,3.0326354504,1.950771451
8.1062755585,0.3200109601,1.148820281,-0.2799240053,0.9529923201,2.9523997307,1.6845290661
8.1162519455,0.3459047675,1.0491096973,-0.3891782463,1.2328867912,2.8960542679,1.090819478
8.1262454987,0.4152176976,1.053793788,-0.5164655447,1.4151223898,1.8907002211,0.1017509624
8.1362190247,0.7300203443,1.3376208544,-0.524780035,1.0415633917,0.5340739489,-0.0889181867
8.146276474,0.9485722184,1.1868982315,-0.5807749033,0.4034973681,-0.6250349283,-0.1914448291
8.1561985016,0.6599087715,0.8240301013,-0.7228022814,-0.1951871216,-1.128505826,-0.2791270018
8.166267395,0.1985066533,0.7497954965,-0.7483344078,-0.6499384046,-1.2696160078,-0.2449602485
8.17619133,-0.1093563512,0.6247057915,-0.6630835533,-1.0705193281,-1.0744425058,-0.413788408
8.1862220764,-0.2761521339,0.4454539716,-0.4497344196,-1.5359011889,-0.8274077177,-0.7274084091
8.196182251,-0.2688131928,0.3218667507,-0.2112279981,-1.9945880175,-0.6584701538,-0.9311034083
8.2062177658,-0.1158675626,0.3247822821,-0.0450566821,-2.49345994,-0.7766862512,-1.1796504259
8.2161912918,0.086582236,0.3696420491,0.0564236827,-3.0761480331,-1.2033184767,-1.7958505154
8.2262363434,0.2529616356,0.3960006535,0.1237486824,-3.7300798893,-1.8219114542,-2.6721048355
8.2361679077,0.3510339856,0.5390585065,0.1465250999,-4.5442538261,-2.4508080482,-3.4833750725
8.246137619,0.3458800912,0.7382484078,0.1457079202,-5.3634409904,-2.7950699329,-4.1275668144
8.2561740875,0.2306283414,0.8700778484,0.1207109913,-5.9732532501,-2.7888333797,-4.7210569382
8.2662296295,0.0926907286,1.0069208145,0.1187734827,-6.2771787643,-2.5869584084,-5.3372783661
8.2761440277,-0.0094573861,1.0887526274,0.2020620853,-6.3811650276,-2.3335146904,-5.8530440331
8.2862014771,-0.073065795,1.1455960274,0.3424851596,-6.3436198235,-2.0872557163,-6.2126932144
8.2961540222,-0.1304334402,1.1642290354,0.4824388921,-6.091281414,-1.7964018583,-6.427236557
8.3061714172,-0.1835211515,1.1781926155,0.5874392986,-5.676320076,-1.4616962671,-6.5348739624
8.3161268234,-0.2268909961,1.1343357563,0.6160975695,-5.0526971817,-1.0842021704,-6.5770640373
8.3261651993,-0.2532353401,1.0213302374,0.6217440367,-4.3455057144,-0.6632955074,-6.4931716919
8.3360996246,-0.2618258595,0.9415026903,0.6319265366,-3.6557986736,-0.2006737888,-6.3893494606
8.3461046219,-0.2576981783,0.8576788902,0.6515915394,-3.0300087929,0.266348809,-6.3386325836
8.356098175,-0.2327909321,0.7326802611,0.6562108994,-2.4738304615,0.7501703501,-6.2603545189
8.3660793304,-0.1807812154,0.5886808038,0.6513946652,-2.0427517891,1.1136637926,-6.1408376694
8.3761796951,-0.1303939223,0.4427984655,0.6306399107,-1.7433800697,1.5106964111,-5.9800143242
8.3861064911,-0.0745153502,0.3212170899,0.6262345314,-1.593665123,1.8091909885,-5.8322577477
8.3960933685,-0.0310152695,0.1935308874,0.6219785213,-1.4493435621,2.0962882042,-5.6376786232
8.4061536789,0.0130549604,0.0740363225,0.5831970572,-1.2889834642,2.3489279747,-5.3621444702
8.4160823822,0.0296012983,-0.0380247571,0.5733263493,-1.2491538525,2.4909465313,-5.1644268036
8.4261474609,0.0287624523,-0.1714600623,0.5176860094,-1.1012578011,2.7143509388,-4.9216284752
8.4360637665,0.0314758345,-0.2820969522,0.4970757067,-1.0700297356,2.8575110435,-4.7079772949
8.4461288452,0.0297458991,-0.3496141136,0.4685787857,-1.0947188139,3.0337402821,-4.4509415627
8.4560470581,0.0327268466,-0.4004917443,0.4487917721,-1.0809319019,3.0818479061,-4.2122244835
8.4660673141,0.0416592285,-0.4112538397,0.4550675452,-1.0861588717,3.0989592075,-3.9562957287
8.4760494232,0.0584849343,-0.3867656887,0.4330720007,-1.1567550898,3.1183350086,-3.6259665489
8.4860782623,0.0735481307,-0.4076705873,0.3649746478,-1.2486892939,3.0343272686,-3.3671965599
8.4960479736,0.0734376833,-0.4733262956,0.3125680387,-1.1742950678,2.9688215256,-3.0959169865
8.5061035156,0.0824720189,-0.5164429545,0.2628412545,-0.9953168035,2.7936697006,-2.866492033
8.5160274506,0.0804027542,-0.5102804899,0.2324514538,-0.768376708,2.6337153912,-2.6531350613
8.5261096954,0.0685569271,-0.4706763923,0.1909748465,-0.6396821141,2.4867143631,-2.4610412121
8.5360269547,0.0586336777,-0.4567641318,0.1450873762,-0.5776316524,2.3676095009,-2.195775032
8.5460758209,0.0713096783,-0.4757588804,0.08745756,-0.578902781,2.1624603271,-1.9362827539
8.5560207367,0.0928352401,-0.4966475666,0.047657866,-0.5841884017,1.9168732166,-1.6520895958
8.5660772324,0.1059388444,-0.4982583821,0.0026794875,-0.5978165865,1.6571109295,-1.3932968378
8.5760087967,0.0958735868,-0.480522126,-0.030770639,-0.5820583701,1.4595413208,-1.1381164789
8.5860729218,0.0637592003,-0.4752728641,-0.0665426031,-0.4630084336,1.2989708185,-0.8991827965
8.5959920883,0.0218041167,-0.4660206139,-0.0638043061,-0.2779898345,1.1676959991,-0.6689844728
8.6059894562,-0.017187275,-0.4387572706,-0.0649930015,-0.0342416354,1.0357695818,-0.4430722594
8.6160011292,-0.052166827,-0.3981458247,-0.0572765879,0.1840400994,0.9022045732,-0.2606894076
8.6260204315,-0.1011050418,-0.3725113571,-0.0243541989,0.3468386233,0.7890692353,-0.1389568448
8.6359605789,-0.147605896,-0.3712539375,-0.0158640537,0.4039801955,0.6928535104,-0.0682565793
8.6460142136,-0.1882550716,-0.396207422,-0.014606813,0.4341926873,0.6242603064,0.0075969053
8.6559228897,-0.2073218524,-0.4436892569,-0.0104726348,0.3848118186,0.496327132,0.0913296193
8.6678600311,-0.2028726637,-0.4577259719,0.0050040688,0.2142187655,0.3222988546,0.1435720474
8.6768693924,-0.1962837577,-0.4842374027,-0.0013988412,-0.008181137,0.1193790436,0.1131684706
8.6865634918,-0.1920852065,-0.4843573868,-0.0090073738,-0.230490908,-0.0879576355,0.0668606311
8.6966199875,-0.1850459576,-0.4269216359,0.0034437382,-0.4103268683,-0.2839233875,0.0629493818
8.7065896988,-0.1956234574,-0.364728421,0.0111662354,-0.5202996731,-0.418209821,0.083020024
8.7163314819,-0.2317544818,-0.3335897028,0.0080898013,-0.5720848441,-0.4858498573,0.0941168815
8.7259140015,-0.267680943,-0.3209300935,0.0205487218,-0.5035079122,-0.5309779644,0.1294205487
8.735830307,-0.2815803885,-0.2849904001,0.0474539585,-0.3207839131,-0.5834203362,0.2061257064
8.7457942963,-0.2860553861,-0.222615093,0.0580772944,-0.0535988212,-0.6543922424,0.289265871
8.7557830811,-0.290607512,-0.168738097,0.0393400379,0.2461787015,-0.665248096,0.3730546534
8.7658109665,-0.2837775648,-0.1486807168,-0.0082723293,0.5284106731,-0.6258634329,0.4735293388
8.7757854462,-0.2414874136,-0.1808719933,-0.0610652976,0.8171681762,-0.6285747886,0.6454542279
8.7858276367,-0.1681505442,-0.231361419,-0.0921796337,1.0658935308,-0.720826447,0.8817296028
8.7957458496,-0.1065877452,-0.2882892191,-0.0911948457,1.2082724571,-0.8693088293,1.1386309862
8.8058176041,-0.063333042,-0.3669993579,-0.081226863,1.3241009712,-1.0559974909,1.45104146
8.8157300949,-0.0153691238,-0.4323543012,-0.0759824887,1.4859319925,-1.2781617641,1.8220771551
8.825797081,0.0388556346,-0.4438199103,-0.0595440678,1.7470884323,-1.514347434,2.2143864632
8.8357276917,0.0797020718,-0.4116844833,-0.0331891589,2.1061890125,-1.7344620228,2.6479582787
8.8457279205,0.0874179229,-0.3775978982,0.0203091707,2.5276157856,-1.8896452188,3.1182470322
8.8557300568,0.0678310618,-0.372336477,0.0821722969,2.960085392,-1.9707542658,3.6167340279
8.8658866882,0.0380284116,-0.3838448226,0.1360708624,3.3696675301,-1.9985156059,4.1244511604
8.875957489,0.0076356167,-0.403359741,0.2073945552,3.7224507332,-1.9937046766,4.617120266
8.8858718872,-0.0391242579,-0.4273448884,0.2895641029,4.0675439835,-1.949686408,5.0776715279
8.8958711624,-0.097873278,-0.4416206777,0.3719321787,4.4135327339,-1.8707008362,5.5018749237
8.9058828354,-0.1717789471,-0.4220701754,0.4815845788,4.7397108078,-1.7055946589,5.8904738426
8.9158601761,-0.2518179417,-0.3755303919,0.5818554759,4.9625501633,-1.412476778,6.2177562714
8.9258775711,-0.3280517459,-0.3048810065,0.6882012486,5.0919518471,-1.0359600782,6.5084443092
8.9358596802,-0.385553062,-0.2168886364,0.770593524,5.209280014,-0.6147444248,6.788230896
8.9459171295,-0.4232676029,-0.1097812429,0.8219620585,5.4343810081,-0.1842386276,7.0561914444
8.9558506012,-0.4416189492,0.0397546254,0.8631804585,5.6903767586,0.2644382119,7.2963910103
8.9658699036,-0.4601032734,0.269114852,0.8782236576,5.4541897774,0.7733981013,7.4069314003
8.9758329391,-0.4806699455,0.4210820198,0.851636529,5.0494251251,1.3457044363,7.3280720711
8.9858894348,-0.4880057275,0.3097172976,0.7812618613,4.6430726051,1.9207464457,7.0707154274
8.9958047867,-0.4773320854,0.1187991723,0.7095836401,4.0747570992,2.5398101807,6.608145237
9.0058546066,-0.4296965003,-0.0709887818,0.5973386765,3.5305259228,3.1522538662,5.9745554924
9.0158309937,-0.309779048,-0.2040297389,0.4495337307,3.1003739834,3.6449587345,5.3597245216
9.0258760452,-0.1414692998,-0.0857364014,0.3109649718,2.3756716251,3.8703079224,4.7447066307
9.0357942581,0.0541649088,0.2088131011,0.2440734059,1.6894971132,3.6689920425,4.1972351074
9.0458316803,0.255446136,0.5796346068,0.1818173081,1.3262368441,3.1605460644,3.9394376278
9.0557975769,0.4078933597,0.986721158,0.1147679314,1.3800989389,2.6796431541,4.0253858566
9.0658454895,0.4416876137,1.2669702768,0.0242241826,1.8658530712,2.3659348488,4.1481933594
9.0757846832,0.3271948993,1.3808926344,-0.0991316214,2.4678418636,2.2967367172,4.0101089478
9.0857877731,0.1325522959,1.2901113033,-0.1364309639,2.7678480148,2.350456953,3.5208508968
9.0958890915,-0.0277508572,0.9719111919,-0.0969427004,2.6739296913,2.4431071281,2.941313982
9.1060695648,-0.070432432,0.6452761292,-0.1265783161,2.0643253326,2.5425777435,2.3759024143
9.1158018112,-0.0303672627,0.4411329329,-0.1510966867,1.1019778252,2.5845048428,1.7749884129
9.125828743,0.0619816706,0.3249799013,-0.1783005446,0.026529571,2.4626469612,1.2474588156
9.135766983,0.1720358133,0.3647035062,-0.2077039927,-0.9997856021,2.2584691048,0.9233453274
9.1458005905,0.2383541465,0.502925992,-0.2481947392,-1.7234416008,2.0422077179,0.7871422172
9.1557531357,0.2042451501,0.6720591187,-0.3359778821,-2.0713875294,2.0279488564,0.8097886443
9.1658163071,0.1191716716,0.8378756046,-0.4200654924,-2.0374495983,2.1392960548,0.9259059429
9.1757307053,0.0563937947,0.9808477759,-0.502594471,-1.7481535673,2.3645632267,1.0081707239
9.1858053207,0.0282742307,1.0629075766,-0.5436372161,-1.1510752439,2.5849597454,0.9925134778
9.1957387924,0.1086206362,1.104151845,-0.6338806152,-0.0870220214,2.3833291531,0.574498117
9.2057800293,0.3583877087,1.2533085346,-0.6504281759,0.415882647,1.2503100634,0.1151044592
9.21571064,0.725603044,1.3382467031,-0.7289159894,0.4792967737,0.2902674377,-0.2176189125
9.2257938385,0.825463593,1.0070239305,-0.7808810472,0.393243134,-0.4194958806,-0.5199872851
9.2357130051,0.5669332147,0.8151826859,-0.7128917575,-0.0520109087,-0.8011377454,-0.4991412461
9.2457103729,0.174552381,0.7468181252,-0.580409646,-0.5581313968,-0.9213784337,-0.4778226614
9.2555036545,-0.0759276822,0.5290744305,-0.4436550438,-0.9674690962,-0.9165557623,-0.6688005924
9.265745163,-0.1661124229,0.3594520092,-0.2578708827,-1.4550875425,-0.9539286494,-0.9731239676
9.2757101059,-0.1401714683,0.3093487322,-0.1075407043,-2.0485994816,-1.1010043621,-1.2607246637
9.2857265472,-0.0322693661,0.3239498138,-0.0274740849,-2.6286213398,-1.4031506777,-1.6960655451
9.2955446243,0.1038421914,0.4193157256,-0.0138144884,-3.1728281975,-1.9286386967,-2.4083299637
9.3056964874,0.2028524876,0.5866548419,0.042611856,-3.8200991154,-2.6179172993,-3.1821410656
9.3156814575,0.2245482802,0.7517561913,0.0816769227,-4.6002025604,-3.0796756744,-3.7267925739
9.3256826401,0.1571295559,0.8328899145,0.0741890296,-5.2626590729,-3.2137897015,-4.1865377426
9.3357276917,0.0569191501,0.8671526313,0.0717627034,-5.6425762177,-3.1611642838,-4.6880612373
9.345664978,-0.0282418802,0.9047822952,0.1171387061,-5.7491788864,-3.0159447193,-5.1085729599
9.3557138443,-0.1082723215,1.0036615133,0.2038275152,-5.7778129578,-2.7743785381,-5.4575233459
9.3656635284,-0.1664991081,1.0609086752,0.3174284995,-5.5757770538,-2.4584596157,-5.6945018768
9.3758687973,-0.1959749162,1.0855919123,0.4230441749,-5.283762455,-2.0980470181,-5.8096570969
9.3856801987,-0.2231176496,1.1029673815,0.5108643174,-4.898375988,-1.6779305935,-5.9018917084
9.3956460953,-0.2501475811,0.9946295023,0.5411510468,-4.4265632629,-1.2664709091,-5.9590678215
9.4056501389,-0.2645852566,0.8440845609,0.5483182669,-3.9279615879,-0.8895869255,-5.9597353935
9.4158582687,-0.2688830495,0.7409235835,0.5816297531,-3.5047473907,-0.4456491768,-5.9257278442
9.4256296158,-0.2640243173,0.6501433253,0.5561625957,-3.021730423,-0.0086428355,-5.8810915947
9.4356575012,-0.238304168,0.5894765258,0.5656282902,-2.5977714062,0.4591531157,-5.8079319
9.4456071854,-0.2043778896,0.5215408802,0.5682362318,-2.2368819714,0.934027493,-5.724146843
9.4557971954,-0.1519256234,0.3791712821,0.5430520773,-1.9559313059,1.2545956373,-5.6127419472
9.4656171799,-0.1064975634,0.2178650796,0.5668396354,-1.8433644772,1.5292439461,-5.4701161385
9.4756345749,-0.0699936077,0.0539979003,0.528968215,-1.6929033995,1.7191207409,-5.2759742737
9.4855995178,-0.049341552,-0.0736558214,0.5582073927,-1.7345752716,1.7990970612,-5.1351656914
9.4958248138,-0.0491810516,-0.1653383672,0.5553599596,-1.7919443846,1.9604035616,-4.9693789482
9.5056085587,-0.0452195629,-0.2367713749,0.5506664515,-1.8926405907,2.0616717339,-4.7851090431
9.5156078339,-0.038684316,-0.3028678596,0.5055952072,-1.8586558104,2.2373950481,-4.5153622627
9.5255823135,-0.0223195627,-0.3466257751,0.4666515291,-1.8045719862,2.3063762188,-4.2470626831
9.5356321335,-0.010706461,-0.3529402912,0.4217348993,-1.7860171795,2.4093465805,-3.9715211391
9.5455818176,0.0035933487,-0.3536091149,0.3480104506,-1.8683624268,2.4746627808,-3.7583465576
9.55564785,0.0151863927,-0.3808065951,0.2892993391,-1.8557338715,2.5512359142,-3.5644333363
9.5655450821,0.0512527153,-0.4063210189,0.2458291203,-1.6671602726,2.502384901,-3.3230853081
9.57563591,0.083923243,-0.3686182201,0.2012543827,-1.3520851135,2.4841067791,-2.9959709644
9.5855541229,0.0944207534,-0.2952726781,0.1172101721,-1.0074008703,2.4950227737,-2.656317234
9.5956201553,0.0692800805,-0.281106621,0.0624121614,-0.7226635814,2.5446207523,-2.3636176586
9.6055440903,0.0364862606,-0.3492385447,0.0625969395,-0.5571832657,2.4548316002,-2.1389863491
9.6156005859,0.0239538476,-0.4202110469,0.1042047366,-0.5007701516,2.2594223022,-1.9178442955
9.6255130768,0.0173871443,-0.4509607852,0.0877825245,-0.438801378,2.0362930298,-1.6933385134
9.6355361938,0.0052695209,-0.4404971302,0.0889233574,-0.4387431741,1.8262853622,-1.5028693676
9.645524025,-0.0290967301,-0.4328409731,0.0912237391,-0.4832834899,1.7206052542,-1.3215464354
9.6555280685,-0.063939102,-0.4574309886,0.0570018478,-0.4840165079,1.6088727713,-1.1380918026
9.6655387878,-0.0801910236,-0.466804415,0.0439357944,-0.4514303505,1.4716981649,-0.9598056674
9.6755113602,-0.077860333,-0.44854334,0.0231364574,-0.3684895337,1.3229193687,-0.8091012836
9.6855726242,-0.0844567493,-0.4074446857,0.0108651128,-0.259904474,1.1784514189,-0.6775661707
9.6955003738,-0.106505461,-0.3829505146,-0.0197161231,-0.1502097845,1.0485211611,-0.5971217155
9.7055625916,-0.1382707059,-0.3846348822,-0.0159764085,-0.0995284915,0.9555402398,-0.5168748498
9.7154932022,-0.1667612195,-0.3982662261,-0.0237248931,-0.0764392912,0.8525150418,-0.4609770775
9.7255535126,-0.1928242445,-0.380715996,-0.0214410815,-0.114776291,0.8174750805,-0.3991043866
9.7354869843,-0.2052030265,-0.3564743102,-0.0572119765,-0.0384970978,0.7456565499,-0.3678856194
9.7455654144,-0.1849299669,-0.3073824346,-0.0178808961,-0.072874248,0.5904909372,-0.2329941243
9.7554559708,-0.1566761136,-0.332788974,0.0026419365,-0.1551088095,0.404170841,-0.0723662376
9.7654800415,-0.1579741836,-0.4254435599,-0.0312130246,-0.1767349988,0.1753451079,-0.0634305328
9.7754955292,-0.1391392946,-0.4251023233,-0.0506530814,-0.1457922608,-0.0851458684,-0.0553891174
9.7854595184,-0.1209853962,-0.3502680957,-0.0455237441,-0.0483360142,-0.2835937142,0.0233842582
9.7954826355,-0.1602399051,-0.3148634136,-0.053443592,0.0557010397,-0.3625305891,0.0726933479
9.8054323196,-0.2260455787,-0.3251077831,-0.0597142391,0.0940028876,-0.3639996052,0.1162341684
9.8155012131,-0.2659490108,-0.3594258726,-0.0321809463,0.1215126738,-0.3579206765,0.1777964681
9.8255167007,-0.2683796883,-0.3787911236,0.0065533128,0.1868368238,-0.4133985639,0.2556651533
9.8355035782,-0.2473870516,-0.3433124721,0.0190212335,0.3102047145,-0.5207309127,0.3412643671
9.845498085,-0.2328582406,-0.2761735618,0.0077864137,0.5123846531,-0.609215498,0.4351873994
9.8554954529,-0.2361254692,-0.2318168581,-0.025383452,0.7851934433,-0.602804184,0.5624397397
9.8654899597,-0.2236921787,-0.2156497538,-0.0756234303,1.0897034407,-0.5733448267,0.7320186496
9.8754501343,-0.1873392463,-0.2282516658,-0.1192522421,1.4523857832,-0.611759603,0.9115600586
9.8854446411,-0.1476306319,-0.2576398551,-0.131746158,1.9254717827,-0.7300100923,1.1542217731
9.8954057693,-0.0930673555,-0.233004123,-0.1120760813,2.4678685665,-0.890416801,1.5288437605
9.9054346085,-0.0502596572,-0.204367727,-0.0804543272,3.0384428501,-1.0008165836,1.9764279127
9.9154443741,-0.041645743,-0.2399494946,-0.0412474684,3.6076526642,-1.0686166286,2.4078037739
9.9254074097,-0.0385486856,-0.3108869493,0.029357573,4.1106333733,-1.1388885975,2.8594243526
9.9354610443,-0.0315528288,-0.3841724098,0.1110101566,4.463988781,-1.1889050007,3.3152673244
9.9454593658,-0.0447545126,-0.4600229561,0.1825572401,4.5651869774,-1.192107439,3.7242381573
9.9554319382,-0.0722645894,-0.5420693755,0.2439383417,4.4086866379,-1.1270866394,4.0946984291
9.9654569626,-0.1103592291,-0.6291861534,0.299054414,4.0620174408,-1.0296196938,4.4321489334
9.9754524231,-0.1434794664,-0.6989406943,0.3583852351,3.6226744652,-0.940687418,4.7304115295
9.9854326248,-0.1569225192,-0.7192032337,0.4227822125,3.1955082417,-0.8873123527,4.984275341
9.9954528809,-0.1528906226,-0.6757842898,0.4652147591,2.8359780312,-0.8605811596,5.1862082481
10.0054388046,-0.1462170184,-0.5714808702,0.4948386252,2.6174879074,-0.8268617988,5.3274407387
10.0155639648,-0.1470807493,-0.4308852255,0.5206266642,2.5920550823,-0.7599086165,5.4300737381
10.0253238678,-0.1598089784,-0.2616660893,0.5586355925,2.8348031044,-0.6082516909,5.5712814331
10.0353879929,-0.1797766387,-0.0341290571,0.6064788103,3.1696240902,-0.3879262507,5.7852859497
10.0453605652,-0.2238449156,0.2887199819,0.6238731742,3.2482993603,-0.0382340178,5.9848179817
10.0554151535,-0.2767960429,0.5406488776,0.6152150631,3.3068389893,0.3203339875,6.1152496338
10.0653810501,-0.3155316114,0.5196937919,0.5708829761,3.4656877518,0.5964244604,6.1345963478
10.0754060745,-0.3329670131,0.335494101,0.5455608964,3.5732672215,0.900444746,6.0921812057
10.085401535,-0.3383292556,0.1399544477,0.5438116193,3.4745252132,1.2758485079,5.9591412544
10.0955162048,-0.3403750658,-0.0024220687,0.5573179722,3.3364658356,1.6703550816,5.72082901
10.1053323746,-0.3117505908,-0.0323267914,0.5193452835,3.2287423611,2.0294094086,5.4338550568
10.1153507233,-0.2499008179,0.1084473655,0.4431469142,3.1570017338,2.2905426025,5.1623635292
10.1253519058,-0.1798014939,0.4224800467,0.3589007556,3.0717837811,2.4731411934,4.9689459801
10.1353416443,-0.1198130473,0.7465456128,0.300717324,3.2590970993,2.5586416721,4.923640728
10.1453466415,-0.0749691799,0.946210146,0.2510789931,3.6046426296,2.5850820541,4.9529747963
10.1553220749,-0.0568239465,0.9915049672,0.2038936168,3.8384370804,2.6056215763,4.8931837082
10.1651687622,-0.0763343945,0.8801224828,0.168311134,3.8328230381,2.6108257771,4.6318063736
10.1753263474,-0.120056726,0.6642670631,0.164472118,3.606471777,2.6409504414,4.234433651
10.185297966,-0.1621595919,0.4575248957,0.1716284901,3.1740446091,2.7125372887,3.7476961613
10.1953125,-0.1780183315,0.3001830876,0.1825810224,2.6245741844,2.7791116238,3.1558971405
10.205291748,-0.1316318214,0.2595861852,0.075536631,1.8627210855,2.8544242382,2.5280675888
10.2153072357,-0.0168181732,0.3437995911,-0.0320533924,0.8306106329,2.8155875206,1.9213562012
10.2253189087,0.1419482529,0.4149629772,-0.140436992,-0.258669138,2.6548130512,1.480142355
