0.0000000000,-0.0292975791,0.0050724363,-0.0072444472,-1.0369206667,-0.6210630536,-0.1665993333
0.0099270344,-0.0221809633,-0.0132387662,-0.0018564257,-1.1124838591,-0.6406775117,-0.1442921609
0.0198750496,-0.0268673189,-0.0091535831,0.0085486379,-1.1827833652,-0.6551826596,-0.159146741
0.0301669836,-0.0401680358,0.011382184,0.0124144759,-1.2435746193,-0.6601473093,-0.1877999455
0.0402309895,-0.0492589958,0.0231307372,0.0060404148,-1.2947942019,-0.6629520059,-0.2238897234
0.050317049,-0.042478431,0.0241952166,0.0002139417,-1.3322752714,-0.6517941356,-0.2525431812
0.0605980158,-0.0237502344,0.0204625353,-0.0066866074,-1.3129433393,-0.6656203866,-0.2833470106
0.0718420744,-0.0184421726,0.0352680907,-0.015148202,-1.2338665724,-0.6779050231,-0.3205361664
0.0805010796,-0.0295092352,0.0676474795,-0.034413673,-1.100620389,-0.6630442142,-0.3354273438
0.0905270576,-0.0347511657,0.0807830319,-0.0482727066,-0.9151291251,-0.6422896385,-0.3301551044
0.1005200148,-0.0362100489,0.1028759107,-0.0535526052,-0.7244290113,-0.6087283492,-0.3206309974
0.1106669903,-0.0398054607,0.139712587,-0.0562863722,-0.5559877753,-0.5902103186,-0.3100465238
0.1207200289,-0.0435323603,0.1310224086,-0.0341057554,-0.4215351343,-0.5879411101,-0.304769665
0.1308730841,-0.0513697155,0.0874714479,-0.0049195085,-0.3192723989,-0.5678166747,-0.2846114039
0.1408760548,-0.0544946678,0.0488721356,0.0259514656,-0.2515003681,-0.5140876174,-0.2718594372
0.1509799957,-0.0479190834,0.0336411819,0.058979772,-0.2487048209,-0.4737553596,-0.2739636004
0.1609940529,-0.0313753672,0.0115223741,0.0770694837,-0.3105699718,-0.4787056446,-0.2994340658
0.1711640358,-0.0212876238,-0.023444809,0.0546338186,-0.3679972887,-0.5006298423,-0.3302226067
0.181415081,-0.0138106244,-0.0274400488,0.012130281,-0.4284116626,-0.5437598825,-0.3546508551
0.1911799908,-0.0110992687,0.0025918698,-0.0278949533,-0.4474282265,-0.563025713,-0.3546556532
0.2012870312,-0.0095315175,0.0298207626,-0.0454234853,-0.4059463739,-0.5476847291,-0.3355449438
0.2113289833,-0.0053881304,0.0368199572,-0.0370675102,-0.326267004,-0.5096220374,-0.3005068004
0.2216920853,0.0069646938,0.0138885593,-0.0231086407,-0.2095630914,-0.4382584989,-0.252720207
0.2314749956,0.0065284623,-0.0146465683,-0.0123044644,-0.0928580388,-0.3668953776,-0.2049332708
0.2415500879,0.0014228479,-0.0141327763,-0.0087480936,-0.0102771437,-0.299167186,-0.180497691
0.2516150475,-0.0025701567,-0.0024617696,0.0022239296,-0.0097338585,-0.3520788848,-0.1592882872
0.2619850636,-0.1082068011,-0.032930173,0.0015706626,-0.0417205803,-0.667830646,-0.0468880422
0.2717959881,-0.1537838578,-0.0738529935,-0.0159788523,-0.1275766343,-0.624512732,-0.12329413
0.2818440199,-0.0418262072,-0.0536613837,0.0133512225,-0.2322665751,-0.4050994813,-0.181557104
0.2919989824,0.0172416978,-0.0188542977,0.0432666168,-0.2860730886,-0.3622375131,-0.2080670148
0.3022190332,-0.0242479928,-0.0241049901,0.0275656786,-0.2766715586,-0.3396382034,-0.1719558686
0.3120740652,-0.0162100978,-0.0273208395,0.0199938621,-0.2587817609,-0.3127607703,-0.1422166228
0.3220950365,-0.015981514,-0.0285947099,0.0143419113,-0.2333314121,-0.2954150736,-0.1199171767
0.3321480751,-0.0196436085,-0.0104167843,0.001485428,-0.185367614,-0.2897390723,-0.1273591071
0.3424659967,-0.019617293,0.0139450049,-0.0012995395,-0.1512221992,-0.2895180881,-0.1390463263
0.3523130417,-0.0083710151,0.0233807787,0.0086730327,-0.1289184988,-0.2799048722,-0.159221366
0.3623640537,-0.0132309692,0.0298151001,0.0114012565,-0.1002743542,-0.264991492,-0.1889531016
0.3724890947,-0.0143749909,0.0281077847,0.0148534384,-0.0640910566,-0.2563665807,-0.2165647596
0.3827710152,-0.0174488015,0.025796853,0.006376585,0.0114594446,-0.2345407158,-0.2250668406
0.3926169872,-0.019021485,0.033275567,-0.004852334,0.1103434116,-0.1987576932,-0.2399392575
0.4026219845,-0.0184282996,0.0504424796,-0.0101182852,0.2348431945,-0.1650662422,-0.28455019
0.4127150774,-0.000118126,0.0489719138,-0.0077861939,0.3627377748,-0.1528444588,-0.3716440797
0.4230240583,0.0229408108,0.0606716499,-0.0475148931,0.4369494915,-0.2166300267,-0.4895545542
0.4328230619,0.0253894441,0.0964743122,-0.111314334,0.5595864654,-0.3179222941,-0.5660858154
0.4428970814,0.0038725541,0.1090561971,-0.1231727973,0.6965489984,-0.355119735,-0.5958690047
0.4529610872,-0.0245166458,0.0955274329,-0.1221122518,0.8297536373,-0.335986793,-0.6065112948
0.4632949829,-0.0313965715,0.0627469048,-0.1003568545,0.8904436231,-0.3216204941,-0.6001490951
0.4731600285,-0.0237523355,0.0272190794,-0.0663528219,0.9093840122,-0.2937489152,-0.5820893645
0.4831470251,-0.0268734582,0.021025084,-0.0248494539,0.8875559568,-0.2439028621,-0.5565749407
0.493211031,-0.0419272967,0.0363259539,0.0189194884,0.8112944365,-0.1946282536,-0.545912981
0.5035851002,-0.0520812608,0.042879723,0.0459739789,0.6667174697,-0.1449786127,-0.5490374565
0.5133430958,-0.0543510802,0.0454803929,0.0682715997,0.4561149776,-0.1097489893,-0.5595843792
0.5234119892,-0.0418751426,0.0470136032,0.085468255,0.2233362198,-0.0969142839,-0.5573940873
0.5334839821,-0.02955411,0.0465355143,0.0916989073,0.0118162548,-0.0753416121,-0.5456497669
0.5439029932,-0.0202525072,0.0624120459,0.0764605626,-0.1079030409,-0.054984875,-0.5180030465
0.5536340475,-0.0056440057,0.0957689509,0.0521123037,-0.1644890755,-0.0498484373,-0.4680815637
0.5637580156,0.0067050708,0.1300829798,0.0232491102,-0.1505664736,-0.0514895432,-0.4128720164
0.5737770796,0.014541137,0.1508945972,-0.0081830416,-0.0874647424,-0.0610995591,-0.343875885
0.5842200518,0.0207020678,0.167977348,-0.037722148,0.0247564744,-0.0734565556,-0.2738321722
0.5939100981,0.0231689326,0.1872275621,-0.0455155149,0.1603925973,-0.07922896,-0.2016671598
0.6040370464,0.0180103891,0.2008576542,-0.0355568305,0.2640251815,-0.0863489881,-0.1305564344
0.6140170097,0.0160798244,0.1874441653,-0.0178618822,0.3270827234,-0.0917357653,-0.0647436082
0.6243710518,0.01448151,0.162467137,0.0042744484,0.3699064553,-0.1015859917,-0.0052978536
0.6341270208,0.0142432554,0.1443969756,0.0246709194,0.3656054437,-0.0948487297,0.057352744
0.6442410946,0.0115586622,0.1340866238,0.0321201906,0.3218955696,-0.0970687494,0.1008962318
0.6543090343,0.0094706072,0.1111172065,0.0303330626,0.2738737166,-0.0951030701,0.1412577629
0.6647830009,0.0109072281,0.0978652462,0.0223288741,0.241817221,-0.0887397081,0.183741048
0.6744430065,0.0040661944,0.1059990153,0.0100231376,0.2075769603,-0.0770415068,0.2336601317
0.6846010685,-0.0004088253,0.117108427,0.009905776,0.1552257985,-0.0686841756,0.2835815549
0.6946320534,-0.0033833131,0.1087854132,0.004479548,0.106961064,-0.0422877222,0.3282025456
0.704934001,-0.0087318169,0.1043108925,-0.0073538218,0.0525803305,-0.0446153246,0.369625628
0.7146999836,-0.01061361,0.0882257447,-0.0156695638,0.0248472355,-0.0434989259,0.4152905643
0.7247680426,-0.014859763,0.0828563794,-0.0260901842,0.0249069966,-0.047500059,0.4524509907
0.7348480225,-0.0145581188,0.095087193,-0.0276723299,0.0421456397,-0.0620041676,0.4832315445
0.7451950312,-0.0174512453,0.1093310937,-0.034768261,0.0893636495,-0.0857905895,0.5150628686
0.7549650669,-0.0157309659,0.1100964174,-0.0450304523,0.1706507802,-0.1018643603,0.5447645783
0.7650700808,-0.0113487141,0.1139551625,-0.0475467816,0.2711297572,-0.1167499721,0.56809026
0.775094986,-0.0061782794,0.1189805493,-0.0431823507,0.3694206476,-0.126391679,0.5850492716
0.7854850292,-0.0108679431,0.1183373556,-0.0388790146,0.4580271542,-0.1287736148,0.5892730355
0.795279026,-0.0126770036,0.1100619063,-0.0338181034,0.5198705792,-0.1228864193,0.595631063
0.8052700758,-0.0056673782,0.098020874,-0.0311332736,0.5635775328,-0.1182806194,0.5924364924
0.8153790236,-0.0015523627,0.0870421156,-0.0301013384,0.5805870891,-0.1117723882,0.5913736224
0.825699091,0.0025718913,0.0839211568,-0.0242621098,0.5570539236,-0.1066926792,0.5881961584
0.8373039961,0.0037398443,0.0798367485,-0.0101614986,0.482324034,-0.1041482911,0.5903400183
0.8457660675,0.0029376105,0.0718342289,0.000287613,0.4161912203,-0.1068083197,0.5967279673
0.8556929827,-0.0038064911,0.0676787719,0.0081899967,0.3585428298,-0.1040178612,0.6137327552
0.8660490513,-0.0096912133,0.0712763891,0.0096236076,0.2945093215,-0.1034253761,0.6275519729
0.8758590221,-0.0108501213,0.0641773567,0.0066830721,0.2614379227,-0.1035896912,0.6466726661
0.8856040239,-0.0151724117,0.0590759739,-0.0060955081,0.2753126919,-0.1010774001,0.6880815029
0.8957999945,-0.0199176259,0.074563764,-0.0224737916,0.3285961449,-0.0907645747,0.7337304354
0.9060760736,-0.0251401253,0.0903761014,-0.0159952436,0.3669254184,-0.0795697123,0.7719510794
0.9161040783,-0.0306572802,0.0859661326,-0.0023921521,0.3945422769,-0.065416947,0.7900021076
0.9261800051,-0.0344059356,0.0700450167,0.014300188,0.3996592164,-0.0429843403,0.8059378862
0.9362100363,-0.0353755094,0.0590936765,0.0327429399,0.366371572,-0.0219701324,0.8186984062
0.9463900328,-0.0353727825,0.0393614992,0.0410084948,0.3171845675,-0.0128914155,0.8123446703
0.956338048,-0.0353139825,0.0196045861,0.0497687086,0.2733028829,-0.0005623118,0.8091765642
0.9664150476,-0.0339302309,0.0081098294,0.0497763976,0.2251322567,0.0138583053,0.8070725203
0.9764670134,-0.0342093892,0.0140117025,0.0397286639,0.1801733077,0.0272460151,0.8049670458
0.9867680073,-0.0332990177,0.0139615154,0.0436762795,0.1256688237,0.0352571383,0.8049864173
0.9965530634,-0.0350841768,0.0098360991,0.0506582484,0.0562591143,0.0388468131,0.7975732684
1.0066740513,-0.0426179357,-0.0012424969,0.0568224415,0.001772142,0.0436018221,0.785908103
1.0167480707,-0.0511646457,-0.0046536112,0.0603465065,-0.0420680158,0.0516730621,0.7806142569
1.0269780159,-0.0608165748,-0.0070876265,0.0576524362,-0.0688874647,0.0652198344,0.7785036564
1.0368880033,-0.0637850091,-0.0104836607,0.0440129861,-0.0861330256,0.082032904,0.7763928175
1.0469110012,-0.0649246201,-0.003103652,0.0226237383,-0.0692592114,0.1023616716,0.7795843482
1.0570030212,-0.0573223121,0.0151720261,0.0182469692,-0.0426885858,0.1131908819,0.777459383
1.0672620535,-0.0526752658,0.0121553158,0.0189838614,-0.016037453,0.1165980697,0.7763944268
1.0771369934,-0.051879961,-0.0005221748,0.0227831211,0.0148805156,0.1188934445,0.7615225911
1.0872130394,-0.0577104874,-0.0054315114,0.03446915,0.0255318005,0.1199585125,0.7477161288
1.0972440243,-0.0621978529,-0.0094568515,0.0422338471,0.0287518278,0.1166303605,0.7211686373
1.1075780392,-0.0672292039,-0.0223464146,0.0423932895,0.0500579402,0.1187592149,0.6935571432
1.1173940897,-0.0670290813,-0.0245873109,0.0332349762,0.0691267103,0.1315067112,0.6701990366
1.1274590492,-0.0578136928,-0.018958427,0.0401751623,0.0734775662,0.122978732,0.6585149169
1.1375499964,-0.0504681058,-0.0395857468,0.0472543463,0.0811434761,0.1028018296,0.6457613111
1.1478270292,-0.0529829152,-0.0650363937,0.0329525694,0.0992348418,0.1071428508,0.6362018585
1.1577090025,-0.0547061749,-0.0631600395,0.019660851,0.1129658297,0.1210155189,0.6298345327
1.1677070856,-0.0486417599,-0.049572207,0.0294590201,0.0789361224,0.1078676283,0.6117858887
1.1777960062,-0.0453146882,-0.0565640107,0.0300819483,0.0362136848,0.1094090641,0.5799435377
1.1881320477,-0.0427588709,-0.0666084066,0.0370641574,-0.0341989845,0.1054095924,0.5491676927
1.1979500055,-0.0438750274,-0.0680771247,0.0444032773,-0.1302778423,0.1064849794,0.5173386931
1.2079600096,-0.0379232056,-0.0630141869,0.0353064761,-0.1975203604,0.1045465246,0.4727585912
1.2181060314,-0.0327678509,-0.0503033176,0.029596528,-0.234921515,0.107147105,0.4334828258
1.2283910513,-0.0269913562,-0.0451710001,0.016303977,-0.2402713895,0.1080204919,0.4122511744
1.2382110357,-0.0190720744,-0.0634298697,-0.0065855775,-0.2051605284,0.1177663282,0.3952583671
1.2482420206,-0.0119702118,-0.0641448274,-0.0174359474,-0.1602277309,0.1053028628,0.3761266172
1.2583800554,-0.0056386786,-0.0570736304,-0.0355859175,-0.1013481691,0.086662069,0.3676079512
1.2686470747,-0.0002674356,-0.0566758886,-0.0452064052,-0.024247501,0.0608148314,0.3686374426
1.2784940004,0.0012236938,-0.0570634976,-0.0384241715,0.0455084108,0.0221428014,0.3654150069
1.2885200977,0.0028104291,-0.0534680858,-0.0309208427,0.105540961,-0.0049484717,0.3611385524
1.2985759974,0.0054166419,-0.0439541712,-0.0277597103,0.1558483392,-0.0193228833,0.3674893677
1.3089290857,0.0119920475,-0.0402033702,-0.0309178624,0.1964363605,-0.0232889969,0.3557974398
1.3187110424,0.0149722202,-0.0258076563,-0.0268434081,0.1858662665,-0.034061484,0.3451767266
1.3288470507,0.01224948,-0.0182766691,-0.0131017957,0.1519700587,-0.061064668,0.3175648749
1.3388530016,0.0078782542,-0.0235410705,-0.0206810627,0.1508667022,-0.0591458604,0.287835747
1.3496800661,0.0036183402,-0.0064657712,-0.0329997912,0.1655814201,-0.0367622599,0.2835962474
1.3591589928,0.0110187335,0.0155759668,-0.0248334799,0.1868803203,-0.0323456749,0.2814694643
1.3690479994,0.0184409134,0.0172218308,-0.0214087758,0.2146871835,-0.03852541,0.27296561
1.37915802,0.0181162767,0.0169221386,-0.0265351925,0.2615455091,-0.0285593253,0.274020493
1.3894510269,0.0156417005,0.0226674303,-0.0234598909,0.3052376807,-0.021741366,0.284630239
1.3993160725,0.0140722496,0.0275308117,-0.0105444584,0.3372099996,-0.017203873,0.286747992
1.4093250036,0.0135610206,0.0255105123,-0.0123938713,0.3787691891,-0.0104334522,0.293112278
1.4193969965,0.0150339706,0.0284939036,-0.0146479402,0.4160782099,-0.0058355038,0.2973522842
1.4297430515,0.0167102925,0.0285843834,-0.0086622629,0.4278483689,-0.0088661145,0.3047789931
1.4395080805,0.0164295249,0.0218305215,0.0009023753,0.4300241768,-0.0131053347,0.3026527166
1.4495670795,0.0101486547,0.0122113442,0.0054964032,0.4407412708,-0.0172572695,0.302649051
1.45966506,0.0018848882,0.0075708842,0.0180559363,0.450286299,-0.0107450411,0.3122060597
1.4700020552,-0.0034804239,0.0029586768,0.0344220623,0.4438917935,-0.0118753538,0.3100830615
1.479829073,-0.0126830833,-0.0124813104,0.0474499092,0.4256408811,-0.0014653234,0.3037220836
1.4898480177,-0.019861389,-0.0299474373,0.0601828322,0.3787047565,-0.0040814797,0.2909920812
1.4999680519,-0.0258159526,-0.0447191373,0.0588773116,0.3222081959,-0.0121756252,0.2644574046
1.5102720261,-0.0286007412,-0.0471375957,0.0395257697,0.2901498079,-0.0094029419,0.2442918569
1.520037055,-0.023547519,-0.0408898368,0.0159743633,0.2889841497,0.0001021465,0.2389879078
1.5301390886,-0.0136160152,-0.0316967741,0.0001881925,0.2877983749,0.0117572714,0.2379319072
1.5402640104,-0.0066140788,-0.0225522891,-0.0109627042,0.2877658904,0.014933357,0.2368717045
1.5506170988,-0.0045333998,-0.0182927027,-0.0155733023,0.29730919,0.0213679541,0.2347503603
1.5604029894,-0.0084112482,-0.0100530172,-0.0113484059,0.3239767551,0.022661984,0.2347442359
1.5703880787,-0.0124137895,0.0060876822,-0.0001997146,0.3496045172,0.0219007842,0.2464172095
1.5805209875,-0.0125856297,0.0175235495,0.0045465436,0.3762859404,0.0221753567,0.2527813613
1.5908230543,-0.0029308095,0.0222832188,-0.0017242822,0.399669975,0.0319994912,0.2633975148
1.6006220579,0.0174543671,0.0301605687,-0.0093573723,0.4221585095,0.0248236042,0.2718826234
1.6106820107,0.040774595,0.037208043,-0.01652948,0.4468751848,0.0080966894,0.277176857
1.6207280159,0.061144691,0.0444077477,-0.0252799187,0.4683099091,-0.000114901,0.2909707129
1.6310930252,0.073579438,0.054656826,-0.0251819286,0.4630700946,-0.008546602,0.3068957329
1.6408560276,0.0732909814,0.058073543,-0.0156137738,0.4429683089,-0.0256582089,0.3132630885
1.6509320736,0.0681987479,0.048725687,-0.0092655215,0.4386791587,-0.0235523824,0.3164502978
1.6609960794,0.0669501498,0.0510372743,-0.00996379,0.4002449512,-0.0217174646,0.3238935769
1.6713470221,0.0762775615,0.0514627919,0.0046398249,0.3258345425,-0.0509889349,0.3281446099
1.6811290979,0.0797267631,0.0323870406,0.0170164313,0.2686548829,-0.0960821062,0.3238894045
1.6912220716,0.0685223415,0.0336545333,0.0087285843,0.2507127821,-0.1152558699,0.3366263509
1.7012730837,0.0512479059,0.0574715361,0.0034430232,0.2700521052,-0.1265791059,0.3642225564
1.7116280794,0.0386317484,0.0747828111,0.0062830057,0.3096822202,-0.1387950182,0.3907532096
1.7213890553,0.0307949297,0.0874360427,-0.0138127599,0.3779512942,-0.1337536573,0.4215305746
1.7314630747,0.0285851471,0.1053849086,-0.0254149828,0.4408713579,-0.1276613474,0.4576168656
1.7415760756,0.0240926258,0.0984916314,-0.0160817895,0.4920125604,-0.1174710244,0.4873393178
1.7518720627,0.0202924125,0.0802453384,-0.0055587683,0.505718112,-0.0991114601,0.5181366801
1.7617549896,0.0172994845,0.0612020716,0.0097667184,0.4876360297,-0.1044987664,0.529818356
1.7717419863,0.0113803847,0.0382428989,0.0277893152,0.4439727068,-0.1133702844,0.5298264027
1.7818220854,0.0064721806,0.0258445963,0.031766139,0.3853269517,-0.1180784851,0.5372714996
1.7921919823,0.0055342419,0.0201128349,0.0362307653,0.3277722895,-0.1260073185,0.5372806191
1.8019760847,0.0056220992,0.015219233,0.0286656227,0.2915016413,-0.1273713857,0.5394127369
1.8120100498,0.0079617603,0.0187559351,0.0187724438,0.2723715305,-0.1349461526,0.5425999165
1.8221360445,0.00248916,0.0251924619,0.009684464,0.2596331239,-0.1413824856,0.5489707589
1.832472086,0.0018537745,0.0258025751,-0.0054011736,0.237071231,-0.1255591661,0.5649112463
1.8422460556,0.0019768581,0.0303098187,-0.0189957414,0.1899636537,-0.1099780798,0.576610744
1.852279067,-0.0009987846,0.0221403465,-0.0136671457,0.1386887133,-0.1051064283,0.5787496567
1.8623390198,-8.36149e-05,0.0051431274,-0.0095832739,0.1193632185,-0.0936031714,0.5787602663
1.8726990223,0.0017907724,0.0065626716,-0.0038593204,0.0820055678,-0.0928408429,0.5830174685
1.8825820684,-0.0022082224,0.0108162975,0.0083716717,0.0318409353,-0.092204079,0.5851541162
1.8925480843,-0.0129799144,0.005186162,0.0164060798,-0.0033405656,-0.0956739783,0.5883467793
1.9026710987,-0.0157450326,0.0023522591,0.0107903089,-0.0055861445,-0.0839454159,0.6000329852
1.9129530191,-0.0184870251,0.0112856841,0.0024624674,0.0071853907,-0.0795001388,0.6138359904
1.9228150845,-0.0143314498,0.0135725951,-0.0015582832,0.0328737125,-0.0866688341,0.6191348433
1.9328169823,-0.0072592394,0.0150540089,-0.0043469463,0.0639629513,-0.1001716629,0.6223064661
1.9428690672,-0.0041835802,0.0216300115,-0.0117172394,0.1056464761,-0.1061533839,0.6254782677
1.9532430172,-0.0070093172,0.0254604444,-0.0091352854,0.148379907,-0.1110980064,0.6233400106
1.9630310535,-0.0068575041,0.023548387,-0.0034585388,0.1880021542,-0.1245461777,0.6233232021
1.9732130766,-0.0075829523,0.0197622404,-0.0072187576,0.2307943851,-0.134783566,0.6233074069
1.9832060337,-0.0111881988,0.0142762875,-0.0007462892,0.2821992636,-0.1523524374,0.626470983
1.9934220314,-0.0205412395,0.0080226874,0.0111003723,0.3377670646,-0.1592814624,0.6285775304
2.0035769939,-0.0240160711,0.0029724455,0.0243433323,0.3719919026,-0.1663825065,0.6328125
2.0134420395,-0.0206172951,-0.0009832763,0.0270484295,0.374366194,-0.1907865107,0.6296131015
2.0234100819,-0.0160469897,-0.0146806622,0.0328975543,0.3714369833,-0.2184628844,0.6200438738
2.0338439941,-0.0161858089,-0.0274643078,0.0310338344,0.3875784278,-0.2321929485,0.608353734
2.0435500145,-0.0162339695,-0.0295166746,0.0282167401,0.3865602911,-0.2375626713,0.5998569131
2.0536279678,-0.0182434805,-0.0238570943,0.0349042639,0.3129627109,-0.2413754463,0.6019977927
2.0637569427,-0.019109536,-0.0496319309,0.0480064377,0.2396674752,-0.2772256136,0.5722681284
2.0741090775,-0.0206222422,-0.0670723096,0.0442318544,0.2066042274,-0.2808774412,0.54466784
2.084086895,-0.0190975554,-0.0507530943,0.0322277769,0.1660826355,-0.2844492793,0.5393673182
2.0939068794,-0.0165848024,-0.0441925898,0.0337422118,0.1395693719,-0.3017346859,0.5276857615
2.1040380001,-0.0189106353,-0.0444375053,0.0313875303,0.1492235959,-0.3069973588,0.5213098526
2.1143732071,-0.0231821425,-0.0347950235,0.0243933406,0.1918132156,-0.2970684767,0.5223657489
2.124119997,-0.0255190618,-0.0190684572,0.0196615066,0.2419261783,-0.2923794389,0.5234171748
2.1342401505,-0.0160848387,-0.0109211588,0.02017661,0.2911320925,-0.3036433458,0.5202145576
2.1443769932,-0.0115401642,-0.0142445946,0.0180164184,0.3156180084,-0.2981862724,0.5106548667
2.154597044,-0.0109166401,-0.0156051302,0.0157425012,0.2665746808,-0.3028384149,0.5138505101
2.164372921,-0.0052364366,-0.0357117429,0.011324605,0.2100003362,-0.3023476005,0.5021853447
2.1744570732,0.0093395812,-0.0541717187,0.0123414006,0.1384810209,-0.3020423353,0.48202914
2.1845211983,0.0251049511,-0.0644513145,0.0107925739,0.0061762393,-0.3065473437,0.456577301
2.1948540211,0.0412111394,-0.069714345,-0.0129793677,-0.1324715316,-0.3174656928,0.4321840107
2.204652071,0.0546646826,-0.0698256269,-0.0276461635,-0.2357608974,-0.3418711722,0.4077766836
2.2146680355,0.0575634949,-0.0586780086,-0.0358659402,-0.2697434723,-0.3592789173,0.3876042962
2.2248029709,0.0527168028,-0.027217485,-0.0617494956,-0.2549368441,-0.3452861309,0.3982255161
2.2350990772,0.0339314453,0.009416542,-0.0690923706,-0.1944251657,-0.3127913177,0.4183987081
2.2449090481,0.0214886181,0.017624341,-0.0594931021,-0.0935555473,-0.2597297132,0.4470681548
2.255038023,0.0133640869,0.0227673277,-0.0466867462,0.0052861031,-0.2173322439,0.4704246819
2.2650799751,0.0038402185,0.0207539424,-0.0278242622,0.0520027429,-0.1924151778,0.4863522351
2.2754511833,-0.0087483423,-0.0052607441,0.0019899218,0.0432545245,-0.1712703407,0.4863656759
2.2852339745,-0.0164747722,-0.0469612852,0.0276670065,-0.0326980278,-0.1539643258,0.4757756293
2.2953228951,-0.0141674774,-0.0921292678,0.0499658212,-0.1328396499,-0.1730366796,0.4513700306
2.3053350449,-0.0062565105,-0.1265339106,0.043857418,-0.2212233096,-0.1941563487,0.4227133691
2.315682888,-0.0036438003,-0.1199441925,0.0130329933,-0.2649019957,-0.2031077743,0.4099765122
2.3255000114,-0.0038497343,-0.0960563794,-0.0013790521,-0.269013375,-0.2190947235,0.4046605825
2.335588932,-0.0078896778,-0.0702156201,-0.0205578003,-0.2166834474,-0.2217956334,0.4088954628
2.3456511497,-0.0169340856,-0.0362376943,-0.03650067,-0.1121405214,-0.2165481448,0.4226749241
2.3559710979,-0.025305558,-0.0082755471,-0.0323651209,0.04266458,-0.2214870304,0.4343135357
2.3657710552,-0.0358840711,0.0128184175,-0.03906212,0.2197514772,-0.2134767771,0.4491377473
2.3758502007,-0.0518283136,0.0380144343,-0.036179699,0.40746665,-0.2010722309,0.4724541903
2.3859128952,-0.065175347,0.0381486043,-0.0049801264,0.5758785605,-0.1793365777,0.4883492589
2.3962650299,-0.0715850517,0.0224263296,0.0174668636,0.719647944,-0.1483293474,0.4946997762
2.4061620235,-0.0641860291,0.0071081733,0.0220168438,0.830532372,-0.1378247738,0.4925532639
2.416064024,-0.0458060987,-0.0078875208,0.0300492849,0.9127922654,-0.1467041522,0.4850949645
2.426112175,-0.0290378816,-0.0208856836,0.0355961546,0.9343271255,-0.1668083519,0.4649052918
2.4364540577,-0.0295645483,-0.0351431742,0.0390407667,0.8833620548,-0.1939127296,0.4447308183
2.4462890625,-0.0307641514,-0.0731211677,0.0482242331,0.8386870027,-0.2104200721,0.4139417708
2.4564318657,-0.0326104648,-0.0989431515,0.0532383546,0.780076921,-0.2206475437,0.3884679377
2.4665000439,-0.0312957652,-0.1088040248,0.0470566973,0.6905526519,-0.234335646,0.361938864
2.4767100811,-0.0268477686,-0.1056156531,0.0248382296,0.6224095821,-0.2509729564,0.3428365588
2.4865531921,-0.0193722732,-0.1035333052,0.0151609983,0.6108256578,-0.2670597732,0.3322134614
2.4965660572,-0.0148278968,-0.0887499228,-0.002393225,0.6149662733,-0.2542690635,0.3354035914
2.5066680908,-0.0133899348,-0.0591852441,-0.009430984,0.6245006323,-0.2466958612,0.3449611664
2.5169949532,-0.0111044543,-0.0497911647,0.0069750156,0.6425431967,-0.2370087355,0.3417756259
2.5268368721,-0.0079235332,-0.0547286943,0.0253644194,0.6786865592,-0.2229057103,0.340711683
2.536837101,-0.0016610518,-0.0594820157,0.0420803055,0.6957468987,-0.2217158079,0.3375220299
2.5469369888,0.0008148655,-0.0720004216,0.0540262684,0.6991554499,-0.2429840714,0.3258307576
2.5572519302,-0.0004103675,-0.0855611935,0.0533925518,0.6971592307,-0.2568311691,0.3205161393
2.5670950413,-0.001589705,-0.0787248686,0.0487202033,0.6672535539,-0.2538329959,0.3322050273
2.5771021843,-0.0085930126,-0.0740081444,0.0516646728,0.6119840145,-0.2766618729,0.3226522505
2.5872499943,-0.0133828418,-0.0774509683,0.0428072438,0.5641257167,-0.2941612601,0.3067286611
2.5975570679,-0.0171021707,-0.0713703409,0.0221070256,0.544867754,-0.2889684141,0.3152303696
2.607375145,-0.010099222,-0.0574767962,0.0120392051,0.5236477256,-0.3007566333,0.3258478642
2.617369175,-0.0051104324,-0.0484910384,0.0056596603,0.5047069788,-0.3274285793,0.3290245831
2.6273899078,-0.0118502276,-0.0404110327,-0.0066138301,0.4972791374,-0.3305452764,0.3491991162
2.6377859116,-0.0207006223,-0.0321670547,-0.0102626476,0.4716285169,-0.3252981305,0.3746917546
2.6476578712,-0.0266778357,-0.0355202928,0.0103818979,0.4302086532,-0.3446766138,0.3874341846
2.6576170921,-0.0295480974,-0.0449461415,0.0300246086,0.3844793439,-0.3610057831,0.3853135109
2.667784214,-0.0353302248,-0.0467551723,0.043639861,0.3490606248,-0.3399686813,0.4044454098
2.6780509949,-0.0391822346,-0.0292498842,0.0540755019,0.2988992035,-0.339240551,0.4203841388
2.6879239082,-0.0420309789,-0.0197166875,0.0546153411,0.2815795839,-0.3149935603,0.4193388522
2.697920084,-0.0391334184,0.0003905512,0.0265708175,0.2748112381,-0.2778671384,0.4267929792
2.7079801559,-0.0295249708,0.017635189,0.0139661636,0.2692763805,-0.2577131391,0.433175236
2.7183680534,-0.0190511234,0.0038700318,0.0188481417,0.2765708566,-0.2395346165,0.4448621869
2.7281520367,-0.0087553756,-0.0126601243,0.0148134436,0.2976870835,-0.215902254,0.4607956111
2.7382590771,-0.0025421872,-0.0163301602,0.0135281887,0.301799655,-0.1998872608,0.4703584313
2.7482571602,0.0026043162,-0.0238940492,0.0150150266,0.2815758884,-0.2053901553,0.4671754241
2.7586679459,0.0049879653,-0.0347235873,0.0252035465,0.2337281555,-0.2239860892,0.4459432364
2.7684020996,0.0066084368,-0.0393054262,0.0206262674,0.1751133054,-0.2330906391,0.4300265908
2.778523922,0.0036242709,-0.0462524071,0.0121764746,0.1422186792,-0.2525326312,0.4215304554
2.7885370255,0.0077137453,-0.04951296,-0.0195666943,0.1614275277,-0.2523579299,0.4225874543
2.7988770008,0.0076819165,-0.0241972283,-0.0455565229,0.204966709,-0.2295419574,0.4459469616
2.8086650372,0.0064002378,-0.0012376093,-0.0511276498,0.2410882264,-0.2121243626,0.4650588632
2.8187580109,0.0039368374,-0.0061719203,-0.0508649126,0.2632859945,-0.1907089502,0.4650643468
2.8287830353,0.0062279208,-0.0158460215,-0.0351247564,0.2504442036,-0.1876931936,0.4565747082
2.8392000198,0.0006739601,-0.0325599089,-0.0098383222,0.201452449,-0.1988919228,0.4321608245
2.848927021,-0.0076197879,-0.0536004081,0.0027103035,0.1577326655,-0.203649655,0.4119953811
2.859003067,-0.0118595855,-0.0603990331,-0.00723348,0.1351799965,-0.1901005507,0.4045750201
2.8690800667,-0.0051715868,-0.0478502885,-0.0200115237,0.1128336862,-0.1966692358,0.4035156071
2.8793849945,0.0125184162,-0.0472374931,-0.0208950434,0.0915929526,-0.2075067014,0.397144258
2.8892421722,0.0206314437,-0.0450553074,-0.0335196629,0.0723830312,-0.2076952606,0.393963635
2.8992629051,0.0159967057,-0.045896329,-0.0384773389,0.0403477922,-0.2058813125,0.3897262216
2.9093739986,0.0122612221,-0.0575811043,-0.0328619257,0.0115928426,-0.2125820816,0.3769885898
2.9196929932,0.0084582074,-0.0596310869,-0.0225394759,-7.61971e-05,-0.220166713,0.3684930503
2.9295370579,0.0066320403,-0.0538882986,-0.0190315638,-2.82601e-05,-0.2255409658,0.3578723669
2.9395420551,0.0039990647,-0.0481452122,-0.0173051748,0.0065125963,-0.2393206358,0.3514940143
2.9496500492,0.0045110686,-0.0405515507,-0.0104953442,0.0142296376,-0.2648302317,0.3344905376
2.959939003,0.0031471953,-0.0329796448,-0.0182963405,0.0386797488,-0.2562101483,0.3217462301
2.9697761536,0.0076313717,-0.0223890916,-0.0250808392,0.0610542931,-0.2528729439,0.315371424
2.979970932,0.0170976631,-0.0262806192,-0.0180200133,0.079282999,-0.2623672187,0.2994349599
2.9900290966,0.0217548124,-0.035879381,-0.0147475395,0.1155925319,-0.2652956247,0.2898680866
3.0002999306,0.0166170113,-0.0423964635,-0.0134226475,0.1411942393,-0.2640042603,0.2909242809
3.0111880302,0.0105007989,-0.0488438979,-0.0042862091,0.144405216,-0.2650511563,0.2887993455
3.0215291977,0.0025066838,-0.0563817993,-0.0010109338,0.1369314343,-0.2651719451,0.2803069055
3.0308041573,-0.0044332044,-0.0574663654,0.0011976567,0.0773666352,-0.2859568596,0.2643846869
3.0411992073,-0.0160934217,-0.0649241582,0.012130281,0.0059440373,-0.2940298617,0.2612141371
3.0509390831,-0.0287254937,-0.0777006522,0.0131036844,-0.0508215055,-0.273234576,0.2718569338
3.0607991219,-0.0367347486,-0.079133518,0.0087340083,-0.1301681399,-0.2356586456,0.2825134993
3.0702800751,-0.0351766832,-0.0801803246,-0.002912143,-0.2434829772,-0.2176455557,0.2676860988
3.080753088,-0.0316691883,-0.0917893127,-0.0110173617,-0.3556599319,-0.2071270645,0.241175577
3.0903980732,-0.0351034887,-0.0983933881,-0.0030030401,-0.4594622254,-0.1806251556,0.213608399
3.1004600525,-0.038643647,-0.1096504703,0.0045785513,-0.5354889035,-0.1570490599,0.1881553084
3.1105110645,-0.0412091501,-0.1166098192,0.010935327,-0.5708543658,-0.1437159479,0.1648113728
3.1209440231,-0.0437430628,-0.1072550192,-0.0023284347,-0.5432400107,-0.131897226,0.1499428004
3.1306672096,-0.0423685797,-0.078152068,-0.0223533306,-0.4665548205,-0.1163582206,0.1520546973
3.1407251358,-0.0391353853,-0.0425846651,-0.0275787506,-0.3641941547,-0.1069901511,0.1499107033
3.150865078,-0.028097976,-0.0267072096,-0.0334061757,-0.2350987494,-0.1038164571,0.1381997168
3.1611330509,-0.0200019963,-0.0079760039,-0.0447341576,-0.0889795199,-0.0940044448,0.1456015706
3.1710040569,-0.0129936235,0.0098795807,-0.0527611151,0.0529885367,-0.0958438888,0.1614916027
3.1809902191,-0.0001325503,0.0112409508,-0.0515667573,0.1566611677,-0.1107699126,0.1741975993
3.1911349297,0.0078665121,0.0093675768,-0.0432499424,0.2197208256,-0.1197274551,0.1805479079
3.2014088631,0.0130073531,-0.0077154422,-0.0239357147,0.2486665249,-0.132209748,0.1805362552
3.2112650871,0.0164045803,-0.0161193982,-0.0015465411,0.2414070219,-0.1535296887,0.175218448
3.2212650776,0.0171037428,-0.0220005289,0.0120979156,0.2105809152,-0.166593492,0.1656627059
3.231400013,0.0218712799,-0.0370528474,0.0189378466,0.1681168079,-0.1892820299,0.1603531539
3.241669178,0.0269072168,-0.0544550791,0.0210263338,0.1374653876,-0.2193162888,0.1518520266
3.2516770363,0.0253413431,-0.0565744415,0.0017219392,0.1429203451,-0.2309130281,0.1560920477
3.2617020607,0.0247305147,-0.0391173139,-0.0215080772,0.1579388082,-0.2381612211,0.163517341
3.2717819214,0.0319483988,-0.0253160968,-0.0270812307,0.1869616807,-0.2591642439,0.1581904888
3.2821130753,0.0303757302,-0.0169643238,-0.0383613482,0.2659410238,-0.2595501244,0.1560474336
3.2921051979,0.0286668055,0.0046794778,-0.0681307688,0.3586411178,-0.2437674403,0.1740823537
3.301970005,0.0278224461,0.0134825027,-0.0870158449,0.4525047243,-0.2386600971,0.1804303229
3.3121020794,0.0219739191,0.0035563773,-0.1028324142,0.5377178788,-0.2219647467,0.1857260168
3.3223750591,0.0178769343,-0.0097147608,-0.0991756096,0.5651985407,-0.1952263266,0.181486547
3.3322350979,0.0185392611,-0.041597493,-0.0742353573,0.495652467,-0.179015398,0.1570909321
3.3422400951,0.0172907822,-0.0890769437,-0.0505620614,0.3609925807,-0.1624157876,0.1167849153
3.3523800373,0.009198497,-0.1292235106,-0.0459724441,0.190970242,-0.1312490851,0.0796806887
3.3626739979,0.003967355,-0.149483785,-0.0341915265,-0.0012989882,-0.1161515638,0.0489448085
3.3725130558,0.002678226,-0.1663012654,-0.0091765318,-0.1434364319,-0.098521702,0.0139503432
3.3825001717,-0.004458596,-0.1423956305,-0.0275627766,-0.2238718867,-0.0600253083,0.0044331374
3.392660141,-0.0019595518,-0.0906973556,-0.0579512492,-0.2646235824,-0.0401996709,0.0076387841
3.4029240608,0.0101682646,-0.0516190305,-0.0650346056,-0.2688971758,-0.0391210243,0.0161352661
3.4127440453,0.0114221079,-0.0199071094,-0.0623508468,-0.1984863877,-0.0363630541,0.0193041619
3.4227690697,0.0018246875,0.0232749805,-0.0751870051,-0.0780027881,-0.0246302299,0.0298971515
3.4329061508,0.0038418279,0.0569166765,-0.0896299258,0.0713952184,-0.0221257955,0.0510964431
3.4431819916,0.0175078623,0.0685027167,-0.0841442719,0.212316677,-0.0260891765,0.068047002
3.4529829025,0.028175246,0.0626564249,-0.0676290765,0.3223230541,-0.0335271172,0.0818187445
3.4628548622,0.0271766894,0.0506078228,-0.0381842032,0.373706609,-0.0489668623,0.0860449746
3.4729251862,0.019503247,0.0269905254,0.0041331854,0.3750080764,-0.0722996145,0.0860329941
3.4832129478,0.0100664003,-0.0007136249,0.0358422622,0.3474246562,-0.0884293169,0.0902791396
3.4933440685,-0.0021946921,-0.0279135779,0.0548019037,0.2856200933,-0.0974450484,0.092414856
3.5033609867,-0.0093833106,-0.0518350974,0.0659391508,0.2290799916,-0.1000953615,0.0871185586
3.5134880543,-0.0056899088,-0.0481533781,0.0467151627,0.1959047318,-0.0908145085,0.0903170183
3.5244579315,0.001857172,-0.0282061473,0.029277822,0.1649554968,-0.0910625905,0.0935086906
3.5336329937,0.0073760254,-0.0267809704,0.0322891101,0.1565553546,-0.1049509719,0.0903184861
3.5434150696,0.0001152262,-0.0320721343,0.0293871965,0.1820979267,-0.0972739384,0.094564423
3.5535440445,-0.0101956623,-0.0264006034,0.0263814535,0.1992374957,-0.1034700498,0.0977423787
3.5637931824,-0.0126895206,-0.0331022218,0.0352251753,0.2133813798,-0.1309898347,0.0892301202
3.5736169815,-0.0179661997,-0.0386584476,0.0364223346,0.241273731,-0.1456292272,0.0849685296
3.5838451385,-0.0221676715,-0.0273436382,0.0309400167,0.2777308226,-0.1622899026,0.0849524811
3.5941040516,-0.0212642439,-0.0186834112,0.0296678748,0.330255568,-0.1851613969,0.0870513171
3.6042780876,-0.0201809295,-0.0087094391,0.01592662,0.3889502883,-0.1845643073,0.0997769684
3.6140899658,-0.0230598934,0.0037231361,0.0081003513,0.4454607069,-0.1786891073,0.111445345
3.6241300106,-0.0260947831,0.003040812,0.0100101437,0.4953677356,-0.1527327448,0.1199412197
3.6342191696,-0.0243608244,0.0008231617,0.0196990576,0.5336618423,-0.139595896,0.130556047
3.6445021629,-0.0227093585,-0.0040813172,0.0244648065,0.5539010167,-0.1362342536,0.1305510551
3.654335022,-0.0180531032,-0.0118387425,0.022466382,0.5667758584,-0.1436186731,0.1199261099
3.6644220352,-0.0191348083,-0.0108502591,0.0136671271,0.5860729218,-0.1519544423,0.1177951097
3.6744689941,-0.0172802694,-0.0116112018,0.010744771,0.6095758677,-0.1538090557,0.1273444146
3.6848459244,-0.0143710868,-0.0150188887,0.0098784175,0.6619559526,-0.1629208624,0.1241398975
3.6946091652,-0.0064345496,0.0013732231,-0.0201610718,0.739797771,-0.1558051705,0.1347416639
3.7046551704,-0.0035076037,0.0272182748,-0.0287856255,0.8070033193,-0.1519596875,0.1464072615
3.7147321701,-0.0075939195,0.0283615813,-0.0189398918,0.8580161333,-0.1302437335,0.1538377404
3.7250990868,-0.0010749593,0.0143031096,-0.0121122394,0.8931027055,-0.1171682179,0.1591430902
3.7348780632,0.0044378741,0.0063162958,-0.0034180076,0.9037526846,-0.1149530038,0.1591414958
3.7449131012,0.0089191897,-0.0068213129,0.0109854545,0.7991256714,-0.1105560511,0.160233587
3.7550060749,0.010585974,-0.0531352237,0.0243364181,0.6264218092,-0.1302346885,0.1400934309
3.7653598785,0.0133642657,-0.1077073589,0.0424707755,0.4334200323,-0.1479680091,0.1199590042
3.7751510143,0.0104711158,-0.1212100163,0.0467601642,0.2242564559,-0.1498780251,0.1072695702
3.7852180004,0.0066963537,-0.1150777712,0.0440070257,0.0130029339,-0.1560157537,0.0998872221
3.7952990532,0.0079344017,-0.1084527746,0.0304350462,-0.128801614,-0.1700428873,0.0914218277
3.8056089878,0.0082233651,-0.0800916031,-0.0037451182,-0.1481020451,-0.1606202871,0.0978024304
3.815418005,0.0014712915,-0.0202218369,-0.0332630053,-0.086377956,-0.1418902725,0.1211556941
3.8254790306,-0.0026196137,0.0269274935,-0.057022728,0.01256961,-0.110088408,0.1466298997
3.8355309963,-0.0080529945,0.0471334383,-0.0662290826,0.1254668683,-0.0867500603,0.1572308689
3.8458490372,-0.0138166444,0.0519514307,-0.0599548593,0.2095018476,-0.0594879463,0.1572224796
3.8556749821,-0.0187544115,0.0388389453,-0.0429802909,0.2499648482,-0.0506803393,0.1519076079
3.8657929897,-0.0129389064,-0.001439073,-0.024926642,0.2456568778,-0.0476173051,0.1391682476
3.8757882118,-0.0070755379,-0.0322969034,-0.0108234081,0.2125087678,-0.0415817834,0.132808879
3.8861720562,0.0008964047,-0.0481465235,0.0013660995,0.1507009715,-0.0506319366,0.1296353936
3.8959670067,0.0041779978,-0.0560553148,0.0136071052,0.0942491591,-0.0617429093,0.1285823882
3.9060149193,0.0047200425,-0.0490516499,0.0005274025,0.0632631704,-0.0577206053,0.1360247284
3.9160871506,0.0053065522,-0.0295326784,-0.0184120331,0.06006179,-0.0565490797,0.1572621018
3.9264230728,0.0038676963,-0.0175946429,-0.0246992502,0.0739312917,-0.0552770905,0.1710627973
3.9361991882,-0.0005625978,-0.0131319845,-0.0319904462,0.1080096364,-0.0474894755,0.1806142181
3.9463272095,-0.0051845806,-0.0022722567,-0.0374383703,0.1420358866,-0.0343616903,0.1954767853
3.9563879967,-0.0060498016,-0.0026444579,-0.0312579647,0.1590769142,-0.0310433879,0.1933505237
3.9667320251,-0.0040387409,-0.0184261575,-0.0260526333,0.1740247905,-0.0319800898,0.1922837347
3.9764552116,-0.0030023351,-0.0273134187,-0.0257419739,0.1847248375,-0.0351114348,0.1859086603
3.986579895,-0.0048432844,-0.0342129841,-0.0185764227,0.1900843829,-0.0371877663,0.1859072
3.9965701103,-0.0085793035,-0.0480054095,-0.0172185097,0.1943294704,-0.0350561738,0.1816599816
4.0069360733,-0.0113342898,-0.0473037437,-0.0246736202,0.1974644214,-0.0286826305,0.1784766316
4.016764164,-0.0131423967,-0.0475751832,-0.0253457222,0.1962912977,-0.018074993,0.1795440316
4.0268068314,-0.0169816501,-0.057558842,-0.0153292213,0.2036034763,-0.0021025515,0.1784892976
4.0368738174,-0.0209573396,-0.060708113,-0.0074220095,0.2087798715,0.0138660287,0.1795577556
4.0472579002,-0.0240669735,-0.0589333847,-0.000579873,0.2022469193,0.026521638,0.1763800681
4.0569181442,-0.0262544639,-0.0621237829,0.0032723751,0.1787445247,0.0283831879,0.1678925753
4.0670499802,-0.0245526917,-0.0713954642,0.0129462089,0.1424290985,0.030092869,0.1530359238
4.0771341324,-0.0228256471,-0.0771205798,0.016776761,0.111497283,0.027617462,0.1403009593
4.0874700546,-0.0220013745,-0.0714294687,0.0147547927,0.0955565348,0.0210538991,0.1318096668
4.0974607468,-0.0162100084,-0.0658933297,0.0167315807,0.0892666802,0.0092715435,0.1233109832
4.1073312759,-0.0132272737,-0.0545062497,-0.0036849172,0.116002284,0.003091079,0.1158675179
4.1174001694,-0.0102556245,-0.0340786055,-0.0153335128,0.158665061,0.0055720797,0.1137343273
4.1278290749,-0.0063767927,-0.029819645,-0.0133257899,0.2055978328,0.008089832,0.1116006076
4.1375923157,0.0033819184,-0.0289692357,-0.008347312,0.2824630439,0.0055779386,0.1115798354
4.1476392746,0.0004035935,-0.0109874988,0.0033971278,0.3540865481,-0.0065502296,0.1083700582
4.1576757431,0.000536631,-0.0148227299,0.0075050797,0.4354274869,-0.0303210746,0.0966577381
4.1680860519,0.0008448467,-0.0045321072,-0.0029054079,0.5230789781,-0.0443744436,0.1019357219
4.1778120995,-0.0036679998,0.0064018583,-0.0054913554,0.5947289467,-0.0585624315,0.1082812324
4.187912941,0.0017603145,-0.0006799781,-0.0088571105,0.6535477638,-0.0707885325,0.1071982011
4.1979513168,0.0033692822,0.0021259403,-0.0151502285,0.666459322,-0.0812936425,0.1061278731
4.2083659172,0.0059939129,-0.0068019414,-0.0067784581,0.6377629042,-0.093279995,0.0965743139
4.2180757523,0.0165338032,-0.0395321921,-0.0129298363,0.583363831,-0.0970353186,0.0817210674
4.2281708717,0.0270603411,-0.0555416718,-0.0201291237,0.4703056812,-0.1044582203,0.0711276829
4.2382068634,0.031828355,-0.083208479,-0.0115835462,0.3531745374,-0.1321817338,0.044598598
4.2486190796,0.0270105712,-0.1109435037,-0.0243735705,0.2667849958,-0.1383465379,0.0286914054
4.2583498955,0.0202726834,-0.1014271751,-0.0333186761,0.1963534504,-0.1389755756,0.0265853778
4.2684202194,0.0105642779,-0.0855012611,-0.028622428,0.1505045742,-0.1436897665,0.015976809
4.2785520554,0.0038207278,-0.0658879653,-0.0346314088,0.167459324,-0.1318973005,0.0117311971
4.2888169289,0.0009026036,-0.0303980485,-0.0437156335,0.2175384164,-0.1240103543,0.014906751
4.2986941338,-0.0030935898,-0.0098902369,-0.0411557332,0.2676290274,-0.1172131673,0.0138356276
4.3086957932,-0.0081619518,-0.0036371136,-0.0406115428,0.2931039035,-0.1032114625,0.0117137535
4.3188171387,-0.0123639004,-0.0050346935,-0.027452508,0.2643228471,-0.1066530645,0.0106575433
4.3291110992,-0.0184554346,-0.0241988078,-0.0005350503,0.2014963627,-0.1210158169,0.0074799266
4.3389110565,-0.0243476517,-0.0409542993,0.0207028594,0.1515234709,-0.1394771188,0.0096069928
4.3489699364,-0.0272151716,-0.0327421501,0.0253882613,0.1184241921,-0.1364527643,0.0297923554
4.3590869904,-0.0241088755,-0.0063094879,0.0272110309,0.074829042,-0.151585117,0.0457228534
4.3693599701,-0.0198813565,0.0023340499,0.0292133894,0.0599743053,-0.1601608992,0.0520919375
4.3791809082,-0.0204982646,0.0226343796,0.021434864,0.0855475739,-0.1556308568,0.0616438948
4.3892560005,-0.0182518251,0.0443546996,0.01063939,0.1664424837,-0.1336121112,0.0754374713
4.3992938995,-0.0123393433,0.0551600978,-0.0101169739,0.2546583414,-0.0966812596,0.0881751105
4.4096813202,-0.0116050737,0.0512079522,-0.0155452881,0.3216421604,-0.0717121884,0.0849856362
4.4194169044,-0.0082116621,0.030278109,-0.0065445099,0.3673247099,-0.0511730909,0.0817988962
4.4295682907,-0.0079243677,0.0056004738,0.0169138517,0.3714032769,-0.0331809744,0.0690643936
4.4395427704,-0.0097454088,-0.027132906,0.0373502597,0.3414006531,-0.0218470935,0.0573978834
4.4499282837,-0.0125310319,-0.0680722669,0.0490496978,0.30404827,-0.0222434402,0.0467900485
4.4596853256,-0.0143123763,-0.0870845392,0.0470717177,0.2645224333,-0.018337382,0.0478638336
4.469807148,-0.0150933163,-0.0753672197,0.0470190868,0.2079823315,-0.0198451299,0.0553112291
4.4797921181,-0.0158795007,-0.0777697042,0.0509566292,0.1364708692,-0.0194501821,0.0489587933
4.4902162552,-0.0225093849,-0.0709818676,0.0490628108,0.081008859,-0.0231380612,0.0457850359
4.499961853,-0.0300284512,-0.0557642356,0.0335582122,0.0576699786,-0.0371430926,0.0447221696
4.510035038,-0.0335187204,-0.0307273045,0.0122736897,0.0865714028,-0.0453309827,0.0521433353
4.5200481415,-0.0350671299,0.0064879572,-0.0051809344,0.1356161684,-0.039465636,0.0723079965
4.5305161476,-0.026914943,0.02402284,-0.0061047468,0.2092490792,-0.0387517065,0.0829061046
4.540225029,-0.0217016228,0.0315625295,-0.0100307856,0.2903050482,-0.0326413512,0.0977537632
4.5502929688,-0.015551378,0.0339809582,-0.0140327606,0.3735072315,-0.0276236236,0.1051695347
4.5604290962,-0.0065141218,0.0282730684,-0.0103449617,0.4364369512,-0.0238768235,0.107279025
4.570704937,0.0006005272,0.0043949699,-0.0007689985,0.4514475763,-0.0312218219,0.0998389497
4.5805602074,0.0057444079,-0.0167507306,0.0146323647,0.4151076972,-0.0262891129,0.0913562477
4.5905661583,0.0031029687,-0.0432999954,0.0339955315,0.3543585837,-0.0354123041,0.0754401311
4.6007070541,0.0015573606,-0.0646686628,0.0330382809,0.3159872293,-0.0411567427,0.0595200248
4.6109890938,-0.0018793836,-0.0600919947,0.0232809391,0.3085624874,-0.0454028845,0.0690751821
4.6208310127,-0.0112306373,-0.0593872294,0.0251856651,0.3020324111,-0.0327198468,0.0701449737
4.6308279037,-0.0127792852,-0.0617684349,0.0066050496,0.2849702239,-0.0339090824,0.0733339712
4.6409749985,-0.0104213255,-0.0543707237,-0.0022382529,0.3020341694,-0.0326920152,0.0743920431
4.6512379646,-0.0061800973,-0.0340945944,-0.0043648873,0.3190760314,-0.0293384343,0.0775741264
4.6610751152,-0.0049397843,-0.0214824602,0.0012482015,0.3052512705,-0.0348338671,0.0669569001
4.6710991859,0.0002649531,-0.0333073512,-0.0008423122,0.2829198837,-0.0436076522,0.0531548038
4.6812362671,-0.004322459,-0.0405158624,-0.0009935292,0.2412235588,-0.0365926176,0.0457363017
4.6915211678,-0.0109013217,-0.048199378,0.0037747233,0.1750068516,-0.0319219008,0.037262056
4.7013683319,-0.0116047757,-0.060412325,0.0028194992,0.0896450877,-0.0337562859,0.033035621
4.7113742828,-0.0122204917,-0.0625422224,-0.0145937596,0.0394467637,-0.0299714655,0.0298651941
4.7215209007,-0.0256505497,-0.0328163877,-0.0341213718,0.0317201354,-0.0033869939,0.0489928126
4.7317910194,-0.0373642333,-0.0068475986,-0.0401901975,0.0378214903,0.0275705233,0.0691799819
4.7416467667,-0.0366123803,-0.0001688831,-0.0405209437,0.050354857,0.0553307794,0.0787468553
4.7516403198,-0.0272082575,0.0008114047,-0.0351108685,0.0449260846,0.0648464561,0.0808771774
4.7617678642,-0.0168769844,-0.0040571922,-0.018000463,0.0320747346,0.0689370707,0.0745116919
4.7720351219,-0.0134890573,-0.0197261944,0.0107695069,0.0031839637,0.0760639533,0.0670899898
4.7819042206,-0.0121078985,-0.0415463969,0.0356697068,-0.0427606255,0.0809058473,0.0575478859
4.7919011116,-0.0057405727,-0.0648715124,0.0519489273,-0.0981248096,0.0664972141,0.0373799019
4.8020529747,0.004799257,-0.0732491538,0.0441222414,-0.1213395819,0.0397116728,0.0288780276
4.8123259544,0.0087266071,-0.0604409203,0.0286247339,-0.1051539555,0.021758372,0.0203712247
4.8221731186,0.0108036501,-0.0367661491,0.0014301148,-0.0591827407,0.013664227,0.0192937087
4.8321781158,0.0168117993,-0.0165031925,-0.0219034348,0.0091689397,0.0089692082,0.0213980041
4.8423070908,0.0169223063,-0.003353023,-0.0414638892,0.0967198312,0.0055379914,0.0288066529
4.8525819778,0.0120719178,0.0018632925,-0.0436565056,0.1789046377,0.0041356375,0.0287831519
4.862361908,0.0031977401,-0.0010467701,-0.035288848,0.2279606014,0.0077474164,0.0287724994
4.8724451065,-0.0028164282,-0.0153502459,-0.0142879877,0.2194696069,0.0034062639,0.0255888887
4.8824949265,-0.0067915218,-0.0386724249,0.0078178849,0.1727231294,-0.0183000974,0.0139101287
4.8929262161,-0.0056894319,-0.0547560379,0.0086837616,0.1247549802,-0.0240527913,0.009672774
4.9026560783,-0.0074497359,-0.0528702959,0.0164835658,0.0618833378,-0.0330422893,0.0171168409
4.9126777649,-0.0091467993,-0.0554054752,0.0302997436,-0.0021574832,-0.0325325616,0.0181940906
4.9227838516,-0.0127565758,-0.0497178063,0.0207726564,-0.0438362211,-0.0264885183,0.0245784856
4.9331960678,-0.0085316794,-0.0296365246,0.0083574858,-0.0566418432,-0.0265789982,0.0277664885
4.9429092407,-0.0052760141,-0.0201770887,0.0057336297,-0.0448629484,-0.0307481792,0.0235142205
4.9529690742,-0.0049558179,-0.0143940682,-0.0057304297,-0.0011268677,-0.0282173753,0.0277526397
4.9630308151,-0.0066932933,-0.0061438018,-0.0095771942,0.0425321944,-0.0182515606,0.033055529
4.9733552933,-0.0084544914,-0.011117571,-0.0056579504,0.0820344388,-0.0200703666,0.0266739279
4.9832010269,-0.0072982805,-0.0081064934,-0.008658329,0.1129492149,-0.0166170448,0.0266678035
4.9932117462,-0.0061998861,-0.0087372297,0.001950225,0.1279085875,-0.0186435115,0.0213543288
5.0033283234,-0.0060692923,-0.0268964991,0.0145682301,0.1172346398,-0.0187713429,0.0160479806
5.0136737823,-0.0059294002,-0.0355628356,0.0232989993,0.1022931337,-0.0188941136,0.0171127133
5.023455143,-0.0038061633,-0.0356380269,0.034988068,0.0767033473,-0.0212398265,0.0171180405
5.0335021019,-0.0006369248,-0.037990056,0.0360669717,0.0394464433,-0.0311352685,0.0139365615
5.0435810089,0.0006469592,-0.0376716182,0.0343043432,0.0224261824,-0.036582496,0.0149999615
5.0539941788,-0.0038808479,-0.018920593,0.0247125234,0.0277861655,-0.0386234112,0.0203067083
5.0637731552,-0.0074133771,-0.0049198056,0.0112216081,0.0426998697,-0.0352337398,0.0319844037
5.0737810135,-0.0129673975,-0.0014366888,0.0005958882,0.055384215,-0.0223210696,0.0426060893
5.0838541985,-0.0186202414,0.0033095991,-0.0033294947,0.0734455064,-0.0136053432,0.0532238446
5.0942249298,-0.0184857734,0.0004911042,-0.0063487086,0.0808352455,-0.0050111893,0.0595977232
5.1040349007,-0.0154649513,-0.0081111575,0.0042610969,0.0723402947,-0.0093366951,0.0585359186
5.114107132,-0.016319979,-0.0217042342,0.0012746659,0.0638126358,-0.010478925,0.0574754477
5.1241221428,-0.0191430338,-0.0285382643,-0.0017615947,0.0669911206,-0.0083497278,0.0542903095
5.1345019341,-0.0229678638,-0.0276454315,-0.0067677889,0.0743739605,0.0001970883,0.0532304347
5.144258976,-0.0219504125,-0.0276527926,-0.007893363,0.0892370641,0.0077269101,0.0489832275
5.1543240547,-0.0160645731,-0.029581584,-0.0178444777,0.1083358154,0.0184702352,0.043674618
5.1643919945,-0.0132196443,-0.0284912512,-0.0239879284,0.1188680902,0.0323495641,0.0426170751
5.1747379303,-0.0075108903,-0.0419410989,-0.018456379,0.1124521568,0.0332772769,0.0309405793
5.1845359802,-0.0047833817,-0.0545029417,-0.0080542956,0.1081996188,0.0310487449,0.0203225557
5.1945900917,-0.0020467534,-0.0534487739,0.002318999,0.1082095057,0.0299951322,0.0213833582
5.2046737671,-0.000218083,-0.0447242334,0.0137201156,0.0763319954,0.0158947576,0.0171372127
5.2149763107,0.0066511137,-0.0499162152,0.0214563217,0.0520165116,-0.0077307429,0.0065133991
5.2248721123,0.0127198799,-0.0436281487,0.019578537,0.0393824764,-0.0248048007,0.0086316774
5.2349328995,0.0130620105,-0.0286780372,0.0216885414,0.0203812737,-0.0450977534,0.0139360949
5.2449197769,0.009685467,-0.0245234743,0.016188344,0.0269949678,-0.0662895963,0.0096766353
5.2553253174,0.0005871162,-0.0065263296,-0.0059022103,0.0750840381,-0.0721594691,0.0213407464
5.2650909424,-0.0085539119,0.0158966854,-0.0183986221,0.1219918951,-0.0663473904,0.0361969247
5.2751350403,-0.0128561156,0.0173251256,-0.0241146479,0.1603623927,-0.061773669,0.0351266004
5.2852611542,-0.015312125,0.0103120869,-0.0260551367,0.2039761841,-0.0475984626,0.0351226069
5.2956171036,-0.0140043991,0.0103877401,-0.0174339209,0.2124102861,-0.0368795767,0.0404351465
5.3053460121,-0.0108463066,-0.0041433508,-0.0010539087,0.2123612911,-0.032718651,0.0276956484
5.3154711723,-0.0106177824,-0.0227553174,-0.0031765494,0.2059533745,-0.0328438841,0.01707929
5.3255310059,-0.009429683,-0.0250200853,-0.0043447409,0.1770647317,-0.0256893039,0.0139048025
5.3358707428,-0.0092717307,-0.0325416848,0.0101654734,0.1140277907,-0.0188329294,0.0107387695
5.3456530571,-0.0091436403,-0.0455047861,0.0140544977,0.0691082552,-0.0097307768,0.0022603306
5.3557219505,-0.0080239074,-0.041311644,0.00139918,0.0413567573,-0.0088710412,0.0086390674
5.3657999039,-0.0088644521,-0.0362154618,-0.0034581812,0.019932691,-0.0005209665,0.0160812698
5.3761410713,-0.0127126472,-0.0311809406,-0.0083405767,0.0166711435,0.0058584362,0.0224562809
5.3859329224,-0.0156613477,-0.0094434554,-0.0143632088,0.0357372463,0.0209702775,0.0362623706
5.3959841728,-0.0177104957,0.0086790537,-0.0166052971,0.0505542234,0.0338879377,0.0447597206
5.4060192108,-0.0120027559,0.0045815622,-0.011032382,0.0505542234,0.0338879377,0.0447597206
5.4163861275,-0.0063373344,-0.0033592219,-0.0054787192,0.0536908656,0.0403035618,0.0479466617
5.4261059761,-0.0075603621,-0.0112316841,0.0019529668,0.0440377071,0.0455800854,0.056446135
5.4362697601,-0.0058551328,-0.023084648,0.0191708412,0.0227398761,0.0411773473,0.0606965423
5.4463429451,-0.0030570521,-0.029286854,0.0238170233,0.0089641428,0.0315209888,0.0628188178
5.4566779137,-0.001119484,-0.0219702497,0.0129193272,0.0068942537,0.0251646228,0.0670627654
5.4664030075,-0.0001345172,-0.0185596421,0.0167141762,0.0048255101,0.0188007336,0.0702455044
5.4765357971,0.0048614247,-0.0268064067,0.0186681952,0.0231660344,-0.0012272366,0.0659833178
5.486530304,0.0051089032,-0.0183782652,-0.0086719189,0.0754441544,0.0002835747,0.0649089962
5.4969611168,-0.0035462275,0.0031594401,-0.0294236336,0.1287366748,0.0071156481,0.0648988783
5.5066800117,-0.0064927833,0.0018316872,-0.0249517355,0.1680377275,0.0254768133,0.0617126711
5.516767025,-0.0047296779,-0.0148328329,-0.0215950403,0.1827778518,0.0457369424,0.057473585
5.5268039703,-0.0040674703,-0.0256573483,-0.0086272154,0.1731060445,0.0519706048,0.0500465631
5.5371360779,-0.0054142969,-0.0424948856,0.0034079163,0.1517397463,0.053857252,0.0426208042
5.5469741821,-0.0077698724,-0.0576841906,0.017410716,0.1100753918,0.0576892756,0.0352007039
5.5570058823,-0.0101519721,-0.0636320338,0.0315144882,0.034335997,0.0537965335,0.0277848653
5.5671138763,-0.0085338848,-0.0702875182,0.047822915,-0.0530337915,0.0391906947,0.0203671623
5.5773153305,-0.0077175396,-0.0757491067,0.0468848571,-0.1094461232,0.0237727873,0.0097563965
5.5872778893,-0.0116543071,-0.0582223311,0.0304529276,-0.1253369302,0.0119480863,0.0076309275
5.5972819328,-0.0175036676,-0.034836553,0.0110814776,-0.1136208996,0.0142085776,0.0129367439
5.607421875,-0.0155107277,-0.01701767,-0.0034294517,-0.0751392841,0.0081919646,0.0150475651
5.617702961,-0.012532522,-0.0035624439,-0.0141243134,-0.0121127265,0.0023751545,0.0150293885
5.6275439262,-0.0105375545,0.0124329543,-0.0240041409,0.0679219216,0.0030742344,0.0150094153
5.6375408173,-0.0124967592,0.0124938553,-0.0213479195,0.1276905537,0.0025143046,0.0118086953
5.6476821899,-0.0135239856,-0.0026403898,-0.0119398031,0.1533000469,0.0027172375,0.0086168963
5.657954216,-0.0106355445,-0.0157466009,0.0023252575,0.1523124427,-0.0058492199,-0.0020052544
5.6677398682,-0.0086544054,-0.0320152566,0.0137924757,0.1267386228,-0.0103861811,-0.0126190167
5.677875042,-0.0085990923,-0.0409269705,0.0205031838,0.0840808377,-0.0140044186,-0.0221661162
5.6878771782,-0.0094643729,-0.0463623628,0.0253896322,0.0489492156,-0.0228208136,-0.0253469963
5.6983089447,-0.005341758,-0.0443165675,0.0147821512,0.0361864716,-0.0271767452,-0.0253458638
5.708024025,-0.0041604536,-0.0277593955,0.0031909554,0.0318577662,-0.02079954,-0.0179089867
5.7181520462,-0.0039543407,-0.017913498,-0.0054946933,0.0510886647,-0.0227471106,-0.0168527756
5.7283520699,-0.0027383461,-0.0049069459,-0.0259600673,0.0937567651,-0.0201968662,-0.0083679464
5.7385902405,-0.0026354089,0.0106474077,-0.0281080995,0.1522943974,-0.0036572381,0.0086131021
5.7482872009,-0.0045711296,0.0179070607,-0.0206941757,0.1735746562,0.0029159761,0.0117963776
5.7584061623,-0.0065811174,0.0039421534,-0.0084284339,0.1810254157,0.0051238034,0.014981186
5.7684202194,-0.0066376226,-0.0070948387,0.0077215042,0.1671639234,0.0039485502,0.0160459168
5.7788391113,-0.0066761272,-0.0163682476,0.0229591932,0.1340722889,0.0047206003,0.0160547066
5.7885532379,-0.0047089355,-0.0299472734,0.0363991484,0.0786774755,-0.0053131254,0.016063761
5.7986879349,0.0032596693,-0.0352511629,0.0354380235,0.0318832546,-0.0216452945,0.0150057534
5.8086967468,0.0055207117,-0.0301775858,0.0258664694,0.011705813,-0.0313437283,0.0192532297
5.8190741539,0.0039354665,-0.0144684548,0.0133773889,0.02135868,-0.0354419984,0.0288053881
5.8288211823,0.0004509792,0.0004756517,0.0008773414,0.0534614883,-0.0436019227,0.0362257548
5.8389558792,0.0018816695,0.013907305,-0.0146369133,0.1174583957,-0.0398173705,0.0425814539
5.8489279747,-0.000657548,0.0309764668,-0.0226055775,0.2016827166,-0.030509891,0.055306308
5.8593091965,-0.0022985234,0.036149852,-0.0200757179,0.2784608901,-0.0233905278,0.0680328161
5.8690872192,-0.0010227456,0.0292779282,-0.020638803,0.3392888308,-0.0228384547,0.0712030455
5.8791427612,0.0002145276,0.0189583078,-0.0154846702,0.3787394464,-0.0192959197,0.0733175948
5.8892550468,-0.0024884834,-0.0039086426,-0.0074557457,0.3723547757,-0.0215153992,0.0669473112
5.8995733261,-0.0012366071,-0.0328800604,0.0007150975,0.3361186981,-0.0272059739,0.0563350841
5.9094371796,5.80058e-05,-0.0477512255,0.0041234102,0.2774457932,-0.0298683364,0.0521014594
5.9194531441,0.003330718,-0.0543787703,0.0028035252,0.2219458371,-0.0293209888,0.0478698947
5.9295692444,-0.0012087717,-0.0518037006,-0.0023184211,0.1738488823,-0.0223341864,0.0447001979
5.9398021698,-0.0077987211,-0.0456443802,-0.0064640436,0.1417137533,-0.0109413164,0.0447125845
5.9497032166,-0.0095960395,-0.0435550287,-0.0096226726,0.1149391234,-0.0016322369,0.0436622314
5.959690094,-0.012474169,-0.0426527783,-0.0040213261,0.0742378756,0.0128467036,0.0404945351
5.9698109627,-0.0115233557,-0.0439874604,0.0026154129,0.0272698328,0.013449111,0.0330741704
5.9800720215,-0.0086231725,-0.0436565652,0.0054347124,-0.0058240443,0.0141721591,0.0256508738
5.9899320602,-0.0096381204,-0.035727255,0.011186799,-0.0196557026,0.0097861998,0.0224667992
5.9999551773,-0.011609544,-0.0327541605,0.0101713743,-0.0228801277,0.0118452888,0.0171599854
6.0100488663,-0.0106179016,-0.0229704306,0.0032971706,-0.0132221729,0.0066310856,0.0182167273
6.0204200745,-0.0066362517,-0.0140204662,0.0022888391,0.0188541654,0.0005309822,0.0160818025
6.0301709175,-0.008521487,0.0030142283,-0.012507299,0.0721386895,0.0084586795,0.0213812292
6.0400648117,-0.0123745697,0.0107418811,-0.0157262478,0.1116373092,0.0077623962,0.0245571807
6.0501031876,-0.0103969472,0.0051653003,-0.0190165434,0.1425099969,0.0154666547,0.0256149881
6.0604090691,-0.0075420635,-0.0002142572,-0.009755889,0.1509639323,0.0240569469,0.029864328
6.0704522133,-0.0067448514,-0.0163127109,0.0043508615,0.1391347945,0.0324230678,0.0266847126
6.080537796,-0.0118653672,-0.0306915268,0.0155234542,0.0995936766,0.0373348705,0.019264482
6.0906038284,-0.0140594738,-0.0406443402,0.0258386936,0.0515920557,0.0347657204,0.0150281908
6.1007909775,-0.0152609246,-0.0470942929,0.0265428629,0.0120992158,0.0354599394,0.0118543021
6.11079216,-0.0174385794,-0.0422380343,0.0312246885,-0.0209727176,0.0340892076,0.0086766174
6.1207733154,-0.0156435259,-0.0356522426,0.0282185283,-0.0369168743,0.0275908969,0.0097386204
6.130903244,-0.0128161209,-0.023287572,0.0194034185,-0.0315402225,0.0233727135,0.0065497509
6.14108181,-0.0119409459,-0.0107656503,0.0105316248,-0.0048683956,0.0247221403,0.0150380451
6.1510362625,-0.00815921,-0.0057440782,0.005486032,0.0175322518,0.0259996578,0.0182183925
6.1610331535,-0.0062770145,-0.006355294,0.0062893238,0.0229936205,0.0133292023,0.0203331411
6.1711730957,-0.0053269761,-0.0098285461,0.0032083001,0.0369078405,0.0091925142,0.018203944
6.1813840866,-0.0062975781,-0.0072424645,0.004939517,0.060431622,0.0051875859,0.0235055648
6.1912717819,-0.0042890804,-0.0025651688,0.0047219004,0.0775909051,-0.0031513041,0.0234970432
6.2013039589,-0.0021873012,-0.0094660306,-0.0042245183,0.0968807563,-0.0114844684,0.0213634502
6.2114710808,-0.0020239844,-0.0075528109,-0.0141834412,0.1128775701,-0.0102767246,0.0224217903
6.2217102051,-0.0018894568,-0.004527607,-0.0124820862,0.1267080009,-0.0059116706,0.0224205926
6.2315649986,0.0021228895,-0.0112071121,-0.008842865,0.1234847829,-0.0038245511,0.0213606544
6.2415618896,0.0050746305,-0.0160092786,-0.0032785328,0.1052540094,0.0055780052,0.023495445
6.2516980171,0.007029484,-0.0248821154,0.0042619314,0.0753413811,0.0084861768,0.0213808957
6.2619719505,0.0050741537,-0.0339996591,0.010924181,0.0434077382,-0.0002868078,0.0203212239
6.2718420029,0.0051472886,-0.0384845808,0.0079385843,0.0242649354,-0.0067998348,0.0235082284
6.2818369865,0.0014027462,-0.0265258923,0.0098921861,0.0094077447,-0.0143175386,0.0298807733
6.2919449806,-0.0013437762,-0.0175103322,0.0118763652,0.0072639002,-0.0132613294,0.0320054442
6.3022689819,-0.003121604,-0.0143853808,0.0070489254,-0.0034703966,-0.0069817286,0.033073239
6.312125206,-0.00395595,-0.0142562473,0.0100553837,-0.0258689113,-0.0082315505,0.0341400988
6.3221092224,-0.0047716396,-0.0220128968,0.0141204204,-0.0290115476,-0.0146379173,0.032012634
6.3322439194,-0.0055164592,-0.0239261165,0.0074612703,-0.0129023548,-0.0251635294,0.0235088933
6.3425102234,-0.0062268274,-0.0178751126,-0.0021955166,0.0223068725,-0.0237894692,0.0245639049
6.3523788452,-0.0108684199,-0.0125010991,-0.0051207934,0.0553995781,-0.0245476738,0.0266787224
6.3623719215,-0.0096587436,-0.0117575312,-0.0051857624,0.0820480213,-0.0211181864,0.0287976656
6.372502327,-0.0094844596,-0.0118106389,-0.0014392528,0.1022451669,-0.0135625321,0.0213637166
6.3827800751,-0.010310282,-0.0186490789,0.0003134218,0.1022288948,-0.0125422087,0.0149925705
6.3926382065,-0.0082638757,-0.031415619,0.0108872261,0.0829966143,-0.010622602,0.0096894186
6.4026350975,-0.0081860917,-0.0385743156,0.0234534349,0.0488762185,-0.0141664045,0.0001403212
6.4127631187,-0.0071386592,-0.0499979034,0.0371557698,-0.0033544963,-0.0210583992,-0.0104678487
6.423058033,-0.0089676874,-0.0580039397,0.0402862057,-0.040668074,-0.0256831776,-0.0189559422
6.4328422546,-0.0087926285,-0.0497791842,0.0366755351,-0.060956303,-0.0248269718,-0.0231975578
6.4429011345,-0.0115963714,-0.0348440781,0.0340363011,-0.069524914,-0.0217186622,-0.0231936984
6.4529929161,-0.0163587816,-0.0286791697,0.0353074893,-0.0662947595,-0.0249152556,-0.0295669064
6.4633159637,-0.0132655995,-0.0273957029,0.0161150303,-0.0460524224,-0.0215974227,-0.0359404534
6.473154068,-0.0151703851,-0.02002386,0.0123717394,-0.0194487758,-0.0139373736,-0.0359433815
6.4831690788,-0.019123245,-0.0232190862,0.0153581109,-0.0152372271,-0.0086506661,-0.0444360003
6.4933071136,-0.0182510503,-0.0361733213,0.0222575273,-0.0248600282,-0.0077774148,-0.0603601076
6.503592968,-0.0174091347,-0.0425190106,0.0174554195,-0.0366839841,-0.0005557206,-0.0762815475
6.5134210587,-0.0206088908,-0.04816062,0.0223978963,-0.0687686801,0.0054406528,-0.0900737867
6.5234413147,-0.0229492076,-0.0610147193,0.0322913155,-0.1233884171,0.0239510871,-0.1070379987
6.5335912704,-0.0254889615,-0.0745365396,0.0461492166,-0.2153526843,0.0410549715,-0.1271802783
6.5438790321,-0.0272347815,-0.0831654444,0.0630918369,-0.3404236734,0.0599792637,-0.1494380385
6.5536518097,-0.0232767351,-0.1086423621,0.0784112439,-0.5006266832,0.0700374916,-0.1823081076
6.5637841225,-0.0223886259,-0.1325847358,0.0910983905,-0.6447839737,0.0759359896,-0.2236785889
6.5738501549,-0.0214727409,-0.143197909,0.0757860169,-0.7492608428,0.063150689,-0.2544506192
6.5841970444,-0.0194739588,-0.1391189247,0.0362923369,-0.8143007755,0.0560769998,-0.275673002
6.5940122604,-0.0292437561,-0.1150686517,0.0152935591,-0.8516609073,0.0556122772,-0.2968997359
6.6040549278,-0.0381684788,-0.0925054476,0.0040294733,-0.8859916329,0.0721449777,-0.319180876
6.6140909195,-0.0443535335,-0.0751428679,-0.0054229293,-0.8926633596,0.0973800272,-0.3457115591
6.6244277954,-0.0468427427,-0.0539787784,-0.0044124518,-0.8736397028,0.1143368408,-0.3743764162
6.6341929436,-0.0416065343,-0.0396648571,-0.0074366126,-0.8545496464,0.1249623224,-0.3977355361
6.6442728043,-0.0365103371,-0.037156783,-0.0145346317,-0.8611501455,0.1427146196,-0.4327640235
6.6543512344,-0.0345231779,-0.050546594,-0.0071405564,-0.8773498535,0.1592600346,-0.477347225
6.664689064,-0.0307674296,-0.070116438,0.0049454775,-0.9010112286,0.1758724451,-0.5017549396
6.6744632721,-0.02218448,-0.0909960791,0.0179230776,-0.9299291968,0.1850451678,-0.5208554268
6.6845388412,-0.0145718949,-0.1062930152,0.0366375074,-0.9907503128,0.1833623052,-0.5346436501
6.6946268082,-0.0097321765,-0.1339584291,0.0466710553,-1.066323638,0.1624168158,-0.5537472963
6.7049489021,-0.0065973895,-0.1497804374,0.0509731397,-1.1407002211,0.1287479401,-0.5728569627
6.7147760391,-0.0119338529,-0.1312197447,0.0455762371,-1.1756256819,0.0986214653,-0.5898519158
6.7247972488,-0.0199262388,-0.0759562925,0.0264336672,-1.1669492722,0.0849311501,-0.585614264
6.7348790169,-0.0170027502,-0.0273100212,0.0228950586,-1.1379077435,0.0629709885,-0.5750145912
6.7452383041,-0.0080190795,-0.0018086218,0.0164216962,-1.1249785423,0.0503522679,-0.5750256181
6.7550311089,-0.0087188976,0.0073047495,0.0088678803,-1.0833983421,0.0538226292,-0.5867142081
6.7650642395,-0.0064718025,0.0109283542,0.0108821001,-1.0396835804,0.0584896915,-0.5803515315
6.7750701904,-0.0023531809,0.0092136776,0.0194991436,-0.9791502357,0.0887983292,-0.5697337985
6.7855448723,-0.0022622838,0.0127852177,0.0268222298,-0.9291760325,0.1072662845,-0.5707988143
6.7953019142,-0.0031553402,0.0088841235,0.0349520668,-0.8843417168,0.1054526716,-0.5835527182
6.8053722382,-0.0038949742,0.0032146191,0.0157428589,-0.8384646773,0.1057430208,-0.6005532742
6.8154277802,-0.0075100558,0.0123802638,-0.012390295,-0.8107970953,0.1145703346,-0.5856907368
6.825799942,-0.0111821191,0.0092002964,-0.0201588068,-0.8235567212,0.1114412546,-0.5602055192
6.8355770111,-0.0089573758,-0.0298934057,-0.012317637,-0.8363782763,0.1135206521,-0.5495831966
6.8456311226,-0.0126524465,-0.0525266305,-0.0027469189,-0.8643408418,0.1356282085,-0.5389466882
6.8557043076,-0.0164931901,-0.0491161123,0.0142658558,-0.9286450148,0.1638614535,-0.5166184306
6.8660497665,-0.0135987299,-0.0501916781,0.0378709659,-1.0524641275,0.1659775376,-0.5144628286
6.8758721352,-0.0066615837,-0.0776243284,0.0633159503,-1.1942799091,0.1518049985,-0.5452260971
6.8859262466,-0.0033807054,-0.1023640409,0.0700778589,-1.2977178097,0.1422178149,-0.5749338269
6.8960051537,-0.0086851614,-0.0958768502,0.0580364093,-1.3584759235,0.1341764033,-0.5876640081
6.9063673019,-0.0177842863,-0.069280006,0.0388965234,-1.3830296993,0.1350582391,-0.5823489428
6.9161601067,-0.0268450268,-0.0416273847,0.0136440601,-1.3491334915,0.1608690619,-0.5749120712
6.9261760712,-0.0390717275,-0.008490243,-0.0110000763,-1.2567309141,0.2063809484,-0.5536771417
6.936273098,-0.0418642052,0.0169501826,-0.0183627401,-1.1344585419,0.2532145083,-0.5324487686
6.9465513229,-0.0361136682,0.0229943618,-0.0190626774,-1.0344147682,0.281765461,-0.5186552405
6.9563570023,-0.0295175798,0.00359591,-0.0100530181,-0.9438718557,0.2984312475,-0.5250406861
6.9664402008,-0.0307534225,-0.0230252519,0.0067398157,-0.8820180297,0.302107811,-0.5324885845
6.9764728546,-0.0407084711,-0.0358522013,0.0126839485,-0.8723515272,0.2958049178,-0.5356795788
6.9868979454,-0.0504647978,-0.0467137024,0.0098751988,-0.8732712865,0.2809208333,-0.538872242
6.9965782166,-0.0561978109,-0.0468668714,0.0079871621,-0.87114501,0.2820350826,-0.5335632563
7.0067181587,-0.0531030186,-0.0458649918,0.0089760628,-0.86043185,0.2790769041,-0.5133933425
7.0167441368,-0.0421702154,-0.0494290069,0.0109380689,-0.8369901776,0.2836229205,-0.4985318184
7.0271201134,-0.0351387747,-0.042089738,0.0098653641,-0.8306472898,0.2901217341,-0.4868510365
7.0368909836,-0.0310249813,-0.041476883,0.0223512258,-0.8369472623,0.2794072926,-0.4942874014
7.0471439362,-0.0306631215,-0.0525430813,0.0309685674,-0.8155533671,0.2742040157,-0.5070353746
7.0570030212,-0.0281959064,-0.0450204685,0.012266716,-0.7707675099,0.2777577341,-0.5102303624
7.0673918724,-0.0227266438,-0.0224925354,0.0014453736,-0.7108926177,0.2666091919,-0.5102517009
7.0771799088,-0.0161803253,-0.0101874257,-0.0013571176,-0.6383209229,0.2661335766,-0.5177029371
7.087223053,-0.0174220093,0.0006888724,-0.010863224,-0.5561950803,0.2710954249,-0.5177214742
7.0975189209,-0.0167153366,-0.0023436332,-0.0113677178,-0.4783905149,0.2813248932,-0.5177360773
7.1077070236,-0.0132220881,-0.017659612,0.0017784444,-0.4722689092,0.3089399636,-0.5219718218
7.1175980568,-0.0127134817,-0.0507552996,0.0370899066,-0.5523381829,0.3101897836,-0.5484958291
7.1274957657,-0.014968683,-0.1070241705,0.064338468,-0.6547055244,0.2995178998,-0.5835149884
7.1375389099,-0.0187911876,-0.1477964371,0.0825004205,-0.7686992288,0.2769888937,-0.6312782168
7.1479711533,-0.0280727632,-0.1508324295,0.0553516969,-0.878572762,0.2705504298,-0.6577982903
7.1576957703,-0.0283211358,-0.1321965903,0.0181154814,-0.9488775134,0.2571755052,-0.6620343328
7.1678061485,-0.0275136717,-0.1069367304,-0.00571982,-0.9703190327,0.2676461935,-0.6545895934
7.1778101921,-0.0297947414,-0.0835010782,-0.0162210856,-0.9663552046,0.2985079587,-0.646080792
7.1882143021,-0.0352146514,-0.0764270201,-0.0046219025,-0.9710547328,0.3408912122,-0.6492450833
7.197988987,-0.0388938077,-0.0811402276,0.0172046032,-1.0344153643,0.3795222342,-0.6608895063
7.208067894,-0.0396901853,-0.1068655029,0.0539804325,-1.1446249485,0.4058560431,-0.7054424882
7.2180948257,-0.0500268228,-0.1492101997,0.089983426,-1.2557346821,0.4140132964,-0.7701799273
7.2285041809,-0.0569020994,-0.175201878,0.0893072709,-1.3508315086,0.421215415,-0.8402315974
7.2382259369,-0.0574142225,-0.1475398093,0.0217474308,-1.3712790012,0.4367941022,-0.8646399975
7.2483520508,-0.0412581451,-0.0982500687,-0.0148564968,-1.3339948654,0.4435011744,-0.8625234962
7.2583427429,-0.0240562446,-0.0658907667,-0.0299104843,-1.2508574724,0.4537426233,-0.8678484559
7.2687301636,-0.0243982561,-0.0435778573,-0.0428620949,-1.1401553154,0.4822704494,-0.872109592
7.2784972191,-0.0286651738,-0.0234508291,-0.0458675995,-1.0538350344,0.4946964979,-0.872125268
7.2886328697,-0.0269319303,-0.0290522948,-0.0300537143,-0.997176826,0.4844759703,-0.8880711198
7.298623085,-0.0267966278,-0.0451437607,-0.0207696948,-0.9415721297,0.4720485806,-0.9156982303
7.3090353012,-0.029275585,-0.0444640294,-0.0171132479,-0.8859482408,0.4586496055,-0.9295217991
7.3187770844,-0.0305120833,-0.0337681547,-0.0190445576,-0.8399988413,0.4526705444,-0.9316600561
7.3288917542,-0.02965324,-0.0266229883,-0.0091028009,-0.8131942749,0.4401649535,-0.9327352047
7.3388910294,-0.0324483402,-0.0290428177,0.0117411222,-0.7938246131,0.4232389629,-0.9507991672
7.3492698669,-0.0388926752,-0.0304120556,0.0171007719,-0.7745848298,0.4202168286,-0.951867342
7.3590259552,-0.0432196148,-0.0286427513,0.0186745133,-0.7392497659,0.4088879824,-0.946573019
7.3691120148,-0.0434424765,-0.039231278,0.0293023195,-0.7059491277,0.3868404031,-0.9550868273
7.3791618347,-0.0541393645,-0.0234032646,0.0109220948,-0.6504036188,0.3820408583,-0.9519178867
7.3895168304,-0.0638601109,0.0065579033,-0.0100490842,-0.5598204732,0.3968198001,-0.9222029448
7.3993649483,-0.0630848929,0.0334597453,-0.0119896922,-0.4628300071,0.41172418,-0.8818717599
7.4093661308,-0.0595428832,0.04263594,0.002221605,-0.381693244,0.4104835391,-0.8553478718
7.4195671082,-0.0531132706,0.0367701873,0.014964899,-0.3282850981,0.4068233073,-0.8373126984
7.4297847748,-0.0466830023,0.0205450878,0.0319478139,-0.3045609891,0.382709831,-0.8245905638
7.4395699501,-0.0391523726,-0.0062575126,0.071506463,-0.3351993263,0.3516635001,-0.8256601095
7.449657917,-0.0371558554,-0.0411289111,0.1002090201,-0.416810751,0.29457286,-0.8469026089
7.4597682953,-0.0424359329,-0.063913025,0.0867430195,-0.4878971577,0.2525138259,-0.8553999662
7.4700222015,-0.0484486707,-0.0577084795,0.067230545,-0.5195430517,0.2162433714,-0.8426686525
7.4798750877,-0.0533928163,-0.0387441292,0.0643403158,-0.5297914147,0.1748679727,-0.8278215528
7.489880085,-0.0601152666,-0.0118319774,0.0548377261,-0.4974830449,0.1466118991,-0.8108556271
7.5000109673,-0.0668955371,0.015516839,0.0409530029,-0.4193834662,0.1294907033,-0.774782896
7.510310173,-0.0718835518,0.027972959,0.0394344553,-0.341311425,0.1155651584,-0.7365837097
7.5201072693,-0.0760339424,0.0245020017,0.0415186509,-0.2557392716,0.0973443463,-0.71644032
7.5301561356,-0.0860784575,0.0117975092,0.0413892493,-0.1607281715,0.0950817242,-0.702663064
7.5402917862,-0.0943186209,0.0112818098,0.0534531698,-0.1148943678,0.1019939557,-0.6803734303
7.5505681038,-0.0967708156,0.0002622224,0.0783527121,-0.1190793961,0.0934336931,-0.685685277
7.5604281425,-0.0910480544,-0.0323160067,0.0907066092,-0.1210501343,0.0751494914,-0.720733285
7.5704360008,-0.079080753,-0.0369565263,0.073826097,-0.1390832514,0.0631667301,-0.7440933585
7.5804948807,-0.0659315512,-0.0321274772,0.0614729747,-0.2296144813,0.0442542955,-0.756821394
7.5908823013,-0.0613050945,-0.0550192967,0.0669557676,-0.3648731411,0.0142032523,-0.7907810211
7.6006278992,-0.0651510879,-0.1000216976,0.0869342312,-0.5378326774,0.018789215,-0.8321449757
7.6106920242,-0.0676107928,-0.1371837705,0.0996849164,-0.7138704658,0.0105243605,-0.887317121
7.6208410263,-0.0684209988,-0.1509482712,0.083977364,-0.8228235841,0.0165921077,-0.9499325752
7.6311268806,-0.0687905475,-0.1107172742,0.0344501361,-0.8367921114,0.0248275995,-0.9700993299
7.6409630775,-0.0632542893,-0.0557064191,0.0082221236,-0.815510273,0.0314215869,-0.9637306333
7.6509809494,-0.0587550588,-0.0304986015,0.0055703726,-0.7783008814,0.0455770195,-0.9584255815
7.661096096,-0.0612274595,-0.0369961634,0.0002762881,-0.6977146864,0.0983576775,-0.9456781149
7.6713752747,-0.0689375624,-0.0282928124,-0.0084583554,-0.5543881059,0.1751675755,-0.9116972685
7.6811990738,-0.0654137358,-0.0060515786,0.0002893416,-0.3895844817,0.2383651882,-0.8787917495
7.6912369728,-0.0475106128,0.0120532131,0.0198253002,-0.2618688643,0.2734496593,-0.8766830564
7.7013597488,-0.0245582946,0.0090288138,0.0264214482,-0.2138262391,0.2693550587,-0.91810745
7.7116498947,-0.0048381286,-0.0107093835,0.0245685782,-0.2154925466,0.2190113962,-0.9882100821
7.7214698792,0.011797498,-0.0277911201,0.0005671588,-0.2000494152,0.1657108963,-1.0466395617
7.7314977646,0.0202362649,-0.0215789452,-0.0375894085,-0.1368367076,0.1395985186,-1.0679059029
7.7416372299,0.0209722333,0.007332406,-0.0683545843,-0.0610897467,0.1424100101,-1.0636765957
7.7519102097,0.0206298344,0.03183534,-0.0664214268,-0.0161902662,0.1354436576,-1.053073287
7.7617168427,0.0212244503,0.0255033001,-0.0436881557,0.001961573,0.1345411092,-1.053078413
7.7717790604,0.0179943256,0.0124520874,-0.0247884784,-0.0033994233,0.1365539283,-1.0626319647
7.78185606,0.0119274361,0.005247674,-0.007954279,-0.0174127109,0.150198102,-1.066868782
7.7921919823,0.0118061705,0.0096471524,0.0017032829,-0.07208509,0.1740489155,-1.0785220861
7.8020510674,0.0255266838,0.0118992543,0.0069017615,-0.1499412805,0.1679457426,-1.0965559483
7.8120560646,0.0444544666,0.012967906,0.005765995,-0.2019132823,0.1344744563,-1.1156730652
7.8221960068,0.0539482348,0.0275103077,-0.0151017103,-0.2113960087,0.1215754524,-1.128418684
7.8325052261,0.0567297451,0.0596437678,-0.0427559391,-0.1931558996,0.1122193635,-1.1231188774
7.8422403336,0.0535473339,0.0920713171,-0.0574695244,-0.147279501,0.1148875877,-1.1008313894
7.852314949,0.0471537225,0.114244841,-0.0581038371,-0.0876678079,0.1326264441,-1.0636731386
7.8623838425,0.038456779,0.1203493699,-0.0532476678,-0.0057300627,0.1579272747,-1.0360745192
7.8727231026,0.032349091,0.1210575327,-0.0477968827,0.0506289005,0.1798781753,-0.9999781847
7.8824858665,0.0199935548,0.1026381478,-0.0265671406,0.0375607684,0.2075393647,-0.9712924361
7.892583847,0.0102966232,0.0609075055,0.006849071,-0.0564931594,0.2216434032,-0.9606445432
7.9027242661,0.0015772686,0.0168890581,0.0342044458,-0.2167904228,0.2424709201,-0.9690878391
7.9129800797,-0.0011470809,-0.0140931988,0.049142383,-0.4184753001,0.2406514436,-0.9775294662
7.9228668213,0.006117682,-0.0359759107,0.0505448207,-0.6296681762,0.2280919701,-0.9934090972
7.9328551292,0.0185865574,-0.0390033498,0.031633161,-0.8055511713,0.2062985897,-1.0082410574
7.9429988861,0.0245108716,-0.0151634598,0.0055323448,-0.9077787399,0.1830326766,-1.0220301151
7.9532737732,0.0276853852,0.0261603221,-0.0278871451,-0.9045303464,0.1788790822,-1.0124769211
7.9631280899,0.0307061337,0.0717265233,-0.0599589124,-0.8203086853,0.1893514395,-0.9838246107
7.9730949402,0.0353949778,0.104273878,-0.0792594329,-0.6764463782,0.212003082,-0.9573049545
7.9831790924,0.0329690687,0.1248185262,-0.0826173201,-0.5305182338,0.2409769446,-0.9403387904
7.9935178757,0.0294071548,0.1332267076,-0.0702324286,-0.4324873984,0.256729722,-0.9339846373
8.0060138702,0.0277655236,0.1254325658,-0.0618562475,-0.3450334668,0.2628336847,-0.9286947846
8.0139980316,0.0339774005,0.1111542806,-0.0535546914,-0.2584379911,0.2476956397,-0.9255401492
8.0235671997,0.0421801321,0.0991106257,-0.0473397747,-0.1899585426,0.2302828282,-0.9213190675
8.0344352722,0.0474682264,0.0872608647,-0.0378175154,-0.1887397468,0.2154585421,-0.918141067
8.044254303,0.0498764031,0.066674076,-0.0284812842,-0.2323769778,0.2033776492,-0.9223831892
8.0543069839,0.049467545,0.0470024571,-0.0157591496,-0.3004713655,0.1825724244,-0.9298077822
8.0641727448,0.0424072258,0.0369635448,-0.0008109602,-0.3726483583,0.1425983757,-0.9425510168
8.0740919113,0.0355666988,0.0248551592,-0.0174312983,-0.3948551416,0.122300297,-0.9340624213
8.0837421417,0.0266785435,0.0284019932,-0.0322522894,-0.4010576308,0.1032570973,-0.9170815945
8.09379673,0.0216152482,0.0398165807,-0.0326737538,-0.4509810507,0.0806133673,-0.9053996801
8.1038913727,0.0166777037,0.0444120392,-0.0374477878,-0.4943471551,0.0408702157,-0.9213355184
8.1142492294,0.0110156117,0.0451283082,-0.0482099429,-0.4876488447,0.0111407498,-0.9330307245
8.1240367889,0.0044999449,0.0547772273,-0.0576619878,-0.4288832545,0.0042125359,-0.9351727366
8.1340618134,-0.0020499274,0.068614088,-0.0595905557,-0.3383734822,0.0241471641,-0.9288176894
8.1441392899,-0.0058224918,0.0730041489,-0.0577789918,-0.2744890451,0.039636638,-0.9171463847
8.1544761658,-0.0086399065,0.0659253821,-0.0371972099,-0.2904689014,0.0362230688,-0.9309466481
8.1643686295,-0.0111774774,0.0461854562,-0.0334192291,-0.3117369115,0.0274101328,-0.9521816373
8.1744785309,-0.0077023478,0.0303481445,-0.0616546646,-0.2732586563,0.0225017276,-0.9426363707
8.1845016479,-0.0044069784,0.0409766063,-0.085554935,-0.2250136584,0.001846517,-0.9203611612
8.1949062347,-0.0022239431,0.0615594611,-0.0924309865,-0.1746931672,-0.0135470871,-0.9076403379
8.2046937943,0.0017483041,0.0707166418,-0.0861114636,-0.1159845889,-0.0140192658,-0.895975709
8.2147216797,0.0006639317,0.0703551397,-0.0858350769,-0.0211941823,0.0060407962,-0.8758164048
8.2248935699,-0.0025157973,0.0770234093,-0.0924671665,0.068154335,0.036635723,-0.8598968387
8.2352352142,-0.0068595456,0.0829546079,-0.089627184,0.1148671135,0.0614901409,-0.8535252213
8.2449407578,-0.0073522674,0.064725481,-0.0739905611,0.0850141421,0.0579768941,-0.8641373515
8.255027771,-0.0115628289,0.0367298946,-0.0598611012,0.0007782513,0.0496738292,-0.8853548765
8.2650690079,-0.0146142589,0.0164220557,-0.0370675698,-0.1240326613,0.0431466848,-0.9055005908
8.2754039764,-0.0174292587,0.0017954923,-0.014594296,-0.2564160824,0.0460630469,-0.9320118427
8.2851343155,-0.017052751,0.0005910016,-0.0108647738,-0.3590186238,0.0599045604,-0.9500294328
8.2953071594,-0.010771987,0.0051278686,-0.0185918603,-0.4210246205,0.0710902363,-0.9415135384
8.3053741455,0.0002714426,0.009693048,-0.03055338,-0.4401812553,0.0667961538,-0.9234602451
8.3157348633,0.0110981939,0.0075619435,-0.0433549061,-0.386664629,0.0525820665,-0.8969367743
8.3255176544,0.0157365613,0.0182672366,-0.058274366,-0.2758313119,0.0708183274,-0.8523602486
8.3355722427,0.0169714577,0.0447826013,-0.0643404499,-0.1767264605,0.0878272727,-0.8173360825
8.3456411362,0.0198273621,0.0550230965,-0.0500291958,-0.0989864022,0.1056153253,-0.7971727252
8.3559541702,0.0234114639,0.0469620451,-0.0292132888,-0.0597521514,0.1315216869,-0.7823050618
8.3657550812,0.0201255046,0.0370367989,-0.0150170717,-0.0587228388,0.1346378624,-0.7939835191
8.3758478165,0.0129644675,0.0281060562,-0.0048222933,-0.0737149194,0.1398475915,-0.7886687517
8.3859224319,0.0104856296,0.0230961069,0.0120788421,-0.0930489302,0.1536390483,-0.763173759
8.3962650299,0.0197569467,0.050191544,-0.0093779359,-1.1896859407,0.5828207135,0.1324156076
8.40604496,0.3244340718,0.6107818484,0.1142810211,-1.1746311188,-0.9271377921,-0.0541572049
8.4161090851,0.4096113443,1.2335282564,0.0461280569,-0.6030385494,-0.7102845907,-0.7602887154
8.426158905,0.0912519172,-0.3025504649,0.1380924731,0.548463285,-0.3906562924,-0.8018316031
8.4365053177,-0.1526403278,0.0111131882,0.2512411177,0.1346763372,-0.0834006071,-0.4809110165
8.4462909698,-0.2119269669,0.1844609529,0.1291981488,0.2900555432,0.0857364908,-0.1357812881
8.4563369751,-0.124428995,-0.1097561494,0.0810345635,0.2112596631,0.1813561469,-0.0114827119
8.4664430618,-0.0320175476,-0.1813083738,0.0282649007,0.804233253,0.2395648658,0.3101209104
8.4767694473,0.1960154772,0.659509182,-0.087631382,1.1943279505,-0.1586973518,-0.1042799577
8.4864606857,0.2415629476,-0.0315093771,-0.0033140574,1.3147968054,-0.1723548472,-0.5704471469
8.4966564178,0.0886147246,-0.1423128694,-0.0475781336,1.1000691652,-0.154513061,-0.6383382678
8.5066671371,0.0092537953,-0.0249232426,-0.0457085744,0.8112254143,-0.0764158666,-0.4789560437
8.5171766281,-0.0083161639,-0.1260817498,-0.0195747409,0.3434762359,-0.0382118858,-0.3397229016
8.5270137787,0.0065111173,-0.1562493891,0.0111631956,-0.0279692132,-0.0317611806,-0.3173275888
8.5369176865,0.0158476643,-0.1141745821,0.0114125218,-0.2797693014,-0.0418175384,-0.3830999434
8.5469331741,0.0140251471,-0.1074143425,0.0172186699,-0.5014986992,-0.0695112199,-0.4276530147
8.5573005676,-0.0030007556,-0.1067774072,0.0114226546,-0.6327598691,-0.0731049553,-0.4775262475
8.5671358109,-0.0056108134,-0.0758468881,0.0245586243,-0.6060038805,-0.0862548426,-0.5773487091
8.5771570206,0.0006265744,-0.0455019847,0.0277645793,-0.4930454493,-0.0752932131,-0.6750580668
8.5872888565,-0.0002291694,-0.0264490023,0.0041806307,-0.2774268687,-0.0810451061,-0.7069696784
8.597577095,0.0018855587,0.0621366128,-0.0293990765,0.0704220682,-0.0725087449,-0.6773220897
8.6073980331,-0.0014220669,0.1095967516,-0.0436081663,0.4585639536,-0.0369395614,-0.6243129373
8.6172227859,-0.0043177651,0.1265247017,-0.0514668599,0.7511826754,-0.054246977,-0.578738451
8.6273260117,0.0012712881,0.0876283869,-0.0354897156,0.9677189589,-0.148825407,-0.5650373101
8.6375656128,0.0236821137,0.0619443879,-0.0155001078,1.222720623,-0.1423467398,-0.564037025
8.6476507187,0.0114051802,0.0571659431,-0.0118928347,1.3969390392,-0.058747191,-0.5067021251
8.6578016281,-0.0040447609,0.0156315789,-0.0214736853,1.2719002962,-0.0441912785,-0.5480746627
8.6676578522,0.0048245145,-0.050341107,-0.0370561853,0.9698256254,-0.0454341769,-0.6594874859
8.6780424118,0.0049534542,-0.0505913273,-0.0578718558,0.6347438097,-0.0544354655,-0.7772657871
8.6879005432,0.015689265,-0.0493488684,-0.0576832667,0.2493282109,-0.0433756225,-0.8429939151
8.6980247498,0.017855268,-0.0479950681,-0.0689691082,-0.1421490014,0.0421640463,-0.8693967462
8.7080345154,-0.006601383,-0.0192097798,-0.0804071203,-0.400908649,0.0931939408,-0.8332043886
8.7183609009,0.0073515875,0.053736113,-0.0963032022,-0.507394731,0.0759557709,-0.7301898003
8.728178978,0.0423573963,0.0978860483,-0.1062183753,-0.6066555381,-0.0156351365,-0.4859965742
8.7383174896,0.0672542527,0.1235492453,-0.1222601905,-0.7389118075,-0.0086435415,-0.2130790204
8.748292923,-0.0007450476,0.107330583,-0.1105974689,-0.8914185166,-0.0027742004,0.0778955668
8.758644104,-0.019980479,0.0447549447,-0.057961382,-0.994836688,-0.0060437629,0.2032119334
8.7684268951,-0.010267158,-0.0056867385,-0.0504184142,-1.1225485802,-0.0398802906,0.2297724485
8.7785348892,0.0006995007,-0.00853441,-0.0411981121,-1.1676263809,-0.1257647723,0.1373654753
8.7885513306,0.0285717957,-0.0202765837,0.0010054318,-0.9856933355,-0.0784907341,-0.0166179519
8.7989301682,0.0274541192,-0.0176483765,0.0158494916,-0.7783917189,-0.1114091352,-0.135609448
8.8086862564,0.030198615,-0.0124417925,0.0227361526,-0.5947108269,-0.1272458881,-0.2068045288
8.8188199997,0.0178009979,-0.0106941843,0.0203568544,-0.4418846667,-0.1493804157,-0.2259660512
8.8288402557,0.003294091,-1.45816e-05,0.0173608866,-0.3124025762,-0.1807628423,-0.1676156521
8.8392324448,-0.0098690288,0.0067495322,0.0094368067,-0.218271032,-0.1974614561,-0.0880118385
8.8489456177,-0.0340432115,0.0474047288,0.0049233045,-0.0318207294,-0.1601108909,0.0202629659
8.8590402603,-0.062063355,-0.010784843,0.013565978,0.0408811159,-0.0719358921,-0.0614717118
8.8692340851,-0.0271510966,-0.0097004557,0.0025899021,-0.0611903928,-0.1087663397,-0.0402282067
8.8794326782,0.0526213758,0.0077038025,-0.0234872494,-0.0801506042,-0.13211748,-0.0158131458
8.8892269135,0.0294578485,0.00749161,-0.0425925627,-0.14841488,-0.1346975416,0.0054388801
8.8993549347,0.0138423843,0.0090614771,-0.0450610295,-0.2752783895,-0.1462240964,0.0351969115
8.9093589783,0.0067744656,0.0103800511,-0.0448454991,-0.4023972154,-0.1334363967,0.0511625595
8.9197483063,-0.0074107246,0.0018269635,-0.034898378,-0.4837213755,-0.1106149182,0.0798623189
8.9295129776,0.0133572919,0.0047579026,-0.032140471,-0.5278667808,-0.0705266222,0.1032531261
8.9396381378,0.0280588679,0.0066886758,-0.0351727977,-0.4996577203,-0.0085497983,0.1319454908
8.94962883,0.0492811613,0.0096479869,-0.0334829465,-0.4128738344,0.0644112304,0.1393924952
8.9600391388,0.0634079352,0.0107433414,-0.0250217114,-0.3526722491,0.1264262646,0.1309128404
8.969742775,0.048193913,0.0099610901,-0.027576426,-0.3172937334,0.2169492394,0.1341344714
8.9798145294,0.0290293507,0.0063294983,-0.02296702,-0.3014201224,0.229744792,0.1224571764
8.9898939133,0.0188766234,0.0028330898,-0.0083306227,-0.2736997902,0.230861187,0.0937821195
9.000248909,0.018926125,0.0013400532,-0.0122133885,-0.3296716213,0.1695845276,0.0470473766
9.0100393295,0.0302936547,6.68979e-05,0.0125639644,-0.2884602547,0.1005580425,-0.0167055037
9.0200767517,0.0252034776,0.0038615679,-0.0101201329,-0.2266835868,-0.0005448016,-0.1452483684
9.0301771164,0.0334199183,0.0060107326,-0.0100613032,-0.1882664114,-0.0002023191,-0.1441961527
9.0405750275,0.0090674562,-0.0006080054,-0.0038352998,-0.1446619779,0.0162827149,-0.1155312806
9.0502967834,0.0109359426,-0.0004504704,-0.0048702154,-0.1021153182,0.0316480882,-0.0942984298
9.0603618622,0.0097135706,0.0006548382,-0.0065705571,-0.0785886347,0.0277132671,-0.0783796534
9.0704746246,0.0102943284,0.0007929421,-0.0051391516,-0.0562215447,0.0333525091,-0.0571465343
9.0807876587,0.0067340834,0.0008688188,-0.0054610763,-0.0380272791,0.0294055082,-0.035917215
9.0906896591,0.0059004826,0.0008973099,-0.0026889236,-0.0081700515,0.0329741426,-0.0168106332
9.1008310318,0.0059222085,-0.0010140919,-0.003482321,0.0184586048,0.0385677814,-0.0083204079
9.1107530594,0.0087821288,0.0009451128,-0.0049815569,0.0419295765,0.0398961641,0.0012304862
9.1210975647,0.008641283,0.0019570207,-0.002349237,0.0718400702,0.0381099842,0.0129031213
9.1309223175,0.0114694936,0.0029816246,-0.0033986361,0.0953935981,0.0297162309,-0.0040958356
9.1409263611,0.0154491169,0.0021389937,-0.0052513275,0.1007631496,0.0254579037,-0.013656917
9.1510133743,0.0126552982,0.0022662496,-0.0091916118,0.08485955,0.0146665089,-0.0200290643
9.1613311768,0.0108932359,0.0014243937,-0.0113108549,0.0839085877,0.002958054,-0.0242814645
9.1711902618,0.0130823655,0.0016166187,-0.0075042043,0.100968264,0.004119725,-0.0317178071
9.1811771393,0.0143904788,0.002812705,-0.0064407978,0.1169312969,0.0084470958,-0.0402130298
9.191318512,0.011872421,0.0011292315,-0.0081406627,0.1393255591,0.0096415225,-0.0497743078
9.2016010284,0.0143258078,0.0034293151,-0.0026353986,0.1936962903,0.0142578464,-0.0657135993
9.2114505768,0.0149878366,0.0029141521,-0.0004889163,0.250181675,0.0210070945,-0.0827133507
9.2214450836,0.0138290031,0.0034920787,0.0012458173,0.3099972308,0.0150946118,-0.0933502838
9.2315950394,0.0167583339,0.00028821,0.0033784714,0.3371739984,-0.0357667021,-0.1188657656
9.241859436,0.0319786184,-0.0163615122,0.0052698459,0.2951610088,-0.1065673754,-0.180474788
9.2517271042,0.0128167374,0.0114972806,-0.0176890288,0.2620275617,0.0105419382,-0.0763515905
9.2617197037,-0.0139599936,0.0118808961,-0.028612474,0.1386179328,-0.0264694095,-0.0540395603
9.2718191147,0.0088804169,0.0042977547,-0.031688489,0.0317623205,-0.0112648904,-0.020027265
9.282128334,0.003020297,0.0052629923,-0.027965704,-0.0429602265,-0.0085950717,0.0012282225
9.2919082642,0.0068026884,0.0022856211,-0.0187641773,-0.0547471121,-0.0033302684,0.0107900361
9.301984787,0.0115710897,0.0022007441,-0.0114631448,-0.0419352576,-0.004313441,0.0054766969
9.3120927811,0.0095571382,0.0001883126,-0.0099223051,-0.0408691913,-0.0043179682,0.0033528258
9.3223962784,0.0094732447,0.0010668255,-0.0142493639,-0.0343696401,-0.0138042811,0.0044083698
9.3322792053,0.0094307764,0.0019964194,-0.0125464592,-0.0182982609,-0.0200235602,0.0054629818
9.342259407,0.0093839867,0.0009902335,-0.0117959771,-0.0223452821,-0.0411985554,0.0181957558
9.3524026871,0.0091748638,0.0018398977,-0.0131153855,-0.0339052677,-0.0581732765,0.0341171958
9.3626689911,0.0069227619,0.0016710378,-0.0127153788,-0.0561414585,-0.0752679035,0.0457930937
9.3725309372,0.0064927442,0.0014238573,-0.0135651026,-0.0751601607,-0.0933619514,0.0627776682
9.3825244904,0.0079109771,0.001155398,-0.0115567837,-0.0558196753,-0.1058921963,0.0680760965
9.392663002,0.009349863,-1.10649e-05,-0.0024163518,-0.0120162675,-0.1108427495,0.0638153031
9.4029474258,0.0098489923,0.0007657624,-0.0026869567,0.013594633,-0.1106189787,0.0638088435
9.4127130508,0.0103418631,0.0015302516,-0.0106659327,0.0082611199,-0.1106378809,0.0680573881
9.4228019714,0.0088207228,0.0013266421,-0.0119041,-0.0013364581,-0.1106885448,0.0733701959
9.4328718185,0.0112046106,0.0030510044,-0.0141596589,-0.0047333194,-0.091666922,0.0659479648
9.4432687759,0.0136789484,0.002892754,-0.0114642773,-0.0060682036,-0.0663145632,0.0500325151
9.4529972076,0.0143267913,0.0027623987,-0.0126611385,-0.0181139465,-0.0368267111,0.0319997184
9.4630661011,0.0151064498,0.0045964336,-0.0139357243,-0.0343419164,-0.0158503205,0.016087329
9.4731025696,0.0140315695,0.0035388088,-0.0143331084,-0.0419886559,0.0009773945,0.0033560882
9.4835386276,0.0130586131,0.0015833593,-0.0107486639,-0.0272060316,0.015872322,-0.0104440134
9.4932718277,0.0131766899,0.0006388045,-0.008868495,-0.0092097204,0.0297407322,-0.0231832452
9.5033540726,0.0114007993,0.0016482092,-0.0108762179,-0.0305171944,0.0263772942,-0.0221167803
9.5133972168,0.0075841649,0.0016040421,-0.0181242023,-0.0763733685,0.0239721909,-0.0040557552
9.5237846375,0.0064922376,0.0034087515,-0.0208533201,-0.104162544,0.0291524399,0.014004604
9.5335407257,0.0082146032,0.0012803293,-0.0179029498,-0.1222781688,0.0269273687,0.0225024857
9.5435972214,0.0088561876,0.0020337319,-0.0131891761,-0.1371621788,0.0215620976,0.0331205726
9.5536766052,0.008443038,0.0027301526,-0.0163895283,-0.1521296799,0.0246700067,0.0416203216
9.5640869141,0.0089572771,0.0024342155,-0.0119256768,-0.1498865634,0.0141062457,0.0458617359
9.5738773346,0.0104153855,0.0011835314,-0.0073962007,-0.147871092,0.0257751532,0.0426816531
9.5838832855,0.0109502776,0.0018221355,-0.0127047691,-0.175714165,0.0350825042,0.0426927097
9.5940008163,0.0085111065,0.0024433946,-0.017276207,-0.2057631463,0.051811412,0.0448322929
9.6043558121,0.008953522,0.0030330038,-0.0192310605,-0.2561250925,0.0726409927,0.052288942
9.6141061783,0.0083056791,0.0025614714,-0.0226548109,-0.3106700778,0.0849807486,0.0650505424
9.6241359711,0.0065854592,0.0030008769,-0.0235665832,-0.3502369523,0.0931515992,0.0693118721
9.6342811584,0.0106948121,0.002493999,-0.0149387512,-0.3619876206,0.094089292,0.0661299229
9.6446170807,0.0109754009,0.0009998895,-0.0151546989,-0.3532610536,0.0750096813,0.0576245226
9.6543464661,0.0123244924,0.0005682326,-0.0054045711,-0.2945013046,0.0680053011,0.0438027158
9.6644201279,0.0148740215,0.0002840973,-0.0016666445,-0.2093462199,0.087643981,0.0119342636
9.6748466492,0.0157970004,0.0001692391,0.0048800316,-0.121826224,0.0850106478,-0.0210050456
9.6849069595,0.0160373561,0.0002002931,0.0034619181,-0.0419019684,0.0961575061,-0.0454381481
9.6946754456,0.0145290596,0.0013292051,0.0018634406,0.0456446595,0.0914714038,-0.0677604973
9.7047424316,0.01421542,-0.0012545966,0.0050315466,0.1320814639,0.0910413712,-0.0868956372
9.7147808075,0.0169645958,0.001047752,-0.0030236037,0.1481757462,0.0827208608,-0.082656689
9.7250871658,0.0008668706,0.0003400064,-0.0094204936,0.1004930437,0.0506994799,-0.0476208776
9.7349128723,0.0031432614,0.0034090495,-0.0173799191,0.0452367142,0.0280721951,-0.0263821669
9.7449111938,0.0071630282,0.0034490442,-0.0180867109,-0.0026390646,0.0140067767,-0.0040809223
9.7550449371,0.0070655448,0.0034210896,-0.0143628512,-0.0335367918,0.0095755439,0.0086662984
9.7653608322,0.0088812811,0.0023794388,-0.0118217263,-0.0549937487,0.0210591611,0.0086784828
9.7751426697,0.0116728349,0.004226706,-0.0124668274,-0.0891924649,0.0261005238,0.0139986789
9.7852516174,0.0172430985,0.0059707379,-0.0191264544,-0.109185718,0.1056950837,0.0427119508
9.7953109741,0.0373576395,0.0125552034,-0.0275593791,-0.1093561575,0.1214716509,0.0214838926
9.8056650162,0.018359255,0.0027320003,-0.0048601422,-0.095198825,0.094089359,0.034208674
9.8154592514,0.0189348273,0.0025387621,-0.009309629,-0.0759345815,0.0889867395,0.0395102315
9.8255195618,0.0203849487,0.0033403849,-0.0077428017,-0.065019697,0.0647058412,0.0437412634
9.835562706,0.014985363,0.002173326,-0.009099761,-0.0540778302,0.0383293629,0.0522197038
9.8459253311,0.0144059164,0.0009869552,-0.0075852666,-0.0668782443,0.0382868201,0.0628408492
9.8557043076,0.0029431984,0.0016499973,-0.0161230955,-0.1094174385,0.0242178701,0.0777098164
9.8658256531,0.0040455265,0.0032195067,-0.0182772074,-0.15733248,0.0143454652,0.092583105
9.8758840561,0.0069446666,0.0037645316,-0.0179102812,-0.1957128942,0.0108822901,0.1010855138
9.8862285614,0.00587223,0.0023158407,-0.0149825606,-0.2160997093,0.0224666409,0.1148994565
9.8959712982,0.010514508,0.0008459307,-0.0109850559,-0.1983350962,0.0609112345,0.1287175417
9.9060497284,0.0122074587,0.0023294901,-0.0056304727,-0.1627099067,0.1257812381,0.1032596529
9.9161176682,0.0140421195,1.64724e-05,0.0003255216,-0.1118211597,0.1590782106,0.0968925655
9.9264431,0.0090557141,-0.0012970947,4.82408e-05,-0.048939772,0.1670497358,0.0958173126
9.9362287521,0.0069929762,-0.0006290459,-0.000661591,-0.0074352045,0.1791327596,0.1032453999
9.9463529587,0.0028804049,-0.0009208106,-0.0029946957,0.0085023232,0.1867617816,0.1128014922
9.9564113617,0.0025938556,0.0006742693,-0.0093366299,-0.0167945102,0.1558382213,0.1234104559
9.9667625427,0.002281259,0.001255653,-0.0160530005,-0.0517610684,0.1311404556,0.1255315244
9.9764862061,0.0029314563,0.0027862405,-0.0164277945,-0.1016700417,0.1063131392,0.1276554018
9.9866199493,0.0045659943,0.0042690253,-0.0213139448,-0.15811342,0.0941348374,0.1255394518
9.996588707,0.0071741743,0.0037791347,-0.0208467636,-0.2029434741,0.094804354,0.1255511791
10.0070428848,0.0098258359,0.0052135205,-0.0228639636,-0.2678777575,0.0783133283,0.1244980916
10.0167369843,0.009580384,0.005609653,-0.0296251569,-0.3613818586,0.0371541753,0.1213158816
10.0269813538,0.0093604727,0.005014739,-0.0294435415,-0.4263357818,0.0228272341,0.1266341507
10.0370740891,0.0061097546,0.00438138,-0.0249237809,-0.4614413083,0.0119511485,0.1330084205
10.0473432541,0.0047572358,0.0008903957,-0.0135517512,-0.4212850332,0.051591102,0.1372642815
10.0572118759,0.0003885433,-0.0044426108,0.0088036861,-0.2474045902,0.165593043,0.1383388638
10.0670518875,-0.0073396163,-0.0019976879,0.0266114678,-0.0251735598,0.2518929541,0.2200846672
10.0772037506,-0.0069131749,0.0099549508,0.012130877,0.0974993631,0.2607519627,0.2752714753
10.0875663757,-0.0001321033,0.0053682541,0.0017528144,0.2063255459,0.2662235796,0.3177186847
10.097322464,0.0013243661,0.0095117902,0.0008955208,0.2479116023,0.2721690834,0.3601830602
10.1073484421,0.005357991,0.0164342746,-0.0164973531,0.2209190875,0.3050491214,0.3941834867
10.1174936295,0.006144668,0.0194691047,-0.019424716,0.2129122913,0.3591781259,0.4069541395
10.1277580261,0.0068035377,0.0186990723,-0.0053552184,0.2729291916,0.440345645,0.406979531
10.1376209259,0.0054274602,0.0189175829,-0.0034575255,0.2798931003,0.4914082885,0.4176212549
10.1476640701,0.001974161,0.0190329775,-0.0203665886,0.2211432755,0.4973590672,0.4325038493
10.1577501297,0.0022575513,0.0220336542,-0.0291479025,0.1583813578,0.4778010845,0.446313411
10.1679544449,0.0014170066,0.0211851224,-0.0245844517,0.176524803,0.4780014157,0.4526793659
10.1780796051,-0.0015679344,0.0136372661,-0.0037659795,0.2837466002,0.5352591276,0.4654223323
10.1878948212,-0.0076880949,0.0158835873,0.004796287,0.4116407633,0.6595532298,0.4792554379
10.1979408264,-0.0190689452,0.0191824064,0.0023694246,0.5883582234,0.8120285273,0.5185732841
10.2083816528,-0.0400280245,0.046008192,-0.0005214604,0.8732341528,1.0356321335,0.5812596679
10.2180967331,-0.0765121207,0.1042325124,-0.0224258695,1.1946731806,1.2296516895,0.6141907573
10.2281351089,-0.1124309227,0.1425050646,-0.0561326519,1.3788981438,1.3755012751,0.6035983562
10.2382411957,-0.112491928,0.103567861,-0.0582686439,1.3929058313,1.4678698778,0.5930229425
10.2486391068,-0.0701557472,0.0007346488,-0.014178494,1.2156540155,1.4805245399,0.6557199359
10.2583637238,-0.0231106766,-0.1111090556,0.0469388589,0.9442030191,1.418446064,0.7746793628
10.2684984207,-0.0192374475,-0.1262578815,0.0693499669,0.8236377835,1.4212329388,0.8755828142
10.2785129547,-0.067941837,-0.0393002406,0.0718942508,0.9583162069,1.5073662996,0.8862096667
10.2888784409,-0.1369774789,0.0414920673,0.0559089407,1.2189078331,1.5884840488,0.7725718021
10.2986316681,-0.1716666967,0.0852040276,0.01777949,1.3813061714,1.5624479055,0.6302365065
