0.0000000000,-0.0015806605,-0.0031057871,0.0041028778,-0.0231141113,0.0155740790,-0.0315878429
0.0103060007,-0.0013993431,0.0015741312,-0.0009525498,-0.0092078838,0.0125330146,-0.0284074973
0.0200099945,-0.0002075184,0.002385708,-0.0097901905,-0.0026964545,0.0020066048,-0.0241672117
0.0298979282,0.0019349407,0.0013042414,-0.0136829102,-0.001561122,-0.0043018246,-0.016737856
0.0399659872,0.0030429314,-0.0055533922,-0.0136382068,0.0080181351,-0.0010303308,-0.0156745221
0.0500580072,-0.0008010019,-0.005511967,-0.0037728031,0.0207602959,0.0054544667,-0.0146127222
0.0601719618,0.0012108933,0.0081491796,0.000231258,0.0143030612,0.0107253278,-0.0114240516
0.0704770088,-0.0026715447,0.0101105301,0.0041626017,0.0089354608,0.0138617326,-0.0114211226
0.0804109573,-0.000676011,0.0159132201,0.004122905,0.0035124402,0.0222825818,-0.0146011375
0.0903779268,-0.0035983671,0.0119788377,0.0050067226,-0.0007779123,0.0243603792,-0.0156608094
0.1003639698,-0.0035713066,0.0060520493,-0.0019199332,-0.002975367,0.0307146162,-0.0145952106
0.1104810238,0.0003087472,0.0050012791,-0.004045852,-0.011475645,0.0275193546,-0.0050384575
0.1205159426,0.0031602632,-0.0038234866,-0.0061627706,-0.011484487,0.0285939407,-0.0029140541
0.1307480335,0.0059683276,0.0029244148,-0.0064295609,-0.01791602,0.0317625701,0.0034599556
0.1407769918,0.0058142198,0.0116044609,-0.0057789763,-0.0264623705,0.0327414125,0.0024014823
0.1507530212,0.003684635,0.0095464913,-0.0042417129,-0.0403126702,0.0305120833,0.0045274836
0.1608070135,0.0037554156,-0.0047455705,-0.012340554,-0.0380625948,0.0188744012,0.0066438313
0.170930028,0.0007686864,-0.0043822206,-0.0126159871,-0.0284168907,0.0147004295,0.0045156991
0.1809079647,0.0048418893,0.0024538958,-0.0143011296,-0.0283933226,0.0125704985,0.0034538303
0.1910239458,0.0032396864,0.0073619806,-0.0099812234,-0.0326336101,0.0093017351,-0.0039793188
0.2010999918,0.0029081951,0.0088122217,-0.0045018275,-0.0369370356,0.0124414023,-0.0050393231
0.2111259699,-0.0009554971,0.008593115,0.0009186188,-0.0327121988,0.0167088509,-0.0071618631
0.2212309837,-0.0022299935,0.0067451918,-0.0001813253,-0.0188494064,0.0178836398,-0.0082261283
0.2312539816,0.0005573879,0.0009406531,-0.001208969,-0.0071003372,0.0169251673,-0.00822959
0.2412879467,0.0012420367,0.0051247203,-0.0038494547,0.0088644866,0.0213230457,-0.0061080493
0.2514330149,0.0052294387,0.0091073839,-0.0084209526,0.0130946524,0.0256597362,0.0023874342
0.2614879608,0.0345404409,0.0074076974,-0.0039945324,0.0510960408,-0.1388061792,0.1148466021
0.2715579271,0.2213471234,0.0347765423,0.0238811895,0.1344018579,-0.352941364,0.197538808
0.2816309929,0.1645215452,0.0405264236,0.0370265171,0.1022337377,-0.1334694624,0.0511286072
0.2916539907,0.011966343,0.0004425371,0.0081461584,0.0406763703,0.0417473614,-0.0082289912
0.3017770052,-0.0231319722,-0.0171879213,-0.0017249068,0.0367570519,0.0078759454,0.0098054027
0.311825037,0.0080016507,-0.0043942011,0.0062107365,0.0281268116,0.0161855407,-0.00611524
0.3219259977,-0.0018589844,0.0004886711,0.0109974658,0.0078396769,0.0170484707,-0.0092948545
0.331964016,-0.0019596268,0.0014747703,0.0099370396,-0.0092982966,0.0232653543,-0.0092873974
0.3420399427,-0.0013563384,-0.0058919466,0.0084260618,-0.016893927,0.0359669663,-0.0039703306
0.3520709276,-0.0089598643,-0.0094713839,-0.0007399996,-0.0255278945,0.0454275794,-0.0060870107
0.3621309996,-0.0152070271,0.0003030026,-0.0081848586,-0.0447117612,0.0431437865,-0.0050205481
0.3722599745,-0.0172324833,-0.002961365,-0.0128498757,-0.0490122326,0.0462895148,-0.005017885
0.3822579384,-0.0142805921,-0.0024351752,-0.0078377211,-0.0554069653,0.0451735146,-0.0050177518
0.3923749924,-0.0211456772,-0.0037017739,-0.0036055525,-0.0617271811,0.0365949385,-0.0103294263
0.4023929834,-0.0168184396,-0.0043100989,-0.0005183896,-0.0659759864,0.0344148763,-0.0135148335
0.4125880003,-0.0183546897,-0.0019711531,0.0006911675,-0.0616536736,0.0291540697,-0.0124567598
0.4225269556,-0.0171510335,0.0005762899,0.0001838724,-0.0531021021,0.028173361,-0.0113964221
0.4326909781,-0.0149819003,0.0032989704,-0.00194604,-0.0498714261,0.0249836929,-0.0167078301
0.4426620007,-0.0155836688,0.0108301369,0.0008585373,-0.0369797535,0.0166143104,-0.0156533513
0.4528009892,-0.0161552187,0.0088107912,0.0069718878,-0.0102892872,0.0158071052,-0.0124751348
0.4627979994,-0.0119327353,0.0107114641,0.0052816789,0.0078379195,0.0170206409,-0.0135419304
0.4729329348,-0.0105043398,0.0047609531,0.0016578356,0.0122571681,0.0022246509,-0.0103650456
0.4829269648,-0.0062576579,0.0037083947,-0.0030178507,0.013316948,0.003308025,-0.0082403757
0.493046999,-0.0059078382,0.0045395219,-0.0048629721,0.0123254526,-0.0041144714,-0.0061202338
0.5031149387,-0.0075331377,-0.0082237395,-0.000870057,0.0059450245,-0.0062714322,-0.0029344941
0.5131989717,-0.0062765526,-0.0112933787,-0.0018188437,-0.001545649,-0.0042077485,-0.001869762
0.5232149363,-0.0117817568,-0.011569825,-9.95477e-05,-0.0143531905,-0.0043331166,-0.003990504
0.5332779884,-0.010463451,-0.0148578556,-0.0014317116,-0.0132977786,-0.0032766405,-0.0061138421
0.5434060097,-0.0062678801,-0.0073939837,-0.0056839068,-0.010245637,0.011584064,-0.0092920586
0.553401947,-0.0050872611,0.0011045062,-0.007922777,-0.0230570398,0.0113960449,-0.0209686887
0.563444972,-0.0058695721,-0.0030184663,-0.0023640473,-0.0348518863,0.0165498611,-0.0283955112
0.5735440254,-0.0017496694,0.0054579102,0.0001968662,-0.0402626321,0.0239233542,-0.029452255
0.5836229324,-0.00747097,0.0042537176,0.0027585546,-0.0402403697,0.0217938907,-0.0305145904
0.5936629772,-0.0073730098,0.0040705525,0.0015234271,-0.0370586887,0.0239646342,-0.0273289159
0.6037459373,-0.0081749307,0.0057779276,-0.0036339839,-0.0306898169,0.027225608,-0.0241447743
0.6138139963,-0.0120005058,0.0056501352,-0.0028663357,-0.0274346359,0.0219554789,-0.0230864342
0.6239190102,-0.0089465724,0.0035940134,-0.0039242585,-0.014651916,0.0241969936,-0.0220274944
0.6339310408,-0.0097839283,0.0093265502,-0.007864424,-0.0049923649,0.0190035645,-0.0177853443
0.6440659761,-0.0087044584,0.0053443634,-0.0089208568,-0.0145459762,0.0146941701,-0.0145974085
0.6540830135,-0.014518057,0.0013178312,-0.0052610715,-0.0102465684,0.0115345959,-0.0167236757
0.6643060446,-0.0163197573,0.0108678667,-0.0035603722,-0.0144908233,0.0094311647,-0.0082297232
0.6743929386,-0.0133048641,0.0116723506,-0.004756399,-0.016621884,0.0094540678,-0.0018583769
0.6844879389,-0.0151549922,0.0037750923,-0.0019711335,-0.0165576227,0.0030950387,-0.0007998371
0.6945170164,-0.0111125456,0.0075300061,-0.0031010588,-0.0166082233,0.0084346766,0.0045118378
0.7045849562,-0.0081308531,0.0045221173,-0.0061236699,-0.0186472163,-0.0011185482,0.0066305818
0.7146849632,-0.0109215723,0.0063544237,-0.0101158703,-0.0185838342,-0.0074914922,0.0055655837
0.7247509956,-0.007803713,0.0043258392,-0.0120103443,-0.0131437425,-0.0180968661,-0.0008114884
0.7348059416,-0.0006642689,0.0012761676,-0.0139058316,-0.0195172206,-0.021370424,-0.0061205002
0.7448519468,-0.0051564919,-0.0076967156,-0.0148941958,-0.0056162635,-0.0244451761,-0.0082500968
0.7549329996,-0.0038196195,-0.0029650605,-0.0128386701,0.0039660558,-0.0222462025,-0.0093132304
0.7650040388,-0.0112916576,0.0037139379,-0.0088766301,0.0028568758,-0.0180615112,-0.0167419203
0.7750409842,-0.0100029455,0.0026347362,-0.0039214571,0.0059932801,-0.0116813779,-0.0188631266
0.7851040363,-0.0127222287,0.0016308152,-0.0008552154,0.0197824892,-0.0030443466,-0.0146152508
0.7951740026,-0.0124656605,-0.0022793091,-0.0025278409,0.025031846,0.0054764375,-0.0167359263
0.8053029776,-0.0073595094,-0.0071172393,-0.0061368425,0.0239257831,0.0097240461,-0.0146089932
0.8153649569,-0.0033653725,-0.00121328,-0.0126924003,0.0249476377,0.0139427595,-0.0199161414
0.8254599571,-0.0022538353,-0.0011332906,-0.0152819837,0.0228198245,0.0128432736,-0.0231024791
0.8354560137,0.0027777802,-0.0049750484,-0.0082178796,0.0111005846,0.0105910376,-0.0273478236
0.8457980156,0.0050320579,-0.0021697558,-0.0081409896,0.0078769606,0.0126854144,-0.0273462944
0.8556189537,0.004359181,0.0005840981,-0.0081679309,0.0036159027,0.0115455817,-0.0337165743
0.8656949997,0.0047201766,0.0013408386,-0.0101953233,-0.0060005849,0.0124734938,-0.0411455296
0.8757170439,0.007084812,-0.0008716261,-0.0122526372,-0.0134507781,0.0102654668,-0.0443301387
0.8858759403,0.000575776,0.0086422293,-0.0075129946,-0.0144792646,0.0059779771,-0.0496414788
0.8958300352,-0.0009646763,0.0122951595,-0.0066107591,-0.0293120053,-0.0047556274,-0.0485812761
0.9059870243,0.0073033525,0.0110285608,-0.01157076,-0.0399723724,-0.0059312796,-0.0517638847
0.9160299301,0.0008139859,0.0087598888,-0.0176895931,-0.0474955365,-0.0006915103,-0.0517593585
0.9260729551,-0.0038370241,0.0085015027,-0.0112244571,-0.0432545319,0.0025841112,-0.0432643369
0.9361310005,-0.0134167718,0.0033939802,-0.0096057737,-0.0390137136,0.0058597997,-0.0347693861
0.9462039471,-0.0123112546,0.005118283,-0.0147676552,-0.0433173329,0.0101492191,-0.0220241658
0.9566609859,-0.0103612887,0.005888077,-0.0200550035,-0.0711521581,0.019538993,-0.0092708198
0.9663360119,-0.0054937946,0.0065079653,-0.0246941522,-0.0968690515,0.0299819801,-0.0007659483
0.9764169455,-0.0095427381,0.0089738099,-0.0306217149,-0.1215030253,0.0393927917,0.0109247956
0.9864410162,-0.0128173279,0.001766237,-0.0327978805,-0.145027101,0.0445759669,0.0236748122
0.9968240261,-0.0239738282,-0.0054338253,-0.035050042,-0.1525673121,0.0519931391,0.0321748257
1.0066000223,-0.0293169972,-0.0068290508,-0.0374250486,-0.1526660919,0.0626715496,0.0427990407
1.0166640282,-0.0405843593,-0.0033645905,-0.0389302447,-0.1687513143,0.0711097792,0.0566107258
1.0267499685,-0.052929882,0.0001442158,-0.0345801786,-0.1622607857,0.0626981109,0.0597906038
1.0371170044,-0.0505944528,0.0046800696,-0.0320827439,-0.1739422083,0.0573390387,0.0672234893
1.046875,-0.0521963574,0.0063438141,-0.0362891629,-0.1620475501,0.0415277816,0.0672113076
1.0569410324,-0.0351221003,-0.0084758075,-0.0479673818,-0.136312902,0.0301635414,0.0799406841
1.0670529604,-0.0258891936,-0.0153279575,-0.0554170683,-0.1030665785,0.014549694,0.082049638
1.077376008,-0.0253070053,-0.0084482105,-0.0605760291,-0.0570852384,0.005387621,0.0799097866
1.0871479511,-0.0148966657,-0.0023397482,-0.0554707125,-0.0079092998,-0.0037725214,0.0735202655
1.097227931,-0.0091747688,0.0009702766,-0.0392686203,0.0273655988,-0.0098863412,0.0650138631
1.10729599,-0.0042075263,-0.0025605238,-0.0277025178,0.0615405887,-0.0128546329,0.0522625819
1.1176190376,0.0086756004,-0.0099026235,-0.0197630599,0.09992899,-0.0104870833,0.0384506285
1.1274819374,0.012908007,-0.0104120644,-0.0193784311,0.134036392,-0.007102272,0.0235780068
1.1374750137,0.0170284752,-0.0107354196,-0.0235431865,0.159512192,0.0057565356,0.0087127741
1.1472899914,0.0259635095,-0.0070289052,-0.0207225159,0.1859219819,0.0324300267,-0.0040206639
1.1575959921,0.0241804961,0.0044551813,-0.0218148902,0.1942289174,0.0547025725,-0.0167532377
1.16751194,0.0164482836,0.0023261034,-0.0142449224,0.1993994415,0.0705949888,-0.0273646023
1.1777240038,0.0145230247,-0.002786485,-0.0136756981,0.2077215761,0.0918831676,-0.0284183472
1.1880990267,0.0163618568,-0.0059749163,-0.0161919072,0.2021907866,0.1109002605,-0.0337167084
1.1980910301,0.008242215,-0.0101395519,-0.0131364549,0.1785973012,0.1223731637,-0.0326431878
1.2079809904,0.0039631976,-0.0124424966,-0.0103129232,0.1646028161,0.1339175701,-0.0336971357
1.2180199623,0.0044760955,-0.0088770064,0.0011882703,0.1527701318,0.1433848441,-0.0305040032
1.2281409502,0.0029330801,-0.0014805472,0.008594445,0.1314444095,0.142170772,-0.0251889341
1.2383209467,0.0004693817,-0.00491902,0.0080057299,0.10795746,0.1430336386,-0.0241207406
1.2482470274,-0.001982962,-0.0094026597,0.0102013266,0.1037234068,0.1398409009,-0.0198739283
1.2582880259,-0.0014792432,-0.0138893994,0.0124171888,0.0973845571,0.1334189475,-0.0198755264
1.2683650255,-0.0029390205,-0.0154456766,0.0136463558,0.0910811722,0.1238198578,-0.0188158546
1.2786009312,-0.0101722525,-0.0131597193,0.016836457,0.0879303813,0.1184522584,-0.0241267309
1.2885299921,-0.0075774537,-0.0089469226,0.0258967802,0.0921630263,0.1216739491,-0.024127597
1.298560977,-0.0079188691,-0.000857321,0.0368121192,0.0953622833,0.1216742173,-0.0283756051
1.3086349964,-0.0091992365,0.0023098313,0.0379508063,0.1080487296,0.1334222257,-0.033681687
1.3188849688,-0.0055814134,0.0015991055,0.0381843373,0.1090428904,0.1408793479,-0.030492818
1.328783989,-0.0010270525,0.003781172,0.0344399735,0.0982004404,0.1577055305,-0.038974788
1.3388190269,-0.0033265997,2.85232e-05,0.0314538404,0.0799601823,0.1670545489,-0.04533628
1.3488880396,-0.0056196796,-0.0028112805,0.0341416523,0.0638291985,0.178531304,-0.0538217761
1.3593169451,-0.0058563696,-0.0067961491,0.0336977765,0.040305499,0.1825148612,-0.0623082072
1.3690899611,-0.0060273455,-0.0060926951,0.0329881832,0.014643441,0.1864314377,-0.0782268494
1.3790999651,-0.00416476,-0.003615228,0.0290822312,-0.0109804301,0.1872410327,-0.0824671388
1.3892070055,-0.008109306,-0.004197923,0.0278288051,-0.0409053043,0.1911894381,-0.0877665579
1.3995319605,-0.0091072069,-0.0184709113,0.0293701217,-0.0515281186,0.1857288927,-0.0973227844
1.4093699455,-0.0090902196,-0.0152892144,0.0298566744,-0.0632977486,0.1888091117,-0.0973179862
1.4194289446,-0.0159310456,0.0005095923,0.0341235921,-0.0782263651,0.187624529,-0.0962529853
1.4294749498,-0.0129661905,0.0055815899,0.0441878363,-0.0878310278,0.1875265986,-0.0983739942
1.4397729635,-0.0139135169,0.0077141249,0.0493826196,-0.0845865011,0.1833174676,-0.0973151252
1.4496090412,-0.0148562538,0.0011414015,0.0527152941,-0.0876048207,0.1653228849,-0.0867065564
1.4597029686,-0.0059917914,-0.0073835528,0.0454209968,-0.0853949264,0.1579283625,-0.0845872089
1.4696860313,-0.0010106314,-0.0100468667,0.0342769548,-0.0831016302,0.1431819052,-0.0707907081
1.4801009893,0.0078253401,-0.008738664,0.0300788805,-0.0796557665,0.1187998652,-0.0718655586
1.4898409843,0.009940709,-0.0025401986,0.0279451534,-0.0771659985,0.0838395506,-0.0665741935
1.4999819994,0.0210258905,-0.0032095588,0.0230367109,-0.0811996236,0.0604671165,-0.0655230433
1.5100150108,0.0165206436,-0.0087545784,0.0190619752,-0.0692703426,0.0414576717,-0.0676590949
1.5203419924,0.0179137532,-0.0112977298,0.0162934586,-0.033826597,0.0195465162,-0.0581228472
1.530115962,0.0154286278,-0.0029855645,0.0148616945,-0.0038103741,0.0060151285,-0.0581378937
1.5401859283,0.0041031493,-0.0003444827,0.018553488,0.0123025496,-0.004462014,-0.0592090189
1.5502510071,-0.0013305594,0.006222161,0.0252859518,0.0080868453,-0.0098326113,-0.0634572282
1.560600996,-0.0096816467,0.0079456298,0.0330433771,0.0155524844,-0.0098227579,-0.0719535127
1.5704189539,-0.0111860083,0.0077097141,0.0369055197,0.0070066135,-0.008822741,-0.0698269755
1.5804300308,-0.0117353546,-0.0022699512,0.0387858078,-0.0003892509,-0.0163219348,-0.0708906427
1.5905959606,-0.0102080749,-0.0045616901,0.0289403126,-0.0205494612,-0.0281978361,-0.0751385838
1.6009140015,-0.0105888592,-0.0020897663,0.0150467074,-0.0429064333,-0.0337055214,-0.0761974528
1.6107059717,-0.0080074714,-0.0161887687,0.0127705848,-0.055659458,-0.0391221233,-0.0761971921
1.6207430363,-0.0112418281,-0.0235278886,0.013324908,-0.0578123555,-0.0369841382,-0.0708865821
1.6308189631,-0.0125709223,-0.0134245427,0.0078703081,-0.0674622208,-0.031694565,-0.0602626987
1.6411600113,-0.0158405062,-0.0043249405,0.0091015613,-0.0792240649,-0.0297027901,-0.0645059049
1.6509389877,-0.0113235163,0.0047468268,0.0141451275,-0.0856869444,-0.0233655982,-0.0602533109
1.6609879732,-0.0107825743,0.0089652864,0.0133097088,-0.0867844298,-0.0201711357,-0.0570660383
1.6710779667,-0.0063000964,0.0054000341,0.0096236384,-0.0856895074,-0.0233789142,-0.0623774491
1.681566,-0.0085978853,0.0067244493,0.0069936435,-0.0845494047,-0.0308173895,-0.0655668527
1.6912380457,-0.0050286399,0.0080956547,0.0035274546,-0.0759442225,-0.0381960087,-0.0698214471
1.701315999,-0.0023497988,0.0143605797,0.0030957381,-0.0705153719,-0.0477330573,-0.075136587
1.7113209963,0.0003993463,0.0186544377,-0.0002147635,-0.0661911964,-0.0529945306,-0.0740778446
1.721683979,0.0002640139,0.0219670255,-0.0015178403,-0.0650899783,-0.0561405234,-0.0698325038
1.7315069437,-0.0009320725,0.0233552177,-0.002903529,-0.0598266646,-0.048617892,-0.0623980165
1.7415579557,-0.0061544226,0.0121961562,0.0016117017,-0.0492565781,-0.0378454067,-0.051777333
1.7516319752,-0.0075837122,0.0185951907,-0.0006714543,-0.0418738164,-0.0281773303,-0.0432783887
1.7619960308,-0.0120503949,0.023128422,0.0009758989,-0.0376447178,-0.0238544866,-0.0369065106
1.7717399597,-0.0087729143,0.018947335,0.0007201949,-0.040970657,-0.0110804345,-0.0262820274
1.7818399668,-0.0036063541,0.0215508658,-0.0045180996,-0.0452178679,-0.0132397264,-0.0262820274
1.7918789387,0.0005832564,0.0192925055,-0.0185030177,-0.0463290177,-0.0089760711,-0.0220336858
1.8022099733,0.0018006514,0.0287047345,-0.0189486817,-0.0654947236,-0.0133878635,-0.0220310222
1.8120099306,0.0059924675,0.0195837934,-0.0175057128,-0.0750100687,-0.0219752938,-0.0241548289
1.8221149445,0.0014083039,0.0260051209,-0.0161259249,-0.0728198886,-0.0272270478,-0.0188490115
1.8321290016,-0.0002196182,0.0256553609,-0.0185149387,-0.0609732904,-0.0377280228,-0.0177950654
1.8424810171,-0.0018386294,0.021417411,-0.0237836316,-0.0588486232,-0.0366345309,-0.01567146
1.8524229527,-0.0044917511,0.018214317,-0.019286342,-0.0578027442,-0.0344676487,-0.0103625823
1.8623299599,-0.0082173692,0.013148996,-0.0137299979,-0.0354873165,-0.0247021038,-0.0071779746
1.8724559546,-0.0149311172,0.0218285043,-0.0001981934,-0.0120459599,-0.0213198885,-0.0082451031
1.882758975,-0.0128221558,0.0266319234,0.0037197988,-0.0067625148,-0.0159544181,-0.0061201667
1.8924449682,-0.0087778317,0.0275767762,0.0038163583,0.0017952072,-0.0180372111,-0.0114316419
1.9025889635,0.0002381157,0.022658499,-0.0086640799,0.0134835541,-0.0125881173,-0.0050610946
1.9127290249,0.0042799367,0.0217029173,-0.0201015547,0.0241463706,-0.0114204539,-0.002939221
1.9230009317,0.0072617782,0.012090954,-0.0149161899,0.0230190549,-0.0050152852,0.0044968575
1.9328700304,0.0072208596,0.0054239356,-0.0029772003,0.0208887924,-0.0050068963,0.0087452652
1.9428809881,0.0042800559,0.0113738505,0.0040401141,0.0229452848,0.0023972238,0.002377647
1.9529600143,0.0082658483,0.0162290651,0.0002122442,0.0058694966,0.0022131328,-0.0029267706
1.9632909298,0.005428846,0.008341345,-0.0037674983,-0.0132850241,-0.0032527391,-0.0018628377
1.973080039,0.0035773467,-0.0005287206,-0.0049209674,-0.0132976472,-0.0022123749,-0.0050478452
1.9831539392,-0.0012429703,0.0003525341,-0.0040913303,-0.0154100657,-0.0043460997,-0.0039865756
1.9932329655,-0.003135537,-0.0007007396,-0.0012683948,-0.0196937323,-0.0033136585,-0.0029249729
2.003554821,-0.0001815904,0.0060672485,0.0005738059,-0.0154438615,-0.0011197466,0.0023840386
2.0133929253,-0.0032054235,0.0138275353,0.0033206264,-0.0164926406,-0.0021572476,0.0076945815
2.0233869553,-0.0003706861,0.0128397672,0.0012495439,-0.0069374852,0.0032870527,0.016189266
2.0334868431,-0.0005764414,0.0119490353,-0.0017129859,0.0122823883,0.0024504205,0.0246771593
2.0441670418,0.0001150321,0.0053683841,-0.0024411161,0.0421683826,0.0027945009,0.0374113321
2.0537838936,0.0027017246,0.0076714479,-0.0087910974,0.0635828599,-0.0033310358,0.0458985604
2.0636730194,0.0014040123,0.0071033561,-0.0140410746,0.0679467171,-0.0128497053,0.044830896
2.0737609863,0.0011077772,0.0056032264,-0.0075458963,0.0701950639,-0.0245223399,0.0416385643
2.0840909481,0.0008802067,0.0118668405,-5.63344e-05,0.0713324994,-0.031995438,0.0331401527
2.0939259529,-0.0002231051,0.0151058761,-0.0014131148,0.0584966503,-0.0289177559,0.0342071466
2.1039609909,-0.002308165,0.0066362941,-0.0047950824,0.0488253795,-0.0226771701,0.0278419275
2.1140420437,-0.0063918876,0.0030268752,-0.0033609946,0.0497827344,-0.0120353121,0.0310306624
2.1243638992,-0.0114913331,0.0013499581,-0.0029920419,0.0432617143,-0.0004340492,0.0289145149
2.1341760159,-0.0117245065,0.0044893944,-0.0008217176,0.0165083464,0.0067174705,0.0225550197
2.144261837,-0.0089845704,0.0113830892,0.0020818035,-0.0134692593,0.0159778148,0.0183200613
2.1543021202,-0.0092179822,0.0113551943,0.0017602961,-0.0391536094,0.0231806654,0.0183306467
2.1647281647,-0.0084976899,-0.0013987697,0.0002748886,-0.0489053093,0.0379715972,0.0215259083
2.1744208336,-0.0019564379,-0.0044440306,-0.0023056944,-0.0584636852,0.0336923636,0.0289585907
2.1845569611,-0.0013130058,-0.0075032986,-0.0078384364,-0.072261259,0.026151089,0.0300201271
2.194562912,-0.0015611399,-0.0067225969,-0.0124341929,-0.078557156,0.0154423192,0.0236468501
2.2049851418,0.0021935354,-0.005009321,-0.0189436153,-0.0774277076,0.0090648476,0.0204579812
2.2147078514,0.0030378948,0.0044880235,-0.0167005733,-0.0752666667,0.0058880956,0.0183307808
2.2249820232,0.0029177021,0.0033306205,-0.0094872797,-0.0581957996,0.0059956871,0.0119557055
2.2349481583,-8.23189e-05,0.0119282333,-0.001207598,-0.0400251821,0.0029506953,0.0087638404
2.2451989651,-0.0040454017,0.0147943227,0.0053698937,-0.0122814365,0.0031722703,0.0055715092
2.2550048828,-0.0021210064,0.0109253852,0.0063800137,0.0069598216,0.0001424586,0.0034422455
2.2650339603,-0.0051084207,0.0061692321,0.0026641409,0.0229800679,-0.0007441076,0.0087467302
2.2751379013,-0.0022662629,-0.0004605925,-0.0028282483,0.0421912856,-0.0005560219,0.0119278096
2.2854528427,-0.0092512416,-0.0079450877,-0.0022985418,0.0635998994,-0.006707924,0.016166497
2.2952430248,-0.0093964683,-0.007568208,0.0003012935,0.0731745511,-0.0033992128,0.0225362442
2.305314064,-0.0067006992,-0.0071684993,0.0029171626,0.0795400441,0.0009699693,0.0331548005
2.3153810501,-0.0030675281,-0.0019012368,-0.0013309796,0.0785068125,-0.0021945983,0.0374006145
2.3257188797,-0.010137503,-0.0122372778,-0.0017355761,0.0657385513,-0.0066197067,0.0267836526
2.3355798721,-0.0073389458,-0.0188144129,-0.0032707532,0.0369455516,-0.009049641,0.018296225
2.3456048965,-0.0054235803,-0.0138463648,-0.0059980829,0.0102849118,-0.0114531443,0.0108692022
2.3556439877,-0.0063837515,-0.0051034368,-0.0079489434,-0.0153458575,-0.0106908809,-0.0008048305
2.3659470081,-0.0082562016,-0.0013146079,-0.0022782763,-0.0335110128,-0.0087619536,-0.0061082495
2.3759310246,-0.0091549503,-0.0072952188,0.0062044184,-0.0388765372,-0.0056334054,-0.0071661901
2.3859670162,-0.0130212056,-0.0103941234,0.0087627089,-0.0442851521,0.0017677858,-0.0039757229
2.3959450722,-0.0120146321,-0.0115341814,0.0054940502,-0.0390138477,0.008194793,-0.0018507871
2.4062459469,-0.0071220743,-0.0077694929,0.001344792,-0.02197228,0.0115200151,-0.0029152525
2.4160590172,-0.0041897641,-6.98245e-05,0.0002016345,-0.0155927865,0.0136773093,-0.0061013252
2.4261119366,-0.0012417783,0.0066823089,0.0020042579,-0.0124052474,0.0147247305,-0.0124724051
2.4362199306,0.0027616869,0.0036902153,0.0009740511,-0.0059627155,0.0105020888,-0.017785212
2.4473419189,0.0028814923,0.0035721385,-0.0001017531,-0.0144672533,0.007251434,-0.0167228766
2.4564208984,0.0020188342,0.0005392754,-0.0002433141,-0.0144424587,0.0051424103,-0.0145994714
2.4663858414,0.0040804995,-0.0025025285,-0.0013726433,-0.0144626983,0.0072782654,-0.0124748023
2.4765329361,-0.0046342658,-0.0084370049,-0.0005509337,-0.0091050323,0.0052097216,-0.0114153307
2.4867889881,-0.0065801488,-0.0065500415,0.0003195325,-0.0059308093,0.0084830131,-0.0018583104
2.4966230392,-0.0026677598,-0.0046271957,0.0012165824,-0.0048565445,0.0074254717,-0.0029219771
2.5066628456,-0.0017110158,-0.0027309335,0.0010996381,-0.0091021555,0.0052869534,0.0002634301
2.5167930126,-0.0007519473,-0.0008399165,-0.0039116819,-0.0154919047,0.004183406,0.0023885658
2.5270600319,0.001166011,-0.0047704256,-0.0011313637,-0.0196970366,-0.0022268225,0.0013246331
2.5368540287,0.0001546394,0.0010076487,-0.0003233036,-0.0196200963,-0.0096404636,0.0034449752
2.5469298363,0.0011329602,0.0048297369,-0.0024141748,-0.018585993,-0.0064619808,0.0013227023
2.5569829941,-0.0008331884,-0.001998154,0.0004320065,-0.0121613815,-0.0085211368,0.0023818414
2.5673208237,-0.0017789353,0.0018624389,0.0023351233,-0.0046494026,-0.0127068274,0.0013160444
2.5771670341,-0.0056788074,0.0028531277,0.0043298523,0.0102888793,-0.0125686759,0.0023733859
2.5872080326,-0.0046481537,-0.0019391454,0.0045434157,0.0220896117,-0.018852938,-0.0008181464
2.5973260403,-0.0045523988,-0.0019011176,-0.0020301421,0.0146515099,-0.0221082531,-0.0018795491
2.607626915,-0.0044398056,-0.0018785275,-0.005760022,0.0050564073,-0.0232739169,-0.0050630919
2.6174340248,-0.0053201364,-0.0018875278,-0.0017640074,0.0018243678,-0.0201193374,-0.005060229
2.6274628639,-0.0071968185,0.0019965493,0.0021644155,-0.0035416344,-0.0169621594,-0.0018718926
2.6375229359,-0.0101031708,-0.0048368848,0.0021268646,-0.0143488226,-0.0032063331,0.0066315141
2.6479079723,-0.0131733166,-0.0057925261,0.0029752771,-0.0038202824,0.0118240155,0.0193779357
2.65766716,-0.0124171125,-0.0037850416,0.0048238556,0.0046374388,0.0203987285,0.0215054024
2.6677320004,-0.0097303735,-0.0046546138,0.0037981193,0.0025346065,0.0171901509,0.0204425342
2.6778099537,-0.0059788572,0.00215474,-0.0060497005,-0.0156015474,0.01593001,0.014074849
2.6881639957,-0.0022087146,0.0030975067,-0.008218118,-0.0293485168,0.0030490994,0.0098247109
2.6979689598,-0.0012592126,0.0010533654,-0.0104118669,-0.0324684381,-0.0055082366,0.0034502349
2.7080090046,0.0017049562,-0.0039281524,-0.0096766436,-0.0323832184,-0.013996264,0.0034459741
2.718075037,-0.002160405,-0.0079402002,-0.0089292014,-0.0270721018,-0.0118620731,-0.0018635036
2.7284150124,-0.0050426172,0.0026932084,0.000665001,-0.0164098702,-0.0106870867,0.0013197729
2.738286972,-0.0030147482,0.0104339449,0.0054724733,-0.0036068829,-0.0105885491,-0.0008075603
2.7482848167,-0.0019625176,0.0152606098,0.0035288255,0.0006174231,-0.0063280244,-0.0039919019
2.7583770752,-0.0028500308,0.0035719597,0.0006942669,0.005972934,-0.0084171407,-0.0061180368
2.7686989307,0.0011643122,-0.0032300628,-0.002057441,0.0176895112,-0.0061995261,-0.0071817036
2.7785558701,0.0032173644,0.0016755187,-0.0067073782,0.0208904184,-0.0061927359,-0.010367509
2.7885429859,0.0003481161,-0.0041039861,-0.0055324514,0.0144769931,-0.0051876586,-0.0103653781
2.7986798286,-0.0024768461,-0.0011581457,0.001445345,0.0134393452,-0.0084146773,-0.0156756565
2.8089718819,-0.0052754031,0.0075930082,0.0054540555,0.0186700597,0.0022627343,-0.0124862539
2.8187451363,-0.0022170295,0.0095063774,0.0026113312,0.0080413315,-0.002060242,-0.0103625162
2.8287990093,-0.0060482072,0.0016732537,-0.0022535999,0.0026891762,7.74774e-05,-0.0008038986
2.8388791084,-0.0040898072,-0.0012461222,-0.0080701197,0.0037705256,-0.0009327927,0.0055662496
2.8491368294,-0.0012251188,0.0017268979,-0.0099799717,0.0038248543,-0.0062239608,0.007687191
2.8590979576,-0.0042349445,-0.0001500523,-0.0060227592,0.0006818995,-0.0115445573,0.0098103965
2.8691048622,-0.0023418118,0.0038063847,-0.0030462225,-0.0036175083,-0.0083849831,0.0119366646
2.8791828156,-0.0053763734,0.0058058822,-0.0020451029,0.0070638717,-0.009352576,0.011933268
2.8895459175,-0.0044505941,0.0029844963,-0.0018897732,0.0262945574,-0.0112929549,0.0140510136
2.8993589878,-0.0064945864,0.0079907505,-0.0036093076,0.0294833723,-0.010189075,0.0161732882
2.9094250202,-0.0045833038,0.0071752393,-0.003291138,0.032747075,-0.0165479053,0.0129838865
2.9194469452,-0.0026684452,0.0063780867,-0.0048634489,0.0381055176,-0.0186238401,0.0129820211
2.9297859669,-0.0026905586,0.0095196096,-0.0034453352,0.0465972722,-0.0143398782,0.0076730098
2.9395699501,-0.0007320989,0.0087602464,-5.1566e-05,0.0487301201,-0.0143420743,0.0044871368
2.9496459961,-0.0016903032,0.0099277226,0.0023720185,0.048762612,-0.0175181609,0.0055473414
2.9597079754,0.0022246789,0.0179028828,0.0008835117,0.049823001,-0.0163994338,0.0129802898
2.9700660706,0.004139985,0.0122737614,-0.0035421331,0.0455347747,-0.0142939389,0.0161678288
2.9798898697,0.0011146318,-0.0040286458,-0.0079639638,0.0477081574,-0.017382605,0.0278459881
2.990085125,-0.0010433544,-0.0037178672,-0.0113656605,0.057274498,-0.0129923848,0.0374019444
3.0002150536,-0.0033071984,-0.0042887605,-0.0059644659,0.0667977482,-0.0043793228,0.0437750183
3.0103499889,0.0022031914,0.0009857737,-0.001551815,0.0497268848,-0.0044869147,0.0501500927
3.0201489925,-0.0021005918,0.0071834647,0.0026754658,0.0390323214,-0.0024787576,0.046968285
3.0301709175,0.001449133,0.0103894798,0.0029464881,0.0305064805,-0.0036074056,0.048031684
3.0402519703,0.0040386869,0.0096667139,-0.005588599,0.0315401852,-0.0004216654,0.0469708815
3.0506739616,0.0036746215,0.0070436322,-0.0092166746,0.0368651748,0.0006859432,0.0469700806
3.0604050159,0.0022944461,0.0073870146,-0.0088999951,0.0368728489,-0.0003739949,0.0469684824
3.0705060959,-0.0010450531,0.001922878,-0.0026994427,0.0432532467,0.0017900898,0.0448443443
3.0805830956,-0.0004347313,0.008128616,-0.0003650268,0.0518231653,-0.0013186848,0.0448409505
3.0909471512,-0.0017805148,0.0153007833,0.0019615213,0.0433079749,-0.0035083359,0.0459038205
3.1007361412,-0.001150762,0.0146283237,0.002265207,0.0273293033,-0.006836954,0.0448432826
3.1107769012,-0.0044690417,0.0080951778,0.0024196426,0.0176425874,0.0016018043,0.0501589514
3.1207880974,-0.0039047946,0.0025145733,0.0005891839,0.0154841468,0.0047776238,0.0522870831
3.1311509609,-0.0082586454,-0.0059225834,0.0056508104,0.0230163671,-0.0015439217,0.0490966141
3.1409568787,-0.0037146558,-0.0027513183,0.001949362,0.0187972523,-0.0068990728,0.0469704159
3.1510300636,-0.002067392,0.0013506138,-0.0056573232,0.0146017093,-0.0143841533,0.0437823422
3.1610929966,0.0006437551,-0.0023502982,-0.0064598401,0.0083110565,-0.0261519961,0.037406601
3.1714448929,0.0004728686,-0.0022030747,-0.0063258489,0.007273755,-0.0293720234,0.0331580639
3.1812410355,-0.0006414403,-0.0020490563,-0.0042187055,0.0105207618,-0.0335962623,0.0320945978
3.1912951469,-0.003681307,0.0039218985,-0.0030669649,0.0136997774,-0.0314601399,0.0299712569
3.201362133,-0.0106595801,-0.0036850846,0.0010511796,0.0157465208,-0.0229882281,0.0246661082
3.2117028236,-0.0117590176,-0.0064261234,0.0041935961,0.0242089815,-0.0154866343,0.0246677063
3.2214641571,-0.0128905522,-0.0033245361,0.0034724395,0.0315378159,-0.0016345356,0.0236102305
3.2315979004,-0.0160504337,-0.0040183342,0.0086564934,0.0485277176,0.0070164772,0.0257338341
3.2416379452,-0.0104183303,-0.0047127283,0.0100125587,0.0463371351,0.0122754872,0.0214894898
3.2520020008,-0.0066995965,-0.0093291672,0.0064613144,0.0399524719,0.0100560095,0.015119208
3.2617490292,-0.0019223441,-0.0101519497,-0.0001102766,0.0207283646,0.0109297261,0.0119378623
3.2718689442,0.0009355198,-0.0178622883,-0.0039261659,0.0058721872,0.0022904309,0.0087519232
3.2818639278,0.0038364779,-0.0236826818,-0.0077987392,-0.0005704518,0.0064419666,0.0034485706
3.2922859192,-0.0020327021,-0.0120666893,-0.0079297507,-0.0133578861,0.0041665616,-0.0029201126
3.3019990921,-0.0029580046,-0.0131389769,-0.0003349265,-0.0251329187,0.0071989037,-0.0103485342
3.3121500015,-0.0038757671,-0.0133044394,0.0042192857,-0.0305655021,0.0166874807,-0.0124660134
3.3221340179,-0.0126079367,-0.0086450251,0.0057676951,-0.0337698422,0.0166036561,-0.0209591668
3.3325560093,-0.0095438706,-0.0069678104,0.0043517272,-0.0508561507,0.0174947511,-0.0241397806
3.3422760963,-0.0084286081,-0.0082555087,0.0018842737,-0.0561920926,0.0174269062,-0.0273233894
3.3524019718,-0.0034083773,-0.0075784004,-0.0005429467,-0.0508553833,0.0174873602,-0.0252011176
3.3624060154,-0.0043057548,-0.0097307237,-0.0019039592,-0.039031744,0.0091516655,-0.017777022
3.3728449345,-0.004203503,-0.0108822258,-0.0021606763,-0.0283173174,0.0050077876,-0.0167200137
3.382545948,-0.0060419785,-0.0120034488,-0.0013907632,-0.0196616948,-0.0065678419,-0.0135426633
3.3925969601,-0.0029855717,-0.0111162933,-0.0024076779,-0.003589252,-0.0127732735,-0.0103644468
3.402684927,-0.0008550931,-0.005353359,-0.0072379191,0.0007231506,-0.0169733446,-0.009305574
3.413105011,-0.0056098746,-0.0112167867,-0.0081304992,0.0018014647,-0.0180181023,-0.0082445713
3.4227869511,-0.0044957744,-0.0083015235,-0.005060323,0.0167291481,-0.0168331973,-0.0093099019
3.432945013,-0.0063484358,0.0014773929,-0.0029115756,0.0220216475,-0.0125495009,-0.0103709055
3.4429440498,-0.0071927952,0.0015228712,-0.0016868194,0.0230470188,-0.0083249295,-0.0146151846
3.4533669949,-0.000189339,0.00640473,-0.000493594,0.015555813,-0.0062681697,-0.0146122547
3.463078022,0.0009470533,0.0044090473,-0.0091326917,0.0101629114,-0.0010367893,-0.0188561361
3.4732170105,0.0020789753,-0.0053358949,-0.0119158709,0.0079956315,0.0021137302,-0.0209776089
3.4832129478,-0.0026946713,-0.0053811944,-0.0119075859,0.0015160274,0.0105926357,-0.0135374703
3.4935760498,-0.0045838105,-0.010296789,-0.0090294564,-0.0081003821,0.0115489773,-0.0167199466
3.5033578873,-0.007455145,-0.0113437446,-0.0013880214,-0.0113613419,0.0168211702,-0.0177803524
3.5134129524,-0.0083481418,-0.0027287281,-0.0005996903,-0.0134961326,0.0167956054,-0.0188416205
3.5234808922,-0.0082133459,-0.000931648,-0.0046837409,-0.0102786329,0.0157463849,-0.0209642258
3.5338611603,-0.0032008637,0.0018612468,-0.0067627509,-0.0092003196,0.0147016272,-0.019903224
3.5436110497,-0.0001623977,0.004662367,-0.0049390276,-0.0112880776,0.0093946131,-0.0177845471
3.5537581444,-0.0010188867,0.0007058108,-0.0040075262,-0.004790497,-0.0001123394,-0.0199145433
3.563724041,0.0050202562,0.0064436519,-0.0078827227,-0.0025765048,-0.0075083366,-0.0177937336
3.5741870403,0.002290691,0.0092965094,-0.0097493613,0.0060233744,-0.0138136363,-0.0199226644
3.5838961601,0.00248834,0.0014839494,-0.011551925,0.0113065802,-0.0084338523,-0.0156745911
3.5940239429,-0.0032659222,-0.0014106906,-0.00650508,0.0304637626,-0.002933359,-0.0114295119
3.6040229797,-0.0070706056,-0.0041986979,0.0045314352,0.0443156064,-0.0007188078,-0.015678186
3.6144328117,-0.0049728202,0.0056345188,0.0068800966,0.0507061295,0.0003773493,-0.0188646577
3.6241660118,0.001051272,0.0144435493,0.0032994072,0.0324356742,0.0129372161,-0.0209774766
3.6342990398,-0.0017443944,0.0027803504,0.0005547325,0.0292215049,0.0139425592,-0.0252233557
3.6443109512,0.0013464938,-0.0040291823,-0.0021582921,0.0323482156,0.021376241,-0.0284052994
3.6547050476,0.0044588102,0.0017274939,-0.0059895595,0.0056460309,0.0232306011,-0.0337065868
3.6644368172,0.0027158509,-0.0032886541,-0.0080711925,-0.0167801268,0.0240552481,-0.0400722101
3.6746969223,0.0019828628,0.0052142465,-0.0054327925,-0.0242383108,0.0229428448,-0.0379472747
3.6845541,-0.0056201564,0.0020431005,-0.0038297256,-0.0305765029,0.0165420044,-0.0347637981
3.6949770451,-0.0053942548,-0.003099767,-0.0061258157,-0.0327203497,0.0175982136,-0.0326391272
3.7046990395,-0.0100979554,-0.0043393052,-0.0094208801,-0.0231114998,0.017723117,-0.0262701772
3.7148349285,-0.008003925,-0.0025402582,-0.0037958701,-0.0134855043,0.015691923,-0.0252118371
3.7246639729,-0.0059626745,0.0051209652,0.0008850018,-0.0134424418,0.0114762066,-0.0209673569
3.7349901199,-0.0077894079,0.0088828532,0.0007572094,-0.0059411153,0.0083515197,-0.0220326222
3.7447879314,-0.0007652093,0.0136490194,-0.0041268547,0.0037040543,0.0041706227,-0.0252225567
3.7551760674,-0.0035008241,0.0077470266,-0.0069549759,0.0197339933,0.0021807088,-0.0262886193
3.7651438713,-0.0023022343,0.0038222992,-0.0077455719,0.0219014864,-0.0009770012,-0.025228681
3.7752890587,-0.0050593363,0.0077248537,-0.0036707004,0.0260538869,0.0107451687,-0.023100283
3.7852778435,-0.0039793896,0.0106681315,0.0023342888,0.0174972583,0.0128346849,-0.0167268068
3.7953038216,-0.0068619894,0.0068050348,0.005345277,0.0185894202,0.010770468,-0.0092955204
3.805439949,2.6847e-05,0.0029178583,-0.0023056348,0.0185912047,0.0107911751,-0.006110047
3.8156039715,-0.0018827666,-0.0077714599,-0.0109836543,0.0101196896,0.0043713585,-0.0029257054
3.8255929947,0.0001349698,-0.0184703153,-0.0128423059,0.004856457,-0.0031228431,-0.006113709
3.8355751038,0.0012149464,-0.0068301833,-0.0099017108,-0.0014845291,-0.0095724873,-0.0103625162
3.8457100391,0.0003648352,0.0008719885,-0.0079998458,-0.0121458294,-0.0107478062,-0.0135454601
3.8559160233,-0.0023950089,0.0056262934,-0.0003136476,-0.0185182393,-0.0140075153,-0.0167308655
3.8657939434,-0.003205036,0.0044871294,0.0005029956,-0.0207269341,-0.0065849526,-0.0146033335
3.8758220673,-0.0030532826,-0.0014686263,-0.0005893191,-0.0111744413,-0.0011752734,-0.0114176599
3.8859229088,-0.0020171751,0.0091414182,-0.0036264141,-0.0006582038,0.0148597518,-0.0071641929
3.8962450027,-0.0020298113,0.0072124326,-0.0006911238,0.0099816574,0.0181428976,-0.006103456
3.9060549736,-0.001105224,0.0053488933,0.0042823474,0.0206279904,0.0203380752,-0.0092911934
3.9161138535,-0.0030759622,0.0112440316,0.0062984745,0.0174170174,0.0213849638,-0.0071662571
3.9262590408,0.0046801222,0.0064124786,-0.0033544977,0.0183800943,0.0320390053,-0.0018522518
3.9365110397,0.0055921925,-0.0032670177,-0.0091323936,0.016342245,0.0224782582,-0.0007947106
3.946313858,0.0006360959,-0.0061676777,-0.0130549753,0.0056816372,0.0213169195,-0.0018541825
3.9563260078,-0.0004056443,-0.0061425841,-0.0091971243,0.0089139156,0.0181480236,-0.003980184
3.9664590359,0.0005436491,0.0035955631,-0.0023982008,0.0046774121,0.0149134817,-0.0061039217
3.9768090248,-0.0023676802,0.0093951551,0.0004227678,-0.0049395282,0.0158628989,-0.0103482017
3.9866659641,-0.0052727209,0.0073449337,-0.0017184695,-0.0177564435,0.0168051925,-0.0114063416
3.9966599941,-0.0013323475,0.0072195255,-0.0009821733,-0.0177676287,0.0178592708,-0.0124676116
4.0067439079,-0.000322168,0.0012624585,-0.0031520207,-0.0241828896,0.0188578907,-0.01352775
4.0171089172,-0.00028417,0.000157448,-0.0063079079,-0.018802505,0.0146881789,-0.0092840027
4.0268468857,-0.0002545763,0.002005192,-0.0103664482,-0.0166473165,0.012584947,-0.009285734
4.0369281769,-0.0001725901,0.0029093348,-0.0065800031,0.00044272,0.0105428351,-0.019909082
4.047036171,0.0038399647,0.0067313039,-0.0065822084,0.013204854,0.0149132162,-0.0177872106
4.0573468208,0.0010315131,0.0183671433,-0.0084976042,0.0185069423,0.0181220584,-0.0209723506
4.0672059059,0.0011132013,0.0212776978,-0.0045424183,0.0226655211,0.0298349075,-0.0199033581
4.077144146,-0.0008361388,0.0164580066,0.0013614814,0.0290176943,0.0352304727,-0.0145932809
4.0874080658,-0.0038141061,0.0136189191,0.0044222991,0.0449545011,0.0417527519,-0.012473071
4.0977878571,-0.0067971395,0.0098590581,0.00172501,0.050323166,0.038630195,-0.0103523964
4.1074962616,-0.0058674859,0.0002784455,-0.0018596132,0.0524376929,0.0407489389,-0.0135361385
4.1173038483,-0.0019560505,-0.0044657863,-0.0083702886,0.0514030531,0.0375635326,-0.0124756685
4.1274161339,-0.0019487489,-0.0033871806,-0.0139632309,0.0440805033,0.0226235334,-0.0156667344
4.1377239227,-0.003827696,-0.0101172002,-0.0107683623,0.0387858748,0.0183121413,-0.0188529398
4.1476821899,0.0011289965,-0.0071268356,-0.0037511666,0.0270370729,0.0192989763,-0.014602934
4.1577448845,-0.0086332308,-0.0060958541,0.00511717,0.035468109,0.0299905036,-0.0135379359
4.1678719521,-0.0037597765,0.0124092428,0.0070884745,0.0129678855,0.0393561088,-0.0114024142
4.1781578064,-0.0115975784,0.0104029505,0.0098252809,-0.0104567455,0.0338321812,-0.0135228233
4.1879730225,-0.0047622668,-0.0013678945,0.0096033132,-0.0137199443,0.0391051695,-0.0145840263
4.1980071068,-0.0057576643,-0.0043810881,0.00065612,-0.0018941769,0.0307473727,-0.0103440071
4.208135128,0.0001095187,-0.0160657447,-0.0003426751,0.0024993736,0.0191037003,-0.0114097381
4.218433857,0.0050630821,-0.0141852172,-0.0071801622,-0.0037665125,0.0052339565,-0.0146004707
4.2282361984,-0.0006616164,-0.0064726151,-0.0091357315,0.0059822276,-0.0095630325,-0.0188583992
4.2382469177,0.0014932405,-0.0055172122,-0.0021575172,0.0167701617,-0.021147782,-0.0199287254
4.2505869865,-0.0061080204,0.0032675588,0.0097570932,0.0264260098,-0.0263470057,-0.0167495087
4.2587838173,-0.0068704532,0.0013794624,0.0149859106,0.043439351,-0.019790303,-0.0103797596
4.2687501907,-0.0077640163,-0.0033096946,0.0145096099,0.0625817478,-0.0121203335,0.0012999988
4.2791500092,-0.0126316296,-0.0098424228,0.007347099,0.0848236755,0.0050860848,0.0066119395
4.2892489433,-0.0098175155,-0.0007114089,0.0070806663,0.0900950059,0.011505967,0.0076752738
4.2995319366,-0.014839028,-0.0013012565,0.0087411916,0.0943416804,0.0136583345,0.0066134715
4.3089108467,-0.005163406,-0.0038045323,0.0114918863,0.0975041538,0.0168362185,0.0013037273
4.3188352585,-0.0003293503,0.0033167922,0.0101930415,0.0687289685,0.0122712934,-0.009309236
4.3287467957,-0.0011677493,-0.0111891897,-0.0020808061,0.0378767252,0.0023741876,-0.0209845342
4.3391261101,0.0010031711,-0.0199466031,-0.0095926607,0.0411596037,-0.0061343461,-0.0284222104
4.3488640785,-0.0016387154,-0.0141585739,-0.0113390768,0.0176258348,-0.0010971099,-0.0379695073
4.3589267731,-0.0081273662,-0.0113957198,-0.0035610874,-0.0112233898,0.0017719136,-0.047516942
4.3690567017,-0.0067807185,-0.0077594793,0.0098756468,-0.0208624899,0.0048720995,-0.0475140102
4.3793611526,-0.0083545195,0.0007212484,0.0183885619,-0.0261880122,0.0037575664,-0.0485750139
4.389193058,-0.0050186859,-0.0054479516,0.0161779448,-0.0325866826,0.0037001753,-0.0485719517
4.399274826,-0.003646319,-0.0077833808,0.0012335101,-0.0357747525,0.0026458299,-0.0432626754
4.4092879295,-0.0023482789,-0.0100105079,-0.0048801382,-0.0251128115,0.0038493793,-0.0358330533
4.4197597504,0.0027678262,-0.0111424597,-0.0010808189,-0.0080696484,0.0071953749,-0.0337121114
4.4295949936,0.0039956225,-0.0044532693,-0.0010966143,0.0090280846,0.0052358871,-0.0315933675
4.4396409988,0.0022699486,0.0051669204,-0.003981777,0.0111101447,0.0105733946,-0.0294676349
4.4497079849,0.0024405371,0.0080492226,-1.10348e-05,0.0238923319,0.0128079867,-0.0294704977
4.4600739479,0.0016636204,0.0021969401,0.0040412466,0.0292689893,0.008589806,-0.0326593667
4.4698209763,-0.0020456363,0.0001833761,0.0031447927,0.0068637617,0.0084422668,-0.0252208915
4.4799098969,0.0040019406,0.0039552175,0.0030850093,-0.0123882303,0.0125046531,-0.0273375716
4.489979744,-0.0026538719,0.0086494414,0.003845803,-0.0240812637,0.0081642326,-0.0262741707
4.5002889633,-0.0025066484,0.0035825693,0.0045587341,-0.0347285829,0.0059836362,-0.0209635627
4.5101261139,-0.0004464735,-0.0073102987,0.0003654877,-0.0389523581,0.0017798365,-0.0092861336
4.5201797485,-0.0023357619,-0.0045981682,-0.0107019031,-0.0410722345,0.0007486605,-0.0018535169
4.5302371979,-0.0081737982,-0.0086924108,-0.0140220607,-0.0505570024,-0.0109999413,-0.0007945773
4.5406508446,-0.0072048055,-0.0069145239,-0.0105083669,-0.0451856703,-0.0140878763,0.0066351094
4.5503997803,-0.012082045,0.0027187192,0.0008964459,-0.0386792496,-0.0246694144,0.0023807096
4.5605020523,-0.0051769959,0.0152336685,0.0035722177,-0.0408230945,-0.0236132052,0.0045053796
4.5705690384,-0.0080269622,0.0189537723,-0.0005917033,-0.0397120751,-0.0278412383,0.0055650515
4.580909729,-0.0060315775,0.0149535267,-0.0026916345,-0.0173662901,-0.0212794766,0.0055626547
4.5907201767,-0.0069944011,0.0129924743,-0.0056251963,-0.0024588732,-0.0179515909,0.0076835961
4.600771904,-0.0069815265,0.0023550116,-0.0045063575,0.0113887647,-0.015756879,0.0002485828
4.6108417511,-0.0049350606,0.0092141954,-0.0043189009,0.0124318991,-0.0136530492,-0.0039980272
4.6211838722,-0.0038506438,0.0121449558,-0.0031901081,0.0070941248,-0.013727352,-0.0082439054
4.6309680939,-0.0017474343,0.008225414,-0.0050293286,0.0070971344,-0.0137355402,-0.0093044415
4.6409730911,-0.0035398353,0.0052637183,-0.0049606045,-0.0024979692,-0.0149012059,-0.0124879843
4.6510930061,-0.0004186977,0.0022325241,-0.0059244116,-0.0153057231,-0.0150193833,-0.0135471914
4.6614351273,0.0007005583,0.0050130808,-0.0090124095,-0.0281698555,-0.0086959731,-0.0029227757
4.6712088585,-0.0031336297,2.54834e-05,-0.0082408274,-0.0291816965,-0.0140039194,-0.0018628379
4.6813139915,-0.0030560542,-0.0030187047,-0.0103796804,-0.0249446072,-0.0107767014,-0.000800503
4.6913747787,-0.0020254899,0.0027021491,-0.0125135267,-0.0281480718,-0.0107968077,0.0002611662
4.701736927,-0.0010232676,0.0035790526,-0.0097764218,-0.0259781275,-0.0139127066,0.007691652
4.7115211487,0.0009081315,0.009344372,-0.0109325135,-0.0248738751,-0.0170740113,0.0098148566
4.7215881348,-0.0020202149,0.0044291341,-0.0100938762,-0.0259196982,-0.0192053393,0.0098140584
4.7316570282,0.0028964232,0.0043767416,-0.011135825,-0.0205799546,-0.0202600863,0.0034401817
4.7419891357,-0.0019182612,0.0140101044,-0.0141958678,-0.0184685979,-0.0181402098,0.0002553073
4.7517137527,-0.0028176059,0.0090852706,-0.010350653,-0.0142233614,-0.0160015561,-0.0029302328
4.7618069649,-0.0056621479,0.00809184,-0.0044869264,0.0027942387,-0.0105889486,-0.009302645
4.7720489502,-0.0084845172,0.0119837848,0.0024037878,0.0101828594,-0.0020441962,-0.0103604523
4.7823266983,-0.0015360464,0.0129669039,0.0015771309,0.0165307708,0.0032959743,-0.0135447942
4.7919902802,-0.0023892571,0.0090900389,-0.0040857871,0.0261020102,0.0065703308,-0.0124843232
4.8021149635,0.0006664644,0.0071572983,-0.0077636321,0.0229192674,0.0043857396,-0.0177936014
4.8121209145,0.0027582895,-0.0015484369,-0.0055969437,0.0229892023,-0.0030467436,-0.0188605953
4.8224978447,0.0029630314,0.001355561,-0.0073197563,0.0220067613,-0.0115510151,-0.0199263934
4.8322582245,0.003170545,-0.0005954778,-0.0080875838,0.0145563288,-0.0126448423,-0.0146138528
4.8424038887,0.0090915812,-0.0054056323,-0.0040070494,0.0166053642,-0.0029386855,0.0066264542
4.8523931503,0.0031807374,-0.0014286316,-0.0009570202,0.0187700354,-0.0060882736,0.0087469965
4.8628029823,0.0011597525,-0.013004926,0.0011350432,0.0101898629,-0.0019257523,0.0076894546
4.8725061417,0.0049929572,-0.0100252898,0.0021434943,-0.0005354844,0.0033005681,0.0098177204
4.8826627731,0.0009653519,-0.0109606655,0.0059782187,-0.0069478443,0.0043194937,0.0119434558
4.8926677704,0.0018065821,-0.0128857167,0.006838135,-0.0187393352,0.0095219119,0.0119491145
4.9030299187,0.0016745578,-0.0158523005,0.0085343635,-0.0315779038,0.0125792213,0.0098303035
4.9128198624,-0.0003977169,-0.0217527431,0.0082646525,-0.0219998974,0.0147370473,0.0023959563
4.9229001999,0.0005145322,-0.0072675026,0.0060189287,-0.0316493288,0.0188625492,-0.0029085279
4.9329190254,-0.000496601,-0.0045278347,0.0036420147,-0.0444477648,0.0176411588,-0.0103384145
4.9433412552,0.003422166,-0.0086175473,0.0051833908,-0.0380359367,0.0166153088,-0.0135259517
4.9530720711,0.0015262614,-0.0029875911,0.0047729532,-0.041205205,0.0133615909,-0.0198963657
4.9631328583,-0.0032366265,-0.0100307139,0.001459531,-0.0379628055,0.009124768,-0.023084702
4.9732308388,-0.0020823528,-0.0131750973,0.0040692012,-0.0293790922,0.0038610969,-0.0283999071
4.9835510254,-0.0048308419,-0.002655772,0.008689574,-0.0197206065,-0.0013461821,-0.0262813624
4.9933328629,-0.0026908268,-0.0028042472,0.0095369136,-0.0175529253,-0.0045039589,-0.0252213571
5.0033912659,-0.0054099308,-0.0107206972,0.0075265686,-0.0068166573,-0.0107629197,-0.0231036115
5.0135402679,-0.0101018297,-0.0166377109,0.0085135614,0.0049462859,-0.0127479732,-0.0177983958
5.0238208771,-0.0089401649,-0.0157047193,0.008631221,0.0070901304,-0.0138041824,-0.0199230649
5.0336141586,-0.0087682353,-0.0108983787,0.0057689468,0.0027609486,-0.0074481498,-0.0156711936
5.0437040329,-0.004732226,-0.0070557869,0.0077376286,0.0005435999,0.001048932,-0.011419192
5.0537371635,-0.0017362584,0.0016451203,0.0077144424,-0.0037910929,0.007385591,-0.0103541268
5.0640521049,-0.0065479623,-0.0032820976,0.0076249163,-0.0026962673,0.004156508,-0.0188504085
5.0738759041,-0.0024617959,-0.0131413611,0.0007676999,-0.0080329496,0.0040889308,-0.0220342856
5.083987236,-0.0051907049,-0.0055218018,-0.0042589982,-0.0133707225,0.0040146285,-0.0262801629
5.0940098763,-0.002999102,-0.0057110465,-0.0054016788,-0.0218789894,0.0007155044,-0.0326504447
5.1044101715,-0.0066471146,0.0008536899,-0.0017697294,-0.0335960984,-0.0015090341,-0.032648582
5.1141419411,-0.0112944888,0.003516587,0.0036988775,-0.0421849005,0.0037208814,-0.0326432548
5.1242699623,-0.0090611922,0.0042011463,0.0052993814,-0.0400319993,0.0015828959,-0.0379538648
5.1342697144,-0.0087456154,0.0077678286,0.0010229866,-0.0464127474,-0.0005881796,-0.0368914641
5.1446781158,-0.0074237036,0.0015538656,-0.0081777656,-0.059209235,-0.0017818084,-0.0400742069
5.1544318199,-0.0070811259,-0.0036620176,-0.0115068639,-0.0421241,-0.0027080558,-0.0422020704
5.1645431519,-0.0038252224,0.0038336241,-0.0069331606,-0.0325385854,-0.0004675386,-0.0368943922
5.1745390892,-0.0025388349,0.00746158,-0.0052890857,-0.0421576835,0.0005111066,-0.0368929952
5.184969902,0.0007074724,0.0061748349,-0.0095064128,-0.0399882719,-0.0026117163,-0.0305243097
5.1946907043,0.0029375206,0.0127256243,-0.0097989524,-0.030294843,-0.0110030696,-0.0284062978
5.2048220634,-0.0006775011,0.0056791627,-0.015840359,-0.0259821229,-0.0151890274,-0.0252240878
5.2148180008,0.0064591421,0.0044849836,-0.0198832825,-0.0291724037,-0.0162496958,-0.0209772103
5.2251977921,0.0017984163,0.0101479618,-0.0219882801,-0.0163966864,-0.0129271373,-0.0167315993
5.2349510193,-1.94658e-05,0.0110506741,-0.0142297233,-0.0057385825,-0.0106934775,-0.0135454601
5.2450680733,-0.0028097976,0.0216591675,-0.0123716677,-0.0133261941,0.0009053876,-0.0145995384
5.2550592422,-0.0056447433,0.0215608198,-0.011534282,-0.0175992101,0.0008768253,-0.0135384686
5.2654480934,0.0022541534,0.0166439135,-0.0096207941,0.0047822613,0.0043040472,-0.0061098477
5.2752027512,0.0052110804,0.0127302734,-0.0173720792,0.0037271967,0.0032545622,-0.0029247729
5.2853031158,0.0003629278,0.0107489554,-0.0242164209,-0.0090570422,0.0010207025,-0.0029226425
5.2953777313,0.0052295877,0.0048886263,-0.0242744759,-0.0133647304,0.0052546626,0.0013282284
5.3057098389,0.0031692635,0.0039193952,-0.0146593535,-0.0166582633,0.0148241986,0.0087664369
5.315530777,-0.0009330858,0.0029677474,-0.0051654656,-0.0199209265,0.0212040003,0.0151410457
5.3255739212,0.0017733525,0.0097791282,-0.00638599,-0.0199486241,0.0244424045,0.0236370638
5.3356437683,-0.0004418541,0.0117080538,-0.0105609382,-0.0252740122,0.0233420543,0.0246993303
5.3459758759,0.0012465368,0.0029338324,-0.0118801082,-0.0402138159,0.0232115593,0.0247030593
5.3558049202,-0.0048993574,0.0009361231,-0.0113144601,-0.0359158441,0.0200382695,0.0204530526
5.3658299446,-0.0061188685,-5.45657e-05,-0.0077378233,-0.0263654813,0.0254202522,0.0193915162
5.3758831024,-0.0054062949,0.0106488196,-0.0099771703,-0.0241982043,0.0222697333,0.0215129908
5.3862600327,-0.0056541311,0.0067565166,-0.0092739547,-0.0209888257,0.0212020706,0.0162026491
5.3961038589,-0.0048472332,0.0106339185,-0.0075366576,-0.0166471042,0.0137772439,0.0108893095
5.4061317444,-0.0010665406,0.0135496585,-0.0037992676,-0.0134467846,0.013791359,0.0087649059
5.4162330627,-0.0021567394,0.0106078116,-0.0039859493,-0.0145135131,0.0137747806,0.0077037029
5.4264621735,-0.0022852768,0.0067358934,-0.0031244238,-0.0080660004,0.0096143903,0.0119471839
5.4363431931,-0.000443374,0.0038417899,-0.005119272,-0.0026712073,0.0043752203,0.0151301268
5.4463691711,-0.0054479884,1.01054e-05,-0.0070695956,0.0016399184,0.0001684909,0.0151269315
5.4565000534,-0.0017020155,-0.0037772334,-0.0069770296,0.0144050075,0.0045947311,0.0257427581
5.4667921066,1.00981e-05,0.0012715184,-0.0019931276,0.0144268461,0.0024796489,0.0268034954
5.47660923,-0.0071041333,-0.0005199587,-6.5049e-06,0.0015899837,0.0055790357,0.0310549643
5.4866428375,-0.0073826956,-0.0033431328,-0.0010445197,-0.0059757903,0.0150628183,0.0310616232
5.4967098236,-0.0086721228,-0.0061522997,-0.0011315425,-0.0017530294,0.0193381254,0.0299999528
5.5070509911,-0.0119496332,-0.002149967,-0.0012889585,-0.0092740618,0.0246055909,0.0342516899
5.5168552399,-0.0142898904,-0.0049744523,-0.0024851044,-0.019918317,0.0224025566,0.0363785587
5.5269212723,-0.008797233,-0.0097642215,-0.0007619938,-0.0199311022,0.0234358627,0.0321318805
5.5370397568,-0.0042245435,-0.0038934625,-0.0068352898,-0.0209381729,0.0170476735,0.0300043486
5.5473108292,-0.0015605439,-0.007767824,-0.0080517018,-0.0283159316,0.0073849251,0.0225688014
5.5571479797,0.0031791877,-0.008779672,-0.0053810556,-0.032505326,-0.001202238,0.0130089186
5.5671701431,0.005115564,-0.0001218593,-0.0056280573,-0.0292117912,-0.0107717747,0.0055707106
5.5773181915,0.0041893972,0.0036617839,-0.0077522476,-0.0248909742,-0.0160818528,-0.0008030329
5.5875997543,0.0032591175,0.0026169145,-0.0078931535,-0.0196501389,-0.0064723669,0.0013240339
5.5974488258,-0.0035967578,-0.0032277382,0.0008054892,0.0005721776,-0.0009760691,0.0034449087
5.607448101,-0.002693211,-0.0031447685,0.0057803909,0.0228780154,0.0098643284,0.0087536536
5.6175851822,-0.0057609724,0.0008880222,0.0020671408,0.0356080569,0.0174035374,0.0087538539
5.6278657913,-0.0058931457,-0.0008735931,0.0042787711,0.0376459099,0.0269642863,0.0076963129
5.6377058029,-0.0021755446,-0.0036261952,0.0025016586,0.0279076062,0.0407074615,0.0130152451
5.6477198601,0.0014543484,-0.0093093188,0.0035220901,0.0183039829,0.040630497,0.0140794441
5.6578187943,-0.0056741284,-0.0101797851,0.0024663131,0.0054117264,0.0490072034,0.0140863676
5.6681671143,-0.0049829232,-0.0072188652,0.0012800614,-0.0094971815,0.0456798524,0.0119648939
5.6779208183,-0.0052125501,-0.016941933,0.0010329406,-0.0094543863,0.0413859673,0.0045315451
5.687997818,-0.0053385543,-0.0072956956,0.0026614587,-0.0200985093,0.0380474292,-0.0050236108
5.6980900764,-0.0053532468,-0.01327118,0.0013465802,-0.0306197777,0.021964401,-0.0167101603
5.7083997726,-0.0003729213,-0.0067033446,-0.0010268171,-0.0434162654,0.0207707714,-0.0198929049
5.7182617188,0.0007495235,0.0008191788,-0.0024713357,-0.0465129912,0.0100836391,-0.0273293834
5.7282419205,-0.001045828,0.0024978244,0.0048512141,-0.0465252399,0.0111238696,-0.0305142589
5.7383947372,-0.0018150855,0.0041690194,0.0122094071,-0.0454462916,0.0100575406,-0.0326378606
5.7486748695,-0.0054763304,0.0058482015,0.0147644198,-0.0272758063,0.0069983671,-0.0379529968
5.7585301399,-0.0052301036,0.0066243135,0.0155509626,-0.0091695329,0.010383578,-0.0315873101
5.7685279846,-0.0030631174,0.0026045167,0.0106421029,0.0078752302,0.0137503464,-0.0262809619
5.7786669731,-0.0039025892,0.0025605285,0.0107100522,0.0153939463,0.0096049365,-0.0209746808
5.7889499664,-0.0057487236,-0.0013162768,0.0108628785,0.0292698145,0.0097676553,-0.0146073289
5.7987928391,-0.0027229537,-0.004151491,0.0092141544,0.0410221294,0.0088364808,-0.0103631821
5.8087997437,-0.0026923765,0.0008200133,0.0085328138,0.0410247929,0.0088711018,-0.0050541703
5.8188838959,-0.0017353047,-0.0039081252,0.0049412171,0.0474404544,0.0079150274,0.0023757827
5.8292279243,-0.0047051357,-0.0076231039,0.0111465966,0.0485603139,0.0026124073,0.001311051
5.8390130997,-0.0008009423,0.0051783645,0.0085518276,0.0411531851,-0.0038113368,0.0023709224
5.8491067886,-0.001733457,0.0052622282,0.0059000175,0.0241611525,-0.0124900462,-0.0039998912
5.8592038155,0.0003120553,0.0023836815,0.001251034,0.016715141,-0.0146711096,-0.0029365576
5.8695602417,-0.0005869914,-0.0034195459,0.003366224,0.0135015035,-0.0136588421,-0.0061206333
5.8793420792,-0.0034587432,-0.004374472,0.0063766162,0.003910129,-0.014776038,-0.0018715598
5.8894071579,-0.0053640651,0.004372152,0.0122477328,0.0006656004,-0.0105669117,-0.0029304323
5.8994398117,-0.0023516763,0.0082370965,0.0112861907,-0.0046962742,-0.0085182078,-0.0071762432
5.9097490311,-0.0051904665,0.004277023,0.0092744743,-0.0153893996,-0.0064963354,-0.0082343183
5.9196462631,-0.0051100301,-0.000683037,0.0062360088,-0.0122467894,-8.28449e-05,-0.0050452491
5.9296860695,-0.0011831273,0.0012247884,0.0081229126,-0.0047854111,0.0010711028,-0.0007993709
5.9397449493,-0.0031516899,0.0070549571,0.0110077774,0.0016717967,-0.0041428339,0.0045048469
5.9500837326,-0.0031821479,0.0031903111,0.0100733554,0.0049376311,-0.0104739666,0.0055626547
5.9598789215,-0.000228082,0.0012711608,0.0052940766,0.0060444404,-0.0147218416,0.003435987
5.9699211121,-0.0011782695,0.0022787177,0.00249844,0.0114242919,-0.0188984759,0.0066179321
5.980014801,0.0007914554,0.002329024,0.0026327888,0.0082157683,-0.0178595781,0.0076821316
5.9903268814,0.0007568847,0.0062849247,0.0066165249,0.0018460192,-0.0210846663,0.0098057361
6.000087738,-0.0002441753,0.0082737533,0.0125171458,0.0007397961,-0.0168441143,0.0108710006
6.0101642609,-0.0022554148,0.0083149401,0.0125477826,-0.0045942487,-0.0168699473,0.0140577387
6.020234108,0.0006298076,0.0073505961,0.0095952665,-0.0131225437,-0.0179906059,0.016181875
6.030600071,-0.0023632396,0.0034420812,0.0046524922,-0.0173804052,-0.0190888923,0.0161824077
6.0403738022,-0.0024407257,-0.0043320931,0.002647094,-0.0162582304,-0.0243638828,0.019364953
6.0503902435,0.0004346322,-0.0023774779,0.0016473451,-0.0162273366,-0.0275607407,0.0172397494
6.0605559349,-0.0074239718,-0.0004688776,-0.0033490141,-0.0268795528,-0.0297751594,0.0172405485
6.0709161758,-0.0064398395,-0.008287576,-0.0024532755,-0.0257298648,-0.038288489,0.0119270096
6.0806531906,0.0014273773,0.0004047477,0.001361064,-0.0246654004,-0.0383137874,0.0066177323
6.0906920433,-0.0053235041,0.0100291697,0.0012069264,-0.033172071,-0.0415921398,0.0034328578
6.1007881165,-0.0022515405,0.0030864798,0.0010465899,-0.037467856,-0.0384551995,0.0023755832
6.1111369133,-0.0021453549,0.0078334538,0.0018474379,-0.03638741,-0.0394722633,0.0076837959
6.1209259033,-0.005981897,0.0009140098,-0.0021943529,-0.0363992639,-0.0383894891,0.0108687365
6.1309642792,-0.0001035083,-0.0059445775,-0.0051968177,-0.0268126838,-0.0361351222,0.0183000211
6.1410617828,-0.005050634,-0.0020528114,-0.0081760371,-0.0151025243,-0.0327939838,0.02679291
6.1514120102,-0.0003348042,-0.0019355691,-0.0042195995,-0.0034440029,-0.024134187,0.0374122635
6.1611967087,0.0014230262,0.0011078441,-0.0031620343,-0.0001701536,-0.0315680653,0.0320989229
6.1712627411,-0.0055435048,0.0012105429,-0.0040449579,-0.001165377,-0.0390390344,0.0267864503
6.1812901497,0.005141492,0.0022806847,-0.005813845,0.0031116875,-0.0400477722,0.0289073251
6.1916742325,0.0040870262,0.0082328049,-0.0095223868,0.0063540856,-0.0442845933,0.0257189889
6.2014541626,0.0011345099,0.0034709298,-0.0093036378,0.004241826,-0.0464610644,0.0204106439
6.2115311623,-0.0018295993,-0.0061202324,-0.0051575978,0.0116595291,-0.0410769507,0.0225350466
6.2215890884,-0.0067593204,-0.0059585846,-0.001956292,0.016993707,-0.0410369337,0.0214715805
6.2319412231,-0.0097390758,-0.0028854883,-0.0006687125,0.0211530328,-0.0304242391,0.0161668286
6.2416710854,-0.0087696658,0.0040390813,-0.0013615569,0.0168918949,-0.0315426998,0.0129813552
6.2517910004,-0.0058175074,0.0070538246,-0.0011417349,0.0103895208,-0.0220980644,0.005555131
6.2618341446,-0.0047657536,0.0041628801,-0.0039008935,0.0061178105,-0.0221768953,-0.0008146175
6.2722468376,-0.0026840616,0.0021946752,-0.0057311137,-0.005569472,-0.0276121404,-0.0050615603
6.2819690704,-0.0025215198,0.0030691945,-0.0135297263,-0.0204971023,-0.0288112946,-0.0061194347
6.2921047211,-0.000425582,-0.0067224181,-0.0125295604,-0.0109142512,-0.0266053993,-0.0061207665
6.3019590378,-0.0012844552,-0.0048042214,-0.0124951685,0.0007725265,-0.0211344007,0.0034340564
6.3122019768,-0.0031914462,0.002996596,-0.014334687,0.0050628791,-0.0232122,0.0044937283
6.322081089,-0.0060746716,0.0001169765,-0.0103306854,-0.0013835682,-0.0190379601,0.0023738518
6.3323402405,-0.0080139088,0.0001125061,-0.0064181169,-0.0035980409,-0.0105632488,0.0034420458
6.3423919678,-0.0021364738,-0.001810757,-0.0024781902,-0.0046929736,-0.0084553566,0.0023794447
6.3525257111,-0.0040636407,0.0088659255,-0.0025251587,-0.0110755041,-0.0106471386,0.0002563726
6.3625440598,-0.0020497788,-0.0018692887,-0.0044866879,-0.0121156033,-0.012766283,0.0023808428
6.3725767136,0.0008974026,-0.0038379109,-0.0074186404,-0.0057639629,-0.0073776431,0.0066291178
6.3827142715,-0.0040378915,-0.0076818145,-0.0073670228,0.0091518695,-0.0051099611,0.0087487269
6.3926801682,0.0007852267,-0.002742318,-0.0101646269,0.0122589795,0.0044878051,0.0119381286
6.4028491974,-0.0032155861,0.0022094571,-0.0071600159,0.0122831874,0.0023363042,0.007691652
6.4128460884,0.0026195894,0.0022824132,-0.0050681313,0.0144478045,-0.0008488365,0.0045041144
6.4229559898,0.0036016058,0.0052306973,-0.0098341191,0.0091208965,-0.0019913325,-0.0008038318
6.4328589439,0.0036609422,0.0023057186,-0.0117459381,-0.0025786366,-0.0063863471,-0.0082356492
6.4430508614,0.0086646629,0.0051632249,-0.0107678259,-0.0078751575,-0.0106899496,-0.010360918
6.4531869888,0.0068345023,0.000220927,-0.0078921402,-0.0153668951,-0.0086401142,-0.0114197908
6.4631838799,0.0049557043,-0.005681721,-0.0050677736,-0.0101466216,0.0030911104,-0.0092913928
6.4732217789,0.0020747732,-0.0028384007,-0.0051753004,-0.0101024136,-0.0011321304,-0.0061081164
6.4833168983,-0.0047177421,-0.0058211363,-0.004320689,-0.014325547,-0.0054073026,-0.0050465805
6.4934549332,-0.0037040163,-0.011696008,0.0004782001,-0.0174923092,-0.0085836556,0.0002616323
6.5034542084,-0.0066041099,-0.0088783177,-0.0026211818,-0.0249927305,-0.005452177,0.0023888322
6.5135622025,-0.0056363093,-0.0089569958,-0.002811261,-0.0271376409,-0.0044098157,0.0023898976
6.5235881805,-0.0066663371,-0.0119238766,0.0018743793,-0.0239591338,-0.0022379414,0.0055744387
6.5337290764,-0.009685074,-0.0090488466,0.0036249678,-0.0176298637,0.0052588573,0.0077001741
6.5437269211,-0.0078577148,-0.0100184353,0.0044590752,-0.0155125447,0.0074264039,0.011948715
6.5538630486,-0.0069465088,-0.0022855676,0.002323858,-0.0165423881,0.0031038271,0.0013288276
6.5638608932,-0.0098746764,0.0073781335,0.000213019,-0.0143678645,-0.0011420504,-0.0018595088
6.5739622116,0.0038508426,0.0073123896,0.0001330296,-0.0207818225,-0.0001438977,-0.0029191808
6.5839967728,-0.000976478,-0.0005969679,-0.006868728,-0.0282013603,-0.0055344692,-0.0061058523
6.5941419601,-0.0048101591,-0.007523743,-0.0089860046,-0.0174858663,-0.0096644992,-0.0029252393
6.6041307449,-0.0086890208,-0.0055838502,-0.0051283916,0.0049551548,-0.0126301954,0.0002521782
6.6142668724,-0.0106113004,-0.0055466569,-0.0020774086,0.0124250548,-0.0125649478,0.0002503139
6.6242628098,-0.0096193301,0.0022933804,0.0029072682,0.0060222559,-0.0126137501,0.0013135144
6.6343708038,-0.0066880928,0.0081563322,-0.0009020051,0.00918689,-0.0082656071,0.0129946712
6.6443967819,-0.0048001753,0.0062888586,-0.0017735441,0.0059873681,-0.0082942359,0.0129961362
6.6545348167,-0.0068308758,-0.0043604053,-0.0027120193,-0.0046423739,-0.0126453079,0.0108730644
6.6645317078,-0.0049411999,-0.0092095407,-0.0046622832,-0.0152698504,-0.016954504,0.0151204737
6.6746788025,-0.0020703126,0.0043932521,-0.0066962917,-0.0195815079,-0.0127546983,0.0140618673
6.6846680641,-0.0021292914,-0.0014694012,-0.005862542,-0.0291610584,-0.0149475448,0.0161876008
6.6948189735,0.0007490765,-0.0024684942,-0.0021002372,-0.0227375142,-0.0170205496,0.0151231363
6.7048039436,-0.0022199501,0.005279752,-0.0041897972,-0.0206057876,-0.0170223471,0.0119368639
6.7149391174,-0.0022255231,-0.000600425,-0.0071932753,-0.0205541216,-0.0223481357,0.008748794
6.7249298096,-0.0002549041,-0.0006387508,-0.0082237208,-0.019433517,-0.0276510231,0.0076843286
6.735077858,0.0027108144,0.0003012145,-0.0073085506,-0.0194532238,-0.0255082436,0.0108708004
6.7450380325,0.0036938142,-0.002606479,-0.006293722,0.0008099433,-0.0242837891,0.0087424684
6.7551908493,0.0017439674,0.0032794201,-0.0061723669,0.0103949271,-0.0220501963,0.0129883466
6.7651820183,0.0026648294,0.0091999499,-0.0050633033,0.0060306722,-0.0125242677,0.0151174767
6.7753458023,0.0006188999,0.0015094006,-0.0030207117,0.0069790236,-0.0008646823,0.011937663
6.7853450775,-0.0004734744,0.0122805564,-0.002030917,0.0047364021,0.009720251,0.0108812535
6.7954821587,-0.0006006111,0.0045591318,-0.0020170887,0.0035941722,0.0171310306,0.0098234462
6.8054790497,0.0031756412,0.0036232197,-0.0030289371,-0.0017442936,0.0170427468,0.0034540966
6.8156147003,0.0011668156,-0.0012477315,-0.004094847,-0.0081305532,0.0148024941,-0.0061015915
6.825633049,0.0031300734,0.0016167485,-0.005175062,-0.0059616221,0.0116086993,-0.010349201
6.8357081413,0.0012617956,0.0073682987,-0.0072090705,-0.0016435729,0.0062924963,-0.0177855454
6.845746994,0.0043273224,0.0024473988,-0.0091392482,0.000605572,-0.0053448519,-0.0156695303
6.8558859825,0.0015637528,0.0033390247,-0.0130037749,0.0048740869,-0.0053075673,-0.0156705957
6.8658847809,-0.0012702991,-0.0005396283,-0.0099734748,0.0156179182,-0.0114980843,-0.0029340279
6.8759908676,-0.0042411434,0.0015454018,0.0009615342,0.0305534583,-0.0102234967,0.0098044043
6.8860268593,-0.0102019059,0.0017327988,0.0051730196,0.043305818,-0.004778198,0.0140503487
6.8960728645,-0.013289039,0.0029990398,0.0095367944,0.0645445287,0.0060528787,0.0193593595
6.9061541557,-0.0154473828,0.0120632378,0.0080621159,0.0645133108,0.0092356224,0.019361224
6.9162659645,-0.0068110274,0.0026392662,0.0086148893,0.0581291839,0.0070230681,0.014052745
6.926243782,-0.0020397652,0.0038568699,0.000320069,0.0580860935,0.0112459091,0.0108698681
6.9363651276,-0.0021305431,0.0069930279,-0.0051002582,0.05061353,0.0111460406,0.0055627208
6.9464240074,0.0036705683,-0.0054736412,-0.0018071017,0.0324766338,0.0098861661,-0.00080523
6.956510067,0.0007518779,-0.0054197586,-0.0036407192,0.0111628231,0.0064751897,-0.0071723154
6.966591835,-0.0060428428,-0.001566676,-0.0027187546,-0.0047891662,0.0010297572,-0.0071703847
6.9766359329,-0.0049931156,-0.0064940727,0.0001203934,-0.0111711659,-0.0011551001,-0.0082316548
6.9867811203,-0.0088244425,-0.0066059506,-0.0010284861,-0.0271748453,-0.0012676185,-0.0039800508
6.9967927933,-0.0048887776,-0.0135265859,-0.0002667984,-0.0229047351,-0.0012095615,-0.0007957093
7.0068597794,-0.0009333242,-0.0029359735,-0.0004706462,-0.0282226652,-0.0034124621,-0.0061047869
7.0168638229,-0.0028414775,0.0076023662,0.0011420766,-0.0452860743,-0.0046226028,-0.0061010588
7.0270299911,0.0031036984,-0.0013366616,0.0017948668,-0.0442502871,-0.0014447188,-0.0082227327
7.0370292664,0.0021766375,-0.0044092811,0.002481095,-0.0251069535,0.0050752321,-0.0103479354
7.0471539497,-0.0017039527,0.000369581,0.0071603577,-0.0070173005,0.010573661,-0.005041121
7.0571641922,0.0031734358,0.0061918818,0.0080793416,0.0025229417,0.0170235708,-0.005040322
7.0673007965,0.0021344374,0.0013258778,0.0080306446,0.0014254004,0.0202322807,0.0002701544
7.0772981644,0.003032739,0.0023405277,0.0099495566,0.0121084042,0.0192783363,0.0023905635
7.087433815,0.0049221171,0.0043530189,0.0090566194,0.0185526423,0.0150977727,0.0034480379
7.0974349976,0.0028690051,0.0092574684,0.0032411139,0.0068472503,0.0118260793,0.0055729742
7.1075382233,-0.0011071016,-0.0033560074,-0.0016225657,0.00370155,0.0064922338,0.0055719754
7.117579937,-0.0002405096,0.0015571439,-0.0045344313,0.0090526398,0.005540153,0.0151263326
7.1277070045,-0.001356994,-0.0041990555,-0.0074190577,0.0048404783,0.0002180925,0.0183106735
7.1376919746,0.0014013599,-0.0079807313,-0.0054081758,0.0048942743,-0.00508,0.0193698127
7.1478438377,-0.0036260833,0.0018258416,-0.0024855216,0.0006655734,-0.0093602994,0.0193677489
7.1578502655,-0.0056912648,0.0018970096,0.0004497091,-0.006711117,-0.019009199,0.0140558081
7.1679778099,-0.0037678529,0.0038239085,0.0013682167,-0.0215993039,-0.0244512353,0.0129946712
7.1779799461,-0.0047705518,0.0066984021,0.0021743099,-0.0312135816,-0.0234671962,0.014059403
7.1881151199,-0.0087256776,-0.010856119,0.0020472328,-0.0217036195,-0.0138348769,0.0140624
7.1981110573,-0.0078533338,-0.009857622,0.0019823234,-0.0026007667,-0.0030432146,0.0161865372
7.2082490921,-0.0080204355,0.0067372047,0.0009689251,0.0004850375,0.0086765578,0.0193770044
7.2182650566,-0.0062486278,0.0077981674,0.0009596268,0.0025958596,0.0107895099,0.0151303271
7.2283687592,-0.0054555284,0.0030296766,0.0038947384,0.0090093631,0.009763062,0.0119433887
7.2383551598,-0.0045959698,0.0050529563,0.0010291259,0.006907064,0.0065614092,0.0119423233
7.2484607697,-0.0017629613,0.0011887872,-0.0058040102,-0.0037385235,0.00326608,0.0087563172
7.2585158348,0.0011313211,0.0021404349,-0.0087967599,-0.0111674098,-0.0010639534,0.005570644
7.2685871124,0.0011222314,-0.001754371,-0.0107703889,-0.0046532638,-0.0116197914,0.0055654505
7.2786502838,0.0060256971,-0.0085503729,-0.008742162,0.0007329788,-0.0169128235,0.0002524444
7.288766861,-0.0026929129,0.0001970255,-0.0067635854,0.0018389355,-0.021181738,-0.0050593633
7.2987852097,-0.0006088067,0.0021345937,-0.0047005494,0.0050419187,-0.0211330038,-0.0018747554
7.3088879585,-0.0015097309,-0.0017355955,-0.0026159962,0.0050776592,-0.0242817905,0.0034330576
7.3189067841,-0.0034447659,-0.00657138,0.0003881375,-0.0003416073,-0.0158195961,0.006624057
7.3290338516,0.0004315328,-0.012354699,0.0014509478,0.0059734401,-0.0072534066,0.0098106628
7.3391089439,-0.0035401036,0.0023020231,0.001491479,0.0080315303,0.0001714872,0.0066284514
7.3492040634,-0.0006309499,0.0042632543,-0.0014092406,-0.005884178,0.0042589065,0.0013258315
7.359205246,0.0012810479,0.0051932656,-0.0015266618,-0.0155224241,0.0073303301,-0.0029173831
7.3693218231,0.00030079,0.0070624077,-0.0026995619,-0.0230123512,0.009393747,-0.0018523848
7.3793358803,-0.0016656865,0.0001560771,-0.0039067944,-0.0294050053,0.008269893,-0.0029131218
7.3894610405,-0.0065347301,-0.0038774884,-0.005175062,-0.0304102413,0.0018881606,-0.0039783865
7.3994898796,-0.0084493505,-0.0098364623,-0.0053982814,-0.030293595,-0.0097898012,-0.0050460473
7.409526825,-0.0044590877,-0.0080190571,-0.0065597375,-0.0259905644,-0.0129222106,-0.0029245734
7.4196100235,-0.0033931185,-0.0090883644,-0.0076848944,-0.0227700062,-0.0150439516,-0.0071736472
7.4296960831,-0.0032614518,0.0043746554,-0.005955406,-0.0355795398,-0.015182835,-0.0114183258
7.4397268295,-0.0040887343,0.0061322772,-0.0023309072,-0.0388144851,-0.0120485611,-0.0146013359
7.4498128891,-0.0049340175,0.0059610927,-0.0025943597,-0.0260931756,-0.0034134605,-0.0092918593
7.4598789215,-0.004921739,6.60741e-05,-0.0036944826,-0.0080409385,0.006384043,0.0045118378
7.4699168205,0.0008637558,-0.0067223585,0.0001638452,-0.0059760567,0.0138349682,0.0055785002
7.4800629616,-0.005104457,0.0020200931,-0.001907893,-0.0017171297,0.0149471033,0.007701572
7.4901018143,-0.0042807208,0.0069597685,0.0009673158,0.0088583883,0.0246106517,0.0108885774
7.500166893,-0.0025603522,0.0080241887,-0.0009923062,0.0088077886,0.0299502891,0.0162002519
7.5102210045,-0.0057171332,-0.0054984963,-0.0039215763,0.011016801,0.0225418396,0.0161960572
7.5202741623,-2.20884e-05,-0.006379155,-0.0087553943,0.0153034246,0.0204155724,0.0098231127
7.5303249359,-0.0011101712,-0.0004888451,-0.0116480077,0.0121838506,0.0118652275,0.0045103729
7.540389061,0.0007962834,0.0034436905,-0.0106279338,0.0016276129,7.3283e-05,0.0002599679
7.5504951477,-0.0021058072,0.0014967644,-0.0086801732,-0.0036906116,-0.0021508562,-0.0082340511
7.5605649948,-0.0020332683,0.0014669024,-0.0038185795,-0.0026463866,-4.03009e-05,-0.0114186592
7.5705981255,-0.0019506861,0.0004682863,-0.0008657058,0.0112382164,-0.0009734726,-0.0103605855
7.5807061195,-0.001854067,0.0043502771,-0.0036903103,0.014471028,-0.0041354438,-0.0114247845
7.590775013,0.0002399038,-0.0073234118,-0.0074123819,0.0091992728,-0.0105409455,-0.0103650456
7.6008410454,-0.0015812565,-0.0063551343,-0.0101941312,0.0166899469,-0.0126046287,-0.0114297774
7.610918045,-0.0014484872,0.0014583194,-0.0051244576,0.0187798347,-0.0083698034,-0.015675256
7.6209769249,-0.0061998414,0.0121594993,0.002783231,0.0070414203,-0.0084723355,-0.0156723261
7.6310148239,-0.0050960528,0.0102038113,0.0058134119,0.0144182974,0.0011764973,-0.0103603192
7.6411132812,-0.0070486711,0.005382868,0.0068793218,0.0154065965,0.0097569358,0.0023853034
7.651304245,-0.0110587524,-0.005204407,0.0041002552,0.0334407501,0.020561181,0.0076939822
7.6612358093,-0.0043708431,0.0017652237,0.0013993302,0.0419596694,0.0227993019,0.0140637308
7.6713037491,-0.0055316435,0.0107361404,0.0026280801,0.0398458913,0.02063049,0.0098164547
7.6814169884,0.0011853825,0.000189873,-1.06772e-05,0.0334846675,0.0163167007,0.0076923175
7.691614151,0.0069390489,0.0002999628,-0.0057035764,0.0164440032,0.0129982699,0.0098187188
7.7015490532,0.0048844172,0.0081506697,-0.0095458115,0.0165079199,0.0066322489,0.0098155225
7.7116179466,0.0106920553,0.0033824169,-0.0064507206,0.0187169313,-0.000826,0.0023800437
7.7216868401,0.0077777756,0.0063556754,-0.0072909673,0.0176796317,-0.004046028,-0.0018684971
7.731924057,0.0039173616,0.0112641184,-0.0042303284,0.0197876282,-0.0019249532,-0.0050545698
7.7417731285,5.48016e-05,0.0152376024,0.0047139446,0.0272122547,0.0023496863,-0.0103633152
7.7518539429,-0.0037990857,0.0143268434,0.0097563183,0.0260396935,0.012957124,-0.0092957206
7.7618899345,-0.0077126073,0.0076103532,0.0148331439,0.0376928858,0.0215476826,-0.0092943888
7.7721920013,-0.0019074131,0.0087331859,0.0160817429,0.042977158,0.0269413162,-0.0029227093
7.7820248604,0.000948454,0.0098226396,0.0133608496,0.0312067848,0.0300217941,-0.0029181822
7.7921247482,-0.0011331488,0.003114196,0.009583286,0.028050486,0.0257845055,0.0023894315
7.8021602631,0.0036261331,-0.0035419739,0.0088233268,0.0398672,0.0185084827,0.0098153893
7.8124551773,0.008395697,-0.0004521286,-0.0006372412,0.0388738923,0.0110724047,0.0098116612
7.8222942352,0.0093190027,-0.0003347075,-0.0071990569,0.0315078571,0.0003625023,0.0044991877
7.8323950768,0.0053676916,0.0027108514,-0.0020996411,0.0273508988,-0.0102866124,0.0044967243
7.8424291611,0.0034275304,0.0076926672,0.003984801,0.0220988803,-0.0188420173,0.0013083877
7.8525810242,-0.0063224183,0.0068014585,0.0070784013,0.0124907019,-0.0188960135,0.0055557969
7.8625349998,-0.0082704769,0.0009981119,0.0071763913,0.0039121276,-0.0147127202,0.0076836627
7.8726320267,-0.0152047621,0.0029965364,0.0100865876,-0.005840716,0.0011856188,0.0183141362
7.8827319145,-0.0135270404,0.0031180703,0.0158499405,-0.002718159,0.0097846994,0.031059226
7.8925471306,-0.0119294273,-0.0045202649,0.0187255666,-0.0006945822,0.0204290878,0.0331857614
7.9029040337,-0.0161705073,-0.004388181,0.0147507703,0.0046703555,0.017258063,0.0278738197
7.912899971,-0.0027950157,-0.0052530444,0.0098552024,-0.0038437182,0.0150680114,0.0289370846
7.923017025,-0.0001114954,0.0006340468,0.0028943936,-0.0165443309,0.0043253526,0.0257495474
7.9327569008,0.0046023084,-0.0042205132,-0.001140662,-0.0271138065,-0.0064117811,0.0204371419
7.9431028366,0.0094314469,-0.0091517242,-0.0091103399,-0.0280792043,-0.0170934536,0.0108758602
7.9531888962,0.0035853933,-0.0092447074,-0.0102469409,-0.0226359665,-0.0276928339,0.0055615222
7.9632720947,0.0046516312,-0.0034594811,-0.0073666056,-0.0140584577,-0.0318899751,0.0013100524
7.9732151031,-0.004981284,0.0051986896,-0.0074566682,-0.0183397308,-0.0309010763,-0.003997162
7.9833612442,-0.0097335028,0.0022222125,0.0022471468,-0.009846908,-0.0266032685,-0.0071825688
7.993437767,-0.0066923546,-0.0016622222,0.0091692125,0.0082532391,-0.0221728999,-0.002937956
8.0035448074,-0.0056124078,-0.0016519106,0.0044573466,0.0092995949,-0.0200346485,-0.0018753547
8.0134916306,-0.0084393965,-0.0045817769,-0.0032088836,0.0028869165,-0.0190298371,-0.0018729578
8.0236434937,-0.0063902484,-0.0045715845,-0.0040406664,0.005051001,-0.0222219024,-0.0061222976
8.0337553024,-0.0092626559,-0.0055161989,0.0019065061,-0.0014226381,-0.0147952121,0.0023772474
8.0437774658,-0.0121970819,-0.0152048739,0.0029460709,0.0027931454,-0.0094459867,0.0034406479
8.0538311005,-0.011206721,-0.0073877252,0.0069169919,0.0080959536,-0.0062302863,0.0013173759
8.0639152527,-0.0062964605,0.0042711818,-0.0018231948,-0.0036840076,-0.0020749562,0.0034460407
8.0740499496,-0.0013894786,-0.0026026047,-0.0087061608,-0.0101214005,0.0010175066,-0.0018597752
8.0840482712,-0.0023876179,-0.0084728273,-0.0087915147,-0.0069301343,0.0021133975,-0.0007982393
8.094037056,-0.0023690809,-0.0007190382,-0.0040172418,-0.0133225471,0.0009752291,-0.0039821151
8.1041841507,-0.0062629925,0.0030942881,-0.0012635668,-0.0218366738,-0.0012005735,-0.0007956425
8.1143198013,-0.0052543925,0.0010920488,-0.0013743718,-0.0068125557,-0.009564897,-0.0018655675
8.1243515015,-0.001259302,-0.0057549155,-0.0052129109,-0.0003682384,-0.0137668308,-0.0039929007
8.1342725754,-0.0031234373,-0.0067658103,-0.0100405896,0.0018177107,-0.019031303,-0.0008118212
8.144452095,-0.0020349373,-0.0057415045,-0.0069132526,0.0210771598,-0.0241962373,-0.0050664875
8.154589653,0.0010630141,0.0011302554,-0.0017439803,0.0190908927,-0.0391112044,-0.011443493
8.1645841599,0.0013578187,0.0040570223,-0.0013910016,0.0202384479,-0.0476522297,-0.021004241
8.1745681763,0.0076022996,0.0049946629,-0.0058898409,0.0148707144,-0.0445300043,-0.0231245831
8.1847906113,0.0021243941,0.0058991634,-0.0056293686,0.0148371588,-0.0413677655,-0.0263083912
8.1947879791,0.0014667164,-0.0077299154,0.0014950554,0.0200608969,-0.029616436,-0.0209939219
8.2049274445,-0.0012486328,-0.0038293279,0.0046673338,0.018880317,-0.0179062504,-0.0135551803
8.214838028,-0.004015361,-0.0018566526,0.0068276445,0.0134758586,-0.011570856,-0.0114291795
8.225063324,0.001972134,-0.0076988614,0.0040560286,-0.0014495617,-0.0127138849,-0.0039933664
8.235039711,0.0049629165,-0.0067780889,-0.0027561863,-0.0099908523,-0.0116941603,0.0013196396
8.2451019287,0.0030318152,-0.0077974475,-0.0106082642,-0.0142891947,-0.0085207373,0.005569512
8.2549438477,0.0029974829,-0.0078425081,-0.0087940777,-0.0228677131,-0.0043516923,0.0055741724
8.2652816772,-0.0029463817,-0.0030057705,-0.0041369279,-0.0165475011,0.004226882,0.0108858477
8.2753124237,-0.0001757492,0.0106239645,0.0005660573,-0.0122688413,0.0032389159,0.0161921289
8.2854661942,-0.0022384573,0.0115713803,-0.0005771597,-0.0207558013,-0.0021822148,0.0098207826
8.2953672409,-0.002259766,0.0056820833,-0.0045952876,-0.0132386293,-0.0074625304,0.0034444425
8.30560112,0.0006955515,0.0037086927,-0.0065674861,-0.0046382174,-0.0137609066,0.002377314
8.3156013489,-0.0012087871,0.0056575858,-0.0074986895,-0.0002722321,-0.0233016815,-0.0018744225
8.3257360458,-0.0001245786,0.0056469166,-0.0044748862,-0.001309,-0.0265147854,-0.0050611612
8.335641861,-0.0049021589,0.0134131638,0.002393953,-0.0045412257,-0.0233601369,-0.0050583649
8.3458747864,-0.0047989236,0.0036812746,0.0015185395,0.0049899612,-0.0158284511,-0.0018716262
8.3558692932,-0.0067172991,0.0037079775,0.0064666192,0.0059505105,-0.0051948493,0.0002566389
8.3659534454,-0.010601555,0.0085758297,0.0055339257,-0.0004959377,-0.0010206106,-0.0018632374
8.3758945465,-0.0086490558,0.005636605,0.0035226862,-0.0123519851,0.0105694002,0.0013302257
8.3860855103,-0.004868065,0.0036598169,0.0033475677,-0.0240829401,0.0105638076,0.0161983874
8.3961706161,-0.0010843624,0.0064879381,-0.0028094728,-0.0454238132,0.0103696622,0.0151427109
8.4062042236,-0.0071006166,0.0034417831,-0.0100807631,-0.0507061929,0.0050180405,0.0151413791
8.4160861969,0.002539004,0.000361892,-0.0115414346,-0.0741926357,0.0058949529,0.0183329768
8.4263410568,0.0003823589,0.0011551701,-0.0073122461,-0.0698032156,-0.0056903297,0.0257586688
8.4364786148,0.0030783366,-0.0125509175,-0.0048611243,-0.0537995845,-0.0044138771,0.0374355651
8.4464759827,-0.0001392711,0.0078119361,-0.0072649796,-0.0483787209,-0.0128552988,0.0374299735
8.4564828873,-0.0042641209,0.0038849437,-0.0066472371,-0.0494040884,-0.0171296727,0.034242969
8.4666109085,0.000396515,0.0087310402,-0.005965658,-0.0397679731,-0.020228792,0.0342389755
8.4767503738,-0.0007979025,0.0194325764,-0.0013418277,-0.0333263464,-0.0244084243,0.0352955163
8.486743927,0.0019530307,0.0116946427,0.002411596,-0.0343418121,-0.0297435354,0.0321077108
8.4966192245,-0.0021061648,0.0126892058,-0.0006120285,-0.017319845,-0.0243040286,0.02998331
8.5068979263,-0.001343285,0.0118255941,-0.0015680274,-0.0045505203,-0.0198650714,0.0427238718
8.5169811249,-0.0006573547,0.0003377521,-0.0014382085,0.0018822383,-0.0230127946,0.039535135
8.527015686,-0.0048100697,-0.0043316758,-0.0032135327,0.0168220401,-0.0228822995,0.039531406
8.5369911194,0.0008378278,0.0007345998,-0.0058769067,0.0157608502,-0.0239865128,0.0342213996
8.547205925,-0.0013110091,0.0028637969,-0.006650575,0.0157272946,-0.0208242759,0.0310375877
8.557217598,-0.0034366597,-0.0057069934,-0.0015845974,0.0114153698,-0.0166528337,0.025732439
8.5673551559,0.0003444802,-0.0026732362,-0.0024305065,-0.0003555361,-0.0135792783,0.0246751644
8.5770769119,-0.0008052338,-0.0016383207,-0.0024886806,-0.0185828246,-0.0052636256,0.0225604121
8.5874910355,-0.0039010991,-0.0055185831,0.0002453843,-0.024004221,0.0031708721,0.0215042029
8.597486496,-0.0021676768,-0.0016300357,0.0039028446,-0.0261839107,0.007404366,0.0225674715
8.607626915,0.0005643319,0.0012682998,-0.000262328,-0.0336436927,0.0062711909,0.0215070006
8.6175317764,0.0013311456,-0.0046264208,-0.0093357051,-0.0357760563,0.0062945602,0.0278778803
8.6277694702,0.0099194897,-0.0046455539,-0.0144754732,-0.034690287,0.0041472535,0.0225675367
8.6377639771,-6.01162e-05,-0.004683224,-0.0099302018,-0.0346130542,-0.0032949501,0.0204415359
8.6478881836,-0.000265931,-0.0056581176,-0.0033724387,-0.0334905311,-0.0085629486,0.0246858168
8.6577959061,-0.0013860215,0.0020972812,0.0002462188,-0.0409201384,-0.0128998403,0.0204382744
8.6679954529,-0.0083753215,-0.0047790087,0.0028600018,-0.0409845859,-0.0065407446,0.0193796661
8.6780261993,-0.0036452163,-0.0067605651,0.0045389454,-0.0260975435,-0.0010911841,0.0215020068
8.6880979538,-0.0106656896,-0.0008924878,0.0053490321,-0.0111375032,-0.0030965444,0.0193736088
8.6979665756,-0.0039487528,-0.0067130602,-0.0005270918,-0.0121738985,-0.0063097812,0.0161870029
8.7082300186,-0.0030228246,0.0020302259,-0.0093728388,-0.0131898932,-0.0116518158,0.0119373966
8.7183675766,-0.0030563225,-0.0018580831,-0.0113424743,-0.0120802345,-0.0159149375,0.0076885228
8.7283477783,-0.0030660082,-0.011577812,-0.008408376,-0.0046438901,-0.0126874531,0.0045028497
8.7382297516,-0.0069658505,-0.0057473457,-0.0084107006,-0.0056909919,-0.0148254381,0.003439982
8.748497963,-0.0098468708,-0.00285509,-0.0103597129,-0.0068039279,-0.0106322924,-0.0029284351
8.7586202621,-0.0048897313,-0.004850415,-0.0104097212,-0.0132724512,-0.004328656,-0.0039859097
8.7686519623,-0.0048482763,0.0018825256,-0.0085914219,-0.014413083,0.0031028951,-0.0018583105
8.7785110474,-0.0078436183,-0.0010857857,-0.0087872827,-0.0209156983,0.0137115307,0.0066438979
8.7887678146,-0.0089432942,-0.0079237493,-0.0031595309,-0.0209700279,0.0190026984,0.0045229564
8.7989063263,-0.0090184258,-0.0138266357,-0.0043763001,-0.0273770057,0.0189269334,0.0013382152
8.8089027405,-0.002241974,-0.004234401,-0.0096047008,-0.0423706025,0.0240945313,0.0002828045
8.818769455,-0.0023296822,0.0014366829,-0.0091062272,-0.050809443,0.0144985616,0.004527417
8.8290214539,-0.000445341,-0.0074512041,-0.0065930565,-0.0412180647,0.0156157576,0.0002783437
8.8391799927,-0.0024575938,-0.0163286608,-0.0088557089,-0.0251020305,0.005151731,0.0013315573
8.8491840363,0.0004716169,-0.0125183137,-0.010001489,-0.0133311218,0.0020781772,0.0023888322
8.8591527939,-0.0004864384,-0.002827493,-0.0120331729,-0.0079085268,-0.0063780919,0.0002606336
8.8693580627,-0.0014004756,-0.0038112081,-0.0090822661,0.0050003482,-0.0169178173,-0.0061187022
8.8792095184,0.0006680738,0.0010690414,-0.0050306995,0.0166933555,-0.0125702741,-0.0061205002
8.889330864,0.002704079,0.0020768368,-0.0087201083,0.0155948019,-0.0093896613,-0.0050568338
8.8993606567,-0.0001314033,-0.0075863875,-0.0065490087,0.0229880027,-0.0019250868,-0.0093021784
8.9096183777,-0.0010650207,-0.0055865324,-0.0034604748,0.0260397457,0.0129428757,-0.0114189256
8.9196777344,-0.0059058713,-0.0074945963,-0.0033063968,0.0270283651,0.0203379411,-0.017786542
8.9297266006,-0.0038855423,-0.0064920462,-0.0002405127,0.0279884338,0.0309503712,-0.0188432857
8.9397411346,-0.001869743,-0.0006602085,-0.0031095822,0.0150737017,0.0414139293,-0.0241437741
8.9498510361,-0.0057115899,-0.007544545,-0.0041777571,0.0001312373,0.0412488133,-0.0294490587
8.9599237442,-0.0036282588,-0.0115838917,-0.0043744524,-0.0105386907,0.0411408916,-0.0315691344
8.9699668884,-0.0025059034,-0.0098414095,-0.0085838521,-0.0243810043,0.0378159359,-0.0347526781
8.9799499512,-0.0052976059,-0.0110644372,-0.0099569047,-0.0339759737,0.0366644487,-0.0358129479
8.9901447296,-0.0081063854,-0.0064496673,-0.0026562889,-0.0350612104,0.0388186797,-0.0294408016
9.0001964569,-0.0070418464,-0.0047188676,0.0037307064,-0.0286532715,0.0378369056,-0.0262600575
9.0102787018,-0.0089633809,-6.16586e-05,0.0033153812,-0.0297166742,0.0378760546,-0.0188271739
9.0202322006,-0.0089295553,-0.0011962331,0.0049039642,-0.0200565867,0.0326397456,-0.0209545065
9.03038311,-0.0088565992,-0.0120011838,0.0066671292,-0.0029297993,0.027476944,-0.0220232345
9.0404834747,-0.007788633,-0.0101537975,0.0065606157,-0.0017570769,0.0168765653,-0.0220291596
9.0505619049,-0.0027316262,-0.0083245309,0.0026129405,-0.0059867101,0.0125467973,-0.0294628404
9.0605754852,0.0043460382,0.0022182786,0.0025129239,-0.0133844921,0.0050127143,-0.0358352512
9.0706710815,0.0036909531,0.0029779398,0.0052876989,-0.0165240914,-0.0014089658,-0.0400848575
9.0807619095,0.003063048,-0.0011261976,0.0100366389,-0.0111657856,-0.0034990814,-0.042209994
9.0908298492,0.0014558982,-0.0022964752,0.0090187704,-0.0079212571,-0.0077082068,-0.0411511213
9.1007509232,-0.00109226,-0.000579623,0.004071645,-0.011200035,-0.0003010242,-0.04008599
9.1109085083,-0.0036974598,-0.0075963414,0.0029699723,-0.0134077948,0.0071212053,-0.0379581228
9.121175766,-0.0005244066,-0.0029168404,0.0076709311,-0.0241254196,0.0123732258,-0.031580653
9.1310758591,-0.0032647003,0.0007483089,0.0112506663,-0.0358521193,0.0112235388,-0.0294546504
9.1409883499,-0.0030781378,-0.002424804,0.0089012897,-0.0465615131,0.0154154208,-0.0230785776
9.1510438919,-1.40418e-05,0.0001999462,0.0035250108,-0.0518960916,0.0153826643,-0.0209536403
9.1610498428,-0.0008905579,-0.0010621226,-0.0018795212,-0.0518882871,0.0143369073,-0.0188319683
9.1713380814,0.0041231764,0.0025710189,-0.0071890433,-0.0432963967,0.0091272313,-0.0156513546
9.1815061569,0.0022576402,0.0091759292,-0.0095306123,-0.0400814302,0.0081073744,-0.0135284159
9.192489624,0.0033135961,0.0157846529,-0.0070054014,-0.040028166,0.0028023571,-0.0135310786
9.2014942169,0.0014375101,0.0204876978,-0.0053685387,-0.0303787366,-0.0013231456,-0.0082265949
9.2117195129,0.0005353342,0.0184165556,-0.0016903956,-0.0228550397,-0.0065559903,-0.0071693193
9.2214345932,0.0006185125,0.0134584038,-0.0008364996,-0.0153128328,-0.0139098438,-0.0061141085
9.2318096161,0.0026861678,0.0153689114,-0.0008236846,0.000715402,-0.0158920344,-0.0061191684
9.2417821884,0.0007909189,0.0182836968,-0.0036503752,0.0102731399,-0.0104415426,0.0034380511
9.2539396286,0.000806893,0.0193074662,-0.00740815,0.0155762928,-0.0072188517,0.0023765152
9.2617425919,-0.0011399735,0.0125527708,-0.0062867482,0.0123501401,-0.0051449146,-0.0008076933
9.272687912,-0.0040666806,0.0067731463,-0.0022793491,0.0059484337,-0.0051869927,0.0013175092
9.2827157974,-0.0040568458,0.0077649676,-0.0002940377,0.0047884397,0.0043445276,0.0002620318
9.292804718,-0.007005875,0.0077408277,-0.0003559073,-0.0091705192,0.0126975328,-0.0018538496
9.3023233414,-0.0060704695,0.0047422969,-0.0006021341,-0.0284565464,0.0199507847,-0.002908062
9.3122615814,-0.0080763446,0.0084685413,0.0038319747,-0.0454991795,0.0166117139,-0.0039672013
9.3222484589,-0.0012552787,0.0024946057,0.0044240276,-0.0359275639,0.0198859368,-0.0029065972
9.3322439194,-0.0032410671,0.009126517,-0.003783532,-0.0401854254,0.0187876504,-0.0029060645
9.3422498703,-0.0032611836,0.0031302893,-0.0071004708,-0.0347920991,0.0135418866,-0.0007852564
9.3523931503,-0.0043008374,0.0030384385,-0.009344765,-0.0219940133,0.0147562884,0.0055828942
9.3625192642,-0.0034021486,0.0107803671,-0.006615587,-0.0102041718,0.0095473453,0.0045150332
9.3725242615,-0.0024875749,0.0088351099,-0.0018192014,-0.001624532,0.0053779003,0.0045107724
9.3824996948,-0.0025254835,0.0137275783,-0.0008267244,0.0080577098,-0.0019593746,0.0055675148
9.392665863,-0.0025683392,0.0147585003,-0.0026630838,0.0229985751,-0.0018150313,0.0076873908
9.4027709961,0.0012602459,0.0149310557,-0.0013859352,0.0400532745,0.0004838759,0.0119313374
9.412820816,0.0041203154,0.0131575791,-0.0010405262,0.0379072987,0.0015123887,0.0098087993
9.4227819443,-0.0018760909,0.0104416935,0.0021719257,0.0358154662,-0.0027003994,0.0172384176
9.4329328537,0.0038820754,0.006766709,0.0044984142,0.0369156152,-0.0058602393,0.0193601586
9.4430484772,0.0047205342,-0.0008307374,-0.0029494842,0.0358215906,-0.0026456716,0.0257335044
9.4530601501,0.0016092907,-0.0055049337,-0.0085251415,0.0251817293,-0.0059288163,0.0246727671
9.4630460739,-0.0005392481,-0.0101604136,-0.0034015258,0.0273248274,-0.0069847591,0.0225478299
9.473195076,-0.0055894898,-0.0022013462,0.000703148,0.0209534802,-0.0102306204,0.021486029
9.4833097458,-0.0077131437,0.0028032386,0.0056652348,-0.0004628878,-0.0029974082,0.0204337463
9.4933414459,-0.0088849412,-0.0048927343,0.0124259507,-0.0143776378,0.0011323557,0.0215011407
9.5033063889,-0.0090864347,-0.0077743209,0.0103552854,-0.0069622789,0.0064959619,0.0204398707
9.513466835,-0.0004431952,5.25439e-05,0.0054424326,-0.0026628729,0.0033363877,0.0183136035
9.523692131,0.0013969194,0.0039636218,-0.0014236053,-0.0027233791,0.0085870763,0.0098207826
9.5337657928,0.0032394778,0.0020646178,-0.0004669508,0.0015781587,0.0054551987,0.0119417245
9.5435647964,0.0041243685,0.0001909459,-0.000420638,0.0112225041,0.0012461392,0.0045050466
9.5539417267,-0.0017933,-0.0016838587,0.0016169468,0.0144345434,0.0002130989,0.0045037149
9.5639686584,0.0011107575,-0.0045305169,0.0046926062,0.0176366735,0.0002407958,0.0045031821
9.5741043091,-0.0018767465,0.004322859,0.0077512781,0.0272520166,-0.0007293939,0.0055620549
9.5839967728,-0.0038909961,0.0034948313,0.0099508679,0.0378590412,0.0057228459,0.004500852
9.5942344666,-0.0029887308,-0.0002438104,0.0121929562,0.0367503688,0.0099713868,0.0066268537
9.6042385101,-0.0089562582,0.0028350675,0.0143604195,0.0303487405,0.0099079376,0.0055672484
9.6143388748,-0.0060901688,0.003937515,0.0107110059,0.0357477665,0.0035815984,0.0045009186
9.6242904663,-0.005154823,-0.0027492321,0.0032152454,0.0336769708,-0.002781559,0.0076829297
9.6345090866,-0.0002891172,-0.0084629925,-0.0013700208,0.0240930542,-0.0050013037,0.005560657
9.6445016861,0.0016371261,-0.0112753781,-0.0011462052,0.0166415311,-0.0072017405,0.0034371857
9.6546154022,0.0006578814,-0.003425268,0.0038443129,0.0113037564,-0.0072760433,-0.0008086922
9.6645545959,0.0016497325,-0.0024087704,0.009781233,0.0059811627,-0.0083773937,0.0002545749
9.6747102737,0.0026749622,-0.002434758,0.0097759878,-0.0111387027,-0.0043240618,-0.0061098477
9.6847810745,-0.0002065946,-0.0054520643,0.0096253073,-0.0250097215,-0.0044387113,-0.0050441837
9.6949148178,0.0008217345,-0.0074962652,0.0123467362,-0.0218525454,-0.0001875071,-0.0082282582
9.7048282623,-0.0030038108,-0.0114945443,0.0121870553,-0.0186267123,-0.0022755587,-0.0071673882
9.7150402069,-0.0059153186,-0.014500645,0.0139478361,-0.0176330842,0.0051746345,-0.005040322
9.7250366211,-0.0068634199,-0.0135929259,0.0157565996,-0.0070007341,0.0084248893,-0.0092903273
9.7351303101,-0.0088062333,0.0038439357,0.0175402686,-0.010221296,0.0105466293,-0.0050412538
9.7450628281,-0.0048613297,0.0144597618,0.0183389708,-0.0154622896,0.0009300885,-0.0082299896
9.7553052902,-0.001846378,0.0026888573,0.0104731238,-0.0100408932,-0.0075044092,-0.0071737804
9.7653179169,0.0050983084,-0.0041704453,0.0056349556,-0.0014365129,-0.0137686292,-0.0029314312
9.7754535675,0.0002856802,-0.007098583,-0.0020597656,0.0093322452,-0.0232036784,0.0002465189
9.7853689194,0.0033236991,-0.0041154302,0.0011199634,0.0232973285,-0.0326516405,-0.0029478096
9.795583725,0.0024946581,0.0066482746,0.0033870856,0.0223564357,-0.0454137772,-0.0061393417
9.8055839539,0.0017327021,0.0105735986,0.0017270365,0.0137545578,-0.0391219892,-0.0061343485
9.8156862259,0.0019434344,0.0086327521,0.0010351458,0.0169532802,-0.0391286463,-0.0114441589
9.8256340027,-0.0037064005,0.0066814744,0.004159085,0.0083475672,-0.0317569487,-0.0082513615
9.8358106613,-0.00548846,0.0047244155,0.0081815636,0.0008116206,-0.0254838765,-0.0124935107
9.8458557129,-0.0082907723,0.0017656409,0.0131245768,-0.003531009,-0.01806584,-0.008242107
9.8559942245,-0.0062786089,0.0036841356,0.0130931651,-0.013244357,-0.0063748294,0.0076931836
9.8657684326,-0.0034349908,0.0017035329,0.0110081946,-0.0239760969,-8.19126e-05,0.0108851157
9.8760995865,-0.0074542807,0.0016367757,0.0068371813,-0.0356804207,-0.0033397577,0.0151336566
9.8861246109,-0.0007050682,-0.0052544749,0.0007395069,-0.0387975983,-0.0118340431,0.0183146689
9.8962001801,-0.0007730473,-0.0063207424,-0.0053743799,-0.0397709832,-0.0214200914,0.0140629318
9.9061794281,0.0002219628,-0.0025372184,-0.0114314044,-0.0375415199,-0.0309715848,0.0108725317
9.9163599014,0.0031907808,0.0051577413,-0.0106475437,-0.0331979059,-0.0383544005,0.01192954
9.9264097214,-0.0007105817,0.0129018752,-0.0039417823,-0.0234973654,-0.0478054956,0.0140457544
9.9365329742,0.004248525,0.0070659244,-0.0038579185,-0.0127504477,-0.05512546,0.0161629673
9.9464426041,0.0042713536,0.0109851686,-0.0134428227,0.0053213388,-0.0474777892,0.0257185232
9.9566001892,0.001299287,0.0072512948,-0.0112024033,0.0202920325,-0.0505441539,0.0235895924
9.9668159485,-0.0017265428,0.0065249526,-0.0039405902,0.0362468958,-0.0450712927,0.0278351363
9.9769077301,-0.0057231234,0.0096905557,-0.0015142043,0.0394253805,-0.0429420955,0.0246499963
9.9868268967,-0.0028383483,0.008937153,-0.0049001058,0.0329790935,-0.0387607962,0.0235917903
9.9969778061,-0.0068305181,0.0052672946,-0.0054727872,0.0339514129,-0.0291885976,0.025719922
10.0069360733,-0.004996215,0.0054862224,-0.0070517142,0.025341332,-0.0217939988,0.0320959948
10.0169897079,-0.0090997862,-0.0001567876,-0.0068252762,0.0114452234,-0.0198208634,0.027853312
10.0268802643,-0.0063136267,-0.0010271347,-0.0115745747,-0.0034818724,-0.0210130941,0.0278572403
10.0371208191,-0.0044743763,0.0029277527,-0.0154429758,-0.0098984931,-0.0200495627,0.0214885566
10.0471963882,0.0003244232,0.0029553496,-0.0174139217,-0.0205809399,-0.0190958176,0.0193683468
10.0574169159,-0.0007139493,0.0029406273,-0.0155803049,-0.0280199461,-0.022357922,0.0172450095
10.067234993,0.0002221118,0.0096949069,-0.0147844637,-0.034413103,-0.0234958269,0.014060868
10.0773391724,-0.0017708291,0.0164289195,-0.0121151889,-0.0407833867,-0.0267278384,0.0151226697
10.0874986649,0.0011501561,0.0085758893,-0.0064340313,-0.0321660638,-0.0351679921,0.0108680706
10.097612381,0.0021545838,0.0027196133,-0.0093828524,-0.0140195489,-0.0349402949,0.0214815661
10.1075191498,0.0020940255,0.0066593015,-0.0151437605,-0.0001606718,-0.0326642245,0.026789913
10.1178445816,6.9391e-06,-0.0029185093,-0.0130146826,0.0062000216,-0.0283573605,0.0278522484
10.1278095245,-0.0060538994,0.0040765726,-0.0050510843,0.0167971384,-0.0207945816,0.0342231281
10.1377878189,-0.0023826112,0.0092062084,0.0020773332,0.0316953957,-0.016406225,0.0363451354
10.1476984024,-0.0045818733,0.0094682304,0.001430563,0.029509766,-0.0111276396,0.0352873914
10.1579465866,-0.0048861848,0.0038950169,0.004625849,0.029427208,-0.0026049917,0.0406006649
10.1680812836,-0.0022783328,-0.0035603917,0.0011401097,0.0539390184,0.0007924697,0.0405960716
10.1781158447,-0.0025990654,0.0084491698,-0.0013710936,0.0464882962,-0.0014224814,0.0363496616
10.1879167557,0.0010603021,-0.001035837,-0.0068683107,0.0304974783,-0.0037393651,0.0278578401
10.1982154846,0.0008099924,-0.0046847737,-0.0085308636,0.0326114967,-0.0015848677,0.0299819782
10.2083520889,-0.0003771831,-0.0064012683,-0.0063209613,0.0262585785,-0.0069801658,0.0246716347
10.2183599472,-0.0044753896,-0.0139792832,-0.0021625836,0.0284237284,-0.0101583824,0.0225458983
10.2284078598,-0.003637885,-0.0089272531,-0.0019103964,0.0273764133,-0.0122891776,0.0225445684
10.2384738922,-0.0027845253,-0.0058550513,-0.001704224,0.0166832898,-0.0102673052,0.0214864928
10.248544693,-0.0009824086,-0.0066812909,-0.0015145025,0.0134751387,-0.0092285387,0.022550825
10.2586069107,-0.0020876278,-0.0007335818,-0.0023785909,0.0113163805,-0.0071667205,0.0161816105
10.2685127258,-0.0070758807,-0.007446853,-0.0032454808,0.0059644124,-0.0061787535,0.0119349994
10.2787637711,-0.0061754929,-0.0054176128,-0.0002425989,0.0069969199,-0.003021044,0.0066273198
10.2888813019,-0.0082148062,-0.0053535975,-0.0001934847,0.0006088754,-0.004082513,0.0151227368
10.2988939285,-0.004483466,-0.0081868442,0.0046749036,-0.0091081997,0.0075600278,0.0236254111
