0.0000000000,0.0009154886,0.0005981388,0.0004074239,-0.0107262824,-0.0022436357,-0.0015928260
0.0098320246,0.0019135684,-0.001400405,0.0004847311,-0.0107209571,-0.0033033076,-0.0005235667
0.0199509859,0.0028960316,-0.0014507709,0.0005506538,-0.0075416751,-8.14153e-05,-0.0016090713
0.0299739838,0.0028646199,0.0014639559,-0.0004080273,-0.0043030037,-0.0011871597,-0.004774238
0.0399650335,0.0028355925,0.0024536911,-0.0004241205,-0.001110673,-0.0011384238,-0.0026548947
0.0499420166,-0.0010942608,0.0024780098,0.0034154318,0.0021160133,-0.0032692188,-0.0047681127
0.0599819422,-0.0020964534,-0.0003874836,0.0112157129,0.0052944962,-0.001090487,-0.0026588896
0.0701680183,-0.0001811177,-0.0061679422,0.0220386647,-0.0086447559,0.0052417107,0.0004969563
0.0804339647,-0.0001769454,-0.017936701,0.0329934023,-0.026870098,0.0115845622,0.0089684725
0.0898009539,0.0028305261,-0.0240870062,0.0294434689,-0.0587987378,-0.0004100493,0.0101309419
0.1001750231,0.0058911056,-0.0177445952,0.013211634,-0.0831606686,-0.0209608637,0.003907267
0.1099009514,0.0079930034,-0.0113952691,0.0047542118,-0.0851255506,-0.0371078774,-0.0076729562
0.1199640036,0.0100307669,0.0008699956,0.0020662807,-0.0839275271,-0.0499917194,-0.0160918739
0.1300239563,0.011199018,0.0063983859,-0.0027015544,-0.0614190176,-0.0615652837,-0.0149701508
0.1400389671,0.0064820261,0.0120342439,-0.0096004345,-0.028509941,-0.0388770141,-0.016201729
0.1499530077,0.0017494172,0.0197298583,-0.0156553127,-0.0136361858,-0.0343959779,-0.0056172619
0.1598689556,-0.0017602831,0.0298144277,-0.0418733098,-0.0052677356,-0.0150592998,-0.001497618
0.1699140072,-0.0082808528,0.0341880992,-0.0472234823,0.0063332613,3.89596e-05,0.0037083293
0.1800060272,-0.0050211935,0.0320246294,-0.0448852517,0.0093885735,0.0161332414,0.0078502102
0.1898490191,-0.004899004,0.0308446344,-0.0384442545,0.0124858301,0.024798369,0.0184157677
0.1998690367,-0.000775674,0.0299852546,-0.0284031369,0.021002885,0.0280599408,0.0173270684
0.2098289728,0.0035402982,0.0282878336,-0.023672197,0.0295596216,0.0259885341,0.0173345245
0.2198649645,0.0017155617,0.01944465,-0.021269951,0.0338895209,0.0195897575,0.0152488723
0.2298740149,0.0023062436,0.0103635853,-0.0141947009,0.0317968093,0.01528023,0.0131534971
0.2397830486,0.0020378439,0.0041378797,-0.0083241202,0.0318207778,0.0131257335,0.0110421423
0.2498730421,0.0018001407,1.16887e-05,-0.0046667196,0.0350176357,0.014210172,0.0099704862
0.2598830462,0.0065984339,-0.0023587879,0.0039136671,0.0251539536,0.1214753762,-0.1861959547
0.269873023,0.0212407913,0.0132086938,0.0392651819,0.0705840215,0.3175620437,-0.5455251336
0.2798750401,-0.0713529959,0.0165063795,0.0931018293,0.1217615828,0.0957021043,-0.2880870402
0.2898859978,-0.0548400059,-0.0113654668,0.0494371913,0.1122964472,-0.0365054682,0.009184055
0.2998739481,0.0114353504,-0.0092372233,0.0102983378,0.0916035473,0.0083384346,0.0227205027
0.3098130226,-0.0025413425,-0.0042223274,0.0199554823,0.0586538576,-0.0006484021,0.001553965
0.3198289871,0.0051856251,-0.0126663381,0.0189175867,0.0416244045,-0.0061382428,-0.0005252981
0.3298000097,0.0002688378,-0.0173408333,0.01674762,0.0233995952,0.0033399479,-0.0005740339
0.340026021,6.65396e-05,-0.0139897997,0.0193835162,0.0127858352,-0.0042210328,-0.0005189064
0.3498820066,0.0022016971,-0.0123894745,0.0175518654,-0.009615344,-0.0065228026,0.0005740549
0.3626979589,0.005397758,-0.0118453437,0.0147967003,-0.022410769,-0.0077017844,-0.000470703
0.3698740005,0.0074709863,-0.0079997713,0.0088105462,-0.0235079899,-0.0044948058,0.0005716581
0.3798450232,0.0059501142,-0.0048016845,0.0021605752,-0.0245855059,-0.0044764299,0.0037597283
0.3896260262,0.0041057677,-0.0037335691,-2.2266e-05,-0.0149808154,-0.0033515107,0.0016209437
0.3996340036,0.0038047044,-0.0003585157,-0.0022171475,-0.0075199697,-0.0011738439,-0.0005234336
0.4099669456,0.003556153,0.0020867053,-0.0035247542,-0.002182995,-0.0011325649,-0.0005274285
0.4200069904,0.0034098832,0.0005728664,-0.0028628446,-0.0032738252,0.0020573693,-0.0016102698
0.4296089411,0.0032029955,0.0009645285,-0.0021170117,-0.0043500094,0.0031178403,-0.001616395
0.4397079945,0.0020725338,0.0013035001,-0.0033516623,-7.71005e-05,0.0031442055,-0.0016162618
0.4497720003,0.0058552832,-0.001379901,-0.0034081675,-0.0021610232,-0.0022340484,-0.0037047127
0.4597740173,0.0066913576,-0.0013021765,-0.0042972304,-0.0043578651,0.0031378141,0.0005073429
0.4697510004,0.0055984468,-0.0013495622,-0.000250075,-0.0118261669,0.0030709684,-0.0005493995
0.479755044,0.0035663454,-0.0015119849,-0.000980351,-0.0171708651,0.005143174,-0.0026809936
0.4897500277,0.0034388511,-0.0016923485,0.0022835992,-0.0161420852,0.0094353911,-0.0016471545
0.4997279644,0.0013697356,-0.001855248,0.0015754962,-0.0140034351,0.0083951596,-0.0005809579
0.509691,0.0012281745,0.0009859266,0.0027488731,-0.0075729676,0.0073306942,-0.0058905021
0.5197429657,0.0021259396,0.0009384813,-1.70804e-05,0.003106975,0.0073991381,-0.0069582965
0.529747963,0.0039156289,0.001030034,-0.0018770433,0.0095552877,0.00210504,-0.0069284691
0.5397700071,0.0047317953,-0.0008168159,-0.0018034913,0.0106700864,-0.0042862804,-0.0058272523
0.5497289896,0.0055887313,-0.0016381083,0.0001302027,0.0063810651,-0.0011312334,-0.0079694986
0.5597230196,0.0054975958,-0.0015736161,0.0001496934,-0.0010688612,-0.002290241,-0.0111413235
0.5697280169,0.0034663288,0.0004388156,0.0001144074,-0.0021554306,-0.0012026061,-0.0079604443
0.5797179937,0.0043966384,0.0014196696,-0.0027904846,-0.0032957969,0.006299519,-0.004822175
0.5897330046,0.0033865182,0.0023772779,-0.0027506091,0.0020185411,0.0074457433,-0.0005837544
0.5995249748,0.003306946,0.0043076933,-0.0046303011,0.0083771041,0.0128426384,-0.0006250334
0.609498024,0.0041786046,0.0053263367,-0.0065248348,0.02227268,0.0097618941,0.0015100227
0.6194809675,0.0030980317,0.00541479,-0.0065362193,0.0222252756,0.0151145812,0.0025377367
0.6298929453,0.0019659607,0.0006868901,-0.0006290413,0.017923072,0.019351406,0.0025157656
0.6396859884,0.0018230289,-0.0021668014,0.0004369878,0.0115181701,0.0182581767,0.0057155536
0.6496880054,0.0007531851,-0.0031351384,0.0034534,0.0061548301,0.0214230791,0.0056987759
0.6596579552,0.0035457818,-0.0022254523,0.0027225278,-0.0066531096,0.0213224106,0.005709162
0.669788003,0.0024306981,-0.0023616489,0.002021458,-0.0130913015,0.0286815241,-0.0028331934
0.6797889471,-0.0016708166,-0.004461044,0.003324654,-0.0109165646,0.0254540388,-0.0081294216
0.6896840334,3.90023e-05,-0.0035645303,0.001723256,-0.0002884222,0.0319308452,-0.0103036258
0.6995609999,0.0007389992,-0.0026038226,0.0020187758,0.0146399271,0.0331321992,-0.0081965337
0.709700942,-0.0004996449,0.0004529419,-0.0008377768,0.0157560576,0.0309215076,-0.0177444983
0.719720006,0.0041087479,0.0007108512,-0.0007869936,0.0232834835,0.0256058387,-0.0209011417
0.7296639681,0.0048571439,0.0019825164,0.0010658168,0.03078188,0.0203652717,-0.0155604398
0.7396509647,0.0027059524,-0.000679308,0.0009773038,0.0275543947,0.0235445518,-0.0155777503
0.7496490479,0.0034378378,-0.0024104652,0.0010211132,0.0072541828,0.0286679417,-0.023033537
0.7596449852,-0.0007388383,-0.0081188614,0.0001575016,-0.0003380897,0.0456567779,-0.0295134075
0.769644022,-0.0071393042,-0.0080005461,0.0024220608,-0.0078314254,0.0519298539,-0.0391103737
0.7796410322,-0.0028310807,-0.0087975198,-0.003948126,-0.0218136869,0.0730151609,-0.0604847707
0.7896519899,-0.0123664532,-0.0038013991,-0.0074319579,0.0048589357,0.0742993429,-0.0594493337
0.7995209694,-0.0092794094,0.0014857115,-0.0188085772,0.0379031748,0.0840843245,-0.0701602995
0.8096319437,-0.0161153469,0.0079022115,-0.0244858004,0.0570012331,0.1044029146,-0.0862412676
0.819617033,-0.0143971834,0.0175293144,-0.0379811861,0.0760855749,0.1310302764,-0.1151143312
0.8296910524,-0.0169210825,0.0264343079,-0.0544174649,0.1005831957,0.1491349787,-0.1449957937
0.8396090269,-0.0245321188,0.039503403,-0.0779035389,0.1411199719,0.1641514599,-0.1759324074
0.8498419523,-0.0305371676,0.058857508,-0.0928051174,0.1805131733,0.1919087917,-0.2154483795
0.8596550226,-0.0340986028,0.0621357635,-0.0919435918,0.2312844843,0.2573099136,-0.2371526212
0.8696320057,-0.0351538435,0.0462495163,-0.0751678646,0.281699717,0.3623327315,-0.2506175637
0.8795659542,-0.0376530066,0.0207547601,-0.0639120042,0.3246614337,0.4557476342,-0.2395658344
0.8895850182,-0.0413895622,-0.0077079474,-0.0621638037,0.3325137794,0.5360406041,-0.2315928638
0.8995850086,-0.0574236289,-0.0411787555,-0.0579201318,0.3179233968,0.6287820339,-0.2470557094
0.9095909595,-0.074857153,-0.0738712475,-0.0609435774,0.2821280956,0.6979768276,-0.2474794239
0.9195820093,-0.0858184472,-0.1097187325,-0.068197459,0.2412158102,0.7404094934,-0.2487915754
0.9293630123,-0.0981859341,-0.1262389421,-0.0751497447,0.2141594291,0.7903245687,-0.2618450522
0.939545989,-0.1005090252,-0.1276469231,-0.0801735818,0.1873142421,0.8156365752,-0.2768618166
0.9495739937,-0.0924846306,-0.1222054288,-0.0868073404,0.1614647955,0.8568289876,-0.3111073971
0.9596170187,-0.0876582637,-0.1244864389,-0.0972940028,0.1893634051,0.8462032676,-0.3291190267
0.9695509672,-0.0753435567,-0.1226221249,-0.1117334068,0.1846629232,0.9142246842,-0.3699277043
0.9795349836,-0.1045363024,-0.1374584436,-0.1125232875,0.1875953376,0.9557390809,-0.3925088942
0.9895349741,-0.1099095121,-0.1716220379,-0.1165091097,0.1325539201,1.0531065464,-0.4557829499
0.9995310307,-0.128212139,-0.2069209218,-0.0923273861,0.0336409174,1.1629663706,-0.5191102624
1.0096999407,-0.1281976551,-0.2386218309,-0.0756331384,-0.0740325525,1.2942553759,-0.567694068
1.0196019411,-0.1229122654,-0.2433897257,-0.0636596978,-0.1934642792,1.4474593401,-0.6674050689
1.0295339823,-0.124088861,-0.2593902946,-0.0454621054,-0.3182573318,1.5902273655,-0.7330495715
1.039577961,-0.1291998774,-0.292817831,-0.0602564551,-0.4439990222,1.7138544321,-0.7858185172
1.0498410463,-0.1666060537,-0.3252570033,-0.0910405815,-0.5217244625,1.8284833431,-0.8098801374
1.0595109463,-0.1836317331,-0.3434864879,-0.1181928813,-0.6160857081,1.8863970041,-0.827190578
1.0694990158,-0.1750210673,-0.3438014388,-0.1544760168,-0.7336216569,1.9234559536,-0.8868427277
1.0794980526,-0.1791177243,-0.3234438896,-0.1953991354,-0.8197904825,1.9199383259,-0.9696237445
1.0895370245,-0.1915397793,-0.270983696,-0.2082553804,-0.7969900966,2.0463476181,-1.0820105076
1.0994889736,-0.1754630655,-0.1943101883,-0.2049685419,-0.7049590945,2.0621290207,-1.1947907209
1.1095269918,-0.1124843732,-0.121474795,-0.2112235725,-0.5940187573,1.9798454046,-1.2931369543
1.1194800138,-0.038581647,-0.0839146897,-0.20798859,-0.4451885223,1.9337707758,-1.3163152933
1.1294349432,-8.91179e-05,-0.0468014404,-0.1868817508,-0.3211624622,1.9300009012,-1.3694970608
1.1393859386,0.0291414764,-0.0161761586,-0.1687695086,-0.27853176,1.9597828388,-1.4249633551
1.1496700048,0.0140527096,-0.0535138771,-0.1490528882,-0.32905671,2.0209825039,-1.4720700979
1.1594690084,-0.019011477,-0.1349183917,-0.1221639812,-0.475061208,2.117215395,-1.4609068632
1.1694539785,-0.0417310372,-0.2054789066,-0.1090542376,-0.7015955448,2.1223845482,-1.401288271
1.1794660091,-0.0371257216,-0.2468745112,-0.0977528989,-0.9584982991,2.1902797222,-1.3537424803
1.1895159483,-0.0855334029,-0.2559335828,-0.0642267764,-1.2510765791,2.332285881,-1.3565838337
1.1994630098,-0.0857689753,-0.2046669126,-0.0333463885,-1.4937286377,2.3993113041,-1.422713995
1.2094509602,-0.0402448811,-0.1501235962,0.0071560405,-1.637216568,2.4673733711,-1.4581141472
1.2194440365,-0.011117639,-0.0570744798,0.0392575525,-1.7013911009,2.4870877266,-1.4698852301
1.2294499874,0.0247232523,0.0186066683,0.0550451539,-1.6691896915,2.4774544239,-1.5006545782
1.2394310236,0.0535371825,0.0326789692,0.0491742752,-1.5546011925,2.4313392639,-1.4972475767
1.2494330406,0.0846989378,0.0636784509,0.0495810173,-1.4642102718,2.3412361145,-1.4914144278
1.2594389915,0.1004561111,0.074554272,0.0524504445,-1.3147814274,2.2067997456,-1.4736484289
1.2693619728,0.1098422781,0.0723457411,0.0569355749,-1.2101756334,2.0657224655,-1.4419972897
1.2794209719,0.1003357545,0.0685404018,0.0857644379,-1.152433157,1.8936880827,-1.3633679152
1.2895629406,0.0907140002,0.0469440892,0.1133240163,-1.1963331699,1.7612358332,-1.3136082888
1.2993750572,0.063811712,0.0282558259,0.1574783027,-1.3301434517,1.6569776535,-1.2597171068
1.3094069958,0.0504603013,0.0257836636,0.2109077275,-1.4931589365,1.6016079187,-1.2124990225
1.3194049597,0.0401430055,0.0091242557,0.257984072,-1.6314487457,1.5177315474,-1.1470552683
1.3293809891,0.0640638694,0.0266364571,0.2702020705,-1.7162991762,1.425722003,-1.0805311203
1.3394540548,0.0911424384,0.0691756085,0.2743739188,-1.6941524744,1.3004008532,-1.0064283609
1.3494490385,0.1284628958,0.1376587152,0.2693118155,-1.5993736982,1.1650547981,-0.9206254482
1.3594130278,0.1380542964,0.2089194953,0.2673775256,-1.4554483891,1.0383322239,-0.8710351586
1.3693950176,0.1092019305,0.2354046106,0.2675479352,-1.2883549929,0.9439870715,-0.8057341576
1.3793449402,0.079899691,0.2429661751,0.2799551785,-1.1231938601,0.8156325817,-0.7157753706
1.3894309998,0.0631198511,0.2306788564,0.2755233347,-0.9837715626,0.6947168112,-0.6077871323
1.3993530273,0.050902389,0.1872546375,0.2770355046,-0.9575201273,0.5782250762,-0.5050609112
1.4094129801,0.0310536232,0.1017418578,0.2468601763,-1.0456649065,0.462379694,-0.3480766118
1.4193550348,-0.0064632683,-0.0313235447,0.2105713189,-1.1808120012,0.3577712476,-0.2091920972
1.4293830395,-0.0577417389,-0.1057643816,0.1853659451,-1.3330966234,0.2625968158,-0.0767320544
1.4394049644,-0.066556938,-0.0917114243,0.1675190032,-1.4328212738,0.1483314931,0.0260704942
1.4493210316,-0.0742769316,-0.0583675131,0.1666688025,-1.4747536182,0.0226068534,0.1108439714
1.45936203,-0.0660205558,-0.0167751852,0.1710925996,-1.415336132,-0.0969677493,0.1976296008
1.4693390131,-0.0518757477,0.029990023,0.171443373,-1.2407757044,-0.1807851493,0.2373597026
1.4793729782,-0.0478811339,0.0979335681,0.1947217882,-1.0586572886,-0.271045804,0.2665014565
1.4893130064,-0.0223823581,0.1449878514,0.1974934638,-0.9214647412,-0.3383966088,0.2657800019
1.4993770123,-0.0342092589,0.1359808743,0.2254965603,-0.8720003963,-0.3745226562,0.2468597293
1.5093859434,-0.0564194098,0.1134060398,0.2367433608,-0.8292990327,-0.3773442805,0.2532225549
1.519333005,-0.0600148812,0.1020933166,0.2116841376,-0.7622599602,-0.3658287823,0.2881553769
1.5293070078,-0.071228154,0.0913931504,0.1844217479,-0.6992287636,-0.3884914815,0.3307539821
1.5393079519,-0.0906685069,0.0576264784,0.132653743,-0.6725802422,-0.393416971,0.3562674522
1.5493090153,-0.1348928362,0.0200748947,0.1392142475,-0.6813513637,-0.3656870723,0.3571561575
1.5592999458,-0.1472002119,-0.0033161428,0.1497381628,-0.6184737682,-0.3618066013,0.3783318698
1.5693049431,-0.128854081,0.0317274258,0.1276268065,-0.5154544711,-0.3021352887,0.3884969056
1.5793180466,-0.1186040714,0.0718803927,0.1040028632,-0.3737218082,-0.2920661271,0.4382671118
1.5892920494,-0.0960815027,0.0838198885,0.033440616,-0.2853788733,-0.2781758904,0.4827357531
1.5993269682,-0.1053945795,0.0533343926,-0.0168001987,-0.254527241,-0.2964917719,0.5625110269
1.6092879772,-0.1291216165,0.0172718372,-0.0612953044,-0.2547147274,-0.29181844,0.6092261076
1.6192630529,-0.1823909134,-0.0053981035,-0.0836425722,-0.2976953089,-0.2610765398,0.618619442
1.6292749643,-0.2246543318,-0.0273534898,-0.0717560351,-0.3330866098,-0.211761713,0.5428946018
1.6392680407,-0.2345965058,-0.0085945213,-0.0588701703,-0.3684945405,-0.1718142778,0.4969786108
1.6492830515,-0.23334001,-0.0367579684,-0.0076882578,-0.3646100461,-0.0965264589,0.4231826961
1.6592719555,-0.2257531136,-0.0652247444,0.0013218187,-0.3538968265,-0.0651733354,0.3305455744
1.6693170071,-0.2550092638,-0.0717168525,-0.0058982708,-0.3189047575,0.0036789682,0.2259602994
1.6794650555,-0.2586278021,-0.0896382704,-0.0052830912,-0.2621483803,0.0235022064,0.1174265072
1.6892659664,-0.2231123,-0.0744555667,0.0033031963,-0.1550664306,-0.0016657297,0.077144064
1.699244976,-0.1970050186,-0.0123415077,0.0037253164,-0.0018048258,-0.0512673706,0.0125526879
1.7092839479,-0.1349677294,0.0487185344,0.0062851571,0.1922772974,-0.1263317615,-0.0667754263
1.7192599773,-0.0688456669,0.0740152225,0.0100100301,0.3241951168,-0.1844754964,-0.1111114621
1.7292419672,-0.0466051772,0.0535014346,0.0154075883,0.432274431,-0.2303668112,-0.0758304372
1.7392859459,-0.0710455552,0.0006490561,-0.0147625543,0.5048129559,-0.2275973856,-0.0673990026
1.7492450476,-0.1236381903,-0.0229228679,-0.0345419981,0.4651872814,-0.1961851418,-0.1079458967
1.759215951,-0.1733741015,-0.0800709203,-0.0600397326,0.393296808,-0.1445182115,-0.1262945533
1.7692719698,-0.2284315079,-0.1225516424,-0.0662411153,0.327583313,-0.0618784688,-0.15228194
1.7792569399,-0.2512135804,-0.1192551181,-0.040157292,0.2981384993,0.0346970707,-0.2060057521
1.7892169952,-0.2303851694,-0.0708030835,-0.0102887489,0.3264998198,0.1145492941,-0.2681620717
1.7992759943,-0.2034848481,-0.0126562649,0.0123010539,0.3998030424,0.1934126765,-0.3611506224
1.8091950417,-0.1988470107,0.0482172891,0.0234511159,0.5174753666,0.1999182552,-0.4568901956
1.8192219734,-0.1958611161,0.0987749174,0.0421536826,0.6014653444,0.156813398,-0.5745973587
1.8291959763,-0.1956201047,0.0981591418,0.0532831214,0.6523559093,0.0915201381,-0.6315786242
1.8391809464,-0.2245968431,0.043473281,0.0702449977,0.6888706684,0.0619369447,-0.6239740849
1.8492039442,-0.271122247,0.0138910478,0.1122000515,0.7463230491,0.0628717169,-0.5666511655
1.8592059612,-0.2706716359,0.0488561466,0.1764496267,0.8141753078,0.0876135528,-0.4839900732
1.8692020178,-0.2264591604,0.0812819973,0.2102853954,0.8464624286,0.13598001,-0.356839329
1.8791819811,-0.1958817989,0.1121326163,0.2408811748,0.8542942405,0.1682210416,-0.218945384
1.8891849518,-0.1740022153,0.1753708422,0.2486375868,0.8462570906,0.1780079007,-0.0670812875
1.8991760015,-0.1427034885,0.2370125949,0.2516219318,0.8193801045,0.1375211924,0.0978723764
1.9091639519,-0.1160823479,0.2526570559,0.2579179704,0.7403491735,0.0857831538,0.2438106835
1.9191579819,-0.1036851183,0.2404674888,0.2597618401,0.6476914287,0.0019132926,0.3942158818
1.9291549921,-0.1027972475,0.2569828928,0.2520872056,0.5636633635,-0.0957216546,0.5521416068
1.9391299486,-0.0935363546,0.2813105583,0.2468621433,0.5257595181,-0.2260098904,0.725122571
1.9491339922,-0.0784656182,0.3009474277,0.2421211302,0.4997234046,-0.3743168116,0.904584229
1.959141016,-0.0751642063,0.317026794,0.2591666281,0.4947863221,-0.5029868484,1.1104594469
1.9691330194,-0.0768907145,0.3188860416,0.2901506722,0.4950249195,-0.6102765799,1.3130093813
1.9791409969,-0.0562377349,0.3251208663,0.3166244328,0.4697303176,-0.7347151637,1.5337514877
1.9891580343,-0.0307667051,0.3363121748,0.3414078653,0.4475797415,-0.8432922363,1.7310134172
1.9991259575,-0.0120889638,0.3329723775,0.3829944432,0.4289353788,-0.976692915,1.8965601921
2.0091190338,0.0278699007,0.3667256534,0.4306412041,0.4171820283,-1.1656942368,2.0539653301
2.0191099644,0.074515827,0.3758710623,0.4728063643,0.3897067308,-1.3817187548,2.1903090477
2.0291228294,0.0950455442,0.3333052397,0.5074697733,0.3013883233,-1.5992553234,2.3298923969
2.0391049385,0.109770827,0.2888100743,0.4819399416,0.1235034242,-1.8219155073,2.4515113831
2.0491061211,0.1276518404,0.2399015725,0.4081808627,-0.0864415467,-2.0625016689,2.6306374073
2.0591249466,0.1086276248,0.1655919552,0.3357379735,-0.3266489506,-2.2657351494,2.8307917118
2.0690169334,0.08516635,0.0970748439,0.2811975181,-0.5831342936,-2.4359772205,3.0286171436
2.0794620514,0.1008951068,0.0333546475,0.2242071331,-0.831141293,-2.5882172585,3.1986963749
2.0891990662,0.1403997093,-0.0223957244,0.2121763527,-1.019595027,-2.7059526443,3.3504509926
2.0990920067,0.1717965901,-0.0306849722,0.2190276086,-1.2636069059,-2.7905144691,3.4319107533
2.1090509892,0.1895629615,-0.058640264,0.1893244684,-1.5298178196,-2.8820888996,3.4634997845
2.119125843,0.1831141412,-0.0772097036,0.1031337678,-1.7842364311,-2.9423315525,3.3992652893
2.1290869713,0.1786171347,-0.0704895183,-0.0546326376,-1.8060224056,-3.0058493614,3.3656959534
2.1390371323,0.1293468624,-0.1150730774,-0.2096390426,-1.6076754332,-3.0860991478,3.3002057076
2.1491961479,0.0777560696,-0.0982818529,-0.2911779583,-1.2428780794,-3.1293385029,3.1631829739
2.1590418816,0.0728754923,-0.0273850504,-0.3334943354,-0.6329463124,-3.2687268257,3.0606122017
2.1690568924,0.0731266066,0.0713734105,-0.3126117289,-0.0533692129,-3.2805902958,2.7734389305
2.1790430546,0.042232357,0.1280170828,-0.2753439248,0.430766046,-3.1187717915,2.5096416473
2.1891069412,-0.0217632148,0.0683462396,-0.1951968968,0.7936009765,-2.8891687393,2.2826724052
2.1990461349,-0.0417264178,0.0176087972,-0.2157230079,0.884498775,-2.6916024685,2.0550374985
2.2090349197,-0.1037368849,-0.1099386737,-0.3261866868,0.8711022735,-2.4949479103,2.0654580593
2.2190461159,-0.3613558114,-0.3515019417,-0.4721639454,0.72582376,-2.1952776909,1.9924347401
2.2288229465,-0.3295300901,-0.4563766718,-0.5040204525,0.5551162362,-2.0590958595,1.9481128454
2.2390480042,-0.2695609629,-0.4829387665,-0.527564168,0.2982800305,-1.9380404949,1.8380823135
2.2490711212,-0.3300565183,-0.5024206638,-0.4808371961,0.1476817429,-1.7071373463,1.6029640436
2.2590351105,-0.3517901599,-0.4386304319,-0.5073515773,-0.0135015622,-1.5072481632,0.749740541
2.2687549591,-0.9372665882,-0.6799089909,-0.672131896,0.1003730744,-0.2679336369,0.3315414488
2.279006958,-0.7579530478,-0.6895196438,-0.9568493366,0.4101738036,0.0935593247,0.3268561661
2.2891349792,-0.648663044,-0.600667417,-1.0570952892,0.5176704526,0.2206935734,0.0975425467
2.2989909649,-0.586212635,-0.5846566558,-0.9778769612,0.63754493,0.357421577,-0.0202879496
2.3088049889,-0.223724708,-0.5669794679,-0.8751961589,0.5529847741,0.4567319155,-0.2046665698
2.3190021515,-0.1305353492,-0.6104366183,-0.7030402422,0.2448932379,0.5795340538,-0.3146753609
2.328979969,-0.0965895429,-0.562030375,-0.5760740638,-0.0764083564,0.4718075693,-0.372183919
2.338999033,-0.1334456056,-0.4840489626,-0.4945989549,-0.3129420578,0.4667629898,-0.4984121919
2.3489379883,-0.2117104381,-0.4077225924,-0.4335508049,-0.3637104332,0.4986101687,-0.7280597687
2.3589758873,-0.203300342,-0.3450166583,-0.3869173825,-0.3448073268,0.6522499919,-1.0265351534
2.3689630032,-0.2460680455,-0.3671424985,-0.3406876624,-0.3570810258,1.0774478912,-1.2895696163
2.3790149689,-0.2934271991,-0.3160758018,-0.3180786073,-0.3225892484,1.4951636791,-1.4707877636
2.3890769482,-0.2168791145,-0.2625127137,-0.3286842406,-0.317361176,1.9357806444,-1.5713887215
2.3989691734,-0.165823862,-0.2405339181,-0.3315128982,-0.3445488513,2.4012336731,-1.6126320362
2.4090881348,-0.2104109079,-0.2185161114,-0.3542002141,-0.3713003099,2.7424840927,-1.8049943447
2.418941021,-0.1891329139,-0.2297231108,-0.3471982777,-0.3578885198,2.9923553467,-1.9702317715
2.4290640354,-0.1545598358,-0.1770169139,-0.3053263724,-0.2918849885,3.1686720848,-2.0351648331
2.4389910698,-0.1295339912,-0.1555874646,-0.2815439403,-0.2309634387,3.3212738037,-2.1190640926
2.4493708611,-0.157167986,-0.1655723155,-0.2402586639,-0.1793417931,3.4489476681,-2.2346661091
2.4590239525,-0.1201637462,-0.1309996247,-0.1813428104,-0.0852282122,3.454423666,-2.3048870564
2.4691581726,-0.0958152786,-0.0895476565,-0.1113292873,-0.0476374254,3.454105854,-2.3760914803
2.4789328575,-0.075815253,-0.0752852783,-0.0444775559,-0.0752389655,3.4702291489,-2.4654169083
2.4889290333,-0.0457490608,-0.0591415986,0.0065161251,-0.1131152436,3.4454874992,-2.5746564865
2.4989738464,0.0164930206,-3.21803e-05,0.0551858805,-0.1443418711,3.3532249928,-2.5867872238
2.5091490746,0.0558154061,-0.0098500783,0.1066822708,-0.1664660871,3.3094148636,-2.5652396679
2.518928051,0.1022733375,0.0091340905,0.1275019348,-0.2308402658,3.318151474,-2.4845068455
2.5288989544,0.1081765667,0.0316113904,0.1616388261,-0.4112079144,3.2654571533,-2.3586771488
2.5389089584,0.0984325781,0.0560845509,0.2223021686,-0.6188153028,3.1704237461,-2.2846105099
2.5491349697,0.1026353166,0.105514802,0.2607370913,-0.7192476392,3.0248813629,-2.2145411968
2.5589540005,0.1153000668,0.1638587117,0.2639941275,-0.6149763465,2.7668483257,-2.1098873615
2.5689411163,0.1579532176,0.1803048253,0.2539646327,-0.449639082,2.4595479965,-1.9475890398
2.5789041519,0.1533741057,0.1676910669,0.249879986,-0.4279227257,2.2300682068,-1.8048199415
2.5890488625,0.052209951,0.0845502838,0.2558352649,-0.4947960377,2.0239458084,-1.7248196602
2.599134922,0.0338044688,0.0646736547,0.2885931432,-0.574572444,1.8273839951,-1.6395585537
2.6115000248,0.0404787138,0.0842993036,0.324331969,-0.587210238,1.6556735039,-1.5842542648
2.6194911003,0.0479677543,0.1363873333,0.3481045663,-0.4868786931,1.4915665388,-1.4929609299
2.6295690536,0.0583398566,0.1788033843,0.3658836782,-0.3426980972,1.3244388103,-1.4186728001
2.6394820213,0.064358674,0.212224707,0.3757944405,-0.1419961601,1.1233727932,-1.2390252352
2.6495079994,0.0569568798,0.2288012803,0.3611685336,0.0524175316,0.9585532546,-1.1902846098
2.6592299938,0.0258282032,0.2411927134,0.3580465615,0.2134825885,0.8098425865,-1.1023161411
2.6688489914,0.0460963473,0.2243264169,0.3594190776,0.3635783195,0.6931937337,-1.0049870014
2.6787371635,0.0436409637,0.2300813496,0.3421209753,0.4447292686,0.4995752871,-0.8465538025
2.6887459755,0.0549559221,0.2250872701,0.3489167392,0.4339626431,0.3191591501,-0.6860176325
2.6987190247,0.0456739888,0.1692463756,0.3144334853,0.3504843712,0.1071454361,-0.4051767588
2.7086858749,0.0140853133,0.1382466108,0.3000784814,0.1729269028,-0.0717420205,-0.1648547202
2.7186899185,-0.0267643426,0.0572220311,0.2740913332,-0.0357895568,-0.2189615667,0.0572233535
2.7286479473,-0.0545363203,0.0395618007,0.2497678101,-0.2271912098,-0.3907197416,0.2688242793
2.7386741638,-0.0448271111,0.0690127686,0.2537387908,-0.3820376396,-0.5555648804,0.3815557361
2.7486791611,-0.0627745464,0.0917770639,0.2639962733,-0.4109579921,-0.7005452514,0.4526339173
2.7587828636,-0.0642911568,0.171048075,0.2889866531,-0.2736448646,-0.8069041967,0.5148462057
2.7688860893,-0.0490603521,0.2696693838,0.2747987807,-0.0325840414,-0.9182410836,0.5260237455
2.7788629532,-0.0952744558,0.259712249,0.2261117399,0.2273906767,-0.9836805463,0.5124545097
2.7888629436,-0.1757944077,0.2045845389,0.1652019322,0.42184937,-1.0015056133,0.5018103719
2.7988510132,-0.2398439497,0.1478979588,0.0991086066,0.4877173305,-0.9458045363,0.4557180107
2.8088169098,-0.3242919445,0.0557888076,0.0933282077,0.3983712196,-0.8273990154,0.3838323653
2.8187940121,-0.3553552628,-0.0693852529,0.0762059391,0.2625217438,-0.657569766,0.367952466
2.8287880421,-0.3185016811,-0.1094654724,0.0365141891,0.1250491291,-0.4444655478,0.4144741595
2.8387851715,-0.3758486807,-0.1112480536,-0.0346271731,-0.0753175318,-0.0608989596,0.3281984031
2.8487999439,-0.5106275082,-0.1438433528,-0.1752533615,-0.1642617732,0.1742869318,0.1631271392
2.8587851524,-0.5574504733,-0.2531308532,-0.2182838619,-0.1768627912,0.3155287504,0.067668274
2.8687911034,-0.5631281734,-0.2085861564,-0.2043911517,-0.091576919,0.3854846656,-0.078392528
2.8787689209,-0.4907396734,-0.188904345,-0.175501734,0.036356274,0.4475309849,-0.1883115768
2.8888988495,-0.4290926754,-0.1299582124,-0.0935069025,0.1592350602,0.4460532069,-0.2223843336
2.8988189697,-0.3467669785,-0.0700536892,-0.0232633092,0.2288941741,0.4197179675,-0.2403229773
2.9088139534,-0.3032741249,-0.0129539156,0.0465899967,0.275026232,0.4027288854,-0.2689296007
2.9187679291,-0.2458571345,0.0775556937,0.0968927443,0.2748858929,0.3040883243,-0.3044103384
2.9287469387,-0.1674662977,0.1196184829,0.1167069376,0.2077542543,0.1969411075,-0.3992838562
2.9387478828,-0.1686279029,0.0617765859,0.105335921,0.2035070509,0.1853454262,-0.3768970668
2.9487538338,-0.160164997,0.0727705434,0.0613640212,0.2771801949,0.1555286795,-0.3055749536
2.9587569237,-0.1270574182,0.130520463,0.0467492603,0.2883421779,0.0759054944,-0.2519448996
2.9687540531,-0.1287995428,0.0847566649,0.0520173572,0.2711029947,0.0615537167,-0.1647236943
2.9800150394,-0.1666102558,0.0869087055,0.065595299,0.3149297237,0.0198960193,-0.0763063505
2.989084959,-0.1649324447,0.1107072011,0.0871870816,0.3888715804,-0.0409500189,-0.0090327663
2.9989538193,-0.1576759666,0.1414055228,0.1381424367,0.4577454329,-0.1380952001,0.0680425763
3.0087580681,-0.1631681472,0.1708028167,0.1968822777,0.5202986002,-0.2229605615,0.0866098702
3.0187430382,-0.141049698,0.1854555011,0.2501655519,0.5646734834,-0.3444827497,0.2095411271
3.0287818909,-0.121568121,0.1928230524,0.2947827876,0.6034491062,-0.4109810591,0.2726263404
3.0387840271,-0.1284616441,0.2240115702,0.3087483943,0.6839150786,-0.5024172664,0.3815268576
3.0487818718,-0.1069108918,0.2689479291,0.3229021728,0.7350310087,-0.6383644342,0.4365546703
3.0587191582,-0.085357599,0.2773305178,0.3364060819,0.7701033354,-0.788990438,0.5394966006
3.0687150955,-0.0778213069,0.2997609079,0.3321945369,0.8305144906,-0.9125459194,0.6603058577
3.0787038803,-0.0619446561,0.3359674811,0.3229735196,0.9312804937,-1.0289747715,0.8277849555
3.088698864,-0.033615537,0.3715781569,0.3233673275,1.0202969313,-1.1538381577,1.0197628736
3.0987229347,-0.0160630737,0.3710149527,0.3431299031,1.0804826021,-1.2611180544,1.1691511869
3.1087009907,0.0052019567,0.3564528823,0.3881605566,1.1109308004,-1.4003922939,1.3538267612
3.1186890602,0.0311711337,0.3510709107,0.4387712181,1.1239995956,-1.4919523001,1.5095214844
3.1287488937,0.0451382026,0.3501234055,0.4734321535,1.0755269527,-1.6225992441,1.6495757103
3.1386971474,0.0760756582,0.3241870403,0.4975041449,0.999217093,-1.7511463165,1.8108855486
3.1486968994,0.0896226764,0.2979679704,0.5125920773,0.9027786851,-1.9063923359,1.9925662279
3.1584610939,0.1181604117,0.2762484252,0.5140852928,0.7840105295,-2.0798139572,2.1935017109
3.1684780121,0.1112346202,0.2524462938,0.5005946755,0.6287831664,-2.2279787064,2.3815517426
3.1784200668,0.053216204,0.1878823936,0.4761347473,0.4489912391,-2.372112751,2.5632183552
3.1885180473,0.0401805192,0.1377696097,0.4323150218,0.2865208387,-2.5366196632,2.7216324806
3.198802948,0.030849522,0.1232487634,0.3655816019,0.1476094276,-2.6875495911,2.8215107918
3.2086830139,0.0410498008,0.1157365516,0.2767008841,0.1347538233,-2.8471872807,2.9139206409
3.2186899185,0.0678196624,0.1476379037,0.2098518908,0.2176273912,-2.9654655457,3.0059931278
3.2286691666,0.1157363579,0.1827096045,0.1843725741,0.3950570226,-3.0306098461,3.1019070148
3.2388370037,0.1628844291,0.2290626764,0.1802151501,0.6234202981,-3.0454173088,3.1645288467
3.2486591339,0.1855750531,0.2836585939,0.1863745749,0.8274130821,-3.0786647797,3.2166590691
3.2586369514,0.2041386515,0.299197793,0.1915756166,0.9837317467,-3.1717841625,3.3095798492
3.2686128616,0.1023103818,0.1506195068,0.1339738667,1.0128693581,-3.2361831665,3.3769078255
3.2786231041,-0.1180065051,-0.1696152687,0.09474805,0.8846248388,-3.179246664,3.2767641544
3.2886879444,-0.1938147992,-0.2887026966,-0.0363127925,0.88533324,-3.3449435234,3.1482262611
3.298664093,-0.2072758526,-0.3365769088,-0.2603727281,1.0558873415,-3.5096683502,2.9791913033
3.3086760044,-0.2503533363,-0.3498175144,-0.4005658329,1.3593827486,-3.6041235924,2.783049345
3.3186249733,-0.1539317816,-0.2908334732,-0.4785954654,1.7741575241,-3.6161494255,2.6266684532
3.3286039829,-0.1398294419,-0.2190608382,-0.4826876819,2.1473510265,-3.5170652866,2.501465559
3.3386068344,-0.1525058597,-0.1564643979,-0.4593812525,2.3457858562,-3.4295158386,2.3105914593
3.3485951424,-0.1237435117,-0.1970053315,-0.3989851177,2.2394413948,-3.2999482155,2.184463501
3.3585758209,-0.4727756679,-0.7034133673,-0.4611302316,0.9534955621,-2.7151925564,1.233915329
3.3685870171,-1.7380511761,-1.8614811897,-0.9350954294,0.1470435113,-0.600051105,0.9498527646
3.3784561157,-1.8961154222,-1.5616489649,-1.3498764038,-0.1949401945,0.0063453247,0.1759256423
3.3885979652,-1.366523385,-1.4321892262,-1.4184850454,0.2188583165,0.5441651344,-0.4270395935
3.3985738754,-0.8744098544,-0.9705876708,-1.281622529,0.5942248702,0.8383818269,-0.7341165543
3.4085719585,-0.3454878032,-1.1033364534,-1.0399044752,0.2531756759,0.862285018,-0.6299190521
3.418669939,-0.055818893,-0.9648730159,-0.7484904528,0.0460361987,0.8744482398,-0.6447258592
3.4285809994,-0.0333963409,-0.6368764043,-0.6436084509,0.2066059113,0.9672159553,-0.6911224127
3.4385671616,-0.092263557,-0.4631294012,-0.5177876949,0.2964110374,0.8852566481,-0.8574491739
3.4485599995,-0.1637903899,-0.4863895774,-0.3935503662,0.103961423,0.794298768,-1.1956276894
3.4587740898,-0.3152726591,-0.6040501595,-0.3042415082,-0.3139719069,1.0153347254,-1.5930424929
3.4685399532,-0.5296332836,-0.6973397732,-0.318110317,-0.5487968922,1.5625616312,-2.0086350441
3.4785280228,-0.5424232483,-0.6751917005,-0.3430325091,-0.6849709153,2.0257101059,-2.3461959362
3.4886960983,-0.543164134,-0.6600988507,-0.3160431087,-0.7628947496,2.5250160694,-2.6330378056
3.498860836,-0.4889092147,-0.5740228295,-0.283064574,-0.7684595585,2.9055466652,-2.8756008148
3.5085310936,-0.4008060992,-0.5071069002,-0.2693327963,-0.7691586018,3.2155313492,-3.1230227947
3.5185270309,-0.3717985451,-0.4827904999,-0.2626403272,-0.7497960925,3.4146888256,-3.3495545387
3.5285248756,-0.298430711,-0.4232186079,-0.2302244604,-0.7167183161,3.4913136959,-3.5434298515
3.5385489464,-0.2154643387,-0.350551784,-0.1807198226,-0.693636775,3.4719676971,-3.7016158104
3.5485801697,-0.1871440858,-0.3048124611,-0.1254900992,-0.6787545085,3.3983330727,-3.8265109062
3.5585289001,-0.1634022444,-0.2321433425,-0.0694315135,-0.6498807669,3.289993763,-3.8980727196
3.5684938431,-0.1271973252,-0.1305866838,0.0032104515,-0.6305555701,3.1594688892,-3.9301738739
3.5785109997,-0.0379812941,-0.0335561559,0.0833294094,-0.6855767965,2.9426891804,-3.8575508595
3.5885448456,0.0189051237,0.0275859889,0.1700613797,-0.7751902938,2.9345510006,-3.8531858921
3.5985300541,0.0134630408,0.1266440749,0.253218621,-0.8592915535,2.8726630211,-3.7645468712
3.6084518433,0.1022253856,0.1946947575,0.3167181909,-0.9142892957,2.765288353,-3.6469490528
3.6184830666,0.1226826236,0.2638745904,0.3688991964,-0.984059155,2.6228399277,-3.4929933548
3.6284739971,0.1427565366,0.3181891739,0.3929629028,-1.0463916063,2.4711275101,-3.3039226532
3.6384758949,0.1607666165,0.3659294844,0.4055262506,-1.0892682076,2.2823288441,-3.0944390297
3.6484651566,0.1601104289,0.404219836,0.4282225072,-1.1753015518,2.1330974102,-2.8437492847
3.6584610939,0.1915650368,0.3750025034,0.4571312964,-1.2725098133,1.8839939833,-2.5127243996
3.6684551239,0.2179165035,0.3697359562,0.4752137363,-1.4044533968,1.7082961798,-2.1906509399
3.6784780025,0.2153592259,0.3964526653,0.4979247749,-1.4718413353,1.4731923342,-1.8746122122
3.688639164,0.2680008113,0.4606509507,0.5248019695,-1.4283102751,1.1276267767,-1.577057004
3.6986989975,0.2862130105,0.4855537713,0.5475956202,-1.3159730434,0.8646233082,-1.3108927011
3.708466053,0.2363849878,0.4802167714,0.5472684503,-1.1379961967,0.5536813736,-1.0858983994
3.7184460163,0.2048410028,0.479156971,0.5232956409,-0.8780649304,0.2753629386,-0.8696713448
3.7284350395,0.1521706432,0.5022819042,0.4682452977,-0.5777463913,0.0229096543,-0.665327251
3.7384309769,0.114936851,0.514117837,0.4441612065,-0.2894793451,-0.1849021316,-0.4793247581
3.7484068871,0.068568714,0.4770660698,0.4255727232,-0.0293098204,-0.3460129797,-0.3063543141
3.7584769726,0.0064215423,0.4521936774,0.4171349108,0.1470863819,-0.4489023387,-0.1241433769
3.7684841156,-0.0433536097,0.3947156966,0.4156035483,0.1887864172,-0.521969676,0.043096751
3.7784380913,-0.1015414223,0.3233853877,0.3850130141,0.0725753978,-0.5943322182,0.1860088855
3.7885499001,-0.1631378084,0.2379470468,0.3081955016,-0.1283374578,-0.6339422464,0.360638231
3.7984690666,-0.2354572862,0.1332773864,0.2291747034,-0.3436283469,-0.6294713616,0.5785502195
3.8084449768,-0.2834786475,0.0621063188,0.1788959205,-0.439129293,-0.5298829675,0.811697185
3.8184680939,-0.3658555448,0.0888103917,0.151376158,-0.5466777086,-0.4553930163,0.8697174788
3.8284568787,-0.4041506946,0.106453158,0.1604891121,-0.5812886953,-0.3802213073,0.8171970248
3.8384339809,-0.4306167066,0.1251811683,0.1331997812,-0.440895766,-0.289971292,0.745336473
3.8484139442,-0.4672091603,0.1711809039,0.0861054361,-0.1087109074,-0.1544747204,0.6656089425
3.8584120274,-0.5014541745,0.1425810456,0.0170746706,-0.1462668031,-0.0956862345,0.5749514103
3.8684210777,-0.7021907568,-0.1506706476,0.0035680793,-0.2136274725,0.2432851642,0.4028177857
3.8784208298,-0.8067815304,-0.2851301432,-0.0775551498,-0.2243308425,0.4008489549,0.3391219974
3.888420105,-0.7754187584,-0.2847220004,-0.0248124339,-0.1097163782,0.5080518723,0.2724785209
3.898419857,-0.6403953433,-0.1155945584,0.0481088422,-0.0456537716,0.4324961007,0.1284388155
3.9084210396,-0.5696200132,-0.0986718461,0.1046889722,-0.0875223875,0.4184993207,-0.0956057385
3.9184231758,-0.5698495507,-0.1174508557,0.1033457816,-0.0813511759,0.3745278716,-0.2440616488
3.928426981,-0.5111511946,-0.0872646496,0.1284178793,0.0608088858,0.3677916825,-0.2855505347
3.9384140968,-0.4420200288,0.0067643584,0.1351939142,0.2169663906,0.3347032368,-0.2960669398
3.9484100342,-0.4050650895,0.0371775702,0.1123308241,0.312214613,0.3013202548,-0.2863554657
3.9584140778,-0.392901659,0.0532702282,0.0961075127,0.3285644352,0.2493153512,-0.2584091723
3.9683890343,-0.3856366575,-0.010844701,0.0734618604,0.2750918865,0.2544001341,-0.2403441519
3.9784069061,-0.3876307905,-0.0490336642,0.1143637002,0.1917676926,0.2466117293,-0.2009277642
3.9884150028,-0.3217655122,-0.0058768331,0.1604489386,0.202388376,0.2301017344,-0.1413342208
3.9984121323,-0.2430876791,0.1012109295,0.210244745,0.2436046749,0.1387678087,-0.1099615097
4.0084109306,-0.1502768695,0.1630359888,0.255556494,0.3116329908,0.0284844488,-0.0689229965
4.0183820724,-0.0923871621,0.22459203,0.3004809916,0.4393841624,-0.0822468624,-0.0087980088
4.0284042358,-0.0379429981,0.3041091859,0.3402282298,0.5717837214,-0.2504073679,0.0803784728
4.0384111404,0.0129443612,0.344648093,0.3762473762,0.6338063478,-0.4391671717,0.1994856894
4.048386097,0.0636671558,0.3525103033,0.3852983415,0.6606675386,-0.6524157524,0.3612708747
4.0584030151,0.0965340659,0.3754756451,0.3747974336,0.7280043364,-0.8693121672,0.5591699481
4.068377018,0.1026200131,0.4160956442,0.3736881912,0.8344607353,-1.0483222008,0.778046608
4.0783009529,0.1189312413,0.4356196225,0.3881342113,0.9139207006,-1.1974447966,1.0158683062
4.0883808136,0.1269427091,0.4266765118,0.4239288867,0.9451444149,-1.3275814056,1.2684770823
4.0982599258,0.1312929392,0.4159527123,0.4654138386,0.9198693037,-1.4604361057,1.505210638
4.1082611084,0.149632737,0.4186953306,0.5137825012,0.8616091609,-1.6115993261,1.7548310757
4.1183052063,0.1598265916,0.4137979746,0.5533587933,0.7853865623,-1.7696549892,1.9652026892
4.1282849312,0.1776380986,0.3960596025,0.5656868815,0.6965624094,-1.9429935217,2.1491203308
4.1382880211,0.173819527,0.3778693676,0.5532735586,0.6431671977,-2.1437866688,2.3395624161
4.1481571198,0.1566556543,0.3479482532,0.4972557724,0.6870002151,-2.3628988266,2.5502438545
4.1582980156,0.0990490094,0.3143199086,0.3791941702,0.7800365686,-2.5965414047,2.7673602104
4.1682839394,0.0648828894,0.2738942206,0.2775081694,0.8664201498,-2.7898459435,2.9576590061
4.1782598495,0.0533813611,0.2226375937,0.2007813156,0.9864583015,-2.918828249,3.1400814056
4.1882939339,0.0536751822,0.2317321599,0.1541907489,1.1169008017,-3.0031020641,3.2913963795
4.1981678009,0.1008407101,0.2388615012,0.1568026841,1.2028112411,-3.1136031151,3.4152879715
4.2082548141,0.1420195848,0.2610400319,0.1771949828,1.1661012173,-3.1284749508,3.5843303204
4.2182559967,0.1399181634,0.2448265254,0.196546644,1.0201084614,-3.0897870064,3.7414171696
4.2282528877,0.1691665798,0.2193677425,0.2020547688,0.8388793468,-3.0492486954,3.8963899612
4.238255024,0.1617980748,0.2152543664,0.1907973588,0.7553446293,-3.1171395779,4.1571736336
4.2482409477,0.0043867142,0.0432490483,0.089179188,0.614528656,-3.1498112679,4.2137908936
4.2582631111,-0.1662058085,-0.1741119027,-0.0604095198,0.4733065963,-3.3177382946,4.0779299736
4.2682437897,-0.3010595143,-0.3299383819,-0.267591387,0.6045431495,-3.4393069744,3.7418482304
4.278263092,-0.398511976,-0.2995369434,-0.4266783297,1.0048966408,-3.5706460476,3.3950204849
4.2882618904,-0.3142764866,-0.2849099934,-0.5273863077,1.3945429325,-3.7155766487,3.0929067135
4.2982420921,-0.3290751874,-0.2954470217,-0.5708400011,1.8037413359,-3.8092956543,2.8871245384
4.3082590103,-0.3963080347,-0.3265787363,-0.6011048555,2.0615832806,-3.8266515732,2.7489461899
4.3182649612,-0.7981871963,-1.0777715445,-0.5313913822,0.2357424796,-3.3160059452,1.2446858883
4.3282499313,-2.5126674175,-2.746281147,-1.0017133951,-0.9093328714,-0.5913487673,0.7986110449
4.3382458687,-2.3915622234,-2.3198876381,-1.42212677,-1.4009011984,0.8321207166,-0.0346903242
4.3481607437,-1.4483143091,-1.90596807,-1.4937498569,-1.3940736055,1.4812111855,-0.5063564181
4.3582382202,-0.8983641267,-1.3675063848,-1.4337277412,-1.094348073,1.8504669666,-0.719314456
4.3682351112,-0.4199425876,-0.9999732375,-1.3056538105,-0.377838254,1.9845882654,-0.8078006506
4.3781719208,-0.2123440951,-0.577627182,-1.2042814493,0.3096786141,1.8815228939,-1.2336316109
4.3882379532,-0.1415301412,-0.4919279814,-1.0085878372,0.578584373,1.4870659113,-1.8580722809
4.3981800079,-0.32772246,-0.6294484735,-0.7761374712,0.4038971364,1.7169107199,-2.5701801777
4.4081659317,-0.5729833841,-0.7790344357,-0.6748498678,0.2246440202,2.2790310383,-3.0443394184
4.4181628227,-0.4862194359,-0.7558127046,-0.5981321335,0.1606041938,2.7784223557,-3.3343811035
4.4281587601,-0.4351187646,-0.5992414355,-0.4845033586,0.0402130634,3.1024990082,-3.5754365921
4.4381570816,-0.2881984413,-0.4305945933,-0.3338889778,-0.1794441938,3.410118103,-3.7759439945
4.4481678009,-0.209111914,-0.3081831634,-0.2276162803,-0.4027486444,3.6167304516,-3.9109892845
4.4581770897,-0.11881084,-0.2297756076,-0.1298076808,-0.5884325504,3.7602033615,-3.9638459682
4.468170166,-0.1054016724,-0.1661372781,-0.0320406891,-0.7717493773,3.8382484913,-3.9206659794
4.4781689644,-0.0901063755,-0.0905812904,0.0736597478,-0.9610915184,3.8535535336,-3.8345804214
4.4881677628,-0.0545937195,-0.0111132199,0.1707983911,-1.1590299606,3.8626680374,-3.7144510746
4.4981708527,-0.0552551672,0.0552871302,0.2528832853,-1.3385084867,3.6769318581,-3.5229516029
4.5081701279,0.0183378365,0.0845799521,0.3255391419,-1.4691733122,3.5801656246,-3.4712381363
4.5181708336,-0.0807622299,0.1449162662,0.3794395626,-1.5019329786,3.5016634464,-3.3719027042
4.5281710625,-0.0476343334,0.213199228,0.4207893908,-1.4844157696,3.2918367386,-3.3014988899
4.5381579399,0.0280803721,0.2425049543,0.4597428143,-1.4082685709,3.1077623367,-3.2727367878
4.5481672287,0.0084661376,0.2677584291,0.4959181845,-1.247797966,2.7489950657,-3.1249747276
4.5580778122,0.0561996996,0.3279440105,0.5189622641,-1.0713218451,2.3935034275,-2.9836194515
4.5680880547,0.0815484151,0.3278474808,0.5183048248,-0.939473927,1.9953052998,-2.7962732315
4.5781588554,0.1008967534,0.3113619685,0.4944677651,-0.8529421687,1.6513620615,-2.5986261368
4.5880680084,0.0990985557,0.3087143898,0.4798655808,-0.7881136537,1.3207335472,-2.3234930038
4.5979619026,0.1156432554,0.3194786012,0.4406472743,-0.6747758985,1.0725541115,-2.0744230747
4.6081228256,0.1100607738,0.3383365273,0.4204194844,-0.5167623162,0.8366276026,-1.8084679842
4.6180839539,0.1619165987,0.3946362734,0.4451696575,-0.3790342808,0.6005564928,-1.5414370298
4.6280899048,0.1922955662,0.4377910197,0.4774656594,-0.2448557019,0.4270685911,-1.326865077
4.6379408836,0.1670236588,0.4446289837,0.4967509806,-0.17343238,0.2253280133,-1.1088761091
4.6480789185,0.1507284194,0.3910465837,0.4960539639,-0.0594964847,0.0536758229,-0.9113001823
4.6580667496,0.1106808409,0.3819203377,0.4273518622,0.1494382173,-0.1444343328,-0.6445663571
4.6680707932,0.0726864859,0.4086689949,0.3727643788,0.353610009,-0.2785409987,-0.3878029883
4.6780381203,0.0433219001,0.3512024581,0.3387769759,0.525410533,-0.3701505363,-0.1312904954
4.6880898476,-0.0031312795,0.3344998658,0.3680101931,0.3593320549,-0.3802340627,0.0898682475
4.6980381012,-0.0350088552,0.2226983607,0.3771751225,0.1483046561,-0.4590380788,0.1893262565
4.7080612183,-0.0396737531,0.1450551748,0.2836243808,-0.1400485784,-0.3482548296,0.2812372744
4.7180719376,-0.0989528224,0.1460461915,0.3279298842,-0.396897316,-0.3055973947,0.3778190911
4.7280278206,-0.1006891951,0.1618537903,0.2314788401,-0.3192810714,-0.5660071373,0.4782559276
4.738008976,-3.47883e-05,0.2108036876,0.2092666924,-0.2268103808,-0.8114283681,0.5679606795
4.7480530739,-0.0765109137,0.2558005154,0.1558538973,-0.0847342014,-0.7189370394,0.631005168
4.7581110001,-0.2258009613,0.1940266788,0.1308762133,0.0065009082,-0.5320004821,0.6605398655
4.7680110931,-0.255938381,0.1322298348,0.1183994114,-0.0730804726,-0.5798699856,0.6343460679
4.7780399323,-0.2055335194,0.0256471392,0.123680383,-0.0819667727,-0.5424280763,0.645794332
4.7880158424,-0.2596678436,0.0218250509,0.0978139341,0.2107345909,-0.2988436222,0.6174505353
4.7982387543,-0.3016341031,0.0399146155,-0.0092804767,-0.0506024584,-0.4578457773,0.6346021295
4.8079957962,-0.1866471171,0.0987752154,0.0476497076,-0.2781405449,-0.5696370006,0.6418603063
4.818022728,-0.1739528179,0.0685508326,0.0882882178,-0.0673490837,-0.4703509212,0.5613861084
4.8279809952,-0.2598659694,0.0915200189,0.0217248462,0.004074235,-0.3057126999,0.5007746816
4.8382549286,-0.2619706094,0.1044108942,0.0276532434,0.0736201555,-0.1710443795,0.4371726811
4.8479499817,-0.2974975407,0.0608609095,0.0110051893,-0.0391274281,0.0679357126,0.3623967171
4.8579878807,-0.418382138,-0.0882719979,-0.0556152798,-0.1762675643,0.2854006588,0.2941541374
4.8679637909,-0.3970492184,-0.1205470487,-0.0772928298,-0.3813213706,0.4427290261,0.2539686263
4.8781337738,-0.3510321677,-0.2189602256,-0.1057294905,-0.5542297363,0.5686086416,0.2564586699
4.8879642487,-0.3887644708,-0.2495063543,-0.1125999987,-0.5676156282,0.6568154693,0.2091508359
4.8979902267,-0.3625514209,-0.1811619997,-0.0963766873,-0.3887609541,0.6210724115,0.1178952232
4.9079437256,-0.3030672371,-0.0917215273,-0.0700738728,-0.0502044484,0.5158125758,0.0014783312
4.9181232452,-0.2681718171,0.0019370379,-0.0334576108,0.4023317397,0.3245342374,-0.1537729055
4.9279370308,-0.1838657409,0.0972446576,0.0090478919,0.9067674875,0.0430285037,-0.2819114327
4.9380102158,-0.1242234632,0.1717900038,0.0454340242,1.2610199451,-0.2969442308,-0.3606918454
4.9479370117,-0.0974866524,0.1384707987,0.0551877879,1.3647454977,-0.4406108558,-0.3810804784
4.9579639435,-0.1869249493,0.0321541801,0.070048362,1.2948007584,-0.3926153779,-0.3303504884
4.9679379463,-0.2150451988,0.0052096904,0.1058699787,1.0586082935,-0.2831485569,-0.1895973533
4.9779262543,-0.2108073384,-0.0006828246,0.1134130061,0.7087976933,-0.1126630902,-0.0597835593
4.9879260063,-0.2186246663,0.0589227155,0.1147265136,0.427652806,0.0145529211,0.0723867267
4.9979510307,-0.1860224754,0.1494244039,0.1021932065,0.3178157806,0.0883850679,0.1814112216
5.0078897476,-0.1847037077,0.2338235378,0.1139123142,0.351565212,0.1064460948,0.2630746365
5.0179181099,-0.1538095325,0.3095987737,0.1441455185,0.4688979685,0.0856055319,0.3449333012
5.0279040337,-0.1286629885,0.3477068543,0.1690364182,0.6408993006,0.0311161838,0.4418441355
5.0379719734,-0.089457579,0.354337126,0.1925668418,0.7842590213,-0.0512521937,0.5538272262
5.0478878021,-0.052757971,0.3356760442,0.2314961851,0.8456743956,-0.1547652781,0.6426340938
5.0579609871,-0.0370753184,0.3172850907,0.275042206,0.8686822653,-0.2701286077,0.7549153566
5.0678811073,-0.0070360689,0.3148064613,0.3069494069,0.8727720976,-0.418829143,0.8610535264
5.0779542923,0.0113176312,0.3085024059,0.3535475433,0.8823691607,-0.5951226354,0.9854280949
5.0878949165,0.0202889945,0.3109999299,0.3824615777,0.8984440565,-0.7820163965,1.114115715
5.0978689194,0.0432524234,0.3264368773,0.40945068,0.9155228734,-0.9697814584,1.2651190758
5.1078968048,0.0792788193,0.3350962996,0.4218316972,0.9035330415,-1.1226091385,1.4031668901
5.1178679466,0.0900959522,0.3419852257,0.4420032203,0.8231404424,-1.2694559097,1.55291152
5.1278581619,0.1173180193,0.3109423518,0.4108048975,0.781016171,-1.4093186855,1.7344543934
5.1379289627,0.1113675833,0.3317463398,0.3711715639,0.7376281023,-1.5444942713,1.964835763
5.1478481293,0.1062717065,0.304649055,0.3278925717,0.6343424916,-1.6599391699,2.1823842525
5.1578521729,0.0758621916,0.2729897499,0.3031387627,0.5063353777,-1.7489801645,2.3859710693
5.1678447723,0.0567129999,0.2495711446,0.3000786006,0.4050478935,-1.8243129253,2.5427017212
5.1779170036,0.0465916768,0.2511759996,0.2977620065,0.3520961106,-1.918890357,2.6549026966
5.1878380775,0.0457272157,0.2671732903,0.2842283547,0.3292592466,-2.0441584587,2.7757811546
5.1979079247,0.0366432741,0.224204421,0.2408490479,0.328073889,-2.2108399868,2.9085981846
5.2078342438,0.0130586978,0.1706128716,0.1588831246,0.4794543386,-2.3625583649,3.0284640789
5.2178268433,0.0091511961,0.1795046329,0.0837256014,0.5890508294,-2.4890942574,3.131197691
5.2279062271,0.0055890144,0.0933389142,0.0308525227,0.7146641612,-2.4736380577,3.200065136
5.2378239632,-0.0286942814,0.1141138747,-0.0145219304,0.8255869746,-2.452684164,3.1754181385
5.2478089333,0.036019586,0.1061709598,-0.0066079833,0.9249532223,-2.4511282444,3.1424045563
5.2578158379,0.0347416624,0.090584524,-0.0470032431,1.1485823393,-2.5386695862,3.2012431622
5.2678442001,-0.0381107703,0.0406251624,-0.101996392,1.3689501286,-2.6041173935,3.222761631
5.2777748108,-0.1277619451,-0.1241142079,-0.1104706228,1.35678339,-2.6864156723,3.2349934578
5.2879552841,-0.1957730502,-0.3305616975,-0.0954006612,1.177921176,-2.566991806,3.1132311821
5.2978320122,-0.2491443008,-0.4385466576,-0.1267699897,0.9801236987,-2.4609923363,2.9384489059
5.3077969551,-0.1919266433,-0.4619950056,-0.1720709503,0.9316576123,-2.4536187649,2.7195823193
5.3178529739,-0.1657110304,-0.4204226732,-0.2644650638,1.2128682137,-2.55590868,2.5022587776
5.3277888298,-0.1622629017,-0.3160669208,-0.350723356,1.5891597271,-2.6670925617,2.2838644981
5.3378152847,-0.3507101834,-0.4458982348,-0.3971479237,1.675334096,-2.4920840263,1.9235851765
5.347779274,-0.5353285074,-0.6680756211,-0.3691465557,1.4037166834,-2.1512556076,1.5284799337
5.3579239845,-0.65716362,-0.9870266914,-0.3343936503,0.3341880739,-1.5202137232,0.5445441604
5.3679580688,-1.2601310015,-1.6843428612,-0.6226462126,-0.2355544567,0.2878467739,0.1337582022
5.3812451363,-1.1566333771,-1.473090291,-0.8834775686,-0.2962102294,1.0716012716,-0.2781778276
5.3878149986,-0.5470074415,-1.1141085625,-0.8809537888,-0.1619458944,1.2799557447,-0.4081720412
5.3978347778,-0.2478053421,-0.8866966367,-0.8414548635,-0.0531186089,1.3175202608,-0.489235878
5.4075880051,-0.1409479231,-0.8473247886,-0.7609581947,-0.0260566361,1.2916425467,-0.5400817394
5.4176502228,-0.0574255958,-0.7359403372,-0.6212117672,-0.0253646132,1.1374920607,-0.693128705
5.4278960228,-0.0261541996,-0.6672852039,-0.5137730241,-0.1979518235,0.9487765431,-0.9818171859
5.4379997253,-0.1241228357,-0.7163040042,-0.4031990469,-0.4071108997,1.0651962757,-1.3022046089
5.4475708008,-0.2512525618,-0.6967207789,-0.3767672479,-0.4308846891,1.2174085379,-1.6048941612
5.4575929642,-0.2115493268,-0.6373493075,-0.3534635007,-0.3899340332,1.3962339163,-1.853618741
5.4675650597,-0.2799993455,-0.6383171082,-0.3041194975,-0.4800612628,1.6829551458,-2.1157009602
5.47772789,-0.3043036163,-0.6430254579,-0.2474012077,-0.7195594907,1.9578932524,-2.3712308407
5.4877438545,-0.2473482043,-0.6170110703,-0.2124588192,-0.9319897294,2.1818418503,-2.6136975288
5.497759819,-0.210880205,-0.5385429859,-0.2159831822,-1.0102496147,2.2898406982,-2.787512064
5.5077190399,-0.1956650764,-0.4842570424,-0.219650358,-1.0315320492,2.3323795795,-2.9184472561
5.5177907944,-0.1837935895,-0.4277845025,-0.201356262,-1.062309742,2.3567779064,-3.0365059376
5.5277070999,-0.2154587358,-0.3821412921,-0.153519243,-1.0666093826,2.4028360844,-3.146228075
5.537779808,-0.1844009012,-0.2957057953,-0.0974064767,-1.0343021154,2.4117474556,-3.2589242458
5.5476827621,-0.1370141357,-0.2118034959,-0.0284280516,-1.0062675476,2.4237725735,-3.3780095577
5.5577340126,-0.0986226872,-0.1170893833,0.0442646407,-0.9845603108,2.4209058285,-3.4831838608
5.5677189827,-0.0344275907,-0.0282199923,0.1082957089,-0.9787844419,2.3988842964,-3.5637867451
5.5776968002,-0.0039762049,0.0589330867,0.1496013701,-0.9640677571,2.4309668541,-3.5746269226
5.5877370834,-0.0009422168,0.1276885271,0.1908192933,-1.0032867193,2.4079828262,-3.6020727158
5.5976982117,0.0622360334,0.1571090221,0.2386730611,-1.0115090609,2.3453884125,-3.540043354
5.6077108383,0.0790402144,0.2383694649,0.2583602369,-0.9628980756,2.3690083027,-3.446739912
5.6176710129,0.0540805832,0.2917996049,0.2491990626,-0.9277120233,2.3223211765,-3.3136634827
5.627699852,0.0768672749,0.3054122925,0.2395680845,-0.9089063406,2.1816520691,-3.1565930843
5.6376471519,0.1355335712,0.3127494454,0.2341189086,-0.8409262896,1.9951550961,-2.9036450386
5.6476788521,0.1570021361,0.3568996787,0.2427077591,-0.7334538698,1.8121048212,-2.6581830978
5.6576628685,0.1232934073,0.3747196794,0.2636469901,-0.6257610917,1.5939706564,-2.3901805878
5.6679067612,0.1427651495,0.3866088986,0.2961372435,-0.5650234222,1.3796274662,-2.1370463371
5.6776561737,0.1517819017,0.4062430263,0.3303116262,-0.590441823,1.1230382919,-1.8718932867
5.6876649857,0.1760340482,0.4033077061,0.3394720852,-0.579302907,0.9775924087,-1.6414813995
5.6976380348,0.1023241505,0.3872839808,0.3399309814,-0.5331773758,0.8612748981,-1.4112830162
5.7079572678,0.1068922207,0.3893066645,0.3554340899,-0.4555544555,0.6820782423,-1.1881353855
5.7174367905,0.122279115,0.3797283173,0.3445462286,-0.3350658715,0.4870813191,-0.976601541
5.7274460793,0.0935392007,0.3761447668,0.31732288,-0.1901169419,0.3040121496,-0.7672869563
5.7374811172,0.0700497702,0.3732869327,0.3094042838,-0.0547362193,0.132271558,-0.5994724035
5.7482652664,0.0616189316,0.3682382405,0.2797975242,0.1093812138,-0.035890542,-0.4136381745
5.7578401566,0.0434679911,0.3792237639,0.2743332684,0.1657483429,-0.1977161914,-0.2649565637
5.7676172256,0.0205684509,0.3293806911,0.3064875305,0.1725798845,-0.3044037521,-0.1229714528
5.7776679993,0.0039288611,0.3247449398,0.2867687643,0.1952222139,-0.3884845376,0.0231038649
5.7876472473,0.0089355316,0.3557083309,0.268248409,0.1547299176,-0.466362834,0.2021188885
5.7976331711,-0.0197662059,0.2681041956,0.2210771143,0.0827453434,-0.4792847633,0.3807329834
5.8076019287,-0.1239069179,0.1804260015,0.1952180564,-0.0598165989,-0.4694060385,0.5401271582
5.8176317215,-0.1701060086,0.1313305497,0.1614554226,-0.1905563623,-0.461738795,0.6804053187
5.8275828362,-0.240268603,0.0858403817,0.1330126822,-0.3464154601,-0.4733507037,0.7135236263
5.8376102448,-0.3176332414,0.0668540969,0.1099421084,-0.3758172989,-0.4134894907,0.7407781482
5.8475599289,-0.3695016503,0.1146704033,0.0763298571,-0.2576512396,-0.3730573952,0.7372462749
5.857653141,-0.3877950609,0.1498100758,0.0777852833,-0.2927361429,-0.3569623232,0.6511119604
5.8675880432,-0.508723855,-0.0015409527,0.0756312907,-0.3829651177,-0.0867068544,0.4635040164
5.8776378632,-0.6834017038,-0.177562207,0.0473118089,-0.4741284251,0.1549593061,0.3090192378
5.8875808716,-0.7420210242,-0.2444677651,0.07640329,-0.5801584125,0.394215554,0.135434404
5.8975772858,-0.6814187765,-0.263954699,0.0613600276,-0.6376287937,0.5634455681,-0.0217955671
5.9076242447,-0.6472097039,-0.2204080522,0.0553227328,-0.5810475349,0.599413991,-0.1166211441
5.9175491333,-0.5362102985,-0.0781572685,0.0612000488,-0.2791867554,0.5336256623,-0.2077670246
5.9275388718,-0.4060155451,0.057543464,0.0619758628,0.1530709118,0.4244640172,-0.2402951419
5.9375281334,-0.32323125,0.1401007771,0.0824100077,0.5695920587,0.2789033353,-0.26620543
5.9476079941,-0.2690969706,0.2021362484,0.0915549099,0.9041543603,0.1038713455,-0.2886766493
5.9575042725,-0.2337579727,0.1979900002,0.0899899304,1.1491341591,-0.0689219981,-0.342970401
5.9675302505,-0.2231698781,0.1857760549,0.0914334357,1.3714228868,-0.2328022867,-0.334626168
5.9775319099,-0.215201661,0.1753246784,0.0978785455,1.5471202135,-0.3366626203,-0.2650204599
5.9875340462,-0.2093323618,0.1610580981,0.1625331342,1.5292372704,-0.4169667959,-0.1401874572
5.9975171089,-0.1807685792,0.1384527087,0.2051290572,1.3349999189,-0.4739688337,-0.0058219256
6.0074739456,-0.1743608266,0.1223661378,0.2450804412,1.0317319632,-0.5188545585,0.1444780976
6.0175180435,-0.1593800187,0.1409627795,0.267903775,0.7175061703,-0.5243883133,0.2817817628
6.0274839401,-0.1388874948,0.1602278352,0.2961834967,0.4213435054,-0.5180622339,0.4147464633
6.0375442505,-0.111150749,0.2077419162,0.316703707,0.1596021801,-0.5498108268,0.5638701916
6.0475091934,-0.0857547447,0.2290261984,0.3232250512,-0.0252281241,-0.5811184049,0.6948763728
6.0575518608,-0.0660562143,0.2598454356,0.3089372814,-0.1245889366,-0.6255628467,0.8375961185
6.0674920082,-0.0343680605,0.3205930591,0.2665699422,-0.1492090672,-0.6872683167,1.0186200142
6.0775461197,0.0105487909,0.3550755978,0.2379055321,-0.1426462382,-0.7817513943,1.2125809193
6.0874800682,0.0283747595,0.3595461249,0.2278952301,-0.1050818115,-0.8740254045,1.3873852491
6.097495079,0.0379050896,0.3859912753,0.2349532545,-0.0142617626,-0.9509487152,1.5588642359
6.1074762344,0.0578003079,0.4075689316,0.2413851321,0.1299707741,-1.0254784822,1.7122311592
6.1175379753,0.08480151,0.4377008677,0.2583458722,0.2499892116,-1.1460419893,1.8797274828
6.1274671555,0.1232132465,0.4220194221,0.273201555,0.363583684,-1.2592855692,2.0333669186
6.1374840736,0.1520273238,0.4096351266,0.2743981183,0.4612799883,-1.4011826515,2.2254495621
6.1474461555,0.1882511973,0.410941124,0.2474519312,0.5003938675,-1.5689567327,2.4443004131
6.1574511528,0.2077241987,0.3347036839,0.2140675485,0.4686844051,-1.6955113411,2.6724934578
6.1674480438,0.1993252039,0.295432508,0.1549130976,0.4270064533,-1.7689056396,2.8769776821
6.1774449348,0.1865177304,0.3154176474,0.0890392363,0.4219243526,-1.8856910467,3.0987153053
6.1875128746,0.1846140921,0.2972194552,0.046173241,0.4131188691,-1.9279360771,3.2912883759
6.1974372864,0.1280790418,0.2100296617,0.0236470364,0.3781979084,-1.9052863121,3.4717721939
6.2073979378,0.0923179314,0.1590780616,0.0197835229,0.3411429524,-1.8617404699,3.5979404449
6.2174229622,0.0779870376,0.0912035182,0.0381647609,0.3388890922,-1.8583078384,3.6266050339
6.2274861336,0.0689502582,0.0134913987,0.0791297257,0.3912572265,-2.0051877499,3.651955843
6.237405777,0.0480663106,-0.0339726731,0.0455065034,0.4879160225,-2.1782052517,3.580769062
6.2474088669,0.06603425,-0.0683800504,-0.0185025074,0.5177556276,-2.3988726139,3.4971878529
6.2574577332,0.0781690106,-0.1310801506,-0.1243200004,0.6177492738,-2.6088144779,3.4793562889
6.2674398422,0.0346073136,-0.1673908234,-0.1920879185,0.7104669213,-2.8590643406,3.5042870045
6.2774047852,0.0912785754,-0.1920738816,-0.223429054,0.7293573618,-2.9413943291,3.4835586548
6.2874040604,0.0428803191,-0.1774590611,-0.2433250248,0.7856824398,-2.9974896908,3.3723318577
6.2974028587,-0.0550247207,-0.222045958,-0.2610906065,0.8535455465,-3.0079967976,3.2066175938
6.3074550629,-0.194022879,-0.3270744085,-0.2622821033,0.9079637527,-2.8998148441,2.9339058399
6.317387104,-0.3483220637,-0.4885054231,-0.2731352746,0.8165267706,-2.6853320599,2.600051403
6.3273582458,-0.5099691153,-0.668063879,-0.3172262013,0.6441909671,-2.3301773071,2.1654753685
6.3373537064,-0.6409373283,-0.81173563,-0.3892587125,0.0806471705,-2.4486620426,1.444212079
6.3473701477,-1.0757750273,-1.3473125696,-0.4463908374,-0.5129022002,-1.0596827269,0.5442732573
6.3574328423,-1.2406857014,-1.4417573214,-0.812666297,-0.3373089433,-0.3325475156,0.171847403
6.367369175,-0.8764601946,-1.1471302509,-0.885238409,-0.1258606017,0.3639293015,-0.3183295131
6.3774337769,-0.6383031607,-1.049715519,-0.821632266,-0.0710484758,0.8151630759,-0.5975166559
6.387389183,-0.3876952827,-0.9090110064,-0.7458946705,0.0607340559,1.2185791731,-0.7882679701
6.3973889351,-0.2264817804,-0.7647744417,-0.7034934163,0.2005858421,1.3980866671,-0.9212634563
6.4073438644,-0.083590664,-0.6693357825,-0.6236041188,0.2277825624,1.2948089838,-1.1490268707
6.4173898697,-0.0588433519,-0.6495594382,-0.4875028431,0.0351880789,1.0801241398,-1.4566559792
6.42735672,-0.0937462822,-0.6712489724,-0.3926633298,-0.2105119526,1.0822207928,-1.7390941381
6.437412262,-0.1824911684,-0.62764889,-0.3702013195,-0.3661336303,1.2725248337,-1.9675709009
6.4473109245,-0.1350352615,-0.5809758306,-0.3716710508,-0.4937906861,1.4091547728,-2.1234767437
6.4573149681,-0.1509790272,-0.5585373044,-0.3644892871,-0.5781118274,1.5859322548,-2.2488658428
6.467373848,-0.1519772857,-0.4579229951,-0.3383259475,-0.5679183006,1.6897540092,-2.3664090633
6.4773278236,-0.0880956426,-0.3615199924,-0.2958059609,-0.5583974719,1.7548898458,-2.5070717335
6.4873361588,-0.0765145794,-0.3209030032,-0.2447383106,-0.5735572577,1.8494565487,-2.6840312481
6.4973039627,-0.094400622,-0.2913211584,-0.1877655089,-0.614417851,1.9565907717,-2.8684933186
6.5073699951,-0.0557783917,-0.2549817562,-0.129214853,-0.6690246463,2.0245864391,-2.992133379
6.517329216,-0.0435288921,-0.2333753705,-0.0843369663,-0.7079124451,2.1070656776,-3.060631752
6.5273089409,-0.0446619764,-0.1965284944,-0.030129347,-0.7604880333,2.1460683346,-3.0767838955
6.5373110771,0.0044038207,-0.1367233992,0.0085475706,-0.8536391258,2.1586501598,-3.0215582848
6.547369957,-0.0234564934,-0.1605795026,0.0362799428,-0.9790628552,2.2281115055,-3.0346698761
6.5572957993,-0.0417883769,-0.1216792986,0.0740521252,-1.0909366608,2.1963899136,-3.0173845291
6.5672922134,0.0596736893,-0.0361164734,0.1039063036,-1.1321525574,2.1636168957,-3.0628261566
6.57725811,0.0479283854,0.0738353208,0.1278806031,-1.0887862444,2.0858528614,-3.0719158649
6.587334156,0.1004851833,0.1574035883,0.1472338736,-0.9661667347,1.9630390406,-3.0457077026
6.5972499847,0.1404351741,0.2216157913,0.1528503597,-0.8125171661,1.8183050156,-2.9864463806
6.6072759628,0.1531725079,0.2660048008,0.1707253754,-0.6624283195,1.7016742229,-2.8869924545
6.6172790527,0.164856866,0.2792588472,0.1755701602,-0.5348193049,1.5777201653,-2.7481648922
6.6273078918,0.1784421206,0.2806445956,0.1990422308,-0.5143023133,1.4737300873,-2.5530872345
6.6372618675,0.1817676276,0.2500327229,0.2191282809,-0.5742539763,1.4245829582,-2.3710565567
6.6472620964,0.1798529476,0.2480711341,0.2343484461,-0.6463140845,1.4202255011,-2.1903712749
6.6572551727,0.1890849024,0.3154024482,0.2571203411,-0.7168839574,1.3875794411,-2.0700631142
6.6672811508,0.2296835929,0.3879003525,0.283975333,-0.7419378757,1.2698302269,-1.9428575039
6.6772398949,0.2627335787,0.3832428455,0.2930548489,-0.6955453753,1.1465417147,-1.7774168253
6.6872448921,0.2409514189,0.3938766122,0.3011983335,-0.5892836452,1.0015046597,-1.5853201151
6.6972227097,0.1983306259,0.3868887424,0.2908263505,-0.3877626657,0.8220114112,-1.3835027218
6.7072901726,0.1574624926,0.3776220381,0.263912648,-0.2225334644,0.6411912441,-1.1795287132
6.7172021866,0.1122427806,0.3327508271,0.269830972,-0.2136138827,0.5189529657,-0.9843301177
6.72732687,0.0539671108,0.188225925,0.2698450387,-0.349109143,0.4508098662,-0.8308092952
6.7372088432,-0.0064556389,0.1183984354,0.2713497579,-0.5659493804,0.3983101547,-0.6486462951
6.7472600937,-0.004319319,0.09995801,0.2576126158,-0.7921867967,0.3274093568,-0.4854826927
6.757185936,-0.0059162318,0.1174777523,0.2318383753,-0.9680138826,0.2405756563,-0.3562473059
6.7672410011,0.000459066,0.17637977,0.2155871689,-1.0754554272,0.1425779909,-0.2195507139
6.7773208618,-0.0075039952,0.2117533982,0.2170393765,-1.0168963671,0.1068162695,-0.0801881701
6.7871770859,-0.0487358496,0.2773453295,0.2008440793,-0.8300210238,0.0547157861,0.0326326564
6.7971701622,-0.0812153146,0.300647825,0.1877827942,-0.5656587481,0.0744149238,0.0971262977
6.8071660995,-0.1482082456,0.2720137239,0.1519511044,-0.2852105796,0.0752184018,0.1872284859
6.8171629906,-0.1755293757,0.2616593838,0.1114061773,-0.0671755746,0.0071349526,0.27782166
6.8272280693,-0.192295596,0.1720383167,0.0628767908,0.07005658,-0.1000578105,0.367661804
6.8371500969,-0.2274423093,0.1248930767,0.0430003069,0.1620074064,-0.1844576448,0.5391902328
6.8469057083,-0.264662832,0.105752863,0.0304358862,0.2118716389,-0.2073283345,0.6944128871
6.8571491241,-0.3415325284,0.0747126117,0.0714970529,0.1342692524,-0.1306676567,0.7300917506
6.8671450615,-0.4746462405,0.0121745234,0.0525170825,0.1241537705,0.1264584064,0.5595112443
6.8771390915,-0.5728418827,-0.0396120772,0.0723201931,0.2144754082,0.4642785192,0.4850149155
6.8870887756,-0.5269834995,0.026802456,0.0901615918,0.2009878308,0.7103210688,0.3963127434
6.8971567154,-0.3907129467,0.0698358789,0.0618844293,0.1150154024,0.7822897434,0.3905935884
6.9071598053,-0.3151168823,0.0175944623,0.0497890376,-0.0543216951,0.7287453413,0.4069949389
6.9171218872,-0.3196464181,-0.0275258068,0.0446929,-0.2006605417,0.6215613484,0.3791057765
6.9269938469,-0.3232819736,-0.0201165024,0.0751112998,-0.2484951615,0.5080689192,0.2746984065
6.9371209145,-0.3467095792,0.0226585325,0.1363482177,-0.0906388238,0.4607881904,0.102789104
6.94713974,-0.3591175675,0.1301228106,0.1970380247,0.2925628722,0.5453017354,-0.1105047986
6.9571027756,-0.3481626213,0.2571162581,0.1573590934,0.6509162784,0.5784554482,-0.4328750968
6.9672298431,-0.3115645945,0.2092742324,0.0848604739,0.9062662721,0.6592704058,-0.7129864097
6.9770979881,-0.2793886662,0.1643764079,0.0132912658,1.0042327642,0.6369267702,-0.9147642255
6.987197876,-0.2375605553,0.0833630636,0.0015817547,0.9065847993,0.5792983174,-0.9408821464
6.9970269203,-0.2323786169,-0.0200229827,0.0312981866,0.7457534075,0.6186417937,-0.8188487887
7.0072612762,-0.2440265566,-0.0109763676,0.0561251305,0.5519794226,0.5841431618,-0.5528919101
7.0170769691,-0.1976816952,-0.0486108288,0.0719980299,0.3244284093,0.4908717871,-0.2546585202
7.0271482468,-0.1668564528,-0.0280399565,0.086766988,0.1532316208,0.3152853251,-0.0090503432
7.0370702744,-0.1367652863,0.0707160905,0.1255874932,0.1149960905,0.0931292251,0.169835791
7.0473041534,-0.0867640004,0.1687684953,0.1805453598,0.1836190969,-0.1211921275,0.2933526635
7.0570640564,-0.0470451489,0.2707514465,0.2167474329,0.3312448859,-0.329714179,0.3987167776
7.0670819283,-0.0193335507,0.3407803178,0.2507982552,0.4458883703,-0.5544583201,0.5116451383
7.0770440102,-0.0246249828,0.3152802587,0.2829791605,0.5333046913,-0.7037436962,0.5986044407
7.08730793,-0.0607584342,0.3056414127,0.3007861674,0.6470107436,-0.8099588156,0.6990786195
7.0969119072,-0.0560384467,0.3648611307,0.3287701905,0.7593730688,-0.9008176327,0.8472641706
7.1071157455,-0.0151853357,0.3839561939,0.3402999938,0.7726215124,-1.01062572,0.9935145974
7.1170401573,0.0206850078,0.3123805523,0.3416377008,0.6949114203,-1.1090319157,1.180123806
7.127204895,0.0363829657,0.2873023748,0.3361872137,0.5776652098,-1.2003111839,1.3614041805
7.1370329857,0.0741512924,0.2858165503,0.3411091268,0.4379662871,-1.2906208038,1.5511920452
7.1470527649,0.1154739335,0.2860648632,0.3652452528,0.2908109426,-1.3716160059,1.7122410536
7.1570472717,0.1391833872,0.2968632579,0.3807845414,0.1835194826,-1.5013780594,1.8842030764
7.1672010422,0.161172837,0.3248456717,0.3759762943,0.144791007,-1.6668202877,2.07122159
7.1770219803,0.1743673533,0.3455757499,0.3373681605,0.2440475523,-1.8727424145,2.2743420601
7.1870751381,0.1932351142,0.3931133747,0.3043468893,0.3646517396,-2.0784990788,2.4774465561
7.1969909668,0.1587938964,0.3692113161,0.2658757269,0.4635141194,-2.2311031818,2.6664106846
7.2070870399,0.1173318401,0.3135611415,0.1861102879,0.5922084451,-2.3896069527,2.8883261681
7.2170228958,0.1501428485,0.2897586823,0.1264863908,0.7532637715,-2.4717025757,3.1415946484
7.2270708084,0.1750204563,0.2509698272,0.0894626677,0.8629758954,-2.529859066,3.3660597801
7.2370052338,0.174778074,0.2434250712,0.0872534811,0.9311078787,-2.5989220142,3.6023094654
7.2470712662,0.1661060601,0.2319151759,0.0927914679,0.8672169447,-2.6719732285,3.7420010567
7.2569789886,0.2062872797,0.1630160809,0.0937561095,0.6514406204,-2.6868104935,3.827239275
7.2670669556,0.1639566869,0.0576957539,0.0433638953,0.5255538225,-2.6088175774,3.9373099804
7.2769947052,0.0942126736,0.0461545065,-0.0180023648,0.487464577,-2.5423617363,3.9932105541
7.2870669365,0.1133083925,0.0236903485,-0.0842855871,0.5693274736,-2.5461006165,4.1068534851
7.2970080376,0.0821714625,-0.0321399495,-0.1612139642,0.5958561897,-2.6685433388,4.1395049095
7.3070259094,0.0415986702,-0.1891402602,-0.2574941814,0.6983397007,-3.0526528358,4.1259884834
7.3169698715,0.0232398119,-0.2406815886,-0.3127330244,0.8946262598,-3.197612524,3.8696892262
7.3270511627,-0.0737213865,-0.1794832051,-0.3553211987,1.232019186,-3.5735099316,3.4788062572
7.3369817734,-0.0064074784,-0.1732941866,-0.3156858981,1.6166348457,-3.9716775417,3.0657246113
7.3470039368,-0.1662716717,-0.2411108017,-0.3828801215,2.0447261333,-3.9546077251,2.6743550301
7.3569841385,-0.4391702116,-0.4304437637,-0.3951402605,1.7309277058,-4.7857398987,2.1349599361
7.3670368195,-1.0234411955,-1.5211079121,-0.2254538238,0.0646219999,-2.7464799881,0.8799020648
7.3769669533,-2.2332303524,-2.426561594,-0.8467368484,-0.5794910789,-0.6770551205,0.3516694903
7.3871517181,-1.6696145535,-1.8619357347,-1.0155594349,-0.8378097415,0.8496086001,-0.2498019636
7.3969802856,-1.0028541088,-1.4302607775,-1.0309488773,-0.9305943847,1.7240396738,-0.5273764729
7.4069747925,-0.5077834129,-0.9932187796,-0.9788852334,-0.8818721175,2.3724184036,-0.7451556921
7.4169721603,-0.1084785834,-0.69931674,-0.9080475569,-0.5497542024,2.4226772785,-0.9178194404
7.4270038605,0.1104618534,-0.5502666831,-0.8438733816,-0.0326631404,2.2316057682,-1.2314094305
7.4368982315,0.0460431799,-0.4898007512,-0.7435307503,0.5006465912,1.7824887037,-1.6134589911
7.4469971657,0.0029916971,-0.4254012108,-0.5918465853,0.9560505748,1.0949801207,-2.0533981323
7.4569401741,-0.0594641939,-0.5083635449,-0.5170064569,1.2690043449,0.9427623153,-2.38834548
7.4669542313,-0.2240779847,-0.4991289377,-0.4658934772,1.4571561813,0.922878623,-2.7591226101
7.4769229889,-0.1111649051,-0.5204225779,-0.3590053022,1.5370850563,0.9210266471,-3.0481367111
7.4870018959,-0.0886436477,-0.5048261881,-0.2385891378,1.4139084816,1.0320402384,-3.2038798332
7.4969329834,-0.0986852422,-0.5425844789,-0.1145864427,1.0881956816,1.238745451,-3.3601007462
7.5069718361,-0.1028834954,-0.5623393655,-0.0376924016,0.692974329,1.4619796276,-3.5206310749
7.5169138908,-0.1384043247,-0.5432313085,-0.000459168,0.3313655555,1.6161282063,-3.6658627987
7.5269150734,-0.1631256789,-0.479593575,0.0347152017,0.0694974512,1.7217030525,-3.8320975304
7.5368967056,-0.154321596,-0.3553849459,0.0387531184,-0.1094802842,1.7392834425,-3.9893212318
7.5469470024,-0.0993200615,-0.2162025571,0.0267780684,-0.2178709358,1.7183531523,-4.0889749527
7.5568890572,-0.0385782793,-0.0875128433,0.0362341665,-0.2624875307,1.7090797424,-4.1335053444
7.5668940544,0.0247957017,0.0228409227,0.0609039329,-0.2985491455,1.6705513,-4.1066703796
7.5768818855,0.0391018316,0.1160712913,0.1311374009,-0.425293088,1.7207981348,-3.990042448
7.5869312286,0.0677880719,0.1702219248,0.1876057684,-0.610809207,1.7613487244,-3.8297548294
7.5991420746,0.1090255156,0.2055034637,0.2001474798,-0.8041878343,1.8541060686,-3.6814849377
7.6070981026,0.0851382986,0.250967741,0.2119008005,-0.9903539419,1.971650362,-3.5163841248
7.6169691086,0.0811303109,0.3113577366,0.213494271,-1.1248197556,2.0298104286,-3.3434998989
7.6281619072,0.111631982,0.3851599097,0.2017295659,-1.2718459368,1.9265170097,-3.1653079987
7.6375370026,0.1629241109,0.4165780544,0.1740153134,-1.4202542305,1.7020236254,-2.9098370075
7.6475110054,0.1754002869,0.414468348,0.0962326825,-1.4470101595,1.4743689299,-2.6342451572
7.6569371223,0.1543021798,0.4642218947,0.0436750911,-1.3918535709,1.2533020973,-2.2875740528
7.666823864,0.2087261677,0.4856114984,0.0074219368,-1.2449795008,1.0310593843,-1.911211133
7.6767559052,0.2360524982,0.5012099147,-0.013880346,-1.0407220125,0.8402599096,-1.5340275764
7.6868138313,0.1859110445,0.5356175303,0.0546540283,-0.8805162907,0.6686987877,-1.1176320314
7.6966962814,0.159510836,0.5149566531,0.126612097,-0.7456791997,0.4994247854,-0.786226511
7.7066850662,0.1463120729,0.4386926889,0.1925394833,-0.6825056076,0.3770440221,-0.5305031538
7.71667099,0.0804246888,0.3857256174,0.2268120944,-0.4793905616,0.257540822,-0.3152683377
7.7267260551,-0.0044412999,0.3735451102,0.2416937649,-0.1899864376,0.1652950197,-0.1151426956
7.7366070747,-0.0498780087,0.3652570248,0.3030447662,0.0930853337,0.0958190113,0.0041002138
7.746711731,-0.0793857053,0.335450232,0.3201512396,0.3028185964,0.0333226174,0.0054214075
7.7566490173,-0.1130392328,0.3002755046,0.3537380993,0.3971138,0.0174102262,-0.0657208189
7.7667050362,-0.1361663193,0.2638906837,0.3599710763,0.3631473184,0.0323348492,-0.1645962596
7.77663517,-0.1433036178,0.2352337837,0.3406656086,0.1601876765,0.0698635802,-0.2167541385
7.7867231369,-0.1357676983,0.1509383917,0.3018578589,-0.1447003186,0.1383092105,-0.1861757189
7.7966680527,-0.1163770035,0.1253818274,0.2675064504,-0.4435897171,0.2204128802,-0.0643269122
7.8067007065,-0.09871874,0.1563346982,0.2335480154,-0.6591086388,0.2735842168,0.0990870446
7.8166017532,-0.0810574964,0.1648436785,0.1986605227,-0.7504954338,0.2913368344,0.2583961487
7.8267841339,-0.0888539329,0.1798458695,0.1421696842,-0.722025156,0.2903820872,0.3709959388
7.8366928101,-0.1119050011,0.1945240498,0.0841327012,-0.6523310542,0.2482692599,0.3829066455
7.8468580246,-0.1365261823,0.161798954,0.0640353262,-0.5536547899,0.2216405869,0.3043934703
7.8567728996,-0.1346790344,0.1653902531,0.0518965982,-0.361097753,0.2157377005,0.189558357
7.8668327332,-0.1138062552,0.165831089,0.0405263565,-0.1269177347,0.1903023869,0.127941072
7.8767242432,-0.0606371686,0.1419203281,0.0469761752,0.0050691925,0.1089718342,0.1220018119
7.8868741989,-0.004626581,0.1145479158,0.0541054867,0.0479375646,0.0722497702,0.1636432707
7.8968057632,0.0035423993,0.1200279072,0.0596640371,0.0080246348,0.1106882393,0.1952945441
7.9067430496,0.0308340546,0.1396012306,0.062912792,-0.1501844376,0.1445894837,0.1781869233
7.9169397354,0.0771948919,0.1279690862,0.0830853879,-0.3139482141,0.2009803206,0.1715627164
7.9267530441,0.0682198927,0.0892253593,0.0596095584,-0.3753484488,0.2532123625,0.2105753571
7.9367752075,0.0426873788,0.0650105551,0.0211937688,-0.3201937377,0.2702406049,0.2762914002
7.9468097687,0.02807354,0.0784757212,-0.0156913735,-0.2674330473,0.2046104819,0.3032399118
7.9570088387,0.0101081934,0.067391403,-0.0361899473,-0.1739468873,0.1294515431,0.3036608398
7.9667668343,-0.0022803636,0.0785062388,-0.054369662,-0.0492819287,0.0278024152,0.3031705618
7.9767341614,0.0135488417,0.0586306527,-0.0728365481,0.0898304209,-0.0232815426,0.3289054632
7.9867339134,0.0163411703,0.0446407869,-0.0833354294,0.1896172017,-0.1033476144,0.3750378191
7.9967570305,0.0344836935,0.011878795,-0.0752122104,0.173030898,-0.1811060607,0.42123577
8.0066680908,0.0161539819,-0.0521464273,-0.038334582,0.0458537713,-0.1712201387,0.4425083101
8.0167188644,-0.033390291,-0.0599096343,-0.0208763815,-0.0619736277,-0.0186151508,0.3863473237
8.0267858505,-0.1078082249,-0.0721304938,-0.0391220786,-0.1834374815,0.1186167374,0.2952389717
8.036699295,-0.1350507587,-0.1025908515,-0.0337940194,-0.2770702243,0.2548118532,0.1828708947
8.0466976166,-0.1550673395,-0.1170238182,-0.052755449,-0.2840610445,0.361915946,0.0897531956
8.0566997528,-0.1549874246,-0.0823237821,-0.0387283303,-0.2710625231,0.3541986346,0.0504858233
8.0667200089,-0.0952825919,-0.0587884709,-0.0320737101,-0.2610583603,0.3166320622,0.0231002681
8.0766811371,-0.0588001087,-0.0353203341,-0.0256809331,-0.2810983956,0.2813361585,0.0382155739
8.086725235,-0.0245570187,-0.0205021445,-0.0045685507,-0.310390234,0.200071916,0.0610732213
8.0966320038,-0.0104795787,-0.0321518108,0.0068217777,-0.2668142617,0.0914351866,0.0670602694
8.1066875458,-0.0306907836,-0.0220457856,0.0234681033,-0.1837281585,-0.005436766,0.0378834791
8.1165504456,-0.0360304192,0.0053468407,0.0417372249,-0.1320384741,-0.036556866,-0.0235704295
8.1269302368,-0.0473890677,0.0211444553,0.0490553044,-0.1043248028,-0.00486898,-0.0928507
8.1364555359,-0.0527360514,0.0527063683,0.0345446728,-0.0431298949,0.098914139,-0.1360620856
8.1464920044,-0.0678459331,0.0671327189,0.0194559358,0.0491840541,0.174271211,-0.1568006575
8.1564397812,-0.0785527602,0.0520602539,0.0058589242,0.1478756219,0.2382453978,-0.1392225921
8.1664400101,-0.0976274088,0.0612182096,-0.0047241189,0.2502355278,0.2466458082,-0.1244750693
8.1764907837,-0.1186764315,0.0751130059,0.0075670741,0.3166988492,0.209810555,-0.1179102436
8.1864376068,-0.1286281347,0.0857343748,0.033327844,0.39292413,0.1642784923,-0.1367912591
8.1965551376,-0.136863187,0.1370372772,0.0642952025,0.5117163062,0.1403297633,-0.1696512103
8.2064676285,-0.1354866326,0.1891921163,0.0936938822,0.6196272969,0.1387997717,-0.1962764263
8.2164707184,-0.1310427487,0.2223702669,0.102136761,0.7061034441,0.1321037859,-0.1824816465
8.2264595032,-0.1261708289,0.2473010421,0.1023314297,0.7327347994,0.10421516,-0.0930785313
8.2364988327,-0.1155158654,0.2607613802,0.0947261155,0.7310371995,0.1215414256,0.0597947687
8.2464580536,-0.0911375657,0.2724168897,0.0824310482,0.6813151836,0.1259252578,0.2425323576
8.2564630508,-0.0716770664,0.2926943898,0.105643481,0.5857175589,0.1236194819,0.4338418543
8.2665071487,-0.0483380631,0.331140101,0.148955375,0.4793165326,0.1393489093,0.6197326183
8.2762498856,-0.0311119054,0.3806461096,0.2104339898,0.3397231996,0.1791453212,0.7757456899
8.286277771,-0.0069165616,0.4019446373,0.2710985243,0.1824220121,0.1611849666,0.9427674413
8.2962474823,0.0219746437,0.3969014883,0.3163373172,0.0424505211,0.1123726889,1.1110395193
8.3063287735,0.0456515625,0.4084764719,0.334995538,-0.0574415848,-0.0035493835,1.2690924406
8.3166866302,0.0773477927,0.4284540415,0.338625282,-0.0929865316,-0.1615949422,1.4443789721
8.3265542984,0.1165973321,0.452454865,0.3415220082,-0.0501788855,-0.3850085735,1.6529642344
8.3369836807,0.1513259858,0.4603772759,0.3490885794,0.0384892002,-0.611109376,1.8795902729
8.3467702866,0.1524838954,0.4588249922,0.3490823805,0.1306201816,-0.8744651079,2.1223967075
8.3564510345,0.1578399092,0.4281882048,0.3361412585,0.1461473554,-1.1861226559,2.411254406
8.3663597107,0.1462570429,0.3604410887,0.3146109283,0.0481728539,-1.4496165514,2.6850035191
8.3764123917,0.102584891,0.2211633921,0.2958884537,-0.1964881569,-1.646127224,2.925488472
8.3865499496,0.0799427032,0.1163058355,0.2802605927,-0.4489326477,-1.8000518084,3.1529521942
8.3963890076,0.0757707357,0.0886882022,0.2515055239,-0.6427850723,-1.9323084354,3.3611104488
8.4064321518,0.0772461593,0.1175761893,0.224380821,-0.6401917338,-1.9076850414,3.4884359837
8.4163808823,0.0760829225,0.2393801212,0.1943964064,-0.4705712497,-2.0574176311,3.5742809772
8.4265422821,0.1669097692,0.3185842037,0.1636181176,-0.1112634093,-2.2453198433,3.5242536068
8.4366016388,0.1648632139,0.4013777375,0.1483782828,0.4658077657,-2.4253032207,3.452773571
8.446557045,0.1521896571,0.5257074833,0.1569403708,1.1133402586,-2.6131408215,3.3993575573
8.4564962387,0.2056554407,0.522680819,0.1878838241,1.5676784515,-2.8286261559,3.4131886959
8.4665756226,0.1880644113,0.3368215561,0.2230215967,1.4166958332,-3.0788383484,3.5381541252
8.4765338898,0.1113459691,-0.0497319028,0.1359813511,0.794359982,-3.1860189438,3.8165655136
8.4865970612,-0.0346736088,-0.4553542733,-0.0396349765,-0.0865407512,-3.0034410954,4.0911560059
8.4965181351,-0.1291333884,-0.714738369,-0.2225178182,-0.4591039419,-3.0867350101,4.3118691444
8.5065460205,-0.0696031824,-0.6032361984,-0.444129318,-0.0051140701,-3.11759758,4.2915668488
8.5165100098,-0.104476966,-0.2491812706,-0.5469141006,0.9779785275,-3.3966162205,4.0217828751
8.5265750885,-0.0210196767,0.100180991,-0.4213546216,2.0807187557,-4.1212000847,3.5348870754
8.5365085602,-0.113280572,0.2640557885,-0.2679606378,2.9668505192,-4.304877758,2.6260495186
8.5465116501,-0.5682975054,0.05321569,-0.2091496885,3.4904129505,-3.7120726109,1.6040688753
8.5564947128,-0.697789073,-0.4774154425,-0.2514847815,2.9782450199,-3.7416405678,0.6102227569
8.5665216446,-1.3332338333,-2.0275287628,-0.3862144649,2.2734749317,-0.7918770313,0.0912003592
8.5764846802,-1.9044035673,-1.8849703074,-0.7979210019,1.6212347746,0.3846593499,-0.6001530886
8.5864658356,-1.0872715712,-1.9921355247,-0.7383511066,0.9490461946,1.4200398922,-1.0313541889
8.5964899063,-0.8584156036,-1.6051427126,-0.8146765232,0.9384320378,1.854863286,-1.1701524258
8.6064434052,-0.2340711206,-1.0800454617,-0.7970815301,1.4057539701,1.8049534559,-1.3050788641
8.6164903641,0.0292070117,-0.7214061618,-0.7091085911,1.8389356136,1.4971123934,-1.4489341974
8.6264705658,0.157298103,-0.6090195775,-0.6286549568,2.2274367809,0.9507784247,-1.693199873
8.6364936829,0.1137255654,-0.5342966318,-0.4348107278,2.3773314953,0.2876643538,-2.1288352013
8.6464452744,0.0548014864,-0.7127887607,-0.2376628816,2.1073045731,-0.1105195135,-2.4511561394
8.656457901,-0.0659875646,-0.9105145335,-0.0693354905,1.447054863,0.0302594472,-2.6396508217
8.6664361954,-0.15433155,-1.0176315308,0.0272700451,0.5450786352,0.3154879808,-2.7163002491
8.6764802933,-0.1480472535,-1.0127538443,0.0824005902,-0.3568430841,0.6047589183,-2.8195331097
8.6864271164,-0.1719158739,-0.8884442449,0.0634957254,-0.9677967429,0.8329098225,-2.9597592354
8.6964435577,-0.1389113516,-0.688632071,0.0401432775,-1.291873455,0.9534301162,-3.0718653202
8.7064390182,-0.1140981689,-0.567358017,0.0371176861,-1.4744172096,1.127415657,-3.1844172478
8.7164936066,-0.1574743241,-0.5023762584,0.0855032504,-1.6362253428,1.2418051958,-3.2859759331
8.7264642715,-0.1030442491,-0.4060484171,0.1054391563,-1.7409893274,1.2957911491,-3.3776183128
8.7364778519,-0.0450097993,-0.2946341634,0.09940961,-1.7986418009,1.3288420439,-3.4606609344
8.7466230392,-0.0302210841,-0.1712662578,0.1244362891,-1.8701119423,1.3396736383,-3.5042393208
8.7566070557,0.0155941155,-0.1091501638,0.1484058201,-1.9770454168,1.3675916195,-3.5170924664
8.7664203644,0.0073816688,-0.0790156052,0.1610452235,-2.1194498539,1.4303908348,-3.543959856
8.7764120102,-0.0165900383,-0.0075293719,0.1692732871,-2.2768182755,1.489989996,-3.5569872856
8.7864351273,0.0458024368,0.0932552889,0.1982419789,-2.4114463329,1.4725745916,-3.4717891216
8.7963962555,0.1373840719,0.1624878049,0.2059751451,-2.4311380386,1.5102778673,-3.4199640751
8.8064517975,0.0652603284,0.2500577569,0.1831274927,-2.3742005825,1.5585716963,-3.3236393929
8.8163356781,0.1005642116,0.3159543872,0.1555918157,-2.1562302113,1.490658164,-3.2128608227
8.8264045715,0.1487842798,0.3733181953,0.1332440674,-1.8680679798,1.4636962414,-3.1268336773
8.8364162445,0.1026879176,0.4307179451,0.1344959438,-1.557945013,1.3369979858,-2.9743051529
8.8463506699,0.1492026299,0.4488125443,0.1435451806,-1.2387208939,1.1220988035,-2.7702178955
8.8566408157,0.180577442,0.4348347187,0.130269438,-0.8982738256,0.9129213095,-2.5406830311
8.8664770126,0.1705463082,0.4106913209,0.1265516579,-0.5291599631,0.7190056443,-2.3027698994
8.8763179779,0.1624548882,0.3809059858,0.0946322381,-0.1362467855,0.358507365,-2.0680437088
8.886554718,0.2525755763,0.3621049523,0.0805300176,0.2113487273,0.0648184866,-1.8539037704
8.8963565826,0.2554161251,0.3329274654,0.053010609,0.4786857665,-0.3509707153,-1.5964201689
8.9063358307,0.2618064582,0.2998071909,0.0553124212,0.7129037976,-0.5915910602,-1.448413372
8.9163570404,0.1918331534,0.2729200721,0.0758263171,0.9770882726,-0.716448009,-1.2894929647
8.9263763428,0.1283789426,0.3328860402,0.0871591866,1.2923628092,-0.8112488389,-1.1616114378
8.9363498688,0.075032331,0.3762554526,0.1399104893,1.4355261326,-0.8816000223,-1.0188959837
8.9464178085,0.047956191,0.3254483938,0.249827534,1.3269556761,-0.8114179969,-0.9629685283
8.956237793,-0.0203537885,0.2884988189,0.3203621805,1.0373417139,-0.641575098,-0.9628042579
8.966468811,-0.0582145154,0.2704284787,0.3486866057,0.6243498921,-0.405159682,-0.9406763315
8.9764308929,-0.0541159585,0.2252200842,0.3482612669,0.1767184436,-0.1311457008,-0.8656506538
8.9864759445,-0.0757250264,0.2141901851,0.3188936412,-0.1759908795,0.1469405144,-0.7747796178
8.9962768555,-0.0854121819,0.2465150952,0.2803637087,-0.4171030819,0.3480094373,-0.6664869189
9.0063514709,-0.0754082724,0.3135849237,0.2276273668,-0.5654911995,0.4490601718,-0.589484036
9.0163087845,-0.0604951605,0.3173129559,0.1545756161,-0.6703009009,0.4299660921,-0.4766697288
9.0263366699,-0.0474539176,0.3317414522,0.0963638127,-0.6329399347,0.3727337122,-0.3286523223
9.0363101959,-0.0333805159,0.3637378216,0.0540778302,-0.5319848061,0.2348930091,-0.1663504839
9.0463676453,-0.0004864276,0.3459994197,0.040101435,-0.4158366323,0.0525972433,0.0344800912
9.0561580658,0.0103728976,0.3665023446,0.058292415,-0.264071852,-0.1722827405,0.2228127271
9.0663900375,-0.0018087715,0.396881938,0.0625666082,-0.0904225782,-0.3014841378,0.3308307827
9.076294899,-0.0275330935,0.3942149282,0.0531033538,0.0227986537,-0.3489142358,0.4319884181
9.0864229202,-0.0552723631,0.3331922889,0.0466705821,-0.0021591596,-0.3407175541,0.538191855
9.0960998535,-0.0986263081,0.2336374521,0.0023702644,-0.032057669,-0.2555054724,0.6555853486
9.1062812805,-0.160044685,0.2563845515,-0.02246866,0.0482126698,-0.2118666321,0.8114178181
9.1162815094,-0.1594119817,0.2508664131,-0.0412056185,-0.0206163302,-0.2964600623,0.8555718064
9.126250267,-0.3091716468,0.0419898108,-0.0120772459,-0.4437151253,-0.1072853655,0.4870531559
9.1361675262,-0.627692759,-0.2743579745,-0.0190487243,-0.6185956001,0.231148079,0.224696368
9.1462554932,-0.5832875967,-0.159286499,0.0057518147,-0.4297021031,0.4404672086,0.033039052
9.156252861,-0.392143935,-0.0379804298,-0.0405496098,-0.1588519663,0.5331990123,-0.1175491214
9.1661510468,-0.3055961728,0.0249165352,-0.0631576478,0.1559802741,0.5556324124,-0.154035762
9.1762018204,-0.2145068347,0.1212833598,-0.0715601146,0.4620749354,0.4690511823,-0.1823757887
9.1862421036,-0.1504424959,0.1032119468,-0.0305245258,0.6582947969,0.3573946953,-0.1679776758
9.1962795258,-0.1687362492,0.0613678172,0.0411669277,0.7531892061,0.2384800315,-0.1598325372
9.2061843872,-0.1884625405,0.0048751296,0.0951931775,0.7403152585,0.1144457012,-0.1537072659
9.2163352966,-0.2006885111,-0.0451599285,0.1074843705,0.70758003,0.0766615644,-0.1683148444
9.2262401581,-0.2276135236,-0.0423935577,0.093688637,0.5481562614,0.0056571644,-0.2028019726
9.2362070084,-0.2078502327,-0.0650811121,0.0968120396,0.2561484277,-0.0469533168,-0.2160677165
9.2462339401,-0.1817059666,-0.0574343726,0.0862564743,0.0500533134,-0.0514540561,-0.1808356941
9.2564353943,-0.152114287,0.0470386222,0.0791844428,-0.0390058532,-0.0216399711,-0.1129715517
9.2661600113,-0.0998188183,0.1503680944,0.0806090534,-0.0992260575,0.0020706852,-0.0355286859
9.2762374878,-0.0518674925,0.2086187601,0.0796649754,-0.1574693918,0.0303928722,0.0790650025
9.2862110138,-0.0524546728,0.2575852871,0.0765357912,-0.1249734983,0.0562526956,0.1989248246
9.2964191437,-0.0454969481,0.3189288378,0.0699414313,-0.0249299854,0.0483795926,0.3125816286
9.3061933517,-0.0217304174,0.3578560948,0.0637655556,0.0890101641,0.0311486777,0.4443503022
9.3162212372,-0.007996032,0.3957838416,0.0605427288,0.200957343,-0.0032007759,0.5762325525
9.3261756897,-0.0042896732,0.4282342196,0.0588090681,0.2223566324,-0.0533656739,0.6902188063
9.3363666534,0.0216152575,0.4004107118,0.0782555044,0.1645077169,-0.095093146,0.8626368642
9.3461751938,0.0411099717,0.3956212401,0.1089218557,0.0517825,-0.0974005088,1.0698968172
9.3562021255,0.0548214987,0.3968521953,0.1356615722,-0.1143536121,-0.0937399939,1.2729036808
9.3661680222,0.097026892,0.3854338527,0.1551446021,-0.2762314379,-0.0921069458,1.4854843616
9.376288414,0.0987256542,0.3903215528,0.1752639115,-0.407125026,-0.0913559347,1.692740798
9.3861808777,0.1041683033,0.3933896422,0.1825233996,-0.4841164649,-0.1553770006,1.9003760815
9.3961906433,0.131687656,0.3949195147,0.1768529117,-0.5630236864,-0.2377669364,2.0858185291
9.4061517715,0.1268482953,0.3825901151,0.1499455273,-0.6147966385,-0.3734110594,2.2694654465
9.4162273407,0.1398361623,0.3658939004,0.1066022217,-0.583473146,-0.4902143776,2.4561190605
9.4261159897,0.1511854678,0.3529355526,0.0773626864,-0.5125151277,-0.6353155971,2.672675848
9.4362106323,0.1613133401,0.3517768979,0.0734243691,-0.3594351411,-0.7701922655,2.8859229088
9.4460906982,0.1643960625,0.3432477117,0.0697019398,-0.1293864846,-0.9026877284,3.0576665401
9.4561386108,0.1629324853,0.3706427813,0.0978508294,0.1006686836,-1.0080112219,3.1569907665
9.4661445618,0.178013131,0.3927174211,0.1703894436,0.2290546298,-1.0684542656,3.2220988274
9.4761238098,0.1864396781,0.3614208698,0.2500468194,0.2529437244,-1.01633811,3.2961146832
9.4862098694,0.1999205798,0.3755098581,0.316073209,0.0888961777,-0.9581602216,3.3734066486
9.4961547852,0.245707348,0.3437962532,0.3649021685,-0.2758515775,-0.8815879822,3.4082221985
9.5061187744,0.27292943,0.2428717017,0.3513926566,-0.489916712,-0.8733401895,3.5666146278
9.5161590576,0.2256845385,0.2206821442,0.2567621768,-0.454208523,-1.0123702288,3.7757225037
9.5260705948,0.1284141093,0.0913029984,0.1119288504,-0.3481965959,-1.2588993311,3.9737894535
9.5360794067,0.0069019408,-0.0421645567,-0.0254650451,-0.2096821219,-1.5189881325,4.0561189651
9.5460977554,-0.0498842672,-0.1253740191,-0.138545841,-0.1687631756,-1.8378870487,4.099591732
9.5561637878,-0.0231963489,-0.1866826415,-0.1943912208,-0.1583574116,-2.0539417267,4.0733647346
9.5660905838,0.0563085303,-0.1882607341,-0.1917243302,-0.1378116608,-2.3790295124,4.161511898
9.5761642456,0.0820837244,-0.2328152657,-0.1954824626,-0.0201300383,-2.5322113037,4.1401100159
9.5861406326,-0.015888432,-0.2401772738,-0.197620064,0.2489695996,-2.7441368103,3.9872500896
9.5960817337,-0.0750586167,-0.2336722016,-0.1754910648,0.6138843298,-2.9909284115,3.6698772907
9.6060743332,-0.2809836566,-0.3925837874,-0.1979092062,0.8089100122,-3.0015332699,3.1279902458
9.6161251068,-0.5084163547,-0.5992967486,-0.2576687634,0.9240379333,-2.8744189739,2.5151515007
9.6260156631,-0.6388533115,-0.7587869763,-0.3001396358,0.8926224709,-2.7172999382,1.918153286
9.6361026764,-0.8418513536,-1.1988424063,-0.3513687551,-0.1262173206,-2.1569597721,0.6201741695
9.6460580826,-1.8076351881,-1.9775679111,-0.7102297544,-0.4357551932,-0.0185698774,0.1050748974
9.656129837,-1.4955781698,-1.6840541363,-1.012075305,-0.5222428441,0.9597183466,-0.4079683125
9.6660470963,-0.8193812966,-1.3463805914,-0.881347537,-0.5630392432,1.4557355642,-0.6130106449
9.6760911942,-0.2527433932,-1.0226131678,-0.7824101448,-0.5071666837,1.6929571629,-0.6708939672
9.6861486435,-0.00935922,-0.8737394214,-0.7397078276,-0.3442323208,1.7474936247,-0.6904844642
9.6960668564,0.1310109049,-0.6801124811,-0.6481355429,-0.1684243083,1.4589209557,-0.8480966687
9.7060203552,0.165352121,-0.6013764739,-0.5030588508,-0.2380856723,1.0902752876,-1.1473765373
9.7160520554,0.0442233905,-0.6176663041,-0.3997868001,-0.3860318363,1.0245716572,-1.447504282
9.7259922028,-0.0238987003,-0.5528029799,-0.3871977031,-0.3469110727,1.0335098505,-1.6876900196
9.7360973358,0.021688005,-0.4981887341,-0.3838377893,-0.2123717815,1.0940338373,-1.8560328484
9.7460412979,-0.0406508818,-0.4808393717,-0.3452115953,-0.0871251822,1.2443040609,-2.0207030773
9.7560796738,-0.0798256174,-0.4679718614,-0.2865614593,-0.1023157239,1.3525439501,-2.2243139744
9.7660064697,-0.1014492884,-0.485889256,-0.238594383,-0.2071694285,1.4726464748,-2.458745718
9.7760744095,-0.1275281757,-0.4823053479,-0.1928296387,-0.3020248413,1.5405589342,-2.6800947189
9.7859811783,-0.0722384229,-0.4000685811,-0.1543357074,-0.3327334821,1.5804605484,-2.860938549
9.7959804535,-0.0265484247,-0.2896472216,-0.1172157228,-0.311080128,1.5913301706,-2.9842610359
9.8059444427,0.0171097126,-0.2066047192,-0.0717840493,-0.2375864536,1.6393676996,-3.0579288006
9.8160638809,0.010875931,-0.1512832642,-0.017581556,-0.133194536,1.6877911091,-3.1146233082
9.8259544373,0.0468116924,-0.0830383822,0.028865125,-0.0343622379,1.6178789139,-3.1301746368
9.8359527588,0.0569341406,-0.0789606497,0.0497693084,0.0058124806,1.5547043085,-3.1797254086
9.8459768295,0.0151420739,-0.0750929639,0.0753417909,-0.0389158428,1.4195268154,-3.1979408264
9.8560428619,0.082152836,-0.0237418357,0.1050468981,-0.085109435,1.3659025431,-3.3027391434
9.8659687042,0.048508428,0.0380519703,0.1298731863,-0.2020437717,1.2989054918,-3.2820374966
9.8760499954,0.1023075357,0.0683720782,0.1449809968,-0.2945023477,1.2364770174,-3.2486317158
9.885969162,0.1015779302,0.1112826541,0.1763022244,-0.369649291,1.2506165504,-3.1519932747
9.8960189819,0.1043082252,0.1388021111,0.2275433838,-0.4842970371,1.2571494579,-3.0340297222
9.9059410095,0.1107994989,0.1708676219,0.2187323868,-0.6182207465,1.2772926092,-2.9320771694
9.9160242081,0.0838902816,0.1664566994,0.1937587559,-0.7411572933,1.267419219,-2.8501217365
9.9258832932,0.0830455646,0.1967794895,0.1719168723,-0.7723160386,1.2405247688,-2.7171268463
9.936006546,0.1103797555,0.2431883216,0.136898905,-0.7076157331,1.2441929579,-2.5971477032
9.9459238052,0.1086523458,0.2921519279,0.1330435574,-0.6303824782,1.1486288309,-2.4680325985
9.955997467,0.1439626068,0.2954488993,0.1268240511,-0.5253604054,1.0406353474,-2.3176081181
9.9659166336,0.149668768,0.3369795084,0.1435640156,-0.3967164755,0.9104983807,-2.1532459259
9.9759283066,0.1612212807,0.400579989,0.153272897,-0.2640352249,0.7935518026,-1.9496620893
9.9860143661,0.1909343749,0.4453397393,0.1505749524,-0.1643304825,0.6645504236,-1.7512904406
9.9959115982,0.1990089267,0.4524407983,0.1608815491,-0.094705604,0.5588266253,-1.5541139841
10.0059576035,0.1680088341,0.4378886819,0.1667864621,-0.0734197572,0.48908934,-1.3539471626
10.0158672333,0.1290766001,0.4176237583,0.1714401543,-0.0234854855,0.4440768361,-1.1624565125
10.0258646011,0.1016647369,0.3928493857,0.1661917269,-0.0131180668,0.4052229226,-0.9656693935
10.0359535217,0.0849856958,0.3644116521,0.1649866998,-0.0354936793,0.3306964934,-0.7866913676
10.0457305908,0.0786366239,0.3239701986,0.1515969336,-0.0930922627,0.2548507452,-0.6044903994
10.0559597015,0.0546237156,0.285042882,0.1385421455,-0.1883145273,0.1940491796,-0.3788025677
10.0658874512,0.0163420346,0.2659554482,0.1563901007,-0.3273328543,0.1591385901,-0.2106212676
10.0759525299,-0.0200914238,0.2188150883,0.1723161638,-0.4473333061,0.1531225294,-0.055388812
10.0859031677,-0.0746122077,0.168646574,0.1791259348,-0.5951395035,0.1689920276,0.059349753
10.0959043503,-0.1241708174,0.1572960615,0.1927308142,-0.8058348298,0.2008777857,0.1039099023
10.105840683,-0.1296103448,0.1170870736,0.1759124696,-1.0203291178,0.1969903708,0.0934609845
10.1159343719,-0.1312044412,0.0854685381,0.138515681,-1.0922054052,0.1015107259,0.1175033376
10.126074791,-0.1094058529,0.0980002359,0.1215957105,-1.0120866299,0.0601323918,0.2058941871
10.1359243393,-0.0903170332,0.1772411466,0.1062205136,-0.7752230167,0.0413065068,0.2897795141
10.1458435059,-0.0800925419,0.2448721528,0.0676564276,-0.4656015038,0.0100356676,0.3524471521
10.1558504105,-0.0993853584,0.2318397164,0.0372425579,-0.1834965944,-0.0471637063,0.4078659415
10.1661148071,-0.1395962685,0.1807488203,0.018016126,0.067678377,-0.0973467156,0.4367005229
10.1758708954,-0.1960239261,0.1060258821,0.0248476528,0.2622846067,-0.1322895139,0.4240424931
10.1858816147,-0.2186406553,0.0903465822,0.0396148227,0.3430510759,-0.1910479069,0.3542492986
10.1958236694,-0.2276190072,0.080041118,0.0796413124,0.3860608935,-0.1894478798,0.2522185445
10.20586586,-0.2385333925,0.1000859216,0.0751250088,0.4731651545,-0.2281135172,0.1514812857
10.2158908844,-0.2078187019,0.1212025359,0.081091553,0.5705519319,-0.2437116504,0.1143315136
10.2257833481,-0.1862291545,0.0672798231,0.066539377,0.5631930828,-0.2472019792,0.0877995044
