0.0000000000,-0.0059685712,0.0064532827,0.0046817069,0.0739494711,0.0432755277,0.0139008686
0.0095640421,-0.0100391814,0.0087820366,0.013559103,0.0823006108,0.0657938793,0.014811404
0.0193459988,-0.0052246158,0.0062456797,0.0087791681,0.0854977369,0.0647861436,0.0190652721
0.0291429758,0.0044812257,0.0047474573,0.007013977,0.073818177,0.0572222322,0.0233859848
0.0392899513,0.0065547819,-0.0017560648,-0.0005192156,0.0621631145,0.0443557054,0.0287876725
0.0493659973,0.0077088173,-0.0082638785,-0.0010594125,0.0429926217,0.0357297249,0.0373561271
0.0594090223,0.0069396789,-0.0119264051,0.000522912,0.0239040125,0.0216607787,0.034273386
0.0692280531,0.0061952467,-0.0059129526,-0.0016417499,0.0058464487,0.0087409839,0.0396817327
0.0794860125,0.0045868154,-0.0048411419,-0.0026375051,-0.0079183662,-0.0052517965,0.040845003
0.0893199444,0.0020205374,-0.0018685388,0.0004647379,-0.0356213637,-0.0118697509,0.0419696532
0.0993770361,-0.0004971927,-0.0009597468,0.0038346057,-0.0547726899,-0.0184530858,0.039903041
0.10916996,-0.0023257737,0.0018155647,0.0091965795,-0.0617453754,0.1095184609,-0.112843886
0.1192829609,-0.0875268579,0.0097156242,-0.0104162693,-0.0463806689,0.2723771334,-0.330637604
0.1294239759,-0.1663338542,-0.0077831079,-0.0472680926,-0.0293377712,0.2244977802,-0.1954153329
0.1393539906,-0.0687830448,-0.0052775075,-0.0410077572,-0.0485648625,0.0082554901,0.0333535336
0.1492960453,0.0227899551,0.0051524113,-0.0094646215,-0.074056372,-0.0027295167,0.0217562616
0.1593389511,-0.0049637561,-0.003620975,-0.0088902116,-0.0515515953,-0.013248736,0.0207445268
0.1693389416,0.0048697884,0.006603844,-0.001642942,-0.0302668158,-0.0066440972,0.0238740072
0.1793409586,-0.0052437489,0.0199056938,0.0002009873,0.0059489803,0.0022013262,0.0259177182
0.1891739368,-0.0046671634,0.017772086,-0.0040727253,0.0240843073,0.002368839,0.0290911421
0.1991560459,0.0133932224,0.0131509975,-0.0023952718,0.0294215493,0.0003179386,0.0344126709
0.209141016,0.0335860252,0.0108994916,0.0070073609,0.0283293873,0.0045574247,0.0311987661
0.2193859816,0.0332816839,0.0103309229,0.0210547447,0.022932224,0.0099007906,0.0354150832
0.2295349836,0.029164046,0.0053997706,0.0207135081,0.01331848,0.0119367773,0.0322214216
0.2392300367,0.0292198658,0.0017935706,0.0183216929,0.0015980406,0.0097018527,0.0322473869
0.2493269444,0.0267386436,-0.0018876719,0.0166227818,-0.0058612069,0.0064741019,0.0365230888
0.2592990398,0.0234986544,0.0004242731,0.0153626213,-0.0090289041,8.41131e-05,0.0418777764
0.2694180012,0.0218095183,0.0028039289,0.0093943477,-0.0143464375,-0.0031452361,0.044027213
0.279302001,0.0233499408,0.0023449732,0.0035173898,-0.0239367466,-0.0074459747,0.0493721776
0.2893110514,0.027363956,-0.0027209448,0.0084033608,-0.0420526341,-0.0108015575,0.0483441986
0.2992880344,0.0278245807,-0.0075383116,0.0118908882,-0.0473477952,-0.0130415419,0.0419914946
0.3095469475,0.0292102098,-0.0075495173,0.0115768313,-0.0665398687,-0.0153366541,0.0409573913
0.3192670345,0.0217537284,-0.0077844788,0.0094505548,-0.0826272294,-0.0048046517,0.0366483927
0.3292709589,0.0181937516,-0.0051209857,0.0035570269,-0.0954926908,0.0057020513,0.0270277224
0.3393340111,0.0195147693,-0.0024403261,0.0066655879,-0.0869078562,-0.0006258857,0.0291874129
0.3500900269,0.0151573708,-0.004742377,0.0079734325,-0.0645114705,-0.0014488024,0.0376762375
0.3592909575,0.0107757738,-0.0021917152,0.008341372,-0.0495330542,-0.0056054643,0.0387582816
0.3692259789,0.010239183,-0.0023672509,0.0063675051,-0.0303218067,-0.0044062426,0.0366123058
0.3792740107,0.0086982837,0.0024802161,0.0039967303,-0.0196366757,-0.0043545775,0.0323523134
0.3894289732,0.0061508412,0.0064023803,0.0064573293,-0.0068508377,-0.0010583829,0.0312596187
0.3993090391,0.0049148793,0.0006131006,0.0051096682,0.0049123447,-0.0010240283,0.0248778872
0.4092279673,0.00766769,-0.0061528017,0.0069073443,0.0038289712,0.0021467314,0.0216709096
0.4192589521,0.0073101516,-0.0061955382,0.0037670736,-0.0046936767,0.003083898,0.014235097
0.429355979,0.0110061159,-0.00517612,0.0046070223,-0.0067616208,-0.0054733716,0.0153544238
0.4393099546,0.0079760244,-0.0041911532,0.0074265604,-0.0056633344,-0.0076377224,0.0111175999
0.4492579699,0.0049841101,-0.0051810076,0.0102915764,-0.0035618339,-0.004396922,0.0132198995
0.4592809677,0.0059027071,-0.0071905185,0.0074336533,-0.0046429448,-0.0012328201,0.0089493878
0.4691909552,0.0116891256,-0.0121448562,0.001739264,-0.0163531303,-0.0014051266,-0.0006028386
0.4792439938,0.0154616227,-0.0111964867,0.0057702069,-0.0163364857,-0.0024938267,-0.0027196521
0.4891940355,0.008393704,-0.0053750803,0.0134269008,-0.0088737747,0.0007248698,-0.0080576921
0.4991090298,0.0033781226,-0.005456381,0.0114120254,-0.0057128696,0.0029494083,-0.00063706
0.5091810226,0.0031952555,-0.0006343054,0.0034573083,0.003955205,-0.0044573755,-0.000595781
0.5191789865,0.0059970613,0.0013873649,0.0023003225,0.0092952428,-0.0054691103,0.0015330166
0.5291969776,0.0088915518,0.0025304032,0.0029869084,0.0146042537,-0.0032632141,0.0047021783
0.5391379595,0.008861362,0.0026583148,0.0007052426,0.0252615586,-3.092e-07,0.0014857457
0.5491969585,0.0106930425,0.0008085442,0.003420711,0.0145998597,-0.0011606484,0.0004383244
0.5591390133,0.0104666343,0.0008287502,-0.0007489319,0.0103557128,-0.0023063403,-0.0048638964
0.5691770315,0.0073487158,0.0038554145,0.0027996306,0.00820015,-0.0022685234,0.0015117114
0.5791419744,0.0054203267,0.0049356292,0.0005612974,0.0113488063,0.0010337965,0.0099877538
0.5891970396,0.0025892253,-0.0008718895,0.0044056778,0.0070549911,0.0010641564,0.0174272936
0.5991460085,0.004653811,-0.0056957533,0.0083996058,-0.0025724694,-2.4396e-06,0.0259380918
0.609202981,0.006680965,-0.0076728989,0.0065603857,-0.0068596257,0.0021019904,0.0259274393
0.6191090345,0.0047142501,-0.0057554771,0.0105363727,-0.0090852296,0.0127807334,0.0269226618
0.6291970015,-0.0002124017,-0.0019140171,0.0085310936,-0.0048105894,0.0138462642,0.0226632021
0.6391860247,0.0026502009,4.32802e-05,0.0075557833,0.0112671796,0.008565749,0.0152481627
0.6490409374,0.0064485068,0.0030355526,0.0094424495,0.0070236987,0.0074187256,0.0099466089
0.6591260433,0.00153017,0.004935212,0.0084107518,0.0016587609,0.0095441937,0.0141895572
0.6690839529,0.0026317234,7.46918e-05,-0.0004367228,0.0071166437,-0.0022339022,0.0068253838
0.6792379618,0.0095031848,0.0041058729,-0.0064641233,0.0081840381,-0.0043172929,0.0121498415
0.6891260147,0.0095289638,0.0032358838,-0.0027241106,0.0103747547,-0.0086300159,0.005801931
0.6991339922,0.0027382071,-0.001558237,0.0019263034,0.0071374164,-0.0043798778,0.0057766307
0.7090649605,-0.0020836298,-0.0015122222,0.0047054891,0.0060716192,-0.003346571,0.0025835007
0.7192280293,-0.002111495,0.0024366451,0.0075739627,-0.0002944013,-0.0087264227,0.00368312
0.7290819883,-0.0012267535,0.0043988894,0.0094953775,0.0007799175,-0.0087362761,0.001557651
0.7391550541,-0.0002270942,0.0034549308,0.0104666958,0.0029023243,-0.0076395869,0.0036771279
0.7490839958,0.003730535,0.0034543944,0.0056306128,0.0049684048,0.0019682997,0.000426207
0.7595310211,0.0104620447,0.0014118624,-8.4634e-06,-0.0099827154,0.0018721595,0.0025613965
0.769086957,0.0182081461,-0.0035858082,-0.0055719013,-0.0184483714,-0.0046605747,-0.0037646764
0.779096961,0.0123546114,-0.0037040042,-0.0044810767,-0.0109194815,-0.0141645968,0.0026648601
0.7891130447,0.0056000645,0.0070012282,-0.0025386806,-0.0130803715,-0.0130671086,0.0079712085
0.7990080118,0.0018417235,0.0089525059,-0.0005298252,-0.0088424813,-0.0119046392,0.015398765
0.8090729713,0.0001545543,0.002140112,-0.0024452205,-0.0077801477,-0.012928891,0.0196542293
0.8190430403,0.0002923305,0.0041451524,0.0035018926,-0.0195137709,-0.0109477658,0.0122138904
0.8290020227,0.0023375149,0.0011355949,0.0008190279,-0.0312252864,-0.0142538138,0.011181117
0.8390669823,0.0062377448,0.0020285917,0.0050842171,-0.0333938971,-0.0110449707,0.0132860783
0.8490810394,0.0022706385,0.0027943326,0.005391777,-0.0324194506,-0.001381957,0.0174723025
0.8589849472,0.0013743038,-0.0002760815,0.0037152772,-0.0196184311,-0.00126318,0.0195865855
0.8690199852,0.0043709869,0.0026359034,0.0029127602,-0.0036407961,0.0020849463,0.021678498
0.8789730072,0.0044981535,0.0055749486,-0.0029659267,0.0144685656,0.0075494861,0.0195062906
0.8890420198,0.003637075,0.0066362093,-0.0001379843,0.0080183903,0.0138942003,0.0173448697
0.8989930153,0.0007829661,-0.0011218118,0.0046916013,0.0016811322,0.0084397811,0.0099468743
0.9090139866,0.0008212621,-0.0030817317,0.0007728343,-0.0036435928,0.0073207207,0.0088954587
0.9189770222,0.0017828937,-0.0040517976,-0.0012010927,-0.0004782928,0.0116259865,0.0099294307
0.9289829731,0.0007674093,-0.0020220804,0.0074902778,0.0070025264,0.0085228719,0.0152562857
0.9389699697,0.0008459384,0.0019741131,0.0083379745,0.0080009466,0.0139397401,0.0226564109
0.9489840269,0.0019912715,-0.0028444456,0.0024058227,0.0123336427,0.0075332411,0.0195077565
0.9590170383,0.0069850679,-0.0037645029,-0.0014410014,0.0049098143,0.0021216974,0.0184861682
0.9689899683,0.0089810481,-0.0017979669,-0.0004070397,-0.0035577063,-0.0033604195,0.010028501
0.9789500237,0.005172282,-0.0028088021,-0.0003700252,-0.0099575492,-0.0034211394,0.0089720245
0.9889780283,0.0023551281,-0.0047787954,0.0026183729,-0.0046519982,-0.0012061883,0.0132035222
0.9989299774,0.0014895195,-0.0057427217,0.0046359305,-0.0036031129,-0.0001033733,0.0163834672
1.0088969469,0.0025984342,-0.0066530635,0.0026409035,0.0017021699,0.0042037573,0.0152894408
1.0189429522,0.0065815444,-0.0056117107,-0.0012962217,-0.002539047,0.0030500754,0.0089243539
1.0289440155,0.0095350137,-0.0036462473,-0.0032148953,-0.0110363951,0.0007831929,0.0015082492
1.0390210152,0.003575563,-0.0027910399,-0.0001977081,-0.0184891187,0.0006766666,-0.0037961018
1.0489089489,0.0004647369,0.0029359532,0.0018626456,-0.0153343379,0.0060541211,-0.0027707848
1.0589940548,0.0013307924,0.0057741473,0.0029619937,-0.0174558125,0.0049555674,-0.004889329
1.0689020157,0.0032612677,0.0018364859,0.0040782695,-0.0099680675,0.0018343425,-0.0016871444
1.0791250467,0.0052461619,-0.0010715055,0.0031304364,-0.0003030561,-0.0066110734,0.0015465987
1.0891079903,0.0043146904,0.0028144789,-0.0018046494,0.0018072324,-0.0044389996,0.0036558222
1.0991159678,0.0043399925,0.00478626,-0.0028180475,0.0039116624,-0.0022509464,0.0078907814
1.1104300022,0.0004189307,0.0048078964,0.0059493785,0.0028285552,-0.0011723662,0.010009326
1.1190259457,-0.0043513183,-8.54063e-05,0.0059397225,0.0006824462,-0.0001129608,0.0110672666
1.1290470362,-0.0042806272,0.0057820748,0.0059431796,-0.0046894159,0.0020284872,0.0163690876
1.1387310028,-0.0002808576,0.0087575987,0.0060152416,-0.0035828725,-0.0032930414,0.0185297094
1.1488180161,0.001820057,0.0087917522,0.0031234031,-0.004664382,-0.0011728988,0.0174543262
1.1588280201,0.0048660333,0.0078500584,0.0032287245,-0.0142929079,0.000901171,0.0185090713
1.1690540314,0.0059756334,0.0019651724,0.007385612,-0.0196123049,-0.0012775611,0.0185269136
1.1789970398,0.0022277827,0.001857884,0.0046491032,-0.0174522176,-0.0044650985,0.0185450241
1.1888779402,0.00141105,0.0047719548,0.0037691598,-0.0121187037,-0.0044147652,0.0196033642
1.1988309622,0.003550529,0.0077285836,0.0029125218,-0.0227793381,-0.0055772346,0.0185570084
1.2088899612,0.0037944908,0.0067251991,0.0001719003,-0.0162993334,-0.0151371835,0.0196768679
1.2191480398,0.0010470147,0.0076425741,0.0013255482,-0.020616319,-0.0087706316,0.0185780469
1.2288850546,0.0012145634,0.0075832079,-0.0023925896,-0.0174562111,-0.0044528479,0.0206726231
1.239282012,0.0004335935,0.0017296148,-0.0002704258,-0.0110461153,-0.0065106726,0.0238672178
1.2488880157,-0.0023021703,-0.0002092647,0.0047056084,-0.0206963457,-0.0033335215,0.0291653108
1.2589319944,-0.0010839109,-0.002179079,0.0049183969,-0.0260331854,-0.0023303088,0.0259739105
1.2688260078,0.0011010761,-0.0032088088,-0.0016776319,-0.028199669,0.0019190311,0.0248854775
1.2788959742,-0.0036379402,-0.0032967853,0.0004697447,-0.023938477,0.0030199818,0.0248757564
1.2889709473,0.0022880132,0.0045099924,0.003658474,-0.0261084214,0.0072783772,0.024849657
1.2988139391,0.0043760533,0.0054448913,0.0009135609,-0.0133315073,0.0116435643,0.0237499047
1.3088840246,0.0055444236,0.0015305353,-0.0008879299,-0.0101415729,0.0127461124,0.0248029195
1.3187760115,0.0047705467,-0.0052691032,0.001140893,-0.0026666122,0.0117506227,0.0269302521
1.3291159868,0.0030018683,-0.0051760008,0.0030117636,0.0016309312,0.0096190283,0.0237539001
1.3389600515,0.0002091522,-0.0001688528,0.0096892118,0.0069207675,0.011873927,0.0322328731
1.3487850428,-0.0044677262,0.0028598381,0.0085224519,0.0186882112,0.0108507406,0.0269193333
1.3588060141,-0.0032777493,0.0069246958,0.0043933992,0.0208103508,0.0109010749,0.0311682727
1.3687230349,0.0018001491,0.0071252058,0.0032392745,0.0272059329,0.0120193362,0.0311565567
1.3787180185,0.0049098725,0.0014348698,0.0060366397,0.014456315,0.0054908628,0.0290824864
1.3887970448,0.0071168239,-0.0013680982,0.0060204868,0.0060103657,-0.0063221203,0.0302273799
1.3987070322,0.0103335371,-0.0062177707,0.0022600894,-0.0216711946,-0.0129957357,0.024978688
1.4086120129,0.0115959039,-0.0062795212,-0.0033043022,-0.0355175026,-0.0163182952,0.0239475127
1.4186630249,0.0108466437,-0.0112716481,-0.0019407268,-0.0504234806,-0.0165324137,0.0122724799
1.4286249876,0.0080231419,-0.0036401676,0.0053585772,-0.0632689744,-0.0133981397,0.0154483002
1.4386359453,0.0033209617,-0.0048627187,0.0078548193,-0.0611439012,-0.0102193914,0.0101135885
1.4486390352,-0.0014643078,-0.0070250561,0.0122101307,-0.0441111252,-0.0057852278,0.013260114
1.4587099552,-0.0004466777,-0.0002934861,0.0144577026,-0.0355896764,-0.0046262201,0.0164352674
1.4685180187,-0.0042687957,0.00348974,0.010738492,-0.0271067098,0.0018612407,0.0174496658
1.4785360098,-0.0051515405,0.0073270272,0.0059398417,-0.0100406399,0.0020242257,0.0206220224
1.4888260365,0.0017845029,0.0112776235,-0.0008568759,0.0059665567,0.0042492971,0.0163468495
1.4986059666,0.0077971215,0.0065180729,-0.0058103199,0.0177696869,-0.0031393769,0.0174525958
1.5086120367,0.0070121284,-0.0011661577,-0.0079452991,0.0231348909,-0.0073548947,0.0196009669
1.5187989473,0.0003736908,-0.0068889786,-0.0013290639,0.0156522077,-0.0052928091,0.0174677745
1.5287970304,0.0005283947,-0.0086727664,0.0053579812,0.0060315384,-0.0032387129,0.0163987819
1.5387860537,-0.0012742883,-0.012488775,0.0072036986,0.0071058571,-0.0022038086,0.0110777859
1.5487680435,-0.0051049893,-0.0124264881,0.0119981775,0.0007259883,-0.0044089062,0.0089717582
1.5586949587,-0.000154764,-0.0046024253,0.0071592932,-0.0089032026,-0.0002397273,0.0057663778
1.5686899424,0.0018568927,-0.0085807964,0.0034452681,-0.0120843491,-0.0024110025,0.0047202883
1.5787220001,0.0076786573,-0.0096166655,0.0027261977,-0.0142170088,-0.0003422591,-0.0016670376
1.588719964,0.0076279039,-0.0067794253,0.0019053821,-0.0088360915,-0.0056446129,-0.0016364112
1.5987000465,0.0047008391,-0.0058514406,0.0048874025,-0.0056742541,-0.0013324223,-0.000605901
1.6086900234,0.0008244509,-0.0049056937,0.0038865809,-0.0067975745,0.0029885566,0.0057412107
1.6186929941,0.0027963514,-0.0009744691,0.0028913622,-0.0014652601,0.0051350649,0.0025388927
1.6287059784,0.0067773457,-0.0008621144,0.0018243794,0.0060155597,0.0020319491,0.0078657474
1.6386530399,0.0088295629,-0.0017596411,-0.0021860595,0.0124594774,-0.0032512299,0.0089569781
1.6486610174,0.006950676,-0.0016928243,-0.0052959914,0.0188635811,-0.0011095157,0.0036266609
1.658741951,0.005971163,-0.0006227421,-0.0005596871,0.0113876881,-0.00115692,0.0046939226
1.6686600447,0.0040386315,-0.000626974,-0.0025800462,0.0029396079,-0.0098271072,-0.0016183018
1.6786500216,0.004055738,-0.0025809335,-0.0035534496,-0.0077553792,-0.0067162691,-0.0026915558
1.6886969805,0.0030487175,-0.0035855698,0.0034069424,-0.0194951259,-0.00576552,-0.0058766962
1.6986750364,0.004032671,-0.0085809752,0.0046685939,-0.032303866,-0.0069114785,-0.0037373791
1.7086939812,0.0020806189,-0.0078177974,0.0030775075,-0.0472332798,-0.0091554578,-0.0026500104
1.7186249495,-0.001814217,-0.0080969855,-0.0013881917,-0.0504525118,-0.0080907261,-0.0005311994
1.7286659479,0.0010677869,-0.0043856432,0.0010393863,-0.0451400392,-0.0058938842,0.0015756271
1.7386059761,0.0020112987,0.0022471023,-0.002502739,-0.0408486202,-0.0069620786,-0.001604986
1.7487249374,0.0010586376,0.000112958,-0.002115726,-0.0387244821,-0.0048262235,-0.0037451023
1.7586569786,-0.0018985277,-0.0049999882,-0.0036996002,-0.0451329798,-0.0006820783,-0.0133291539
1.7685890198,-0.0020648842,-0.0032264518,0.0025177007,-0.0440200418,-0.0049758926,-0.0164892599
1.7786439657,-0.0041661267,0.0014412475,0.0028097038,-0.041947037,0.0004305902,-0.0112143364
1.7887729406,-0.0033043926,0.0042055319,0.001102448,-0.0238066521,0.0016306106,-0.0122971777
1.7986069918,0.0015325838,0.0031761003,-0.0006875391,-0.0109947156,0.0006764003,-0.0101738395
1.8086479902,0.0014761681,-0.0017356204,0.0023155217,0.0007397039,0.0007853233,-0.0080579584
1.8185909986,0.00141707,-0.0036763477,0.0062340503,0.0039446852,-0.001289279,-0.0037980992
1.8285989761,0.0032845731,0.0011965705,0.0032716398,0.0007105423,0.0050439844,-0.0102112573
1.8386449814,0.0042076702,0.004096813,-0.0006418223,0.0018055011,0.0007967751,-0.0080603547
1.8485839367,0.0031822915,0.0011522246,-0.0016741152,0.007165113,-0.0002668914,-0.0123067647
1.8586239815,0.0050582881,0.0002042127,0.0012471084,0.0018250756,-0.0013446726,-0.0080445092
1.8685230017,0.0030826922,-0.0017905163,0.0012609963,-0.0024285251,-0.0045567113,-0.0048335362
1.8786250353,0.0011282557,-0.0028237032,0.0013207798,-0.0066994363,-0.0066787181,0.0004935851
1.8885810375,0.0011394913,5.72276e-05,0.0024283533,-0.0183933787,-0.0121222194,-0.0005253404
1.8985899687,0.0001980061,0.00284899,-0.0012592073,-0.0354288183,-0.0155041674,-0.0058042584
1.9085769653,0.0002209241,0.0026503874,-0.0018154378,-0.0503547713,-0.0177572016,-0.0057792244
1.9185370207,-0.004680038,0.0052827667,-0.0013211365,-0.0610585511,-0.0135776363,-0.0068594031
1.9285449982,-0.0086688409,0.0049750875,0.0070766215,-0.0685146004,-0.0147222634,-0.0089715561
1.9385039806,-0.0077976589,0.0075948904,0.0086778402,-0.0771379173,-0.004110632,-0.0100964746
1.9485390186,-0.0058820252,0.0121993497,0.0082743168,-0.054767631,-0.0038195485,0.0036971013
1.9585499763,-0.0048537855,0.0139848664,0.0047361259,-0.0420282632,0.0027358225,0.008958309
1.9684970379,-0.0028063064,0.0158273056,0.00406915,-0.0302621517,-0.0014211056,0.0121642221
1.9786349535,0.0051693018,0.0099223927,0.0015006666,-0.027028542,-0.0056616571,0.0132515915
1.9885009527,0.0053533907,0.0059247683,0.0008338098,-0.0420034975,-0.003603566,0.0174982678
1.9985530376,-0.0013512677,0.0066998075,0.0061198478,-0.0527132675,0.0016370022,0.0153481653
2.0085270405,0.0008980031,-0.0080457255,0.0046091084,-0.0312985256,-0.0067386394,0.0164499134
2.0184299946,0.0049041207,0.0046351026,0.0107558379,-0.0419631526,-0.0120764133,0.0260500778
2.0285010338,-0.0007166868,0.0093414858,0.011090219,-0.0495017618,-0.0035934458,0.0249379426
2.0384998322,0.0005592699,0.000413127,0.0066812639,-0.0409379676,-0.0046363398,0.0206911322
2.0485110283,0.0066108401,0.0042360495,0.0001776223,-0.0238263588,-0.0077285366,0.0185744502
2.0584759712,0.0057461555,0.0100308135,-0.0006210799,-0.016370438,-0.0065836431,0.0206864718
2.0684509277,5.87399e-05,0.0080382302,0.0014111404,-0.0089127896,-0.0043974547,0.019604696
2.0785410404,0.0002960557,0.0022289825,-0.0004948373,0.0028623771,-0.007531995,0.0174925402
2.0884890556,0.0023834105,0.0033087803,0.0014043455,0.0113855572,-0.0042869332,0.0142783737
2.0984659195,0.0034625526,0.0034406853,0.0031978493,0.0188722368,-0.0063591385,0.0153497634
2.1084489822,0.0026095505,0.0055417488,0.0049255495,0.0305608511,0.0001440342,0.0152994292
2.1184449196,0.0027602906,0.0028204394,0.005611897,0.0369794667,-0.0019350956,0.0163709521
2.1284639835,0.0029155309,-0.0018761086,0.0053433781,0.0369794667,-0.0019350956,0.0163709521
2.138463974,0.0001154835,-0.0046644737,0.0080128908,0.0295183547,-0.0030653412,0.0163853336
2.1484260559,-0.0016323036,-0.0064915349,0.0049103503,0.0188079197,-0.0020067345,0.0248850789
2.1584439278,0.0034641023,-0.0054097106,-2.49739e-05,0.0081378324,-0.0010565189,0.0195698086
2.1684219837,0.008530884,-0.0072638323,-0.0029462571,0.0038541378,0.0010388563,0.0184968207
2.1784479618,0.0067042406,-0.0082292482,-0.0049254294,-0.0036459891,0.0052381288,0.0163499117
2.1884551048,0.0039266939,-0.016031377,-0.0009533162,-0.0089531373,0.0019816153,0.0153123457
2.1984348297,-0.0009126668,-0.0082482621,0.0009916429,-0.0111335991,0.007314329,0.0163433887
2.208398819,-0.0009074216,0.0064210962,-0.0010368819,-0.0004822873,0.0085018324,0.0205778144
2.2183661461,0.003198951,0.0036016179,-0.0059654708,0.0112983389,0.0043073539,0.0195350535
2.2284469604,0.0023816819,-0.0021189975,-0.0002332325,0.0166334491,0.0053992504,0.0173994638
2.2384660244,0.0034534629,-4.26697e-05,0.0006054048,0.0112473397,0.0107141212,0.0184294432
2.2484819889,0.0016091162,-0.0028836059,-0.0005331035,0.0165614113,0.0139525253,0.0173423402
2.2587108612,0.0076035555,-0.0046940376,-0.0045546885,0.0123280492,0.0085977074,0.0205698237
2.2683260441,0.0106648197,-0.0036144184,-0.0055935974,0.0070049232,0.0085202083,0.0163244791
2.2783689499,0.0069214697,-0.0113492534,-0.0037534232,0.010200317,0.0085628182,0.018446885
2.2884399891,0.0050113196,-0.005445831,8.601e-05,-0.0026366515,0.0127205458,0.0163041074
2.2988910675,0.005116492,-0.007419162,-0.0027680392,-0.0079093101,0.0062352167,0.0120980432
2.3084249496,0.0051490362,-0.0045406152,-0.0046298499,-0.017495092,0.0061065862,0.0057312232
2.3183259964,0.0011835988,0.0021938754,-0.0035768147,-0.0175403655,0.0124997701,0.003565541
2.3283801079,0.0020714398,0.0060905288,0.0023630266,-0.0110992445,0.009315961,0.0003945152
2.3383879662,-0.0008884674,0.0001560521,0.0043988233,-0.011084863,0.0071870303,0.0014709649
2.3483519554,-0.0067284708,-0.0038353729,0.0044472222,-0.0047345562,0.0105151823,0.0099440785
2.3583929539,-0.0047636633,-0.0018482136,0.0034500961,-0.0005138461,0.0159059521,0.0120329289
2.3682639599,0.0010668035,0.005079336,0.0033608084,0.012280779,0.0181334205,0.0109471586
2.3783550262,0.0021084542,0.0002636981,-0.0026459093,0.0186465327,0.0235138051,0.0098472722
2.3883910179,0.002117991,-0.0044882824,0.0020663147,0.0175740775,0.0224730428,0.0141043365
2.3981528282,-0.0027779345,-0.0034453201,0.0057592397,0.0132682789,0.0277618133,0.0108832419
2.4083750248,-0.002796412,-0.0023853111,0.0075221066,0.0164986923,0.0235297848,0.0130332112
2.4182691574,-0.0018152302,0.0006426645,0.0053788428,0.0089768609,0.0288321376,0.0151296519
2.4283640385,0.0001512463,0.0046275328,0.0023055677,0.0100370655,0.0309506804,0.0119280005
2.43816185,0.0001164968,0.0037889553,0.0079389811,0.0250134841,0.0267958846,0.0119422479
2.44835186,0.0010869498,0.0058922241,0.0066568856,0.0292780064,0.0257964004,0.0161953159
2.4583611488,0.0021833773,0.0030846072,-0.001427948,0.0282719955,0.019354213,0.0141147226
2.4682819843,0.0051805372,0.00130368,-0.0006695385,0.02194326,0.0096951947,0.0152441692
2.4781889915,0.0033686156,0.000449009,-0.0018461342,0.0155078638,0.0118164029,0.0184190571
2.4882769585,0.0034610624,0.0005727482,-7.75452e-05,0.0133413831,0.0160657428,0.0173306223
2.498292923,-0.0003500586,-0.0013049173,0.0037054424,0.0016027009,0.0159696024,0.017342072
2.5083220005,-0.0011847025,-0.0061753918,0.0027517681,-0.0079652369,0.0116113396,0.0163146257
2.5181350708,-0.0001220112,-0.0032645988,-0.0001121755,-0.0154195577,0.0104611209,0.013138406
2.5282809734,-9.62024e-05,-0.0033084082,-0.0019563432,-0.0197016541,0.0135980584,0.0088714901
2.5381588936,0.0018872017,-0.004355662,-0.0027604694,-0.0196738243,0.010388948,0.0088937273
2.5482869148,-0.0020561223,0.0014206243,-0.0016978378,-0.0164892152,0.0125511689,0.0088774823
2.5583889484,-0.0030524735,0.0043116878,0.0003274684,-0.0101145422,0.0168625601,0.0077846539
2.5682640076,-0.0021102731,0.0062711309,0.0032731299,-0.0016139979,0.0212125666,0.0088129006
2.5782928467,-0.0040381257,0.00433547,0.0012014513,0.0090763299,0.0191600695,0.008817561
2.5882468224,-0.0040294533,0.0063810418,0.0010253196,0.0165062826,0.0214186963,0.0162344631
2.5984778404,-0.0020527844,0.0084807947,-0.0001987214,0.0282747932,0.0193464905,0.0130517213
2.6082999706,0.0009509916,0.0096418336,-0.0014625783,0.034744408,0.0098137055,0.0173585862
2.6181278229,0.0040169354,0.005936272,-0.0007133479,0.0305195712,0.0054823412,0.0152674709
2.6282269955,0.0032004709,-0.0017771053,-0.0047712321,0.0123946294,0.005287664,0.0089070443
2.6388499737,0.0013170834,-0.0056572487,-0.0008826251,-0.0068324618,0.0072650602,0.0067795767
2.6482868195,0.0013666744,-0.0105541274,0.0031385426,-0.0175064113,0.0071825022,0.0067875665
2.6582579613,-0.0005672579,-0.0086926147,0.0032907729,-0.0228718817,0.0103537943,0.007834455
2.6681470871,-0.0044853692,-0.0068100025,0.010266304,-0.0208036713,0.0168188848,0.0120406523
2.678344965,-0.0025571589,-3.12256e-05,0.0104163298,-0.0197727606,0.0211047102,0.0120108239
2.6882269382,0.000405162,0.0009040309,0.0056468253,-0.008036742,0.0222551953,0.0109327771
2.6981990337,0.0042695994,0.0058109234,0.0036777859,0.0047998261,0.0181003995,0.0141409542
2.7082481384,0.0033603902,0.0097794607,-0.0023705955,0.0229210407,0.0203963071,0.0162381921
2.7181191444,0.0005013639,0.0079498962,-0.0046334858,0.0303805526,0.0225766376,0.0140924836
2.7281861305,0.0034758146,0.0081452206,-0.0059252973,0.0336003155,0.0204639528,0.014103937
2.7381701469,0.0055155153,0.0044360827,-0.0082218647,0.0368704125,0.0119437026,0.0141545357
2.7479660511,0.0065830047,0.0007756425,-0.0036657448,0.0326234698,0.0108057335,0.0099153155
2.7580599785,0.0037234719,-0.0029655027,0.0009086733,0.0261858087,0.0139804874,0.0120240068
2.7680220604,0.0047432776,-0.0018459486,0.0016568308,0.0176607631,0.0117860427,0.0131065818
2.7782590389,0.0077233608,-0.0037169384,0.0015812521,0.0016663503,0.0095290132,0.0141971475
2.7882890701,0.0078334501,-0.0066518714,0.0016613607,-0.0154101048,0.0083463043,0.0163415223
2.798167944,0.0079720309,-0.0076879789,0.0009084945,-0.0282056611,0.0061207004,0.0174263623
2.8081641197,0.0061304565,-0.0097704455,0.0021738415,-0.0346084312,0.0071127275,0.0142372269
2.8181009293,0.0052057798,-0.0128413364,0.0054816012,-0.0442085937,0.0070235115,0.0131850131
2.8281898499,0.0052376981,-0.0071766903,0.0039154892,-0.0517067239,0.0101719005,0.0131698325
2.8381280899,0.0023407633,0.0004316044,0.0032935743,-0.0506349355,0.0091223493,0.0142373592
2.8481521606,-0.0005411511,0.0031755639,0.0016608243,-0.0410214588,0.0091785416,0.0121055003
2.8581819534,-0.0004637247,0.0011121107,0.0019481187,-0.0292814448,0.0082272608,0.0152909067
2.8682508469,-0.000378043,0.0010691357,0.0030717258,-0.0122100506,0.0083774626,0.0174027923
2.8782219887,-0.0012474661,8.49438e-05,0.0011492972,-0.0079471283,0.0094728209,0.0163290054
2.8881909847,-0.0031457548,-0.0027989077,0.0060204272,0.0005635358,0.0158878434,0.0088447258
2.8981471062,-0.0031249528,-0.0046963026,0.0049314504,0.0080631301,0.0127365254,0.0088613704
2.9081468582,-0.000221849,-0.002651267,0.0057559018,0.0186947361,0.0192042775,0.0056248303
2.9181079865,-0.0032046442,-0.0064468314,0.0093853474,0.0293475129,0.0224783681,0.0034696672
2.9281668663,-0.0003842419,-0.0052892496,0.0139581561,0.0314578041,0.0246504415,0.0055788914
2.9382019043,0.0006064171,-0.0061727096,0.0029098396,0.0304350145,0.0213888679,0.00028972
2.948168993,0.0044252272,-0.0021262097,-0.0022934075,0.032615345,0.0171033088,-0.0028711858
2.9581189156,0.007199585,0.0028982235,0.0013423567,0.0294618979,0.0117231924,-0.0038951715
2.9681048393,0.0071529741,-0.0018535184,0.0069646244,0.0230961423,0.0073896963,-0.0049250154
2.9781110287,0.0080970218,-0.003704183,0.0087434659,0.0199434925,0.0009610921,-0.0038184724
2.9881370068,0.0081493249,-0.0065728952,0.0066925888,0.0061168927,-0.0076417169,0.0026213177
2.9980831146,0.0053176875,-0.0085501596,0.005732954,-0.0141821206,-0.0056592599,0.0026217168
3.0081269741,0.0044257636,-0.0135291144,0.0020273929,-0.0279847533,-0.0122332731,-0.0037003611
3.0180869102,0.0073111947,-0.006834798,0.0003566747,-0.0322565958,-0.0112148803,-0.0058291592
3.0280828476,0.0042979117,-0.0030761289,0.0074725156,-0.0365474783,-0.0070092166,-0.0101029994
3.0381808281,-0.0016245848,-0.0033122825,0.0077821021,-0.0418857895,-0.0080925897,-0.0069048097
3.0481009483,-0.0017057663,-0.0015067982,0.0110177994,-0.0280448087,-0.0037103589,-0.0069428929
3.0580830574,-0.001798988,0.0012938452,0.0102106929,-0.0227436516,0.0006071581,-0.0069752503
3.0681049824,-0.0018730168,0.004101641,0.0044512753,-0.0152913276,0.0038530186,-0.0091262851
3.0780940056,-0.0019749408,0.0050267647,0.0025365357,-0.0013964167,0.0018183636,-0.0101874219
3.0881309509,-0.0020884876,0.0069801281,0.0024543409,0.0060367319,0.0061601149,-0.0091583766
3.0980901718,-0.0041549806,0.0069618295,-0.0006030793,0.0113317613,0.0115410322,-0.0091949953
3.1080839634,-0.0042810445,0.0040922831,0.0031396155,0.0177150927,0.0137370741,-0.0081513021
3.118033886,-0.0043758755,-0.001675539,0.0068324809,0.0230210423,0.0180428736,-0.0092446627
3.1280751228,-0.0044885878,-0.0035074877,0.0085032592,0.0251297317,0.0191733837,-0.0039415103
3.1381101608,-0.0065600579,-0.0014499354,0.0111245513,0.0240592733,0.0191733837,-0.002877977
3.1480698586,-0.0017764574,0.0055123637,0.0089497566,0.0208890475,0.0127905868,0.0035399748
3.1580691338,0.004102021,0.0075580548,-1.06092e-05,0.0219966564,0.0074647982,0.0046358653
3.1680388451,0.004182219,0.0008232666,-0.0001685019,0.0198743828,0.0042783255,0.0089075752
3.1780519485,0.0032903249,-0.0039657881,0.0055992012,0.0092478376,-0.0011569199,0.0078878514
3.1880669594,0.0053322311,-0.002921276,0.0055641537,0.006045653,-0.0011816872,0.0078902487
3.1980748177,0.0024567242,0.0010159088,0.0054787402,-0.0003577843,-0.0012352169,0.0068301773
3.2079589367,-0.0003734534,0.0019579602,0.00157553,-0.0110194832,-0.0023955561,0.005782756
3.217965126,-0.0002757018,-4.99415e-05,-0.0021975036,-0.0152327381,-0.0067564826,0.0005058355
3.2280440331,0.003657728,0.0028579307,0.0009385352,-0.0215561464,-0.0174751729,0.0027045412
3.2380390167,0.0027312036,0.0066484879,0.0011729603,-0.0225954466,-0.0206952021,0.0016620469
3.2479600906,-6.94399e-05,0.0006884409,0.0023998027,-0.0205115229,-0.0153169474,0.0037504977
3.2579259872,-0.0009611254,0.0016000939,0.0045411591,-0.0172745828,-0.0195662882,0.0037753985
3.2679610252,-0.0028187637,0.0034594608,0.0008008485,-0.0172956232,-0.0174197797,0.0048238849
3.2779250145,-0.0017705864,0.0073304246,0.0019367342,-0.0130349649,-0.0163177624,0.004813632
3.287956953,-0.0016944116,0.0083027557,0.0059556966,-0.0034899283,-0.0087623755,0.0047579715
3.2979249954,-0.0045475666,0.0063567231,0.0059034233,0.0167662073,-0.0074949767,0.0100492723
3.3078939915,-0.0014996534,0.0064696739,0.0068179374,0.0113695785,-0.0011057871,0.0121363923
3.3201560974,-0.0023376946,0.0007078124,0.0057151918,0.0199265815,-0.0031777266,0.0121441148
3.3286480904,0.0046204324,0.003760047,-0.0012168284,0.0167121459,-0.0021247126,0.0132019222
3.3385810852,0.0077004428,0.002882011,-0.004256546,0.0124533521,-0.0021856988,0.0100185135
3.3485498428,0.0019431406,-0.0019649791,0.0015391712,0.0028009908,0.0041342485,0.0078594889
3.3584289551,-0.001920939,-0.0039330055,0.0035047536,-0.0089253075,0.0040026885,0.0025543391
3.3678231239,-0.00288114,-0.0029928016,0.0035766964,-0.0121290907,0.0029363588,0.0057506654
3.3778100014,7.64126e-05,0.0018467975,-0.0012186165,-0.0046394821,0.0008561637,0.005759187
3.3876538277,0.0020871456,0.0028453541,-0.0031470056,0.001787791,-0.0022914265,0.0068375012
3.3976500034,0.0050878222,0.0019227935,-0.0001778598,-0.0046100533,-0.002358272,0.0047172252
3.407654047,0.0031611617,0.0019170118,0.0027769213,0.000705882,-0.0001704851,0.0057617174
3.4176199436,-0.0006845301,-4.82726e-05,0.0037302379,0.0071091861,-0.0011635778,0.0089513855
3.4275379181,-0.001581282,0.0029368473,0.0026710634,0.0060367314,-0.0022043411,0.0132084489
3.4377040863,0.0024686749,0.0079159811,-0.0013146396,0.0134891877,-0.0010503934,0.0163828023
3.4476828575,0.0056300457,0.0041438411,-0.0043122764,0.0167425051,-0.0084795477,0.0196158793
3.4577088356,0.006797194,0.0022863818,-0.0014078016,0.0018120259,-0.0096745081,0.0185724534
3.4678010941,0.0070065851,-0.0015833306,0.0006463532,-0.012051858,-0.0108596142,0.0175274294
3.4776940346,0.0072509046,-0.0084566996,-9.82876e-05,-0.0270035081,-0.0099078007,0.0175323561
3.4879131317,0.0055078859,-0.0105343983,-0.002710938,-0.034436658,-0.014249553,0.0165033117
3.4979319572,0.0047373469,-0.0067247679,-0.0014051194,-0.037636444,-0.0163707603,0.0218333602
3.508095026,6.94985e-05,-0.0029624628,-0.0001311894,-0.0333881713,-0.01209905,0.0175531283
3.5178818703,-0.0026661162,-0.0030802416,-0.0017982121,-0.0270060413,-0.0088558523,0.0154000968
3.5278358459,-0.0015820271,-0.0012063908,-0.0025431509,-0.02277188,-0.0024557435,0.0100436807
3.5378398895,-0.0035277312,0.0016617251,0.0005196934,-0.0164636504,0.0093487175,0.0099632535
3.5478310585,-0.0025008623,-0.0003115463,-0.0023245211,-0.004732959,0.0115588754,0.0078159459
3.5578420162,-0.0015304988,-0.0031891989,0.0015481119,0.0048349798,0.0169618949,0.005647867
3.5679168701,-0.0044637923,-0.0041309525,0.0003975038,0.0186759606,0.0213441271,0.0056097843
3.5778398514,-0.0045536761,0.0028206778,0.0010831957,0.0293456484,0.0203925818,0.0098588578
3.5878419876,-0.0016139155,0.0020319296,-0.0012180205,0.0410606265,0.0236895755,0.0098292958
3.5978331566,-0.0035485332,-0.0026273655,0.0002758508,0.0549753755,0.0195129402,0.0087842718
3.6078419685,-0.0006427174,0.0005564762,0.0007827287,0.0464346185,0.0184053294,0.0119845923
3.6179318428,0.0013684626,-0.001162939,-0.0025708671,0.0465022661,0.0119524905,0.006712066
3.6278438568,0.0043430324,-0.0058518578,-0.0028746719,0.0348187126,0.0064818244,0.0025061355
3.6378250122,0.0072675939,-0.0066758324,0.0018213992,0.0124558816,0.0009435152,0.0004344627
3.6478428841,0.0082851937,-0.0076137115,0.0017995839,-0.0067500379,-0.0013153779,0.0036496969
3.6580429077,0.010360389,-0.0125449821,-0.0009313221,-0.0205645189,-0.0089040557,0.003708686
3.6679000854,0.0104349842,-0.0097147152,0.0002983217,-0.030130595,-0.0143129351,0.0048128329
3.677752018,0.00855109,-0.0069475104,0.0006430154,-0.0461778715,-0.0091125807,0.0026661917
3.6877579689,0.0057060416,-0.0042388369,7.58176e-05,-0.0471994579,-0.0155150862,0.0048332056
3.6978368759,0.0047810073,-0.0005333947,-0.0014502401,-0.0418748707,-0.0123041132,0.0005592317
3.7077569962,0.0018924171,-0.0007157254,0.0008488302,-0.0397488661,-0.0112188747,0.0005507097
3.7178690434,0.0019368523,-0.0028216767,0.0002257829,-0.0333551504,-0.0090499967,-0.0015926023
3.7277359962,0.000951826,-0.0009911584,0.0014471416,-0.024896685,-0.0004069738,0.001532617
3.7377610207,-0.0010251706,-0.0010719227,0.0025290851,-0.008912391,0.0039704642,-0.0006301359
3.7477550507,-0.0010578041,-0.0020791816,0.0025612717,-0.0046377508,0.005035995,-0.0048895958
3.757707119,-0.0040544276,-0.0040827324,0.0005699401,0.0038661216,0.0104219718,-0.0081193447
3.7678179741,-0.0052241092,0.001781292,-0.0015683169,0.0187920742,0.0126750059,-0.0081443787
3.7777340412,0.0004632766,0.0058221291,-0.0008300538,0.0315764472,0.0149293719,-0.0060430109
3.7877111435,-0.0016077465,6.85525e-05,0.0027720933,0.0304701701,0.0212972574,-0.0103330966
3.7977149487,-0.0026963358,-0.0076300432,0.0063978438,0.0326209366,0.0191816408,-0.009256647
3.8077378273,-0.0048181121,-0.0075316955,0.0070408587,0.0283108763,0.0244831964,-0.0103504071
3.8179850578,-0.004038841,-0.0074518253,0.0057808761,0.0207770616,0.0319075547,-0.010393817
3.8279190063,-0.0052027409,-0.0074238707,0.0035864119,0.0133561632,0.0264880247,-0.0124782734
3.8377051353,-0.0005307203,-0.0054240753,0.0034625535,0.0101804771,0.02220992,-0.0103252409
3.8476548195,-0.000778616,0.0034008694,0.0062037711,0.0219287463,0.0222826246,-0.0124586988
3.8576579094,0.0039431448,0.0054323147,0.0030594473,0.0198402945,0.0137791531,-0.0049650967
3.8676538467,0.0068089063,0.0025870872,0.0039154296,0.0177931227,0.0051675551,-0.0102197789
3.8776679039,0.0048682089,-0.0022669362,0.0008288031,0.0146366106,-0.0012511959,-0.0080513004
3.8876459599,-0.0010576849,0.0006778312,0.0065647964,0.0029024566,-0.0034522987,-0.0048416588
3.8975601196,-0.0020335619,0.0016486121,0.00852561,-0.0077637685,-0.0056462106,-0.0016322834
3.9076681137,-0.0019951765,0.0006273461,0.0086454758,-0.0173298456,-0.0110550905,-0.000528137
3.9177260399,0.0020031328,-0.0013720917,0.0069404845,-0.0226286035,-0.016424289,0.001636347
3.927628994,0.0020974274,0.0004707051,0.0062213545,-0.0268435869,-0.0239202883,0.0038126826
3.9376239777,-0.0026491885,0.0012971831,0.0045219664,-0.0311511196,-0.019670682,0.004851182
3.9476370811,-0.002612472,0.0041149328,0.0067811613,-0.0322555304,-0.014353415,0.0026926904
3.9576458931,-0.0015988356,0.004016466,0.0099987388,-0.0247953515,-0.0132213058,0.0026773771
3.9676289558,-0.0024662022,0.0029246879,0.0063067679,-0.02159849,-0.0121368663,0.001605721
3.9775960445,-0.004336596,0.0057311724,-0.0003631706,-0.0162427425,-0.0131885484,-0.0005129566
3.9876060486,-0.0033574407,0.0076524089,0.001710475,-0.0088133207,-0.0067455638,-0.0037470995
3.9976170063,-0.0014301543,0.0115515068,0.0007836227,-0.0013452852,-0.0087719625,0.0015688359
4.0076227188,-0.0053589349,0.0105434135,0.0026932363,0.0039368286,0.0008244719,-0.0059338212
4.0175857544,-0.0073329513,0.0056762765,0.0045946841,0.0081584714,0.0062133786,-0.0038440388
4.0276179314,-0.001542837,0.0077276896,0.0064747934,0.0134815983,0.0062908768,0.0004013062
4.0376119614,0.0023832317,0.0049381922,0.0062947874,0.0305880141,0.0011216807,0.005736284
4.0475912094,0.0053860242,0.0070493887,0.0011459594,0.0316732526,-0.0030996958,0.0110748559
4.0575590134,0.0065522487,0.0052293609,-0.0029589529,0.0242363736,-0.0095256371,0.0153673394
4.067553997,0.0067102606,-0.0004997777,0.0008327966,0.0146524571,-0.0107048843,0.0111321146
4.0775651932,0.0058563943,-0.0062701036,0.006671906,0.0050239316,-0.0065370379,0.0079273991
4.0875768661,0.00011903,-0.0053534438,0.0047267084,-0.0120104449,-0.0120127629,0.0079748034
4.0975608826,0.0021779235,-0.0015082883,5.24526e-05,-0.026985269,-0.008910181,0.009026086
4.1075382233,0.007165968,-0.0025555419,0.0013884907,-0.0386722833,-0.0143717919,0.0058824909
4.1175580025,0.0082583418,-0.0036665129,0.0037467484,-0.0418676771,-0.0154591594,0.0069556115
4.1275672913,0.0064253802,5.86582e-05,0.0001673107,-0.0376819894,-0.008932285,0.016471887
4.137553215,0.0056195254,0.0038533879,-0.0044640298,-0.0217080787,-0.0055745714,0.0196258686
4.1475191116,0.0067528482,0.0048502753,-0.0013836022,-0.0088977432,-0.0044339392,0.0164223518
4.157544136,0.0020548101,-0.001979165,0.0005694036,0.0038926206,-0.0011489304,0.0142683862
4.1675252914,-0.0007075673,-0.0019302892,-0.0004871483,0.0092069581,-2.706e-06,0.0185068082
4.1775450706,-0.0045561199,0.003048904,0.0032042866,0.0230339579,0.0075524151,0.0141971465
4.1875,-0.003523529,0.0041875313,0.001926959,0.0368749388,0.0119346473,0.0141590629
4.197535038,-0.0024822061,-0.0004841017,0.0035715704,0.0325833857,0.0150968842,0.0130800838
4.2075209618,0.0015018577,-0.0091447756,-0.0015172954,0.0251411833,0.0139160398,0.0067185909
4.2175159454,0.0034357007,-0.0099930689,-0.0007271166,0.0230785646,0.0074355025,0.0003863927
4.2275018692,0.0033795829,-0.006000631,-0.0009551044,0.0220535137,0.0010420524,0.0036157416
4.2374949455,0.0004368717,-0.002030127,0.0008127098,0.0145850796,0.0020223616,0.0004291364
4.2475042343,-0.000567854,-0.0010013508,0.0026325588,0.0135001075,0.0041515594,0.000416087
4.2574930191,-0.001579166,0.0010002924,0.005442441,0.0113888858,0.0009344604,0.0004356613
4.2674760818,0.0013546641,-0.000926547,0.0014939909,0.0039520087,-0.001306057,-0.0048565725
4.2774691582,0.0032893415,-0.0028547572,0.003477097,-0.0045815585,-0.0024323079,-0.0037806553
4.287498951,0.0013559456,-0.00292068,0.0025944118,-0.0141652105,-0.0057037352,-0.0026903572
4.297451973,0.0013030763,0.0009074879,0.0046759848,-0.0195688959,0.0027976078,-0.002738161
4.3074817657,0.0042403634,0.0047535966,0.0019345884,-0.0184309278,-0.0078361277,0.0026419568
4.3174772263,0.0033313329,0.0046735476,0.0020998721,-0.0163227692,-0.0056597926,0.0047490499
4.3274769783,0.0024642046,0.0036633683,0.0032194857,-0.0120281558,-0.0119666914,0.0132860783
4.3374700546,-0.0002877717,0.0065535973,0.001357079,-0.0120288217,-0.0119653596,0.0132854134
4.3474440575,-9.96595e-05,0.0084729269,-0.0043960209,-0.0077696284,-0.0119051719,0.0164692234
4.3574080467,0.0030320282,0.0075158547,-0.0072121616,-0.0024347836,-0.0118575003,0.0175288953
4.3674578667,0.0013030763,0.0036691499,-0.003244936,-0.0024172068,-0.0139949545,0.0175427441
4.3774442673,0.0004845852,0.0017299128,-0.002192616,-0.0120522575,-0.0077202804,0.0100720432
4.387442112,0.0015499288,-0.0012137818,0.0018804078,-0.0174068101,-0.0056241062,0.0100621888
4.3974070549,-0.0003194218,-0.0012584256,0.0069218283,-0.0142379133,-0.0023750497,0.0121636894
4.4074068069,-0.0031328504,0.0025947166,0.0030618315,-0.0057477569,0.0020021219,0.016378941
4.4174361229,-0.0039895182,0.0045594047,0.0020877128,-0.000464444,0.0063659772,0.0216577258
4.4274220467,0.0020175274,0.0075501869,-0.0017445679,-0.0100744609,0.0063007297,0.0227272511
4.4373960495,0.0041321809,0.0056147645,-0.0045943852,-0.0004226333,0.0031182524,0.0163649581
4.4473848343,0.002346098,0.0027367545,0.0012991433,-0.0069108922,0.0095625687,0.0258892216
4.4574651718,-0.0003648704,-0.0021108317,0.0022941832,-0.0015948229,0.0117522208,0.0279996451
4.4674048424,-0.0021232967,-0.0010855722,0.0032501225,-0.00485826,0.0171163604,0.0332790948
4.4773721695,-0.0028977399,0.0019335223,0.0041624908,-0.001634771,0.0129003096,0.036487937
4.4873671532,-0.0046002273,0.0068656872,-0.0007748599,0.0015410492,0.0161312558,0.0364647694
4.4974012375,-0.0082232067,0.0059852074,-0.002857029,0.0090279942,0.0151054077,0.0354066938
4.5074839592,-0.0070749526,0.0090380386,-0.0029968615,0.0154584628,0.0140409414,0.0300971512
4.5173912048,-0.0049392884,0.0101402476,-0.0040692086,0.003629101,0.02463766,0.0300365631
4.5273580551,-0.0028258567,0.0063411067,-0.0031692381,0.0090150777,0.0203678142,0.0258109253
4.537375927,0.0041857059,0.0035997701,-0.004230618,0.0164647382,0.020482596,0.0321780108
4.5473690033,0.0044173892,0.0018348766,-0.0025045271,0.0324935056,0.0163768008,0.0375053994
4.5574660301,0.0027432139,0.0021001173,4.70881e-05,0.0409395881,0.0240062252,0.0470111519
4.5673279762,0.0020699198,0.0053046416,-0.0023362632,0.0377725549,0.019706551,0.0470412448
4.5773591995,0.0033488865,0.0016744209,-0.000711977,0.0377805457,0.0228227135,0.0363968574
4.5873222351,0.00460571,-0.0010161328,-0.0010037418,0.025024537,0.016311286,0.0364479907
4.5973472595,0.0009473855,-0.0028644132,0.0008014445,-0.0016719215,0.0192729887,0.0321987867
4.6074271202,-0.0017801528,-0.0096927211,0.0008710627,-0.0186980423,0.0169128943,0.0216020662
4.6173248291,0.004261225,-0.0145869181,-0.0008119936,-0.0314206295,0.0061321519,0.0227449629
4.6273331642,0.004371285,-0.0088171884,-0.0005523558,-0.0346140228,0.0050386582,0.0227542836
4.6373281479,-0.0003920203,-0.0030659365,0.004549921,-0.0335528888,0.0050615612,0.0238130223
4.6470727921,-0.0041129296,-0.0012066888,0.005776227,-0.0314162336,0.004027456,0.0259430185
4.6572909355,-0.0048749452,-0.0022356438,0.0079785595,-0.0261299908,0.0083854534,0.0312247332
4.6673140526,-0.0027052765,-0.0022322463,0.0091456771,-0.018661689,0.0084522981,0.0322814733
4.6775407791,-0.0024611359,-0.0041479995,0.0122025609,-0.0090376921,0.006389413,0.032288
4.687130928,-0.0021757488,-0.0060378243,0.0083116293,0.0005302466,0.0107476758,0.03331545
4.6972718239,0.0029598768,-0.001059823,0.0004634266,0.001663954,0.0032631287,0.0323021151
4.707280159,0.0071301754,-0.0048401882,0.001461566,0.001711092,2.6203e-06,0.0259488765
4.7172880173,0.0063958759,-0.0086814687,0.0014774208,-0.0014760457,-6.28934e-05,0.0206373371
4.727241993,0.0046223695,-0.0105995461,0.0044243936,-0.0078860084,0.0030394229,0.0142473467
4.7372541428,0.0037331278,-0.0125631019,0.0064555411,-0.0142594846,0.002911059,0.0057566566
4.7473049164,0.0028029378,-0.0125986859,0.0065598493,-0.0153303416,0.0029118576,0.0068197912
4.7572898865,0.0027972753,-0.0068167378,0.0037140851,-0.0153260818,0.0039459625,0.002562728
4.7671508789,0.0067216153,-0.0048754741,0.0008680825,-0.004623902,-0.0002282758,0.0047071055
4.7772431374,0.0115923872,-0.0028787779,0.0009152298,0.0017891228,-0.000202443,0.0015135757
4.7872281075,0.0106392791,-0.0058138301,-0.0010576244,0.0071540605,-0.0023257814,-0.0016635755
4.7972331047,0.0096407523,-0.0058121611,-0.0020989175,0.0039241789,0.0008582941,-0.0016832829
4.8073220253,0.0076978798,-0.0106950924,0.001819313,-0.0067005027,-0.0056275683,-0.0005714132
4.8172450066,0.0057761366,-0.0156073496,0.0048432355,-0.0162773617,-0.0068251919,-0.0069311745
4.8272118568,0.0027733739,-0.009876065,0.003997684,-0.025920935,-0.001573971,-0.0090832757
4.8372077942,0.0026818807,-0.0041956236,0.00130868,-0.0345067009,0.0026663144,-0.0048528444
4.8473658562,0.0064929719,-0.0043364097,0.0016457443,-0.0365818366,-0.0037806663,-0.0069343708
4.8572268486,0.0064304764,-0.001560502,0.0019211178,-0.0302082263,-0.0015587908,-0.0027030073
4.8671951294,0.0014985794,-0.0017182159,0.0030859713,-0.0238126442,-0.0004405295,-0.0027147254
4.8772220612,-0.0043674116,-0.002800815,0.0051519875,-0.0078436648,0.0029291681,0.0015001269
4.8873977661,-0.005368114,9.97258e-05,0.0041680341,0.0017698146,0.0029853608,-0.0006317338
4.8972129822,-0.0044588451,0.0011096669,0.0060598855,0.007106124,0.0040748604,-0.0027661242
4.9071760178,-0.0044375663,-0.0018031525,0.0020860438,0.0113741057,0.0030663211,0.0004246091
4.9171891212,-0.0064110463,-0.002716236,0.0058565144,0.0177526437,0.0052719507,0.0014635082
4.9274082184,-0.0083883414,-0.0016824531,0.0066358452,0.0177561045,0.005262896,0.0004011733
4.9371919632,-0.0035535698,-0.0015804099,0.0025852923,0.0230888184,0.0084533636,-0.0059962724
4.947163105,0.0002660746,0.0004884077,0.0023868685,0.0209455062,0.0074133989,-0.0006760755
4.9571619034,-0.0007879143,0.00059057,0.0080342889,0.0231255703,0.0041752611,-0.0059669772
4.9673261642,-0.0027771895,-0.0012994336,0.0068354611,0.023109857,0.0052620973,-0.0038492319
4.9771432877,0.0020549591,0.0036934686,0.0037093763,0.0241828449,0.0031653906,0.0004150218
4.9871840477,0.0010856385,0.0028008295,0.0025202041,0.024244098,-0.0022235159,-0.0048620319
4.997148037,0.0049952264,0.0019283963,0.0014220481,0.0104139028,-0.0087253572,-0.0026852973
5.007174015,0.0079844585,0.0019530726,-0.0014681811,-0.0077230232,-0.0099344328,-0.002664791
5.0171599388,0.0060872431,-0.0020357298,-0.0013107653,-0.0204643831,-0.0164836794,-0.0068621989
5.0271539688,0.0012013908,-0.0021652507,0.0057514911,-0.0290155299,-0.0175641216,-0.0004748737
5.0371208191,0.000267982,-0.0003554153,0.0070500975,-0.0408038795,-0.0123051787,-0.0005037689
5.0471329689,-0.0006312137,0.0004395914,0.0064553623,-0.0407913625,-0.015475139,0.0037663435
5.0571269989,-0.0024791365,0.0012471748,0.004860342,-0.0386982486,-0.0122132991,0.0079918485
5.0671377182,0.0025143023,0.0040592025,0.0032957201,-0.0365440175,-0.0153848585,0.0101356925
5.0771179199,0.0046548839,0.0010019017,-0.0002231593,-0.0365710482,-0.0121752154,0.0111800507
5.087097168,0.0057644243,0.0018603278,-0.0018452997,-0.0290606674,-0.0164013859,0.0101398202
5.0971212387,0.0029890831,0.0017381979,-0.0025730724,-0.0269604996,-0.0131579228,0.012240788
5.1071157455,-0.0047226255,-0.0003104734,0.0014869575,-0.0195260197,-0.0056824293,0.0047503817
5.1171078682,-0.0085966894,0.0025507284,0.00452143,-0.016413983,0.0039893724,0.0078720059
5.1270942688,-0.0027459865,0.006449766,0.0036676531,-0.0078575136,0.0040101456,0.0025539396
5.1371040344,0.0021428461,0.0035413576,0.0037584309,-0.0035349363,-0.0002780766,-0.0027327016
5.1470990181,0.0011993046,-0.0023440646,0.001850069,-0.0003186362,-0.0023817075,-0.0016589151
5.157078743,0.0031132395,-0.0022978114,0.0067099934,0.0049867802,0.0008803983,0.0004427184
5.1670618057,0.0011332625,0.0016191674,0.0056413417,0.0092036296,0.007325781,0.0003979774
5.1770849228,-0.0008203989,-0.0013093876,0.0035874848,0.0103169642,0.0030311674,-0.00276173
5.1870808601,-0.0008602744,-0.001231544,0.0073949699,0.0146022569,0.0019773545,-0.0048826714
5.1970739365,-0.0018835668,0.0056545208,0.0062362556,0.0156454165,0.0030937514,-0.0006426529
5.2070441246,-0.0028503244,0.0066577266,0.0011840467,0.019929111,0.0009983764,0.0004303348
5.2170667648,0.0030743475,0.0009586287,0.0010663872,0.025292052,-0.0042573716,0.0057719699
5.2270340919,0.0070829089,-0.0008648562,-0.0020149942,0.0210400485,-0.0064278482,0.005789014
5.2370691299,0.005203038,-0.003711276,0.0027566557,0.0135737434,-0.0064986884,0.0047342693
5.2470231056,0.0033437903,-0.0046291878,0.0056088571,0.0060881306,-0.0065202601,0.0089892019
5.2570648193,0.0014876719,-0.0036320614,0.0036127572,0.0028886087,-0.0065524839,0.0079284646
5.2670459747,0.0035575326,-0.0045540859,0.0036360626,0.0028571831,-0.0043788124,0.0121639557
5.2770400047,0.0007306034,-0.0035754966,0.0065747504,-0.0088864248,-0.0044650985,0.0121704815
5.2870159149,0.0028206403,-0.0026116895,0.0037646298,-0.0110124275,-0.005550337,0.0121790031
5.297000885,0.0048629339,0.0022775603,0.0008825068,-0.0014102664,-0.0044182269,0.0111034857
5.3068571091,0.001056313,0.0051969956,-0.000108778,0.0007386385,-0.0065301135,0.0121780708
5.3168520927,-0.003733844,0.0071684788,0.002742291,0.0039141919,-0.0012069874,0.0068293782
5.3268270493,-0.0046322052,0.0071828435,0.0017385487,0.0060737492,-0.0054382179,0.0100424821
5.3371729851,-0.0044948463,0.0033293439,-0.0002508159,0.0071407449,-0.0043822741,0.0079115536
5.3470139503,-0.0043865447,0.002397008,-0.0032398696,0.0093210749,-0.0086678332,0.004750648
5.3570151329,0.0015781815,0.0034616066,-0.0042290087,0.0040211179,-0.0150815239,0.0090436637
5.3669991493,0.0046432312,0.0015650464,-0.0041512842,-0.0013123946,-0.0151318572,0.0079853237
5.3769669533,0.0009147222,-0.0052938988,-0.0030846591,-0.0066787964,-0.010911813,0.0069015492
5.3869962692,-0.0019293432,-0.0101849958,0.0067940955,-0.0109430505,-0.0120045077,0.0079740044
5.396985054,-0.0038204794,-0.0043878485,0.0059283976,-0.0195147023,-0.0067562163,0.004759836
5.4069828987,-0.0037659411,-0.0035093951,0.0041821008,-0.024823714,-0.0089621125,0.001590674
5.4169492722,-0.001772583,0.0002860499,0.0015027528,-0.0280336216,-0.0079202838,0.0015872121
5.4269561768,0.0002530212,0.0001829934,-0.001161396,-0.0204915479,-0.0164123047,0.0016370132
5.4369697571,0.0041929479,0.0050077508,-0.0048595066,-0.0098347757,-0.0141952243,0.0005497776
5.4469738007,0.0042579169,0.0069372724,-0.005792975,0.0051140795,-0.0151393143,0.0016078516
5.4569377899,0.004366755,0.0021393967,-0.0019100304,0.0146869449,-0.012884682,0.0068996856
5.4669260979,0.0025537605,-0.0006929564,-7.98698e-05,0.0178558398,-0.0096356254,0.0090011861
5.4769287109,0.0017114276,-0.0045048525,0.0007595425,0.0242712609,-0.0106614754,0.0079397839
5.4869527817,0.0037740464,-0.0043774177,0.0006109481,0.0178298745,-0.0053854869,0.005785286
5.4969520569,0.0047987695,-0.0023632573,-0.0024303193,0.0082113352,-0.0022887634,0.0025886938
5.5069060326,0.0048356946,-0.0062364866,-0.0034409757,0.008216395,-0.0012562559,-0.0016675703
5.5169358253,0.0067732329,-0.0091702268,-0.0033992524,-0.0077910665,-0.0013912781,-0.003783718
5.5269379616,0.0037625725,-0.0102351233,0.0006338363,-0.0141834524,-0.0004264149,-0.0101598576
5.536924839,0.0006907875,-0.0035116004,-0.0002945657,-0.0088837612,0.0028492732,-0.0069981534
5.5468902588,0.0015392299,0.0062006782,0.0007143025,-0.0088941474,0.0028764375,-0.0038111485
5.5569181442,-0.002359808,0.0022231413,0.0007690196,-0.0078065135,-0.0013497327,0.0015298207
5.56690979,-0.0003372734,-0.001692109,-0.0010880227,-0.0067670811,0.0008231404,0.0047021783
5.5769138336,0.0016730422,-0.0007303881,-0.0029588337,-0.0056638662,-0.0044895997,0.0079252692
5.5868730545,0.0017730589,0.0002414656,-0.0038625593,-0.0056620035,-0.0055402168,0.0100568635
5.5968837738,0.0038636322,-0.0017477798,-0.0086190701,-0.0152491154,-0.0088047199,0.0111436993
5.6068782806,0.0029928084,-0.0037463235,-0.0035283561,-0.0226756074,-0.011072401,0.0026644606
5.6168870926,-0.0028350358,-0.0067999889,0.0015692119,-0.0258978978,-0.0058139898,-0.0037387107
5.6268601418,-0.0068076556,-0.0020909833,0.0017823582,-0.0345023051,0.0037022841,-0.0080439765
5.6368498802,-0.0049937968,-0.002245717,0.0010852818,-0.0302673467,0.0111455526,-0.0165951215
5.6468749046,-0.0051673953,-0.0043430855,0.0022566323,-0.0142441718,0.0101916082,-0.0176625159
5.656870842,-0.0044332747,0.0033732725,-0.0006755586,-0.0036968561,0.0221071243,-0.0092502553
5.6668658257,-0.0026948159,0.0082404688,-0.0027125473,0.012299954,0.0243593585,-0.0103384228
5.6768398285,-0.0019305354,0.0063837836,-3.83253e-05,0.0346792936,0.0298561249,-0.0125134271
5.6868581772,-0.0040946011,0.008456178,-0.0034420486,0.0506641231,0.0310939606,-0.0072206608
5.6969628334,-0.0012958352,0.0067559551,-0.0039556618,0.0539015941,0.0247519091,-0.0018699707
5.7068519592,0.0005776877,0.0030856801,-0.0034615393,0.050762523,0.0182876177,-0.0050130333
5.716758728,0.000453859,0.003290124,0.0019767289,0.0379489921,0.0171555076,-0.0007469156
5.7268481255,-0.0005944674,0.0024722887,0.0055483584,0.0283320509,0.0171083696,0.0024472796
5.7368388176,0.0042623873,0.0006426049,0.0053838496,0.0113169802,0.0084427111,0.0035741965
5.7468299866,0.0092227152,-0.005170994,0.0015326743,-0.0036353376,0.0093958564,0.0035784577
5.7569351196,0.0092628589,-0.008134298,0.0016241674,-0.0153319398,0.0029150532,0.006818193
5.7668180466,0.0082954755,-0.0023603367,0.0047308807,-0.0291763805,-0.0014581236,0.0079186112
5.7768192291,0.0005166823,-0.0015614557,0.0098996758,-0.0462981127,0.0047971094,0.0047017788
5.7867980003,-0.0033224528,0.0020907593,0.0063762669,-0.0537206084,-0.0016639858,0.0058112522
5.7970581055,0.0026283856,0.0077126096,-0.0038409824,-0.0590301529,-0.004913575,0.0058370838
5.8067741394,0.0026445384,0.0143216923,-0.0033518667,-0.0557840243,-0.0102324411,0.0058693085
5.8167982101,-0.0011700696,0.0111906007,0.0010043387,-0.0462240763,-0.0048070485,0.0068906313
5.8267941475,-0.0059478288,0.0061299871,0.0032936339,-0.0356201679,0.0017331422,0.0121527705
5.8368139267,-0.0107971439,0.0060408781,0.0103236437,-0.0250162594,0.0103649804,0.0120896539
5.8467550278,-0.0117626498,0.0089373067,0.0123410821,-0.0068846596,0.0126337269,0.0109998882
5.8567790985,-0.0107686231,0.0157869533,0.0073666577,0.0090760645,0.0170710869,0.0152083486
5.8667740822,-0.0068058972,0.0178661421,0.0042743688,0.022988949,0.0139450673,0.0120317303
5.8767209053,-0.0038171415,0.0150883868,0.0040816073,0.0229945425,0.0128848637,0.0131012555
5.886783123,0.0001783962,0.0103289559,3.99952e-05,0.0186951347,0.0160670746,0.0141460132
5.896791935,0.0022266502,-0.0002459216,0.0057553654,0.021877747,0.0182332881,0.0141277723
5.9067668915,0.0023407931,-0.008883588,0.0065292721,0.0282839797,0.0172322057,0.0162545722
5.9169011116,0.0004912014,-0.0077521731,0.0071880226,0.0261023194,0.0204756707,0.0226096734
5.9274878502,0.0005409414,0.0002270413,0.0068814759,0.0228737686,0.0236570835,0.0225912966
5.936727047,0.000607639,0.0023267341,0.0056054597,0.0282170009,0.0247284733,0.0183322355
5.9468278885,0.0035999711,0.004453368,0.0033783917,0.0281959623,0.0268749818,0.0193807222
5.9567890167,0.006588548,0.0026756001,0.0031449203,0.0218367334,0.0225220434,0.015160013
5.9665517807,0.0076830979,-0.0050088693,0.0019837623,0.024052484,0.0118693998,0.0173523258
5.9767208099,0.0068523581,-0.0078243539,-0.0001754756,0.017682869,0.007547888,0.0184502136
5.9866857529,0.0040300186,-0.0048028161,-0.0013599987,0.0176671557,0.0086347247,0.0205679592
5.9974927902,0.0051441486,-0.0056204726,-0.00058037,0.0219412632,0.0086565614,0.0195034947
6.0067081451,0.0072024162,-0.0044830372,0.0041633253,0.0102190925,0.0074698576,0.0163322017
6.016711235,0.003448307,-0.0083626434,0.0041057472,-0.0025829887,0.0063084532,0.0174123812
6.0267958641,0.0026261802,-0.0112606809,0.0051042442,-0.0025390461,0.0009648206,0.0174470022
6.0367202759,0.0007987613,-0.0093175694,0.002196074,-0.0068135532,0.0019885395,0.015315542
6.0467309952,-8.76492e-05,-0.0064025451,0.0012542014,-0.0100122755,0.0019547176,0.0142556038
6.0566620827,-0.0019739871,-0.004476421,0.0022767787,-0.008944748,0.0030095957,0.0121252071
6.0666918755,-0.0008887654,-0.0044898321,0.0014024978,-0.0089061316,-0.0012743652,0.0110905692
6.0767579079,0.0021191235,-0.0045003225,-0.0004322524,-0.0131398914,-0.0034919796,0.0057968702
6.0869498253,0.0041196342,-0.0045443703,-0.0032345648,-0.0152608333,-0.0035447101,0.0015491289
6.0967569351,0.0011982019,-0.0036255645,0.0008014445,-0.0152573716,-0.004598523,0.0036823207
6.1104001999,-0.0026365821,-0.0066156914,-0.0001173611,-0.0035178922,-0.0034570922,0.0015419384
6.1171879768,-0.0036430066,-0.0017208981,0.0037432914,0.0060443212,0.0019595113,0.0004339302
6.126762867,-0.0027268236,0.0012538505,0.0056251292,0.0081966883,-0.0001614303,0.0004461806
6.1365060806,-0.0036493544,0.0002839041,0.0006701951,0.0092552947,0.0019624408,-0.0016912724
6.146487236,0.0002246494,0.0003197861,-0.0022922154,0.00182907,-0.0023974204,-0.0048449878
6.15650177,0.0070552821,-0.0006295966,-0.0031818147,-0.0023610145,-0.0110050235,-0.0079746014
6.1669239998,0.0080512157,-0.0045525362,-0.0030971165,-0.0065989019,-0.0153038986,-0.0068813739
6.1766109467,0.010996907,-0.0045947959,-0.0039133425,-0.014106486,-0.0121302083,-0.0037086168
6.1864719391,0.0071143205,-0.0056373407,0.000114799,-0.0130337644,-0.0131816249,-0.0026401568
6.1965017319,0.0032691057,-0.0076754023,0.0021947031,-0.0152460523,-0.0056744399,0.0026259781
6.2066121101,0.000394016,-0.0058031012,-0.0006265636,-0.0152548421,-0.0046057133,0.0026190537
6.216463089,0.0013387199,-0.0019376802,0.0024133329,-0.0131955529,0.0050178855,0.000427139
6.2266001701,-0.0006836658,0.0048362087,0.0024502878,-0.0089909537,0.0125410492,0.0014378089
6.236579895,0.0001907343,0.0058162878,0.0083304048,-0.000470303,0.0157933012,-0.0007130932
6.2467842102,-0.0007683342,-0.0010247754,0.0043966179,0.0048546875,0.0148201818,0.0056638462
6.2566208839,0.0001945788,-0.0019569325,0.0023325686,0.0134282019,0.0116598094,0.0035546224
6.2665758133,0.0021260376,0.0010551286,0.0011803512,0.01877583,0.0095817447,0.005689146
6.2766342163,-0.0008053785,0.0040557454,-2.94442e-05,0.02197868,0.0096030496,0.0046216175
6.2866020203,-0.0027545397,-0.001706891,0.0007342701,0.0230351556,0.0138228284,-0.0028432226
6.2965579033,-0.0038110022,-0.0035568404,0.0044164662,0.0219898652,0.0106211761,-0.000694318
6.3065638542,-0.0019178098,-0.0044127633,0.007160366,0.0230713747,0.0085010342,0.0003810665
6.3165540695,0.0009991521,-0.0043339659,0.004064024,0.0156083982,0.0073745167,0.0003935832
6.3265390396,0.0029208059,-0.0062519838,7.58176e-05,0.0071022622,0.0061763609,-0.0070294458
6.3365960121,0.0057918425,-0.0101604387,-0.0008901353,-0.0056397654,-0.0003736843,-0.0122933164
6.346558094,0.0037508304,-0.010245733,-0.0008243318,-0.0088403523,0.0006431106,-0.015484849
6.3565282822,-0.0042350893,-0.0064502885,0.0040692096,-0.0099495575,0.004929468,-0.012321014
6.3665308952,-0.0053871875,-0.003590517,0.0050528054,-0.0025656782,0.015674524,-0.0123958485
6.3766288757,-0.002678812,0.0042328904,0.0049773459,0.0048831836,0.0168377925,-0.0081592919
6.3867249489,0.0010772939,0.0062370966,0.002879024,0.0166386422,0.0148002096,-0.0070918966
6.3965120316,0.0038975473,0.0053384374,0.0027093892,0.0198719874,0.0105601903,-0.0060047945
6.4065380096,0.0018948609,0.0054059695,-0.0004594917,0.0230725743,0.0095433947,-0.0028132622
6.4165101051,0.0028381939,0.0044947932,-0.0026120539,0.0198946223,0.0063188393,-0.0017264262
6.4265260696,0.0057716961,0.0016796065,-0.0027492638,0.0199492183,-0.0011441368,0.0004467133
6.4365010262,0.0028232331,-0.0002102184,2.05641e-05,0.008173652,0.0051297382,-0.0048965197
6.4465289116,-0.0001820927,-0.0021390247,0.0087618828,-0.0014432892,0.0050826003,-0.0017023246
6.4565119743,0.0027401443,-0.0040873219,0.01079458,-0.0110378591,0.0018394028,0.0025744457
6.466506958,0.0046896036,0.0026574207,0.0030862694,-0.0184622183,-0.0035710754,0.0015523247
6.4764852524,0.0086351028,0.0045268605,0.0004190807,-0.0290556103,-0.0132772326,0.0005582997
6.4864678383,0.0067862268,-0.0005265402,0.0007810597,-0.0439482704,-0.0187545549,-0.0015205638
6.4965109825,0.0048927064,0.0011753512,-0.0046197171,-0.051406458,-0.0198949222,-0.0036348472
6.5064668655,0.0019843872,-0.0019965696,-0.0002265568,-0.0492857806,-0.0177500118,-0.0047126287
6.5165309906,-0.0009689038,-0.0012462067,0.0051011448,-0.0504302718,-0.008143723,-0.0047721504
6.5266637802,-0.0039307778,0.0005191637,0.0063950424,-0.0291401632,-0.0025987553,-0.0005734107
6.5364627838,-0.0039635007,0.0062915753,0.0065534119,-0.0184656829,-0.0035620206,0.0026146597
6.5465250015,-0.0078515718,0.0052569578,0.0085668564,-0.0035610339,0.0029297008,-0.0016874108
6.5565319061,-0.0079116235,0.0101322606,0.0045692329,0.019920323,0.0031139913,-0.0017063193
6.5664448738,-0.0050231223,0.0122146085,0.0033547287,0.0348446779,0.0043254634,0.0014625762
6.5764980316,-0.0060153906,0.0094447806,0.0030027037,0.0433642603,0.0086267348,-0.0028191211
6.5864830017,-0.0070044403,0.0037619544,0.0045665507,0.0454780124,0.0107897539,-0.0017722324
6.59649086,-0.0041166549,0.0010532809,0.0041790013,0.04758697,0.0129644917,0.0003356594
6.6064801216,0.0007066125,0.0022419167,0.0038026576,0.0401503593,0.0086317947,0.0003689488
6.6164388657,0.0046184654,-0.002433114,0.0054720049,0.0337630361,0.0064458726,0.0003870586
6.6271719933,0.0066049094,-0.0023072886,0.0013292436,0.0220797472,-0.0011169724,0.0015066515
6.6365242004,0.0066278274,0.0016669107,0.0012056236,0.0082664639,-0.0087080467,0.0015668389
6.6465449333,0.0076997275,-0.0012561011,0.0012481217,-0.009856347,-0.0120455204,0.0026635285
6.6564068794,0.0087765148,-0.003292911,-0.0004607434,-0.0269129612,-0.014325453,0.0016284909
6.6827802658,0.009855031,-0.002435677,-0.0020996924,-0.0364947505,-0.0186474975,0.0048503829
6.6828608513,0.0041089649,-0.0016375708,0.0021514301,-0.0408440903,-0.0101075377,0.0069203246
6.6885032654,-0.003568918,-0.001833074,0.0034548049,-0.0387300737,-0.0100366976,0.0132927373
6.6998620033,-0.0044563417,0.0038912965,0.0007728939,-0.0260231979,0.0028777691,0.0121378573
6.7066149712,-0.0014402871,0.0087667182,-0.0010592337,-0.0025437074,0.0009762719,0.01850814
6.7164788246,-0.0023143892,0.0098068789,0.0018217568,0.0123661337,0.0053638299,0.0184707213
6.7265601158,-0.0051168506,0.0060174535,0.0045537953,0.0229679123,0.0150468163,0.016275743
6.7362318039,-0.0050506298,0.0012666059,0.0033549671,0.0283156708,0.0150601324,0.0130851446
6.7462658882,-0.0020422344,0.0024055911,-0.0008348818,0.034765847,0.0087154182,0.0152465655
6.7562818527,-0.0010239487,0.0084547475,-0.0021678801,0.0390882939,0.0033805741,0.0120895207
6.7662658691,-0.0018446749,0.0027647687,-0.0044319029,0.0316410288,0.0011672208,0.0099842921
6.7762060165,-0.0017367905,-0.0019682574,-0.0026809569,0.0252936501,-0.0042605679,0.0057735676
6.7862000465,0.0002644951,-0.006770723,0.0011723642,-0.0013861638,-0.0034344553,0.0015372776
6.7962598801,0.0032175775,-0.0087282583,0.0032690172,-0.0162780285,-0.0089133764,-0.0005407869
6.8061761856,0.0013087386,-0.0088401958,0.0015212898,-0.0290867686,-0.0090124458,-0.0005311994
6.8161969185,0.0052445228,-0.0060375859,-9.0837e-05,-0.036496345,-0.0155078955,-0.0036719986
6.8261909485,0.0072094197,-0.0042280485,0.0012346511,-0.0365173854,-0.0133613888,-0.0026235119
6.8363471031,0.0052868719,-0.0034218358,0.001572073,-0.0344210789,-0.0101059396,0.0016051885
6.8463382721,0.0043746228,-0.0006496834,-0.0020593996,-0.0269562397,-0.0100300405,0.0037242654
6.8563137054,0.0034970338,-0.0007467198,-0.0028279419,-0.0184544977,-0.0056824293,0.0047537107
6.8663458824,0.0035309787,0.0021403504,-0.0026986594,-0.0088636559,-0.0045212912,0.0068642655
6.8763341904,0.0006857211,0.0021430922,0.0002479558,-0.0035507819,-0.0023273793,0.0079056956
6.8863792419,0.0036827917,0.002186842,0.000271142,0.0050059552,-0.004398786,0.0079131518
6.8960928917,0.0018563266,-0.0006995129,-0.0017684097,0.0091945753,0.0042117462,0.0110413004
6.9063367844,0.0028780098,0.0013086868,-0.0018451805,0.0048986296,0.0073849028,0.0110237245
6.9163751602,0.0029076035,0.0003746224,-0.0018996592,0.0049139429,0.0073457547,0.0067758486
6.9263019562,0.0029566283,-0.0044251611,0.0029101972,0.0102527821,0.006336417,0.0089034475
6.9362168312,0.0010263915,-0.0073026349,0.0067373519,0.0048962324,0.0105303619,0.0046321373
6.9462919235,-0.0009389525,-0.006318145,0.0056741242,0.0037832973,0.0148241762,0.0077922447
6.9562940598,-0.0009374326,-0.002367072,0.0045992141,0.0091379825,0.0127277374,0.0078022312
6.9662909508,-0.002879173,-0.0013713764,0.0034956937,0.0070223669,0.0116153341,0.0046237484
6.976252079,-0.0048452024,-0.0013475346,0.0014280085,0.0070057232,0.0147956815,0.0014153048
6.9862260818,-3.56739e-05,0.0006903482,0.0022948389,0.0155414212,0.0148707815,0.0024712482
6.9962797165,-4.05913e-05,-0.0041230847,0.0011720066,0.0187807567,0.0116614066,-0.0006969811
7.0063018799,-0.00112024,-0.0059953858,0.0058623557,0.017713096,0.0137453303,-0.0060217055
7.0162730217,-0.0021777158,-0.0059584309,0.0037395959,0.0166799221,0.0094640329,-0.005994142
7.0262570381,-0.0052331393,-0.0010163116,0.0054252152,0.0241447613,0.0095399329,-0.0038750647
7.0362620354,-0.0053094332,0.0010454727,0.00813061,0.0199143309,0.0041749948,-0.0027762442
7.0462450981,-0.0004524296,0.0001543236,0.0040974026,0.0167419724,0.0009349931,-0.0038154097
7.0564160347,0.0035088058,-0.0046678712,0.0001380448,0.0093330592,-0.0066065462,-0.0037600161
7.0662369728,0.0035156305,-0.0056484868,0.0001658802,-0.0066128839,-0.0142205236,-0.004761897
7.0762648582,0.0015465015,-0.000854485,0.0002831225,-0.0194063112,-0.0143587422,-0.0090001849
7.0862159729,0.0015767808,-0.0029333758,-0.0024154182,-0.0236441996,-0.0186576173,-0.0079069575
7.0964460373,0.0024960334,0.0008828712,0.0027219658,-0.0257551521,-0.0208283588,-0.0100168465
7.1061811447,0.0005269343,0.0026784611,0.0029881601,-0.0321981385,-0.0165939331,-0.008977415
7.1162567139,0.004491746,0.0015602184,0.000459135,-0.0385965183,-0.0197961181,-0.0025774394
7.1262130737,0.0094494214,-0.0005323815,-0.0020420547,-0.0396481976,-0.0208912101,-0.0046943864
7.1363930702,0.006517529,0.0031889153,0.002199233,-0.0343663506,-0.0154775362,-0.0015467959
7.1462168694,0.0026491876,0.0040278505,0.0044100289,-0.023760844,-0.0078957826,0.0005214149
7.1562271118,0.0007597501,0.0049060653,0.0025978093,-0.0131384283,-0.0034970394,0.0047325385
7.1662092209,-0.0021511023,0.008787103,0.0026036506,0.0017664861,0.0009025026,0.0057559912
7.1763491631,-0.0040861969,0.0107771829,0.0025008922,0.0112502687,0.0148936864,0.0088476548
7.1862230301,-0.0050852303,0.0108829811,0.0081617841,0.0208235346,0.0181922764,0.0109443618
7.1961421967,-0.0030748253,0.005166478,0.007948936,0.0272353608,0.0182226375,0.008815431
7.2062449455,-7.04234e-05,-0.0005321431,0.0028011804,0.0357484221,0.0194026828,0.0141137894
7.2161779404,0.0009447927,-0.0012932944,0.0043764715,0.041072879,0.0205222759,0.0151649397
7.2261939049,-0.0029590433,-0.0020453262,0.0107656121,0.0421471968,0.0205124225,0.0130394697
7.2361588478,-0.003926367,-0.0018684792,0.0103546381,0.037900921,0.0193731226,0.0088009164
7.2462387085,-0.001934052,-0.0017304348,0.0032088761,0.0283873118,0.0096440623,0.0046210852
7.2561430931,-0.0010004346,-0.0006294774,0.0029627685,0.0252274703,0.0063705053,-0.0006687518
7.2662181854,0.0018922085,-0.0005069303,0.0027450328,0.0295583047,0.0010146217,-0.0059490008
7.2761611938,0.0018374318,-0.0004175233,0.0035091643,0.0210926458,-0.0076097595,-0.0069498168
7.2861537933,0.0018465215,-0.0013338851,0.0014160876,0.0157609973,-0.0087107103,-0.0058765635
7.2961230278,0.000861525,0.0006525589,-0.0006501074,0.0126371095,-0.0183502883,-0.0047468506
7.306139946,0.0057727988,0.002694316,0.0012807255,0.007305461,-0.0194512382,-0.0036735963
7.3161129951,0.0039154585,-0.0012232589,0.0013137464,-0.0044577206,-0.0184408352,-0.0004873904
7.3261327744,0.0011103743,-0.0042079021,0.0014246111,-0.0108988425,-0.0152570261,0.0026836356
7.3361878395,0.0002098972,-0.0003275203,0.003468812,-0.0066899816,-0.0098361615,0.0079580257
7.3461122513,0.0013017352,0.0006683541,0.0035427217,-0.0056521492,-0.0087048514,0.0143243121
7.3561730385,0.0024537439,-0.0002940821,0.0016760831,-0.0046200408,-0.0033745342,0.0121659534
7.3661108017,0.0045388336,0.0036025119,-0.0051208134,-0.0013896264,-0.0076065632,0.0143159237
7.3761239052,0.0076112743,0.0046288441,-0.0040699239,-0.0067248689,-0.0076534348,0.0132558523
7.3860931396,0.0028827782,0.0036152673,-0.0020462866,-0.0131361643,-0.0076848604,0.0153853158
7.3961677551,0.0020449455,-0.0003291297,-0.0009121294,-0.0195260197,-0.0067271874,0.0079459082
7.4060907364,0.0011866088,-0.0004248547,-0.0016552205,-0.025946103,-0.0056898864,0.0100684473
7.4159832001,-0.0045856242,-0.0024979042,-0.0004920955,-0.0248831026,-0.003579065,0.0058037951
7.4260778427,-0.0045402055,0.0013265086,-0.000288486,-0.0227709487,-0.0024576078,0.010044612
7.43608284,-0.0015482908,0.0022515727,-8.51746e-05,-0.0184945762,-0.001395539,0.0057868836
7.4460382462,0.002459913,0.0002930236,9.01823e-05,-0.0088456776,-0.0077064317,0.0090082437
7.4561419487,0.0005776579,-0.0006995725,0.0011292701,-0.0089094611,0.0008260699,0.00682778
7.4660038948,0.0026013847,-0.0026630687,0.0002396707,-0.0067624198,-0.0002351999,0.0057707718
7.4761128426,0.0006948406,-0.0036496448,0.0012413268,-0.0057054115,0.0018918666,0.003631721
7.4860477448,-0.0041921739,-0.0056078364,0.006094635,0.0049211336,0.0073271124,0.004651445
7.496076107,-0.0041657393,-0.0084857866,0.0069851284,0.0112650497,0.0138087142,0.006728977
7.5060420036,-0.0031747823,-0.0044872691,0.0048423414,0.0219094381,0.0150143262,0.0130880727
7.5160360336,-0.0002564793,0.0034727526,0.0016105776,0.0325490311,0.0204170812,0.0109234564
7.5260381699,0.0046187933,0.005631573,-0.0006739493,0.0368606895,0.0161570888,0.0088232867
7.5360460281,0.0056179161,-0.0010009336,0.001918972,0.0347396135,0.0161046237,0.0045754118
7.5460629463,0.0076050456,-0.0057393839,-0.0012848969,0.0294569694,0.0106925499,0.001427023
7.5560050011,0.0066025849,-0.0046790172,-0.0044861431,0.0230900161,0.0063614501,0.00039598
7.5660142899,0.0026717777,-0.0055382778,0.0020990376,0.0230988059,0.0052927234,0.0004029043
7.5760788918,-0.0012728577,-0.0035232233,0.0038127904,0.0177044403,0.0116752554,0.0014264903
7.5860061646,-0.0003758078,0.0004745198,0.0045924191,0.0155344959,0.0159336496,0.0014003913
7.5960330963,0.0015439386,-0.0023742246,0.0044542556,0.0155675197,0.0116651356,0.0024917545
7.6060161591,0.0064349468,-0.002306931,-0.0005064602,0.0092212064,0.0041435696,0.0036073527
7.6160850525,0.0064040716,0.0006688905,-0.0006189342,0.01138396,0.0019954639,0.0004325984
7.6259851456,0.0044231708,0.0026448441,0.0002390151,0.0060083694,0.0062381458,0.0014712312
7.6360440254,0.0024933512,-0.0002922344,-0.0027535553,0.0082102707,-0.0001949861,-0.0027376283
7.6459608078,-0.0043750708,-0.0031956362,0.0039377813,0.0113757038,0.0030631253,0.000426207
7.6560411453,-0.0024192636,0.00080014,0.0057873731,0.0081612691,0.0020244925,0.0068092719
7.6659770012,0.0015669757,-9.77444e-05,0.0027952795,0.0135421855,-0.0032778613,0.0068398975
7.6760931015,0.0026356871,-0.000991218,0.0017071371,0.017836798,-0.005401466,0.0047264132
7.6860151291,0.0017348224,-0.0009353089,0.0006281142,0.0071980022,-0.0097589307,0.0047620996
7.6959371567,0.0018195206,-0.0048449566,0.0006846194,-0.0098191975,-0.0142349051,-0.0036978312
7.7059540749,0.0028300281,-0.0059015681,-0.0020489092,-0.0193415955,-0.0228952374,-0.0078845862
7.7160310745,0.0028209086,-0.0021273422,-0.001787662,-0.0321543291,-0.0219372995,-0.0089429263
7.725938797,0.0018356438,-0.0032612013,0.0014680033,-0.0300216712,-0.0187779926,-0.0164016411
7.7359528542,-0.000214458,-0.0014603662,0.0066562896,-0.0311463252,-0.0134074613,-0.0121855913
7.7459287643,0.0007382328,-0.0016111063,0.0039867763,-0.0215624049,-0.0122282133,-0.0079503665
7.7559947968,0.0036418135,0.0012176109,-0.0006852145,-0.0162251629,-0.0111427084,-0.0111496225
7.7659239769,0.001673698,0.0001146269,-0.0044337506,-0.0172661953,-0.014357144,-0.0111280503
7.7759599686,0.001647591,0.001986332,-0.004294693,-0.0108967125,-0.0110779945,-0.007964748
7.7859172821,-0.0023599868,0.0058367322,-0.0013605352,0.0029791556,-0.008878489,-0.0133006573
7.7959909439,-0.0034278934,0.0087539032,0.0005503898,0.005022333,-0.0002567715,-0.0069841724
7.8059420586,-0.0053980355,0.0038678122,-0.0005078907,0.018886216,0.0009283354,-0.0059391474
7.8159532547,-0.0025185649,0.0020519567,0.0022383337,0.0251723416,0.0117428992,0.0024828331
7.8258447647,-0.0016472046,0.0070864628,0.0058467989,0.0325879157,0.0182221048,0.0034980301
7.835960865,0.0003264243,0.0023815108,0.0085062394,0.034737885,0.0150633287,0.0077692075
7.8458127975,0.0032985802,0.0054671834,0.0033046012,0.0358196609,0.010851007,0.0141701149
7.8559627533,0.0034326906,0.0027056409,8.58908e-05,0.0294668227,0.0043936409,0.0152810533
7.8657279015,0.0035932655,-0.0010984468,-0.0020120139,0.014556583,0.0010537701,0.0131883416
7.875702858,0.0027120407,-0.0020098018,-0.002104878,0.0060381959,0.0009333952,0.0068207229
7.8856801987,0.0027946229,-0.0029592442,-0.001127779,-0.0003696354,0.0008929153,0.0078878514
7.8961200714,0.0009399945,-0.0058897068,0.000879467,-0.0120726312,-0.0045282152,0.0089914659
7.9058661461,-0.0009074514,-0.0108431503,0.0010436778,-0.0227170177,-0.0057338285,0.0026323695
7.9159421921,-0.0037705903,-0.0119493529,-0.0006930227,-0.0280714389,-0.0036379206,0.0026226488
7.9258990288,-0.0058054333,-0.0004044699,-0.0024238224,-0.0344427824,-0.0048195655,-0.0048019779
7.9359140396,-0.002942801,0.0023951603,-0.0031024213,-0.0280161798,-0.0058741774,-0.009049587
7.9458122253,-0.0030220752,0.0061460803,-0.0038551087,-0.0248315707,-0.0037119568,-0.0090658311
7.955868721,-0.0011318331,0.006090052,-0.0017347331,-0.0077736219,-0.0024815761,-0.0058997329
7.9660420418,-0.0001974111,0.005102105,-0.0007135267,0.0018118927,-0.0002607661,-0.004858437
7.9758529663,-0.0001999443,0.002222426,0.0021569734,0.0135471122,-0.0022450874,0.0025835005
7.9858269691,-0.0011159186,0.0052497457,0.0029608016,0.0209789295,-0.0010370775,0.0121319983
7.9958529472,-2.9475e-05,0.0063524912,0.0008112197,0.0220011845,0.0043193381,0.0131611768
8.0057868958,0.0030804868,0.000630684,-0.001269042,0.0166908409,-0.0010202996,0.0185114685
8.0158491135,0.0071607823,-0.0002609419,-0.0032234187,0.0007314477,-0.0054624528,0.0132385427
8.0257978439,0.0043461616,-0.0031906294,0.0027025943,-0.0121265594,0.0008417824,0.0121442489
8.0358886719,-0.0004521018,-0.0022775459,0.0067423587,-0.0238958672,0.003960344,0.0121306665
8.0458078384,-0.0003480916,-0.0052877595,0.0069825058,-0.0281619839,0.0039182659,0.0110715274
8.0558624268,0.001672774,-0.0063724448,0.0063134436,-0.0377348512,0.0016636343,0.0057796929
8.0658178329,0.003647774,-0.0006538557,0.0036968593,-0.0366357639,-0.0025939615,0.0068689259
8.0758543015,0.0027434523,0.00114388,0.0010591154,-0.029095022,-0.0100364313,0.0047876658
8.0857887268,-6.62213e-05,3.73197e-05,-0.0026131864,-0.023761509,-0.0099860979,0.0058460059
8.0957622528,-0.0009751027,0.0028457118,-0.0043494101,-0.0216280539,-0.0089200344,0.0037133466
8.1057720184,3.76696e-05,0.0018270684,-0.0021967287,-0.0162772294,-0.0089149745,-0.000539988
8.1158504486,-0.0048367386,-0.0021396803,0.0047085886,-0.0078035844,-0.0003108336,-0.0016627767
8.1257705688,-0.0097334096,-0.0002039003,0.008574307,0.0028546527,0.0008585604,0.0004469794
8.1358251572,-0.0058892076,0.0057393978,0.0104621062,0.0145858787,0.0020207637,0.0004299353
8.1457548141,-0.004960001,0.0106944516,0.0112713575,0.0199335068,-5.73008e-05,0.0025644591
8.1558256149,-0.0010054713,0.0088536218,0.0072034602,0.0231182463,0.0021046535,0.0025483468
8.1657457352,0.0020360048,0.0030773354,-0.0017237063,0.0210468397,-0.0064435611,0.0047300085
8.1757926941,0.008019953,-0.0017021226,-0.0056669111,0.0146680363,-0.008650789,0.0026250456
8.1856832504,0.007117271,-0.0084780976,-0.0008106227,0.0050806561,-0.0098209819,-0.0005478442
8.1957788467,0.0032732482,-0.0104367658,0.0020974879,-0.0045599854,-0.0066693965,0.0015624445
8.2057237625,0.0013233419,-0.0085408613,0.0001871591,-0.0099709975,0.0039403709,-0.0027521427
8.2157201767,-0.0007280117,-0.0037019181,0.0051248674,-0.0132283103,0.0103348866,-0.0017278909
8.2257175446,0.0020866687,0.002104528,0.0032398109,-0.0078878738,0.0103671104,-0.0027942206
8.2357110977,0.0049658413,0.006008334,0.0013017659,0.0017076293,0.0094251512,0.003580455
8.2457780838,0.0059019024,0.0040952037,0.0012400155,0.0091458391,0.0147994095,0.0003532364
8.2557144165,0.0069079096,0.0012148691,-0.0027813311,0.0166775249,0.005287664,0.0057197725
8.2656908035,0.0059866305,0.0022649837,-0.0088741183,0.0241370387,0.0064232349,0.0067695901
8.2756567001,0.0011482234,0.0004072857,-0.0052198167,0.0219796114,0.0085585583,0.0088838739
8.2857618332,-0.0007382637,-0.0043485691,-0.0015161629,0.018780889,0.0085247364,0.0078239357
8.2956666946,-0.0007344192,-0.0052402546,0.0012848382,0.0102390666,0.0105556622,0.0025024074
8.3057432175,-0.0007371014,-0.0042128493,0.0021472578,0.0059873303,0.0062930072,0.0078449743
8.3175563812,0.0022218521,-0.0041699936,0.002170146,-0.0078860084,0.0061779581,0.00679236
8.3263702393,0.0032421048,-0.0071213772,0.0032728915,-0.0142272608,-0.0003110999,0.0036516946
8.3363285065,0.0012802775,-0.0072128703,0.0043984656,-0.0184365213,-0.0057290345,-0.0005572985
8.3463201523,-0.0016529864,-0.0024543332,0.0025886898,-0.0216352418,-0.0057628569,-0.0016172365
8.3561086655,-0.0016612117,-0.0006232189,0.0028493409,-0.0301558934,-0.0069234623,-0.0047915913
8.3654460907,0.0041806693,-0.0007409977,0.0002656584,-0.0322504714,-0.0101823732,-0.0090185609
8.3756608963,-0.0007413035,1.31202e-05,-0.0014288421,-0.0290723871,-0.0069580837,-0.0101052634
8.3854932785,-0.001765371,-0.0020515847,0.0007506614,-0.0216147359,-0.0047718948,-0.0111870393
8.3955526352,-0.0058067148,-0.0002280402,0.0018140678,-0.0110181523,0.0049236096,-0.0123214135
8.4054803848,-0.0049917703,0.0007362438,0.0067294245,0.001795914,0.0039630071,-0.0112617416
8.4155426025,-0.0060809557,0.0026702953,0.0046836142,0.0071201054,0.006130022,-0.0123405876
8.4254617691,-0.0071638231,0.0046140025,-0.0003345008,0.0145463301,0.0104898829,-0.0091868723
8.4355220795,-0.0053804819,0.00855387,-0.0014684196,0.0188578553,0.0072770449,-0.013416904
8.4454526901,0.0003700251,0.0057266424,-0.0035661454,0.0241791159,0.0084051602,-0.0113031529
8.4554100037,0.0021676118,0.0068134735,-0.0008665319,0.0262864754,0.0105852243,-0.0081310626
8.4654331207,0.0040327902,0.0069217752,-0.0021100636,0.0316008143,0.0117314486,-0.0038926415
8.4754428864,0.0069342251,0.0031556559,-0.0013450379,0.0198521465,0.0095678959,0.0035656744
8.4854869843,0.0060365493,-0.0036029147,-0.0005045529,0.0113534657,0.0041672718,0.0046690218
8.4954423904,0.0061053629,-0.007455342,0.0004550819,-0.0035969876,0.0030229113,0.0089346068
8.5054283142,0.0022132094,-0.0025933313,0.005335391,-0.0121958023,0.0093873339,0.0110241231
8.5154333115,0.0032620723,-0.002605431,0.0054534678,-0.0132584022,0.0093673598,0.0099639185
8.5254411697,0.0053089852,-0.0046108891,0.0006939773,-0.0132584022,0.0093673598,0.0099639185
8.5356044769,0.0034156735,-0.0027323293,-0.0011597271,-0.0196802169,0.010408124,0.0120847272
8.5455236435,-0.0034284894,0.0001202894,0.0018207435,-0.0122156423,0.0125762029,0.0088782813
8.5556383133,-0.003459156,0.0030469371,0.006735981,-0.0037109712,0.0169179551,0.0099106561
8.5655651093,-0.0053755646,-0.0008429217,0.005696774,0.0091257319,0.0148524074,0.006727912
8.5756368637,-0.0053500538,-0.0027202296,0.0035644774,0.0240703262,0.0149637256,0.0056519946
8.585565567,-0.0063564782,0.0003384424,0.0032540564,0.0305167735,0.0107202455,0.0035502282
8.5955924988,-0.0053926711,0.0014431549,1.50804e-05,0.0337465219,0.0096302144,-0.0006896576
8.605553627,-0.0044643884,-0.0003480243,0.0016921167,0.0327054933,0.0064157788,-0.0006680861
8.6156024933,-0.0016158825,-0.0021589922,0.0063612466,0.0209795944,0.0062812893,-0.0070386333
8.625538826,-0.0006865566,-0.0079500601,0.0081994534,0.0135885244,-0.0023534782,-0.010164652
8.635512352,-0.0006880169,-0.01087033,0.003234983,0.0071758986,-0.0023822403,-0.0080365203
8.645526886,-0.0017405456,-0.0089186952,0.0051376824,0.0018439842,-0.0013910116,-0.0122887893
8.6555986404,0.0020592804,-0.0069758822,0.0041881804,-0.0002342137,-0.007829736,-0.0133075817
8.6655273438,0.0078282645,-0.005024903,0.0042818789,-0.0098037506,-0.013229561,-0.0111411
8.6756000519,0.0057825441,-0.0012357163,0.0044268374,-0.0193927288,-0.01334967,-0.0164453182
8.685508728,0.0057115252,0.0044850181,0.0016914611,-0.0268573016,-0.0155177498,-0.0132388724
8.6955890656,0.0046803351,0.0053042243,0.001950324,-0.0268663578,-0.01444849,-0.0132460631
8.7055101395,0.0037311907,0.0002856923,0.0012627249,-0.0289920904,-0.0176259074,-0.0079120174
8.7156448364,0.0057380791,-0.0017871785,-0.0003936882,-0.022600906,-0.0175414868,-0.0036668053
8.7254590988,0.0077190991,8.44074e-05,-0.0041109915,-0.0119586475,-0.0131930765,-0.004764827
8.7355079651,0.0047601457,0.0029482318,-0.0011201496,-0.0077069113,-0.0099751791,-0.0069118673
8.7454891205,0.000820517,0.0028961373,0.0018450026,-0.0035039103,-0.0034935775,-0.0027072683
8.75548172,-0.0001378959,-4.58884e-05,0.0028644209,-0.0024714023,-0.0002578367,-0.0006057681
8.7655467987,0.0027718241,0.0028514934,-0.0019631977,-0.0067305956,-0.0003180241,-0.0037895772
8.7756519318,0.0066166515,0.0028443409,-0.0018922086,-0.0067075603,-0.0014216382,-0.006965796
8.7855138779,0.0016203517,0.0057094167,0.0039821868,-0.0078188963,0.0039137388,-0.0069996184
8.7956666946,-0.0033295457,0.0027141643,0.0049501662,-0.0025527626,0.011459006,-0.0049298098
8.805475235,-0.0024415557,0.0027074886,0.0069090729,-0.0026070904,0.0168298036,-0.0017774258
8.8159914017,-0.0015134816,0.0027069522,0.0049418216,0.0006173318,0.0126140201,0.0024981464
8.825469017,0.0014180535,0.0017471982,0.0009977226,0.0059894603,0.0083803926,0.0025218485
8.835313797,0.0004578824,-0.0001474547,0.0008759503,0.0166662075,0.0074083386,0.0035805879
8.8452348709,0.0004465575,0.004796512,-0.0022172923,0.0166978985,0.0031424873,0.00467062
8.8552598953,-0.0024766331,0.002920456,0.0015159254,0.0188396126,0.0041877781,0.0004146222
8.8652687073,-0.0035006707,0.0039793919,0.0062317853,0.0166994948,0.0052309381,-0.0006530392
8.8752231598,-0.0015582448,0.0030801964,0.0071018343,0.011402335,-0.0001435871,0.000447246
8.8852443695,-0.0015195911,0.0001925302,0.0060575013,0.0092763333,-0.0012288253,0.0004557681
8.8954973221,0.0004538888,0.0002011729,0.0011275415,0.0029051211,-0.0045023831,-0.0016434686
8.9053659439,0.0033996101,0.0031512452,-0.001787364,0.0007791193,-0.0055876211,-0.0016349464
8.9154148102,0.0044004614,0.0031626297,0.0002142196,-0.0056030145,-0.0098777069,0.002647816
8.9254493713,0.0025300379,0.002134986,-0.000691771,-0.0066861222,-0.0087991264,0.0047663609
8.9353551865,0.0046195085,-0.0017895626,-0.0054486389,-0.0099307839,-0.0045300797,0.006865331
8.9454364777,0.005667239,-0.0018058943,-0.0023831124,-0.012072498,-0.0045284815,0.0089915991
8.9554033279,-0.0011162166,0.0020619703,0.0035102372,-0.0121113807,-0.0002439881,0.0100259706
8.9655637741,-5.35553e-05,0.0030375195,0.0075234775,-0.0099992268,0.0008774688,0.014266788
8.9756059647,0.0020421441,0.0030558181,0.0066452627,-0.0089542028,0.0019901376,0.0185086709
8.9854021072,0.0002435143,0.0030095053,0.0008491282,-0.0089930855,0.0083662774,0.0142177856
8.9953384399,0.0013256962,-0.0009131955,-0.001001298,-0.0121812876,0.0072581368,0.0121007059
9.0056009293,0.0053244228,-0.0028741288,-0.0038135047,-0.0089423507,0.0040495601,0.0089320773
9.0154867172,0.002408206,-0.0019134807,0.0011150842,-0.0079220943,0.0104547292,0.0067637311
9.025352478,-0.001518697,1.68753e-05,7.34334e-05,0.0048656063,0.0127003063,0.0078026298
9.0353660583,-0.0005148058,9.65071e-05,0.0019086604,0.0134415179,0.0084882509,0.0078255339
9.0453500748,-0.0034870808,0.0011686755,0.0075863008,0.0177161582,0.0095537817,0.0035660737
9.055308342,-0.0073686545,-0.0007347392,0.0053985124,0.0219963901,0.0085143503,0.0035716665
9.0653276443,-0.002498657,0.000367589,0.0052304869,0.0199212544,0.0020673692,0.0014901396
9.0753574371,0.0013936157,0.0014554334,0.0041061644,0.0199533459,-0.000109765,-0.0038104828
9.0852890015,0.0033304091,-0.0024102258,0.0010825996,0.0092809945,0.0008492393,-0.0069964221
9.0953092575,0.0023174281,-0.0053204228,0.0029776101,0.0039807716,-0.0034701414,-0.0069631329
9.1051511765,0.00325036,-0.0052953889,0.0069023375,0.0039424221,-0.00127836,-0.0006029715
9.115275383,0.0042442675,-0.0033507871,0.0019915109,0.0018206807,-0.003419009,0.0015395414
9.1253271103,0.0052594538,-0.0062404205,0.0059326296,-0.0003175708,-0.0034264657,0.0026034741
9.1353292465,0.0033146734,-0.0023193287,0.0088345408,-0.0024702037,-0.0023518803,0.0047206874
9.1450176239,0.0033457871,0.003499992,0.0019850736,-0.0003548544,0.0008527015,0.0025736471
9.1552743912,0.0033832486,0.0035134626,-0.0010060067,0.0081952233,-0.0012011282,0.00470604
9.1653308868,-0.0004962986,0.0054960321,0.0018251543,0.011358792,0.0031075999,0.0057382816
9.1752462387,-0.0004486745,0.0026213599,0.0017448668,0.0124263205,0.0031155893,0.0057376157
9.185210228,0.0035388465,-0.002142899,0.0016695266,0.0146103781,-0.0032712035,0.0068398975
9.1952848434,0.0055760439,-0.0001218843,-0.0003585215,0.0082181264,-0.0054451418,0.0079188775
9.2053031921,-0.0011722152,0.0008467508,-0.0004765387,0.0060974518,-0.0075900517,0.008996659
9.2152748108,-0.0059597497,0.0018252803,0.0004456048,-0.0024634125,-0.0034166118,0.0047256146
9.2253751755,-0.0068476801,-0.0011323022,-0.0004680152,-0.0045630485,-0.0077080298,0.0047549093
9.2352552414,-0.0018853253,-0.0040531685,-0.0012655254,-0.0141312545,-0.0110167414,0.0026632622
9.2454681396,0.0001035923,-0.0031288194,-0.0010761018,-0.018364083,-0.0142831085,-0.000499774
9.2554016113,-0.0018063193,-0.0032410549,-0.0008697505,-0.0216166023,-0.0079045715,-0.0026681197
9.2653408051,-0.0038107638,0.0005757285,0.0021986966,-0.014195703,-0.0024850385,-0.0005836636
9.2752342224,-0.0038195555,0.0034380627,0.0013204222,-0.0088055981,-0.0088569168,-0.0005457138
9.2852573395,-0.0028107767,0.0034001542,-0.0015033479,-0.0077821454,-0.003505029,-0.0005811339
9.2952623367,-0.0008807486,0.0053153108,-0.0043583508,-0.0045670439,-0.0024677278,-0.0069635324
9.305357933,2.49142e-05,0.0053203772,0.0015445356,0.0018216139,-0.0013313571,-0.0048505804
9.3152275085,-0.0019372409,0.0053418349,0.0014462476,0.0156139918,0.0052695544,0.0046586357
9.3252105713,-0.0009248262,0.0073862146,0.0003004079,0.0209317915,0.0064067235,0.0078347214
9.3352394104,0.0011032218,0.0036192609,0.0011159186,0.0241443627,0.0043126801,0.0099705765
9.3453226089,0.0061155255,0.0008531881,-0.0010093446,0.022013301,0.0021949348,0.0142353633
9.35521698,0.0071399803,0.0068334411,-0.0002343054,0.0177204199,0.005359835,0.0131550524
9.3652029037,0.0043454166,0.0030163599,0.0035589938,0.0102925962,-4.15882e-05,0.0131952651
9.3752832413,0.006460249,-0.0018000531,0.0035791402,-0.001426111,-0.0033289939,0.0142868944
9.385389328,0.0066246088,-0.0027682113,0.0026777987,-0.0099335797,-0.0076608919,0.0153833181
9.3954401016,0.0038614864,-0.0037994909,0.0028079157,-0.0185213424,-0.0013249654,0.0142864948
9.4053554535,0.0020232196,0.0010200215,0.0029540663,-0.0206209794,-0.0056163832,0.0143157905
9.4152393341,0.0011667605,0.0029060913,0.0021554236,-0.0173856374,-0.0088156387,0.0122093633
9.4251508713,-0.0006582742,0.006760485,0.0022757058,-0.0152473841,-0.0088081816,0.0111454306
9.4350156784,0.0004301364,0.0067288945,0.0004737382,-0.0088133207,-0.0119736148,0.0100989407
9.4450244904,0.0054789777,0.0047836374,-0.0032873149,-0.0098825796,-0.0109312534,0.0079681464
9.4550161362,0.0065933163,-0.0010792541,-0.0021681185,-0.0098708626,-0.0109610818,0.0047824727
9.4650669098,0.0038067098,-0.0089215562,0.0008994942,-0.0152533781,-0.0067002899,0.007945776
9.4749774933,8.4037e-06,-0.0099813864,-0.0009158845,-0.0205574594,-0.0099650584,0.0058454731
9.4849786758,9.10456e-05,-0.0110632703,-0.0016615982,-0.028057456,-0.0057660528,0.0036986994
9.4949197769,0.00107938,-0.0092024133,-0.0014197226,-0.0269964524,-0.003649106,0.0004978459
9.5050382614,7.20615e-05,-0.0054266383,-0.0002325173,-0.0281394832,0.0059521226,-0.000626008
9.5150032043,-0.0029029255,-0.0035625624,-0.0011129971,-0.0079559162,0.0168186184,0.001412109
9.52501297,0.0009382362,-0.0025509524,0.0008396511,0.0037313662,0.0201880503,0.0098812273
9.5349683762,0.0028753276,-0.002471261,-0.0012429352,0.0186333507,0.0256424695,0.0098378183
9.5451288223,-1.6511e-05,-0.0033746886,-0.0054339166,0.0218286105,0.0256853458,0.0119600911
9.5551643372,0.0038627381,0.0006944013,-0.008655726,0.0335666277,0.025782818,0.0119479736
9.5650968552,0.0077672298,0.0009071899,-0.007046401,0.0368303321,0.0183265004,0.0119940462
9.5751037598,0.007822155,-0.0028154778,-0.0053921933,0.0293597654,0.0172215533,0.0151963644
9.5851154327,0.003991365,-0.0065777232,-0.0007899995,0.0208749324,0.0117847119,0.0120503725
9.5951480865,0.0050370093,-0.0113730356,0.0020516519,-0.0004681731,0.0126526356,0.0078098215
9.6050920486,0.0080161681,-0.0143132135,-0.0017523165,-0.0132156601,0.0071646594,0.0025423549
9.6151294708,0.0099420538,-0.0143930241,-0.0035390253,-0.0238161087,0.0006154138,-0.0037821201
9.6250829697,0.0079200258,-0.0115868971,-0.000403821,-0.0313073136,0.0037456932,-0.0059219701
9.6351413727,0.0009695882,-0.0088388249,0.0046682362,-0.0281203054,0.0069478787,-0.009131345
9.6450681686,-0.0030908291,-0.0041260053,0.0048236256,-0.023896534,0.013375151,-0.0113007566
9.6550827026,-0.00427267,-0.0013832974,-0.0008818503,-0.0228029042,0.0133138979,-0.0198016986
9.6650686264,-0.0035642688,-0.0014629292,0.0030984287,-0.002524266,0.0145213753,-0.0219484754
9.6750564575,-0.0028599803,0.0014126969,0.0030617719,0.0006708615,0.0156114073,-0.0219560638
9.6850719452,-0.0051029329,0.004322357,0.0058417921,0.0155635243,0.0210887305,-0.0198772009
9.6950702667,-0.0043863361,0.0024609042,0.0084965825,0.0336835384,0.0233870391,-0.0177811589
9.7050437927,-0.0026707058,0.0055114697,0.0061508422,0.0400775224,0.0234637372,-0.0145989479
9.7150402069,-0.0048473184,0.0076099704,0.0066442494,0.05073829,0.0246259421,-0.013552459
9.7250709534,-0.0070089404,0.0058306525,0.0080856094,0.0464442074,0.0267484803,-0.0114384415
9.7350902557,-0.0081570754,0.0040525864,0.0105860233,0.0400856435,0.0213515833,-0.0113971625
9.7450304031,-0.0053923433,0.0012587381,0.0112252235,0.0337321423,0.0159403067,-0.0134824179
9.7550516129,-0.0006479328,0.0013777686,0.0080671906,0.021005027,0.0041238624,-0.0091485232
9.7650127411,0.0041490789,0.0033792329,0.0030813818,0.009342513,-0.0034933109,-0.0144029399
9.7750177383,0.0031275149,0.0003942919,-0.0018062587,-0.00555987,-0.008944802,-0.0132941324
9.7850246429,0.0001004333,0.0022981835,0.0051029925,-0.0119834142,-0.0078984462,-0.0101092579
9.7950601578,-0.0019353633,0.003194697,0.0101067424,-0.0109278699,-0.0068153385,-0.0101200445
9.8049917221,-0.0048221056,0.0011361314,0.006309629,-0.0140909078,-0.0153084248,-0.000501239
9.8149814606,-0.0037794118,0.0030025316,0.0016043191,-0.0205016695,-0.0142940264,-0.0005009726
9.8252210617,-0.0008149152,0.0088228658,0.0027782326,-0.0162038598,-0.0185178015,0.0016481981
9.8352355957,0.0041593607,0.0136439279,-0.0028685327,-0.019405378,-0.0195907876,0.0037809908
9.8451623917,0.0014021391,0.0086849406,-0.0036371346,-0.0162013285,-0.0206166375,0.005910188
9.8552560806,0.0015478129,0.0057057808,-0.0024591084,-0.0162383467,-0.0163358729,0.006946424
9.8650217056,-0.0002830034,0.0017585231,0.0026188497,-0.019487936,-0.0110079534,0.0079765348
9.8749856949,-0.0030906205,-0.0002716112,0.0057302122,-0.0205938146,-0.0067325141,0.0090121049
9.8850383759,-0.003925324,0.0025742722,5.66249e-05,-0.0238503292,-0.0013864845,0.0121668857
9.8963289261,0.0010412927,0.0074011157,-0.0026462669,-0.0217236616,0.0007443109,0.0100292992
9.9051685333,0.0050318534,0.0044516991,-0.0034283395,-0.0142484335,0.0007930468,0.0089613711
9.9149551392,0.0031610127,0.0024414731,-0.0033140178,-0.0143035594,0.0061633112,0.0110471593
9.9251050949,-0.0026703482,-0.0005276131,0.0016062264,-0.0036631664,0.0115623372,0.007817544
9.9352350235,-0.0046546762,0.0034049822,0.006412447,0.0058998452,0.0169794727,0.0077761319
9.9450006485,-0.0046573286,0.0073463987,0.0013748412,0.0155063998,0.0170537755,0.0077689411
9.954782486,-0.0046851342,0.0084317401,0.0011231904,0.0251260027,0.0160486978,0.0067071393
9.9649362564,-0.0036823158,0.0076022814,-0.0001085396,0.0294254106,0.0128664877,0.0056623816
9.9750003815,0.0012204045,0.0058433483,0.0015903716,0.0336955227,0.0108067989,0.0109849749
9.9849157333,0.0062074955,0.0001872254,-0.0006136294,0.0380159691,0.0054780794,0.0088917306
9.9949426651,0.0062977071,-0.0045509865,-0.0008659954,0.0220262166,0.0032074684,0.0078553613
10.0049057007,0.0054316516,-0.0074231555,-0.0029168124,0.0060451198,-0.0001316029,0.0068257833
10.0149078369,0.0073999162,-0.0063981344,1.90143e-05,-0.004570771,-0.006641434,0.0047490499
10.0249090195,0.0074374075,-0.0015529918,0.0020734076,-0.0184626188,-0.0056619234,0.0068771821
10.0349168777,0.0056204791,-0.0065316488,0.0003620391,-0.0291239172,-0.0068209311,0.006895957
10.0449056625,0.0057020481,-0.0095676705,0.0026283865,-0.0366273746,-0.0026128702,0.0058115185
10.0548858643,0.0076971943,-0.0077306558,0.0029407148,-0.0313469917,0.0038506219,0.0068279137
10.0648822784,0.0067187245,-0.0019922184,0.0011746888,-0.0217841119,0.0071763769,0.0121116247
10.0748767853,0.0087186387,0.003838904,-0.0006858702,-0.0069035674,0.0126821958,0.0163099654
10.0849046707,0.0069084163,-0.0010149407,-0.0016947384,0.0058894586,0.0138681028,0.0184181239
10.0948848724,0.0021311338,-0.0029190111,-0.0028227563,0.0122915646,0.0160180703,0.0152174048
10.1048946381,0.0021570916,-0.0018398094,-0.002036273,0.0208269954,0.018185351,0.0109478235
10.114859581,0.000183403,-0.0026893544,0.0045554047,0.0197657272,0.0181605853,0.0088231545
10.1249246597,-0.003703237,-0.0026172327,0.0033347611,0.0166109465,0.0127831306,0.0077978373
10.134765625,-0.0037475233,-0.0035281705,0.005136848,0.0123761203,0.0116124041,-0.0006924539
10.1448783875,0.0030174251,-0.002479248,0.0021527414,0.0060207527,0.0072517451,-0.004909303
10.1548433304,0.0058949585,-0.0063490798,0.0031206016,0.0038818344,0.0072477497,-0.0027802389
10.164891243,-0.0009837752,-0.0112713501,0.0089321136,-0.0035742177,0.0061031235,-0.0048923921
10.1747713089,-0.0010933881,-0.0073753526,0.0128692985,-0.0099961637,0.007146284,-0.0017059197
10.1848964691,-0.0001762813,-0.0044817855,0.0119356513,-0.0035180245,-0.0013630486,-0.0027176547
10.1948299408,-0.0001920765,0.0003480387,0.0100467801,-0.0120280236,-0.0056898864,-0.0016237611
10.2048931122,-0.0021150415,0.0002361012,0.0042960052,-0.0140839834,-0.0132327573,-0.0068853684
10.2149162292,0.0037341411,0.0001817418,0.0025611524,-0.0172524787,-0.016482614,-0.0089864694
10.2248411179,0.0047098394,-0.0008770751,0.0027715568,-0.0182884485,-0.0186645426,-0.0132211614
