0.0000000000,0.0002411910,-0.0083281407,0.0066516409,-0.0323180780,-0.0110442108,0.0013526184
0.0099359751,-0.002662211,-0.0064895162,0.0076816091,-0.0354920328,-0.0153257744,0.0035073818
0.0198609829,-0.001650124,-0.0036122957,0.0077992687,-0.028023731,-0.0152589288,0.0045641242
0.0298559666,-0.0025948577,-0.0007206657,0.0039516697,-0.019553015,-0.008740576,0.0087636625
0.0399039984,-0.0016532234,0.0042228987,0.0019974119,-0.0057730209,0.002076918,0.0118731698
0.0499869585,0.001252801,0.0014440557,0.0029512055,-0.0004885104,0.0064383764,0.0171531532
0.0600999594,0.0012519666,-0.0071702013,0.0068311701,-0.0079590762,0.0063781892,0.0171599425
0.0732139349,-0.0006992511,-0.0109696696,0.0048194537,-0.0175392665,0.0030977074,0.0171879064
0.0799609423,0.0031203337,-0.0078836689,0.0067244777,-0.0153934229,0.0009940767,0.0193252265
0.0899620056,0.0021131344,-0.0058051357,0.0047288546,-0.0100495238,0.0010172462,0.0171965621
0.0999510288,-0.00377348,-0.0027975747,0.0017045744,-0.0025930731,0.0032058319,0.0161135867
0.1099359989,-0.0028309517,-0.0006941864,-0.0002816312,0.0069889808,0.0054356968,0.018217219
0.1198509932,-0.0009394578,0.0024346253,-0.0032590621,0.0133832302,0.0065587517,0.0192699656
0.1301159859,1.57662e-05,0.0006809971,-0.0052607646,0.017670121,0.0065465011,0.0139550958
0.1401000023,-0.0029152923,-0.008930699,0.0015735633,0.0017022062,0.0021256537,0.0108052427
0.1499359608,-0.0038649731,-0.0137387672,0.0045406828,-0.0142349489,-0.0065570502,0.0098102856
0.1597889662,-0.0057662418,-0.0070190886,0.0030663616,-0.0205674134,-0.0162064806,0.0120018004
0.1699320078,-0.0066200783,-0.0010031918,0.0015983589,-0.0163135454,-0.0150866229,0.0141163506
0.179907918,-0.0069781831,0.0030137887,0.0011556753,-0.012067535,-0.0139467893,0.0183546394
0.1899039745,-0.0035802417,0.0071376702,0.0013046868,-0.0004209988,-0.0031506009,0.0204012766
0.1998310089,-0.0002222947,0.0102350852,0.0042771706,0.014463542,0.0023493594,0.025669409
0.2098959684,-0.0038094812,0.0129604181,0.006102086,0.024010174,0.0109463092,0.0224198196
0.2198759317,-0.0020249777,0.0111531457,0.0050944695,0.0282571185,0.0141759254,0.0213337839
0.2298489809,-0.0022915893,0.0086198142,0.0028304465,0.0250546671,0.0162433367,0.016010657
0.2399020195,-0.0025948577,0.0094698807,0.0043042907,0.0176078025,0.0150760729,0.0117760971
0.2499369383,-0.0036037855,0.0056832572,0.0012191541,0.0059604673,-0.0030382155,0.0288999565
0.2599099874,0.0159041584,0.007432892,0.0092208395,0.0288158488,-0.1389172226,0.2422421873
0.2698400021,0.2075658739,0.0396447033,0.0683948994,0.0507863946,-0.2449547052,0.3215314448
0.2798389196,0.1424288452,0.0381730646,0.0461894274,0.0147005627,-0.0380065851,0.0567437038
0.2898600101,0.0025710769,0.0202450603,-0.0077066412,-0.0399594866,0.0269913208,-0.0424420014
0.2998349667,-0.0090165427,0.0255420953,-0.0297821164,-0.1275256872,0.0400120467,-0.0658396035
0.3098579645,-0.0021895461,0.0315904766,-0.038289845,-0.2619774938,0.0650108755,-0.1455871612
0.3198509216,-0.0380979478,0.0184672326,-0.0564965606,-0.3689118326,0.1347590685,-0.267078042
0.3299329281,-0.0486322343,0.01775451,-0.0917197466,-0.5128820539,0.1740934253,-0.4117177725
0.3398079872,0.0049398253,0.0289337039,-0.1068126559,-0.6823112965,0.1741224378,-0.5050906539
0.3498330116,0.0355779827,0.0071351072,-0.1359864473,-0.8739914894,0.1515881121,-0.5919266939
0.3600569963,0.0450142324,-0.0015785852,-0.1376420856,-1.0397583246,0.0803733245,-0.6455321312
0.3698580265,0.0634579957,0.0115390113,-0.1476881504,-1.1084332466,0.000606054,-0.6619651318
0.3798209429,0.0607471764,0.0437786728,-0.1838703752,-1.066262126,-0.0632349774,-0.6658286452
0.3898459673,0.0571877062,0.0813875198,-0.2017012835,-0.9514042735,-0.1529307812,-0.6345178485
0.4000459909,0.0626806915,0.1014381945,-0.1918763518,-0.8065320253,-0.2657348216,-0.5828929543
0.4099299908,0.0607093275,0.1078712195,-0.1748902798,-0.639353931,-0.3728503585,-0.5111349225
0.4197689295,0.0501728356,0.1164336801,-0.1665279269,-0.446813792,-0.4519100189,-0.4310765564
0.4298019409,0.0290209353,0.1241787523,-0.1671019793,-0.2449778914,-0.4882533848,-0.364051193
0.4399470091,0.0176684558,0.1292773634,-0.1796840429,-0.0295971259,-0.4807467461,-0.3058174551
0.449780941,0.0218374431,0.1297265142,-0.1997334361,0.1705657989,-0.4360381365,-0.2584395409
0.459766984,0.0364550054,0.1303659678,-0.2098670602,0.337707907,-0.3990846276,-0.2131130695
0.4697790146,0.0538494289,0.1211617738,-0.2111085057,0.4431126416,-0.3776989281,-0.1825160086
0.4798949957,0.0634900033,0.1044991612,-0.2063171268,0.5063215494,-0.4018726945,-0.19196558
0.4897869825,0.075337559,0.0964424312,-0.2315043807,0.5610513687,-0.416857481,-0.2439637929
0.4997450113,0.1009105742,0.1308453679,-0.2828574777,0.5958130956,-0.4579154551,-0.3276530802
0.5097219944,0.1637135446,0.195207864,-0.3236327767,0.6000901461,-0.5548185706,-0.4141437709
0.5197819471,0.2097535431,0.2205984443,-0.3291661739,0.5236831307,-0.6995075941,-0.5162047744
0.5297830105,0.2138850391,0.2103624791,-0.294439137,0.4008695781,-0.906674087,-0.6327010393
0.5397719145,0.199496001,0.2220189422,-0.2485454082,0.3187246323,-1.1200808287,-0.7651181817
0.5497919321,0.1794078052,0.260571897,-0.2247299552,0.3088259399,-1.2944010496,-0.8925302029
0.5597629547,0.1615187228,0.2980803549,-0.2240490913,0.3645659089,-1.4040521383,-1.0161565542
0.5697609186,0.1506494582,0.3153443038,-0.2497968674,0.4358664453,-1.4663897753,-1.1209788322
0.5797659159,0.1677630246,0.3180263042,-0.2385078669,0.4941842258,-1.5189607143,-1.1971722841
0.5900210142,0.168207258,0.2901743948,-0.2150585651,0.5342706442,-1.5672639608,-1.2574433088
0.5996949673,0.1526285112,0.2680884302,-0.1678430438,0.5637659431,-1.6336424351,-1.2963393927
0.6096349955,0.1407381594,0.2528691292,-0.1358052492,0.5984586477,-1.6849758625,-1.3310896158
0.6200349331,0.1247735918,0.239616096,-0.1249948144,0.6447071433,-1.7137732506,-1.3659951687
0.6294959784,0.1250142753,0.2256864011,-0.1227235794,0.6651852727,-1.729819417,-1.3860908747
0.6394939423,0.1228056848,0.210070461,-0.1018750072,0.6771908998,-1.7544718981,-1.4050625563
0.6495519876,0.1230526865,0.1986005902,-0.0800405145,0.6902097464,-1.7737457752,-1.4208824635
0.6594939232,0.1190905273,0.1824316978,-0.0777792931,0.7201209068,-1.7693943977,-1.438991785
0.6695560217,0.1076516807,0.167336911,-0.0671412945,0.668802321,-1.7517944574,-1.4592554569
0.6795339584,0.0936330259,0.1325961649,-0.0208015442,0.5718818307,-1.768786788,-1.4835118055
0.689496994,0.090836674,0.117921263,0.020210743,0.4739589393,-1.7880496979,-1.522626996
0.6994979382,0.086571902,0.1261522174,0.0577526689,0.3973985314,-1.8082319498,-1.5638771057
0.7094960213,0.0918635428,0.1291542947,0.0744811893,0.355938971,-1.8163156509,-1.5967298746
0.7195370197,0.0975717008,0.142760545,0.0848352313,0.3259866834,-1.7933719158,-1.637231946
0.7294949293,0.0930199921,0.146330148,0.0945532918,0.2874283493,-1.7619513273,-1.6777796745
0.7394900322,0.0790992081,0.1446737945,0.0751280189,0.2773624063,-1.6823922396,-1.7388424873
0.7494989634,0.0738564432,0.161578387,0.0499480367,0.2927570641,-1.5854941607,-1.7957882881
0.7595000267,0.0998586118,0.1730133593,0.0067675719,0.319978714,-1.5044139624,-1.8377641439
0.7694119215,0.1278647482,0.172126025,-0.0134295216,0.3124230504,-1.4843832254,-1.8633861542
0.7794200182,0.1638083756,0.1678692997,0.0395054221,0.2658967078,-1.53713727,-1.8662006855
0.7894049883,0.1811277568,0.1527533829,0.1127929091,0.2050397545,-1.6585360765,-1.8834315538
0.7994139194,0.155951649,0.1409596503,0.1789190173,0.1388269067,-1.7663309574,-1.9294297695
0.8094209433,0.1398324668,0.1473290324,0.2184638381,0.0958829001,-1.8399223089,-1.9969155788
0.8193929195,0.1491930783,0.1694228053,0.2354660034,0.1091762036,-1.8703716993,-2.070032835
0.8293869495,0.1455694437,0.2150761783,0.2216410041,0.1656700969,-1.8279004097,-2.1542766094
0.8403270245,0.1103347838,0.2354905009,0.1368301511,0.2733863294,-1.644161582,-2.2639067173
0.849503994,0.0897716284,0.2550727427,0.0689765215,0.3614780903,-1.4270780087,-2.3312442303
0.8593839407,0.1273030937,0.2667932212,0.0997041464,0.414944768,-1.3038594723,-2.3448307514
0.8693419695,0.1715119779,0.2453649938,0.1479160786,0.4594528377,-1.2577023506,-2.3621592522
0.8793609142,0.1805957556,0.2312550843,0.1838954091,0.5018337369,-1.2115812302,-2.3816103935
0.889359951,0.1817278862,0.2325404584,0.2244699597,0.5455023646,-1.1890349388,-2.4094092846
0.899533987,0.1853441298,0.2249002159,0.2241302133,0.6447746754,-1.1725941896,-2.4520828724
0.9095380306,0.1657758653,0.2260606587,0.1700803638,0.7840878367,-1.090687871,-2.4994566441
0.919533968,0.1406511813,0.2229684293,0.148398459,0.886801362,-0.9821118712,-2.5193538666
0.9295369387,0.1626179814,0.2030807436,0.1652725339,0.932200551,-0.9239822626,-2.5123257637
0.9395369291,0.1967861503,0.1821728051,0.1957175136,0.9222571254,-0.8865733147,-2.5029981136
0.9495359659,0.2112290561,0.1546688974,0.219807446,0.9081426263,-0.8494563103,-2.5244767666
0.9594539404,0.2237345725,0.1314005554,0.2220925689,0.9049680233,-0.8349138498,-2.5713157654
0.9695279598,0.2471287698,0.1359128058,0.1899305582,0.9296725988,-0.8382651806,-2.6106197834
0.9795389175,0.2354648411,0.1341958344,0.1331150532,1.0006768703,-0.7642178535,-2.6398324966
0.989454031,0.1974610388,0.1422929764,0.1160898805,1.0459668636,-0.6911622882,-2.637150526
0.9995189905,0.1979960054,0.1272473633,0.0984909534,1.08193326,-0.6544777751,-2.6299784184
1.0094690323,0.216689676,0.1033698618,0.0975753069,1.0743992329,-0.6543725729,-2.610850811
1.0195410252,0.2408893257,0.0819268227,0.1208158731,1.038164854,-0.6715345383,-2.5852177143
1.02945292,0.2631224096,0.0607736111,0.1524826884,1.0064362288,-0.7049670815,-2.5913529396
1.0395419598,0.2904460132,0.0456773043,0.174998343,0.9726433158,-0.7427831292,-2.6080815792
1.0494289398,0.3122727871,0.0248023272,0.1736882329,0.9430170059,-0.7656567693,-2.6312851906
1.0594339371,0.2854403257,-0.0071006129,0.149158299,0.8948017955,-0.7299946547,-2.6665394306
1.0694350004,0.221971333,-0.033544302,0.0916227698,0.8331807852,-0.6290810704,-2.6841490269
1.0794099569,0.1823231578,-0.0421377718,0.0719094276,0.7692679763,-0.5309106112,-2.6454327106
1.0894039869,0.1968290508,-0.0395149887,0.086437881,0.7131197453,-0.4773693085,-2.5830595493
1.0994110107,0.2134838849,-0.0339330435,0.1016871333,0.6914540529,-0.4651997387,-2.5151298046
1.1093819141,0.2432976961,-0.0268910825,0.1325203776,0.7096239924,-0.4923120439,-2.4522855282
1.119385004,0.2818651199,-0.0379041433,0.1721707582,0.6916918159,-0.5296122432,-2.4233469963
1.129398942,0.2935382426,-0.0853484273,0.208476305,0.6183789968,-0.5708025694,-2.4240911007
1.1393870115,0.2823253572,-0.1374917328,0.1874562502,0.5428697467,-0.5982552171,-2.4419238567
1.1493729353,0.2647072971,-0.1381117702,0.1764963865,0.4883183241,-0.5847828388,-2.4419732094
1.159416914,0.2552169263,-0.1164189279,0.1739729643,0.410148561,-0.5606793761,-2.4272007942
1.1693879366,0.2620150745,-0.1244337261,0.1810703874,0.2924874425,-0.5462993979,-2.3889656067
1.1793789864,0.2673813105,-0.1481700838,0.2023248076,0.1042847708,-0.5133949518,-2.3699221611
1.1893919706,0.2333399057,-0.1807833314,0.1874526143,-0.105575785,-0.4296507835,-2.386254549
1.1993579865,0.1924729049,-0.1984348297,0.1426774859,-0.2720169425,-0.3070220649,-2.394370079
1.2093420029,0.1743977666,-0.1746933162,0.1055666208,-0.3370670676,-0.1908994615,-2.3802042007
1.2193390131,0.1743438989,-0.1262387931,0.114559114,-0.320798099,-0.1123125106,-2.3297319412
1.229501009,0.1949851513,-0.0864690244,0.147593677,-0.1716093868,-0.1042372733,-2.2703945637
1.2393280268,0.2127209008,-0.0537359416,0.1753627658,0.0548715517,-0.1573713273,-2.1894671917
1.2493189573,0.2287988663,-0.0326434374,0.1939613819,0.2932060957,-0.2305768281,-2.0914189816
1.2593169212,0.2395527065,-0.0460151732,0.1916246414,0.4480867386,-0.2714912593,-2.0158293247
1.2695720196,0.2133823037,-0.0921432972,0.1785496473,0.4671024978,-0.2708265185,-1.9552906752
1.2793109417,0.1633013785,-0.1437548995,0.1534699202,0.3811529875,-0.2271525413,-1.8949577808
1.289312005,0.1413883865,-0.1648333073,0.1448773742,0.2535401583,-0.1795261651,-1.834621191
1.2993069887,0.1329009235,-0.1608523428,0.1409211159,0.0913344845,-0.0850111172,-1.7596920729
1.3093060255,0.1289973855,-0.154420346,0.141765058,-0.0516714007,0.0138709927,-1.6911779642
1.3192719221,0.1395176053,-0.1412028372,0.1485517025,-0.1358561963,0.102451995,-1.6300727129
1.329282999,0.1498889327,-0.1122297049,0.150462687,-0.2017925978,0.1825374961,-1.5795512199
1.3392779827,0.1499844491,-0.0963045061,0.1612432003,-0.1923745871,0.1987902373,-1.5626661777
1.3493750095,0.1462437212,-0.0890797079,0.1438127756,-0.1497794539,0.2150698751,-1.572363019
1.3592829704,0.1043115854,-0.0856706649,0.0950718522,-0.0926208273,0.2680132389,-1.5578744411
1.3707479239,0.0692916811,-0.0581539571,0.0476508737,0.0145018911,0.3281522095,-1.4967205524
1.402017951,0.0685195029,-0.025437817,0.010767282,0.1781780273,0.3793672323,-1.404736042
1.4021099806,0.0844046772,0.0089693805,2.80149e-05,0.3793207407,0.419084549,-1.3169556856
1.4021379948,0.0978832841,0.0243739784,0.0142362127,0.5487879515,0.4168623984,-1.2310092449
1.4094619751,0.114494592,7.2709e-06,0.0327889919,0.6813049912,0.3840037882,-1.1937049627
1.4192929268,0.123572737,-0.030494526,0.0220720172,0.7411651015,0.3737846911,-1.1926165819
1.4293609858,0.1167776287,-0.0493315011,0.0218296051,0.6781566143,0.381747812,-1.2043105364
1.4389909506,0.108997345,-0.0937586427,0.0097393999,0.4858748913,0.408890754,-1.2309117317
1.4536010027,0.0970723331,-0.1265525222,-0.0116531244,0.2564470172,0.4090449512,-1.2551875114
1.4600189924,0.0953744948,-0.1151822358,-0.0179187059,0.0942152292,0.4046206474,-1.2507963181
1.4696630239,0.1012072861,-0.0755473822,-0.020590663,0.0270018373,0.3935581446,-1.2336794138
1.4791339636,0.1100093424,-0.0392698944,-0.0262473226,0.0216550082,0.3820399642,-1.20066607
1.4889099598,0.1276903749,-0.0105785439,-0.022056222,0.0794139132,0.3539380133,-1.1644028425
1.4989219904,0.1339446008,0.0070470264,-0.0120297065,0.1992100775,0.306109786,-1.1163692474
1.5089219809,0.1221744418,0.0108341267,-0.0059899678,0.3137142956,0.2487111986,-1.0576454401
1.5189459324,0.1022161245,-0.0082566747,-0.00387901,0.3716498911,0.1960943341,-1.0137879848
1.5289629698,0.0971928537,-0.0339195728,-0.0036764734,0.3781251013,0.1698150635,-0.967939198
1.5389280319,0.0842383206,-0.040270187,-0.0076150289,0.3726656139,0.1711402386,-0.9328845143
1.5489879847,0.0682327151,-0.0537151322,-0.0164216161,0.3532043099,0.190464139,-0.9053741097
1.558942914,0.0694651008,-0.0634225532,-0.0153505197,0.3209664822,0.2012387514,-0.8661129475
1.5689319372,0.0733892918,-0.0753608719,-0.0044820895,0.3122326434,0.2079563141,-0.8225923777
1.5789790154,0.0672793686,-0.0748745278,0.0081837783,0.3077111244,0.2148576379,-0.7610136867
1.5889849663,0.0580221713,-0.065838933,0.0198117495,0.3180551231,0.2241691053,-0.681401968
1.5989829302,0.0526507795,-0.0665857047,0.0081089148,0.3764485121,0.2348550409,-0.6092682481
1.6089609861,0.0411747396,-0.0600544363,-0.0133390417,0.4752421975,0.261960417,-0.5287712812
1.6189519167,0.0279723108,-0.0489268452,-0.0215901136,0.5685815811,0.3071095049,-0.4579481184
1.6289249659,0.0321204662,-0.0495539755,-0.0149196973,0.6151688099,0.3283309042,-0.3933123946
1.639097929,0.0419562161,-0.0556051135,0.0025680668,0.6513186097,0.3247969151,-0.3401988447
1.6491049528,0.0370176435,-0.0496721938,0.0110663781,0.6916726828,0.3329720199,-0.2956596017
1.6590960026,0.0214093924,-0.0367375016,0.0135017047,0.7406778932,0.3283711374,-0.2531687617
1.6690980196,0.019850105,-0.033373341,0.0237134099,0.7716240883,0.3119002879,-0.2074007243
1.679131031,0.0078042755,-0.0457224548,0.0240294337,0.7767827511,0.3218202889,-0.1766581237
1.6891069412,-0.0100931814,-0.0626320243,0.0086364755,0.6985105872,0.3566485941,-0.1577062756
1.6990859509,-0.0193213522,-0.0830876306,-0.012611567,0.5070856214,0.3958540261,-0.1493273079
1.7090779543,-0.0103021553,-0.1081950516,-0.028794229,0.3000538945,0.3972775042,-0.1704397798
1.7190840244,0.0030563183,-0.0839066282,-0.030557096,0.1550748497,0.3810268939,-0.1893548816
1.7290869951,0.0070697377,-0.0637145266,-0.0374268293,0.0657271296,0.3512786031,-0.2124721855
1.739060998,0.0146111855,-0.0344605446,-0.0376662016,0.0296542123,0.3263737559,-0.2175983638
1.7490649223,0.019404605,0.000671818,-0.0448591709,0.0552370697,0.326662451,-0.2069941908
1.7590420246,0.0168013573,0.0270508677,-0.0521692634,0.136253491,0.3327952027,-0.1879668534
1.7690680027,0.0183081627,0.0472854301,-0.0496821404,0.2330849618,0.3636156917,-0.171236068
1.7790299654,0.0090409825,0.0465333238,-0.0373854637,0.3012619019,0.3760028481,-0.1596792787
1.789041996,0.01094699,0.0393002331,-0.0082724681,0.3546431065,0.3680197597,-0.1416041404
1.7990180254,0.0095965723,0.0373760164,0.0139816413,0.3952999711,0.3513510227,-0.1277130991
1.8090649843,0.0064822892,0.0213266239,0.026486218,0.4392383993,0.3209047019,-0.1031113416
1.8189849854,0.0161879957,0.0114770001,0.0184873343,0.4681992233,0.2977519929,-0.0870458186
1.8290349245,0.0084745595,-0.0161514878,0.019220233,0.4384128153,0.281571418,-0.0773585737
1.8390100002,0.0038502819,-0.0537422821,0.0258660316,0.3679022789,0.2906011343,-0.082680501
1.8490149975,0.0006633111,-0.0780920982,0.0218403935,0.2392814755,0.3610702455,-0.1000459045
1.8590489626,-0.0108372411,-0.0871190205,0.0197440386,0.111666657,0.4348472357,-0.1057441384
1.8690159321,-0.005442827,-0.074269779,0.0226718187,0.02472803,0.4908572435,-0.1017970666
1.8790079355,-0.0014491818,-0.0393262729,0.0343005061,-0.0225253664,0.5142528415,-0.0732324049
1.8889919519,0.0048148641,-0.0206304416,0.0479126573,-0.0265952088,0.4812794626,-0.0507055223
1.899001956,0.0123806903,-0.019944489,0.0586181283,-0.0005634781,0.4291534126,-0.0450728051
1.9089950323,0.0049363384,-0.0135440761,0.0592407584,0.0082864724,0.393897146,-0.0512247086
1.9190759659,0.0076088617,-0.0082884664,0.0569247603,0.0126918741,0.3747506142,-0.044730857
1.9289809465,0.0091260234,0.0109339273,0.0603784919,0.0264313892,0.3877641559,-0.0352633186
1.9389899969,-0.0012822441,0.029142119,0.0461882353,0.0578839853,0.4532917738,-0.0250848476
1.9489779472,-0.0074360957,0.035743393,0.0292938352,0.0988998562,0.5210974216,-0.0074925385
1.9589430094,-0.003586828,0.0392627567,0.0243320465,0.1122811735,0.5747859478,0.0091482233
1.9689769745,-0.0009483389,0.015238828,0.0400583148,0.0941077769,0.5747180581,0.0176604856
1.9789309502,0.0135162482,-0.0059585655,0.0675404668,0.0764543414,0.518912077,0.0074114427
1.9891489744,0.014945806,-0.013919984,0.0790783167,0.0587773435,0.4663045108,-0.0039213728
1.9989429712,0.0051110098,-0.0242951326,0.0748353004,0.0270307325,0.439193517,-0.020721525
2.0089249611,-0.0055243662,-0.0332517326,0.0617718101,-0.0101725627,0.4269946516,-0.0386770889
2.0187849998,-0.0014726213,-0.0200206526,0.0476974249,-0.0153947547,0.410967201,-0.0332572907
2.0288510323,-0.0072151413,-0.0059016692,0.0335368514,-0.0112921558,0.4313060343,-0.0333920456
2.0387730598,-0.0111277839,-0.008432311,0.0224211216,-0.0210526399,0.4441832304,-0.0185952559
2.0490050316,-0.0055217734,-0.0037873918,0.0181934237,-0.0063141752,0.4605209231,0.0035981957
2.0590839386,-0.0051106503,0.0031662462,0.0148878703,0.008353984,0.4864531755,0.0225407276
2.0688891411,-0.0009065262,0.0054367175,0.0106603513,0.0146712679,0.4909134507,0.0384432636
2.0788908005,0.0062732333,0.0012289612,0.0259803534,0.0295695234,0.4921941757,0.0501124375
2.088891983,-0.0030938752,0.0145241311,0.0371382236,0.0221630074,0.4825540483,0.0544296876
2.0988731384,0.0025683201,0.015893437,-0.0023672574,0.0392884612,0.4773339927,0.0533889197
2.1088759899,0.0093229124,0.0211208947,-0.0526587367,0.0680205077,0.4861519933,0.0586236306
2.1188850403,0.0042831833,0.0298753828,-0.0601151586,0.1247859225,0.4578492343,0.0725797936
2.128880024,0.0095046619,0.0104648499,-0.0459160209,0.0623744726,0.3973233104,0.0507056527
2.1388499737,0.0314082354,-0.0449909978,-0.0392729044,-0.0233657323,0.315297693,0.0353605188
2.148870945,0.0350784659,-0.0408053026,-0.0419387221,-0.0792564228,0.2377850562,0.021028718
2.1588590145,0.0352715701,-0.0224284269,-0.0447356701,-0.1299386472,0.1731994003,0.0140473749
2.1688838005,0.0421770141,-0.0182415992,-0.0543269515,-0.1497658789,0.1195699871,0.0101594254
2.1788380146,0.0345194638,-0.0033411281,-0.054330647,-0.1258685291,0.0705630332,0.0072733574
2.1888399124,0.0346811712,0.0198162347,-0.0445671082,-0.080897063,0.0517179742,0.0126761124
2.1988549232,0.027265057,0.0373496562,-0.0426728725,-0.0509124026,0.0412360393,0.0095353136
2.2088389397,0.0287016109,0.0368832611,-0.0377098918,-0.0434305184,0.0433588438,0.0010171931
2.2188200951,0.0190441534,0.0379652679,-0.0211156011,-0.04664056,0.049626857,-0.0138982395
2.228828907,0.0092842588,0.0438607186,-0.0094079962,-0.0456195027,0.0602137223,-0.0267163012
2.2388238907,0.0013687246,0.0495890826,-0.0015757672,-0.0307554677,0.0730871782,-0.034245193
2.2488441467,-0.0009093202,0.0662158281,-0.0025381439,-0.0042109434,0.0883010179,-0.0290504284
2.258810997,-0.0050558439,0.0643812045,-0.0024464719,0.0170501359,0.1001981571,-0.0312643126
2.2687940598,0.0014830389,0.0547049008,-0.0080806008,0.0276255496,0.1130873263,-0.0334800631
2.2788281441,0.0020467869,0.0468646437,-0.0049642315,0.0318454616,0.1195244491,-0.034587536
2.2908520699,0.0045502791,0.0361781791,0.0050174007,0.0297980234,0.1130050272,-0.0451677442
2.2989530563,0.0062063793,0.0273149759,0.0100906501,0.0277380683,0.109655574,-0.0600180626
2.3094229698,0.0060994038,0.0222838186,0.0229120851,0.0300270543,0.0946284235,-0.0694837421
2.3206758499,0.0052231485,0.0210611485,0.0327717066,0.0440387428,0.0828785598,-0.0811028481
2.3291368484,0.0054551819,0.0226595029,0.0279616117,0.0749756247,0.0852554291,-0.0811398625
2.3389968872,0.0077249864,0.0195990764,0.0114559541,0.0919110626,0.1004021615,-0.0748746395
2.3487329483,0.0107104788,0.0071107699,0.0057641277,0.0960125998,0.1155150682,-0.0611644238
2.3584959507,0.0145442272,-0.0052117491,0.0059314379,0.1034272313,0.1157211885,-0.0441743843
2.3685200214,0.0222177505,-0.0104136104,0.0100110779,0.1119200587,0.1127712056,-0.0218509715
2.3785538673,0.0231089368,-0.0145307304,0.0042542825,0.1172011048,0.1150500774,-0.0101833967
2.3885369301,0.0211366192,-0.0274562091,-0.0024800294,0.1053987741,0.1182559878,0.0004279688
2.3985099792,0.0239054635,-0.0316913091,-0.0023568266,0.0839527398,0.1267133802,0.0088871
2.4085109234,0.0147298137,-0.0294279903,0.0015563972,0.0581597574,0.1457975954,0.0140933143
2.4185090065,0.01623597,-0.0341865793,0.0046457658,0.0250934158,0.1433914304,0.0130714597
2.4285540581,0.0186695457,-0.0293256603,0.0057238946,-0.0015507117,0.1357582808,0.0195139125
2.4385979176,0.0182742923,-0.0214704461,0.0135924825,0.0029859832,0.1005819216,0.0261110961
2.4485249519,0.0220711976,-0.0144302258,0.0165989995,0.0106937038,0.06865035,0.0348119102
2.4585428238,0.0185197145,-0.0220797695,0.0068737874,0.0055632568,0.0419257991,0.0392390154
2.4685199261,0.0219991654,-0.0198406801,-0.0008912675,-0.0060017854,0.0162760932,0.0500373356
2.4785139561,0.0187810883,-0.016669251,-0.0028823011,-0.0059165657,0.0035046383,0.0564949661
2.4883451462,0.0148453051,-0.0076363059,-0.0117597571,0.0081494525,-0.0198909659,0.0576992482
2.4985179901,0.0179241821,0.0016747145,-0.0206128359,0.0296711251,-0.0410942547,0.058885552
2.5086660385,0.0201898813,0.0101527488,-0.0265536308,0.0468991101,-0.0612226948,0.0643160045
2.5186738968,0.0236403346,0.0078328764,-0.0324244499,0.0352970511,-0.0710907727,0.0452629514
2.5286488533,0.0213459879,-0.0104491049,-0.0343609452,-0.0051736766,-0.073732093,0.0229981262
2.5386610031,0.0159561709,-0.0096041868,-0.0295520425,-0.0606429279,-0.0690252259,-0.0014290535
2.5486540794,0.0133236432,-0.002406762,-0.0227764249,-0.1000723615,-0.0705442876,-0.0183899272
2.5586349964,0.0096377665,0.0181963816,-0.0219285488,-0.0980214551,-0.055667337,-0.0301730838
2.5686869621,0.0020013906,0.0349201374,-0.0230460763,-0.0735328943,-0.0479963683,-0.0302399285
2.578649044,0.008005471,0.0451914445,-0.024032712,-0.0277426355,-0.0400401764,-0.0165135972
2.5886449814,0.0002008387,0.0479469225,-0.0192247033,0.0179484207,-0.018229153,-0.0071254214
2.5986039639,-0.0009152956,0.0453703478,-0.0123779764,0.0583717413,-0.0060518486,0.0055166036
2.6087119579,-0.0020709031,0.0344721451,-0.0006142251,0.0689594075,0.0057595368,0.0022454432
2.6185998917,-0.006180658,0.0215521492,0.008208097,0.0614663363,0.0109873218,-0.0041557308
2.6287231445,-0.0014992944,0.0123866936,0.0151292691,0.0391415916,0.0063941684,-0.0211086161
2.6386079788,-0.0045578768,0.0087182811,0.0219644308,0.0392710194,-0.0044038845,-0.0348531902
2.6487169266,-0.0084815389,0.0126893511,0.0218984485,0.0414723903,-0.0108359512,-0.039062582
2.6585929394,-0.0074879965,0.0126462607,0.0140884528,0.0435611047,-0.0044225268,-0.0401648618
2.6686258316,-0.0065140938,0.0086352592,0.0092442641,0.0359524563,0.0105180731,-0.0360068716
2.678581953,-0.0038577684,0.0085783219,0.0141783366,0.0368170515,0.031971965,-0.027646808
2.6887841225,-0.0024094798,0.008704952,0.0259382725,0.0441165082,0.053395234,-0.0288532209
2.6985960007,-0.006894513,0.0050600907,0.0308494568,0.0481990017,0.0790151134,-0.0364593416
2.708575964,-0.0126905879,0.0083521297,0.0308305621,0.050154563,0.1004152074,-0.0355370902
2.7185869217,-0.013798519,0.0146232238,0.0269443989,0.0499163419,0.126136288,-0.0272041913
2.7287621498,-0.0110660857,0.0110545186,0.0163129568,0.041212067,0.1453254223,-0.0251977667
2.7385280132,-0.0036352344,0.0094123362,0.0145096788,0.0337454937,0.1452529877,-0.0273185745
2.7485108376,3.0146e-06,0.0048135323,0.0136768231,0.029592026,0.1302759051,-0.0250937678
2.7585530281,0.0077147642,0.0012145666,0.0196815729,0.0255580042,0.1003459617,-0.021709824
2.7686679363,0.0099182436,-0.0035497556,0.010002912,0.0150459744,0.0789250955,-0.0173140094
2.7785429955,0.0094653117,-0.0113048861,0.0002965935,0.0162425339,0.0608182624,-0.0108225551
2.7885270119,0.0110496441,-0.0121482098,-0.0006487362,0.0195608325,0.0458989665,-0.0086033437
2.7985339165,0.0118919769,-0.0199228562,0.0013594634,0.0101265842,0.0255060773,-0.0095250634
2.8085341454,0.0147608714,-0.0198883712,0.0013932593,0.0102389697,0.0126632489,-0.0115666417
2.8185119629,0.015618437,-0.0110842558,-0.0015793435,0.0112993065,0.012689881,-0.009442905
2.8285450935,0.0183916651,-0.0109669166,-0.0064271679,0.0186813232,0.0244855545,-0.0116493329
2.8385238647,0.0161173865,-0.010809415,-0.0074077239,0.0175557379,0.0298579484,-0.0074342154
2.8485209942,0.0195605643,-0.0066501694,-0.0073949685,0.0227947086,0.0385214798,0.0010050756
2.8584828377,0.0141329663,-0.0015134113,-0.0103697767,0.0173747763,0.0481085889,0.0020086879
2.8684988022,0.0126001621,-0.0061424309,-0.0113101592,0.0173151214,0.0545390584,0.0040918123
2.8784918785,0.009986219,-0.0029461915,-0.0113183847,0.0076892585,0.0566056743,0.0040834239
2.8884558678,0.0064101899,-0.0056775259,-0.0083621731,0.0055864267,0.0502311327,0.0105005763
2.8985438347,0.0116245123,-0.0025374861,-0.0053775897,0.0151979085,0.0482018031,0.014757772
2.908452034,0.0091186399,-0.0081811035,-0.0072938791,0.0152117563,0.0481655821,0.010508433
2.9184789658,0.0115122283,-0.0157864317,-0.0062342277,0.0066932365,0.0438621826,0.0147911962
2.9284579754,0.0079481574,-0.0117987255,-0.0023471706,0.0023608059,0.0481765047,0.023265373
2.9384520054,0.0005085029,-0.0069375196,-0.0033726089,0.0097978162,0.0504167527,0.0285577402
2.9484801292,-0.0019887791,-0.0048941085,-0.007287561,0.0140745863,0.0483394861,0.031755399
2.958534956,0.0014060036,-0.0066270949,-0.0062479964,0.0204833504,0.0462864563,0.03601446
2.9685468674,-0.0001074515,-0.0044261189,-0.0023430579,0.0268333927,0.0517067909,0.0391620472
2.9784550667,0.005157494,0.0008189409,0.0006127961,0.041794233,0.0465490445,0.0476852283
2.9884359837,0.0084611038,0.006227578,0.0074661979,0.0449578017,0.0508577749,0.048717469
2.9984579086,0.0079242187,0.0019052615,0.0114034424,0.0438947976,0.0497917086,0.0497865975
3.0084450245,0.0122451419,0.0052993586,0.0065555582,0.0331625268,0.0592733622,0.0433582589
3.0184400082,0.0116930613,0.0064461706,0.0016747125,0.0085559841,0.0675970688,0.0390719026
3.0284061432,0.0100714536,0.012278649,-0.0042023053,-0.0020796154,0.0653227344,0.0327197313
3.0384149551,0.010466692,0.0151713928,-0.0080802431,-0.0072938194,0.055547867,0.0189743564
3.0484340191,0.0099831345,0.0170146786,-0.0080696931,-0.0135860695,0.0447476804,0.0116120465
3.0585069656,0.0105250413,0.0217368305,-0.0100120893,-0.0124108177,0.0329733118,0.0095670056
3.068557024,0.014081073,0.0216493234,-0.0119133582,-0.0016686907,0.0276488569,0.0021572923
3.0784730911,0.016647242,0.0256223604,-0.0109247556,0.0164446682,0.031009499,0.0031827425
3.0883920193,0.0142577225,0.0287270211,-0.0109470477,0.0271061007,0.0342620201,-0.0010953594
3.0983979702,0.0158485919,0.0221439749,-0.0059966436,0.026090771,0.0299343802,-0.0063789375
3.1083641052,0.0135525176,0.0184234045,-0.0069673052,0.0282199681,0.0331027433,-0.0127753178
3.1183581352,0.0093260119,0.0145563846,-0.0147840967,0.0143783204,0.0318603814,-0.0201928876
3.1283919811,0.0110038267,0.0047719171,-0.016659081,0.0026843799,0.0264168791,-0.0212118123
3.1383869648,0.0126772644,-0.0012068981,-0.0146397343,-0.0068662483,0.0199216958,-0.022225678
3.1483888626,0.014461101,-0.0161303282,-0.0125690689,-0.0238968953,0.0123447347,-0.0179150868
3.1583418846,0.0151784727,-0.0224045813,-0.0056532612,-0.0357113443,0.0176729225,-0.009443704
3.1683621407,0.0148438001,-0.0230339468,-0.003656327,-0.0508000143,0.0294400975,0.0053640045
3.1783428192,0.0143716158,-0.0226668157,0.0032284863,-0.0530336089,0.0359557867,0.019133348
3.1883540154,0.0108508328,-0.0164491646,0.0129826078,-0.0531718247,0.0478204377,0.0318051986
3.1983189583,0.0103276568,-0.0130904363,0.0188722014,-0.0403503031,0.0405678488,0.0477823019
3.2083668709,0.0107641378,-0.0007307687,0.0149378786,-0.0190527402,0.0419103503,0.0605074167
3.2183361053,0.0083669545,-0.0038037794,0.0159381032,-0.009426211,0.0367038697,0.0679714605
3.2283329964,0.0129227759,-0.012536549,0.010184289,-0.0019509848,0.0367526039,0.0669035316
3.2382969856,0.0135272341,-0.0114940004,0.0004292138,-0.0009272657,0.040010184,0.0711278394
3.2482428551,0.0159779154,-0.0084571587,0.0053252587,-0.0105178421,0.0367568657,0.0743428022
3.2583119869,0.0184919797,-0.0074203843,0.0092755565,-0.0093937209,0.0313895307,0.0711920187
3.268283844,0.0103382329,-0.0025793323,0.0013814577,0.0065383739,0.0390397273,0.07644324
3.2783429623,0.0079461718,0.0043146713,-0.0015987151,0.0001088372,0.0401023291,0.0817537159
3.2882328033,0.007569273,-0.0035288157,0.0004174121,-0.0009865211,0.042258691,0.0849276707
3.2982919216,0.007137672,0.0003756872,-0.0044820895,0.0075454479,0.0433881395,0.0838501602
3.3082528114,0.0086832019,-0.0024377005,-0.0063941469,0.0001157615,0.0390373319,0.0817587823
3.3182878494,0.0092250155,-0.0102348486,-0.0033875101,-0.0074308384,0.0464957803,0.0859657675
3.3285109997,0.0086753787,-0.0064539397,-0.0043706289,-0.0266724415,0.0526961535,0.0785022601
3.338269949,0.0051319571,-0.009699733,-0.0043352237,-0.036359027,0.0632891431,0.0763164684
3.348336935,0.0024063259,0.0006067595,-0.0004635446,-0.0502721779,0.0685073361,0.0741675645
3.3583950996,-0.003173697,-9.918e-07,0.0034602887,-0.0566267483,0.0651898459,0.0667559952
3.3691170216,-0.0009147852,0.0033165021,0.004484714,-0.0672972351,0.0650982335,0.0657016486
3.3815360069,0.0003629838,0.0114778271,0.0015711791,-0.0555484332,0.0609865747,0.0742192343
3.3882529736,0.0007170112,0.0178595856,-0.0003759257,-0.03308893,0.0537241325,0.0795626044
3.398255825,0.0002056778,0.0167499557,-0.001315891,-0.0074392268,0.0507001132,0.0774384663
3.4079761505,-0.0041905297,0.0128151951,-0.0003389709,-0.0042319829,0.0517573878,0.0731798038
3.4179878235,-0.0066178096,0.0039958013,0.0036138899,-0.0159151368,0.0504692197,0.0583237559
3.4283571243,-0.010054904,0.0027842885,0.0055754194,-0.0255344734,0.0556570552,0.0487353131
3.4383029938,-0.0086387387,0.0073476015,0.0075417766,-0.0425763056,0.0533369109,0.0423860699
3.4480969906,-0.0051978445,0.008911035,0.0115084657,-0.039268665,0.0405369587,0.0424667634
3.4580349922,-0.0036354654,0.015381257,0.008573235,-0.0189803019,0.0385821983,0.0456531048
3.4680638313,-0.0049600573,0.01712396,0.0046684155,0.0034035668,0.040929243,0.0498718172
3.4779930115,-0.0043691387,0.0151883615,0.0007867821,0.0193447173,0.0496018268,0.0498049743
3.4882121086,-0.0048402725,0.0064831702,0.0047496567,6.76913e-05,0.0621692836,0.0369882435
3.4980039597,-0.0044272458,-0.0043809721,0.0116687426,-0.0287748761,0.0693267956,0.0252761934
3.5080270767,0.0006674574,0.0040797023,0.0165988803,-0.0458678417,0.0755074546,0.013561747
3.5180630684,-0.0020471003,0.0133406324,0.0195044279,-0.046897687,0.0722621307,0.0093313158
3.5281889439,0.0011644427,0.0197404586,0.0136626372,-0.0308481492,0.0681020096,0.0082846936
3.5382881165,0.0035184107,0.0174388476,0.0098296413,-0.0233486854,0.0649509579,0.008301205
3.5483150482,0.0029835987,0.0103098741,0.0069544325,-0.0137314787,0.0629059151,0.010432533
3.5584099293,0.001505182,0.006163924,-0.000838279,-0.0115664601,0.0607532784,0.0072600422
3.5681438446,-0.0019692027,0.0011565639,-0.0037518733,-0.0020073103,0.0661802739,0.008280566
3.5781259537,-0.0035526652,0.0050683385,-0.0076780906,0.0043801479,0.0652273893,0.0157175772
3.588146925,-0.0012748755,0.0061847633,-0.0047249785,0.0171875563,0.0621927157,0.0242274404
3.5984201431,0.0040370645,0.0044358773,-0.0066135516,0.0299881734,0.0612675399,0.0295368508
3.60815382,0.0054802885,-0.0032538557,-0.0094766011,0.0139964232,0.060047809,0.0263687558
3.6181211472,0.0068361284,-0.0081799189,-0.0074793687,-0.0105303582,0.0597985387,0.0200156514
3.628098011,0.0081912139,-0.0054916376,-0.0035377734,-0.0317802504,0.0510111675,0.0115883444
3.6381549835,0.0076657096,-0.0019630464,-0.0015918605,-0.0402749367,0.0476899408,0.0052388366
3.6481170654,0.0082113286,0.0064112386,-0.0094138971,-0.033783216,0.0412365682,-0.0053477623
3.6580979824,0.0097764786,0.0109902723,-0.0152716031,-0.0177468583,0.0371113345,-0.0021443786
3.6680779457,0.0124682365,0.0059400415,-0.0171676278,-0.0176445935,0.022203492,0.0043265698
3.6781129837,0.0132521428,0.0008778452,-0.0141965142,-0.0197571442,0.0158547815,0.0139313936
3.6881029606,0.0141827324,-0.004162644,-0.0170881152,-0.0143583855,0.0063227955,0.0193013903
3.6980910301,0.0160814356,-0.00129933,-0.0209916234,-0.0036052074,-0.0021686933,0.0161603261
3.708096981,0.014109225,-0.0013139891,-0.0170996785,-0.0110034682,-0.0086931717,0.0098334551
3.718102932,0.0151607255,-0.0034219148,-0.0043674102,-0.0332801454,-0.0228236374,0.0025040361
3.7280459404,0.0124278041,-0.0038747275,-0.0014389149,-0.0502783023,-0.0273483489,-0.0112658385
3.7380628586,0.0126861464,-0.0015785331,-0.0053572645,-0.0608442649,-0.0360795222,-0.0228885394
3.7480258942,0.0119131664,0.0095344884,-0.0044242134,-0.0554934442,-0.0360744633,-0.0271418728
3.7580239773,0.0082053887,0.0197856016,-0.0074335327,-0.0363382511,-0.0305457413,-0.0229416676
3.768032074,0.0103161884,0.0185444243,-0.0073956242,-0.025736209,-0.0229549333,-0.0198111236
3.7780189514,0.0113719599,0.0154635338,0.0024057634,-0.015101674,-0.0196315721,-0.0155897466
3.7880420685,0.0055539189,0.0144206574,0.0101736197,-0.0034514097,-0.0109366188,-0.0092799189
3.7980108261,0.0006263972,0.0134457527,0.0081895599,0.0070602205,0.0094402926,-0.0104806051
3.8081898689,-0.0035013866,0.0096381148,0.0042674551,0.0122283511,0.0308379941,-0.0127477553
3.8180439472,-0.0058853803,0.0058121821,0.0052477727,0.0046223626,0.0457711369,-0.0096528949
3.8280248642,0.0013540926,0.0039105592,0.0121693024,-0.0028038621,0.0414112732,-0.0128066102
3.8379898071,0.0038484696,0.0008658087,0.0200396776,-0.0133369304,0.026320206,-0.0180128235
3.8480329514,0.0074922545,0.0006529196,0.0220358968,-0.0217147041,0.0091002062,-0.0242696535
3.8580179214,0.0055068834,-0.0026301825,0.0210719705,-0.031165462,-0.0070678447,-0.0315952115
3.8680129051,0.0075080553,-0.0030388022,0.0132876644,-0.0322909132,0.0003959306,-0.0327052176
3.8779788017,0.0045108488,0.003367695,-0.0033776157,-0.0218080468,0.02084741,-0.0254082903
3.8880050182,-0.0006514835,0.0090098111,-0.015164136,0.0036376589,0.0382266641,-0.0159772374
3.8979790211,0.0018088919,0.0150373867,-0.0151636591,0.0323248282,0.0482068621,-0.0001275665
3.9079761505,0.0061714556,0.0194632597,-0.0122289648,0.0611695275,0.0420898497,0.0083910869
3.9179410934,0.0088569494,0.0064337282,-0.0131307831,0.057060536,0.0238597114,0.0053257886
3.9279689789,0.0126327267,-0.0047424966,-0.0091325035,0.0390778072,0.0076069711,-0.0041177808
3.9379720688,0.0106742121,-0.0074369879,-0.0081798425,0.008282478,-0.0076880949,-0.0146195572
3.947963953,0.0089436406,-0.0163250044,-0.0101009002,-0.0246230066,-0.0241107438,-0.0304259509
3.9579339027,0.0062468247,-0.0108032757,-0.0072091809,-0.0351275802,-0.0413696282,-0.0398705862
3.967965126,0.0055879569,0.0014932705,-0.0043472638,-0.0350538082,-0.0499284938,-0.0408775285
3.9779391289,0.0069914805,0.0108750528,-0.0082929125,-0.026471775,-0.055201821,-0.0397845618
3.9879350662,0.0095122149,0.0076051084,-0.0102112284,-0.0243052915,-0.0594511591,-0.0386961289
3.9979290962,0.0042288899,-0.0083492035,-0.0111533394,-0.0319356471,-0.0413179584,-0.036685843
4.0079107285,-0.0032851894,-0.0126013169,-0.0092402687,-0.0309806373,-0.0284668766,-0.0346450619
4.0178971291,-0.0061325124,-0.0059783841,-0.0043984642,-0.0161799863,-0.0164730642,-0.0198574625
4.0279321671,-0.005198596,0.0009219042,-0.0005243413,0.010347493,-0.0033061297,-0.0040255021
4.0379180908,-0.0042874664,0.0070732636,-0.0064091077,0.0444162451,0.0003234928,0.0139851896
4.0478920937,0.0044979332,0.0096804602,-0.0034381144,0.0669114366,-0.0153982127,0.030007299
4.0579156876,0.0115142465,0.005531135,0.0093236575,0.0671146363,-0.0420727022,0.0354928784
4.0679020882,0.0198949985,0.0003318368,0.0093855271,0.0599115863,-0.0731597766,0.0314499326
4.0779080391,0.0149368802,-0.0109136635,0.0083783874,0.0323702358,-0.0896125212,0.0071403328
4.0878710747,0.0041547241,-0.0186346769,0.010264636,-0.0017981194,-0.0793886408,-0.016274713
4.0978569984,-0.0040265443,-0.0139888572,0.0101528773,-0.0329483151,-0.0498342179,-0.0313162468
4.1078739166,-0.0096583916,0.0021524495,0.0041791806,-0.0343408845,-0.0102995904,-0.0315716416
4.1178760529,-0.0128487861,0.0223713741,0.0020998723,-0.0080044828,0.0263726711,-0.0169555489
4.1278562546,-0.0094310353,0.0312439352,0.0069884667,0.0248780996,0.0459924452,-0.0022322629
4.1378378868,-0.0031173278,0.0228235871,0.0100089917,0.0354802758,0.0514913388,0.006223673
4.1478610039,0.0012728468,0.0095569668,0.0140345702,0.030202955,0.0450195894,0.0041445429
4.1578559875,0.0028415814,-0.0057764621,0.0180312395,0.0089277625,0.0373446271,0.0010227857
4.1678667068,-0.0033506968,-0.0156274736,0.0170629025,-0.0358897783,0.0432382002,-0.019169569
4.1778168678,-0.0066096755,-0.0229607373,0.0151329646,-0.0656904206,0.0375528857,-0.0318596624
4.1878409386,-0.0041290419,-0.0060369307,0.0121704349,-0.0613910109,0.0343706757,-0.0329044238
4.1978292465,0.000451465,0.0109583652,0.0062885294,-0.0388295054,0.0142925717,-0.0264156293
4.2078299522,0.0112238387,0.0076329848,-0.00141704,-0.0280114803,-0.00273355,-0.0273751654
4.2178039551,0.0172431562,0.0004856093,-0.0022917979,-0.026770981,-0.0251392554,-0.0240446161
4.2278218269,0.0195639618,-0.005693526,-0.0032166832,-0.0340933427,-0.0433653966,-0.0239213128
4.2378149033,0.0180690512,-0.0129524292,-0.0041705957,-0.0522499718,-0.0382473357,-0.0335015021
4.2478179932,0.0135879787,-0.0115220295,-0.013011395,-0.0512776561,-0.0254415255,-0.0367723964
4.2577762604,0.0048425617,0.0027018739,-0.0151084652,-0.0344533995,-0.0005950318,-0.0220752098
4.2677698135,0.0017181606,0.0162045918,-0.0132405153,-0.0058281478,0.0179139376,-0.0084041385
4.2777662277,0.0043231128,0.0231785886,-0.0083569875,0.0293154586,0.0236264188,0.0032221575
4.2877879143,0.0060113547,0.0186962076,-0.0014826051,0.0422139466,0.0119876061,0.0054134065
4.297773838,0.0078464458,0.007511544,0.0112765441,0.0434179604,-0.0019572387,-0.0019355868
4.3077497482,0.0058610803,0.0040166928,0.0171385407,0.0296153296,-0.0085312519,-0.0082576647
4.3177819252,-0.0018323298,-0.0065957801,0.0083265314,0.0071660806,0.0007959374,-0.0221134275
4.3277788162,-0.0057307957,-0.0115716131,-0.0043822518,-0.0195787139,0.0091121905,-0.0253358521
4.33776474,-0.0058817808,-0.0099051381,-0.0053623905,-0.0334668346,0.009037355,-0.0210742615
4.3477678299,-0.0030237224,-0.0063740211,-0.0053488007,-0.0280486308,-0.0036827005,-0.0135588199
4.3577561378,0.000921036,0.0011660932,-0.0072934618,-0.014065438,-0.0205865819,-0.0028340041
4.36774683,0.0060836477,-0.0008728662,-0.004317998,0.0010120487,-0.0396446995,0.004715791
4.3777289391,0.0084032146,0.0030168062,-0.0062767854,-0.0010865228,-0.0470767803,0.0122011378
4.3877077103,0.0089230454,-0.0029085884,-0.0052747121,-0.0116954902,-0.0546494797,0.011195262
4.3977198601,0.0065230923,-0.0030227201,-0.0014043442,-0.0137846079,-0.056876678,0.0027124283
4.4077348709,-0.0027257234,-0.0002593333,-0.0005255334,-0.013813369,-0.0484355241,-0.0100909844
4.4177241325,0.0007146996,-0.0033145295,-0.002436816,-0.0234119333,-0.0464384183,-0.017532656
4.4276928902,0.0030831813,-0.0025806436,-0.0024363392,-0.0298690349,-0.0400755964,-0.0175694078
4.4376916885,-0.0005598507,0.0049441708,-0.001518666,-0.0182446036,-0.0271307677,-0.0144753475
4.4477081299,0.0005683665,0.0077878824,0.0014108428,-0.0044563543,-0.0163361784,-0.0145549756
4.4577121735,-0.00233755,0.007779601,0.0052860985,0.0039431234,-0.0023109063,-0.0072162356
4.4676299095,-0.0054622022,0.0088749407,0.0140591273,0.0112183467,0.0191757437,-0.000986303
4.47768116,-0.0057687806,0.0080566583,0.0208961368,0.0100845061,0.0277074464,-0.0021028332
4.4876971245,-0.0080471141,0.0032680584,0.029704392,0.0004143016,0.0382570252,-0.0096012298
4.4976820946,-0.0114525566,0.00132431,0.0375102758,-0.0049964422,0.0499131493,-0.0160452798
4.5076770782,-0.0139791695,0.0080718799,0.0277092457,0.0034039654,0.0660282001,-0.0140308654
4.5176420212,-0.0136219067,0.007068458,0.0072117457,0.0118275443,0.0789434686,-0.0119988732
4.5279216766,-0.0016638312,0.0014120182,0.0034360297,0.0203320831,0.0791000649,-0.0013819154
4.5376648903,0.0035179823,-0.0032168003,0.0005869873,0.0257655978,0.0673877448,-0.0002440801
4.5476579666,0.0128289293,-0.0116948308,0.0046153078,0.0238891337,0.0363691114,-0.0011040148
4.5575609207,0.0175494645,-0.0232814103,0.0115590105,-0.0078894347,0.0103859808,-0.0115394779
4.5676569939,0.0146812918,-0.0294166729,0.0144971618,-0.0429014787,-0.0103099775,-0.0251919068
4.5775151253,0.0159149989,-0.0231449939,0.0056903968,-0.0608502515,-0.0297883358,-0.0367387049
4.5874462128,0.0143046035,-0.0131448219,-0.0051119914,-0.069350794,-0.0341383442,-0.0377669521
4.5974340439,0.0157158822,-0.0050774934,-0.0148942461,-0.0585833751,-0.0478949025,-0.0313109197
4.6091327667,0.0161598437,0.0021487465,-0.0198137164,-0.0553754568,-0.0531139001,-0.0195931438
4.6177020073,0.0177326165,-0.0002527879,-0.018817544,-0.0392548144,-0.0710534826,-0.0067375326
4.6276278496,0.0192808732,0.0053707482,-0.0188362598,-0.0211788751,-0.0665476769,0.003844538
4.6376142502,0.0149950469,0.0023160046,-0.0159436464,-0.0201180018,-0.0665242448,0.004903012
4.6475868225,0.0145510258,-0.0006839511,-0.0012867443,-0.0297439992,-0.0634104759,0.0027647594
4.6576008797,0.0033024221,0.0029232642,0.0015333302,-0.0319560245,-0.0527652912,0.0005761737
4.6675648689,-0.0031429708,0.0084522953,-0.0044181338,-0.0256278198,-0.0389219113,-0.01120432
4.6775741577,-0.0048282417,0.0111308219,-0.0083538285,-0.0214585047,-0.0271257069,-0.0112872766
4.6875562668,-0.0056998869,0.0118977549,-0.0054358831,-0.0215535816,-0.0143281547,-0.0145573718
4.6974811554,-0.0057223747,0.0117346002,-0.0054308763,-0.0120551512,0.0006699697,-0.0189097766
4.7075829506,0.0009582628,0.0175895467,-0.0024673336,0.0018422892,-0.0034613921,-0.0146431262
4.717566967,0.0028499688,0.0177425761,0.014162899,0.0051427437,-0.0151958121,-0.0145677589
4.7275667191,0.0020663838,0.0060923165,0.022993803,-6.13397e-05,-0.0260420684,-0.0283048749
4.7373199463,0.0004677352,0.0021363171,0.0181057453,-0.0052811345,-0.0358014889,-0.0399242491
4.7475538254,-0.0040299101,0.0029179538,0.0043843994,-0.0054023089,-0.0218899343,-0.0378895923
4.7575488091,-0.0039064521,0.0145236058,-0.0132719269,0.0071742036,0.000775431,-0.024236897
4.7675142288,-0.0029781975,0.0145318294,-0.0181385279,0.0069907117,0.014849971,-0.0030802134
4.7773590088,0.0036803081,0.0127281053,-0.0161232352,0.0197081044,0.0246006027,0.0010988191
4.78754282,0.0034598976,0.0040896134,-0.0170526505,0.0207403451,0.0288837645,0.0010703229
4.79753685,0.0080669438,-0.0016084397,-0.0120906821,0.0100932941,0.0266387202,-0.0020959089
4.8074617386,0.0097372634,-0.0005517946,-0.0081804981,-0.0005263267,0.0211853646,-0.0052403035
4.8174948692,0.0075788656,-0.0015332969,-0.0042704931,-0.0004851809,0.0168942139,-0.0073382081
4.8275260925,0.0034177757,0.0023349347,-0.0004054896,0.0004786169,0.0286765695,-0.0052905036
4.8375139236,0.0001341243,0.0091011012,-0.0053423634,0.006727458,0.0458640791,-0.0011578106
4.8474898338,0.0005733286,0.0120922578,-0.0073029986,0.0183249917,0.0609713942,0.0051104715
4.8574829102,-0.0020577174,0.0152279707,-0.0083051315,0.0363938734,0.0686341077,0.0103620924
4.8674917221,0.000218016,0.011710179,-0.0082579842,0.0353477821,0.064387165,0.0146399289
4.8774800301,0.0035918045,0.001310925,-0.0052356711,0.023775151,0.0460765995,0.0083909538
4.8874816895,0.0110896351,-0.0072192429,-0.0061054816,0.017609667,0.0182130113,0.0053887721
4.897603035,0.0119406749,-0.0060748244,-0.0051317206,0.0124351457,-2.91099e-05,0.0023261369
4.9074878693,0.0111259734,-0.0118892947,-0.0051199785,0.0040909289,-0.0225655772,-0.0007090678
4.9174661636,0.0133212553,-0.0109163793,-0.0051079979,-0.0023033209,-0.023688633,-0.0017618154
4.9274711609,0.0077309189,-0.0130312135,-0.0061154356,-0.0140465302,-0.0227288306,-0.003884621
4.9376540184,0.007931699,-0.0103326114,-0.0051511517,-0.0193954892,-0.0206459705,-0.0049546794
4.9474220276,0.0070773428,-0.0017634528,-0.0091157546,-0.0087881172,-0.0141148353,-0.0007548742
4.9575471878,0.0061425241,0.0099479808,-0.0101554981,0.0125129092,-0.0138261486,0.0141034331
4.967441082,0.0101346234,0.0151606286,-0.0091900816,0.0403043255,-0.022079818,0.0236990694
4.9775958061,0.0113872485,0.0087843975,-0.0101374974,0.0446245074,-0.0274080038,0.0216055587
4.9874000549,0.0117329685,-0.0005083354,-0.0140168061,0.0446788371,-0.0327787995,0.0184531752
4.9974126816,0.0150193712,-0.0030769138,-0.013987123,0.0191452447,-0.0436540842,0.019603394
5.0074930191,0.0134408837,-0.0077833841,-0.0032560818,0.0010501305,-0.0470639989,0.0122014042
5.0174441338,0.0040688524,-0.0048982156,0.0025040514,-0.0042654052,-0.0461183079,0.0015707312
5.0273790359,0.0014787101,-0.0010586968,0.0083274851,-0.0075030103,-0.0397759899,-0.0037800921
5.0374178886,-0.0022227552,0.0105346655,0.0101863751,-0.0075975526,-0.0290690176,-0.0006586011
5.0473971367,-0.0020254676,0.0094813341,0.0140917907,-0.0001873057,-0.0215301402,-0.0007126632
5.0575008392,-0.0057931198,0.0094647994,0.0130814323,0.0157233495,-0.011732637,0.0055866451
5.0673589706,-0.0115835303,0.0067005334,0.0110909352,0.0252492111,-0.0030813587,0.0087110661
5.0773539543,-0.0096969558,-0.0008239755,0.0130991349,0.0229788646,0.0118957264,0.0118005984
5.0873808861,-0.0059519885,-0.009409369,0.0102447281,0.0111160809,0.0278086476,0.0085185189
5.0973749161,-0.0092448471,-0.012306801,0.0121882567,-0.0039795144,0.0448241122,0.0126706529
5.1073579788,-0.0088318447,-0.0124183847,0.0200304389,-0.0254206248,0.0564059354,0.0115481317
5.1173210144,-0.0094825411,-0.0146200331,0.0269016623,-0.023374252,0.0681555346,0.0082812309
5.1273169518,-0.0122175096,-0.0041607479,0.0209853649,-0.0170804039,0.0799972787,0.012449611
5.1373438835,-0.011083453,-0.0013910709,0.0200272799,-0.0064543905,0.082297191,0.0219895858
5.1473498344,-0.0079492247,0.0045318985,0.0171077251,0.024532022,0.0761785805,0.0283819698
5.1573038101,-0.0066921962,0.0087084388,0.0092964778,0.0320333466,0.0730216652,0.0273345504
5.1673269272,-0.0013726141,-0.0046358528,0.0074507007,0.0171808973,0.0643019378,0.0210271198
5.1773219109,0.0019751431,-0.0074055074,0.0055469284,0.0012406809,0.0598107874,0.0104443841
5.1873168945,0.003328434,-0.0034987694,0.0045782337,-0.0115299746,0.0596121177,-0.0012317131
5.1972908974,0.0047706785,-0.0016482444,0.0036114461,-0.0199608766,0.0477583855,-0.0054007587
5.2073149681,0.0043626102,0.0030126842,0.0006771095,-0.0220344141,0.042352967,-0.0106762145
5.2173337936,0.0001563009,0.0056371232,-0.0042551747,-0.0293759499,0.0273164939,-0.0116322897
5.2273077965,0.0029529582,0.0024116458,-0.0071282974,-0.0281804595,0.0133950859,-0.0157924127
5.2372636795,-0.0019945626,0.0070179431,-0.008173882,-0.0162853152,-0.0036486122,-0.0199404191
5.2472686768,8.04894e-05,0.0059161084,-0.0081403842,-0.0172262099,-0.0186280943,-0.020905016
5.2572937012,0.0042832838,0.0008819393,-0.0149288168,-0.0203222707,-0.0283425059,-0.0293396488
5.2672729492,-0.0012811004,0.0005633822,-0.0149698844,-0.0384469442,-0.0306293629,-0.0303745531
5.2772531509,0.0019582219,0.0011976464,-0.0120177856,-0.041549392,-0.0403267294,-0.0366839804
5.2872509956,-0.0045956494,0.0065983431,-0.0111102453,-0.0373240188,-0.0328578986,-0.0420473181
5.2972331047,-0.0072652865,0.0082185147,-0.0082051745,-0.0277608763,-0.0263962671,-0.045284126
5.3072681427,-0.0090513909,0.0108834924,-0.0121375909,-0.0204379838,-0.0123544857,-0.0347563848
5.3172616959,-0.0110125346,0.0194937401,-0.0161016583,-0.00027599,-0.000383044,-0.0274089873
5.3272256851,-0.0052334303,0.0206482913,-0.0180273056,0.0316108353,0.0138124041,-0.021148961
5.3372368813,-0.0044176625,0.0181130711,-0.0189816952,0.043292392,0.0171954185,-0.0116197718
5.3472337723,0.0003208359,0.011784534,-0.014033257,0.0422724038,0.0118344733,-0.0126466872
5.3572406769,0.0031190829,0.0043351101,-0.0022600882,0.0167036597,0.0094173886,-0.0221746787
5.3672142029,0.0030455727,-0.0014637904,0.0046221027,-0.0077958247,0.0059579425,-0.0295718759
5.377202034,0.0038828577,0.0061856089,0.0075272331,-0.020600969,0.0079411995,-0.0359497443
5.3872261047,-0.0021172792,0.0127469813,0.0084199915,-0.0206291992,0.0121979956,-0.0381021127
5.3972201347,-0.0012769765,0.0145001942,0.0074505815,-0.0056952555,0.0144307893,-0.0402507521
5.4071850777,-0.0005493063,0.0213233288,0.0035163767,0.0166076533,0.027446989,-0.0382259488
5.4172668457,0.0010813241,0.0224865358,0.0015774376,0.0271794684,0.0382538289,-0.0340542421
5.4271969795,0.0055471789,0.0179523472,0.002611459,0.0366840251,0.0511437953,-0.0352068543
5.4372029305,0.0069999732,0.0075425645,0.0056148181,0.0270594954,0.0552993938,-0.0405391715
5.4471869469,0.0113243321,0.002954741,0.0086040506,0.0196066387,0.0562378913,-0.0490391813
5.457159996,0.00684724,0.0020918688,0.0134738693,0.0068602161,0.0528394319,-0.059630841
5.4671840668,0.007301948,0.0031132894,0.011524261,0.0100533459,0.0560251027,-0.0649656877
5.477189064,0.0018435548,0.008968032,0.0026614673,0.0175119285,0.0582072958,-0.0671123266
5.4871630669,0.0013027097,0.0110825291,0.0026456721,0.0240025856,0.0465280041,-0.0638539493
5.4971599579,0.0048139561,0.0064432183,0.0066105137,0.0230405182,0.0305588916,-0.0552494079
5.5071659088,0.0075991191,-0.0031229882,0.0027762062,0.0253385603,0.0123708341,-0.0593826324
5.5170917511,0.0115811806,-0.0136587685,-0.0078959456,0.0179786477,-0.0015756076,-0.0592894256
5.5271720886,0.0106538208,-0.016506955,-0.0108286133,0.0019959528,-0.0059562409,-0.0571250692
5.5371208191,0.0097263036,-0.0155744432,-0.0069215884,-0.007528577,-0.0146101834,-0.0602481626
5.5472517014,0.0088696303,-0.0147474213,-0.0040032854,-0.0266122576,-0.0255547091,-0.0729125589
5.5571479797,0.011127498,-0.0229554437,-2.51524e-05,-0.0553301871,-0.032317806,-0.0877215937
5.5671358109,0.0065222234,-0.0178409237,-0.0010597699,-0.0840574428,-0.0380111113,-0.1025380939
5.5771017075,0.0029363788,-0.0159285236,0.0028269894,-0.1149417087,-0.0436636731,-0.1109804511
5.587097168,-0.0006278075,-0.0122760488,0.0027954585,-0.1245482638,-0.043737974,-0.1109732613
5.5971188545,-0.0052818572,-0.0007712719,0.002731622,-0.1150296032,-0.0371575728,-0.0993333757
5.6071166992,-0.0040811589,0.0070457617,-0.0021754496,-0.0831544921,-0.0260687005,-0.0813668892
5.6171088219,-0.0039687641,0.0143276295,-0.007093071,-0.0310349688,-0.0136826038,-0.0549234375
5.6271848679,-0.001040727,0.0172409527,-0.0061004749,0.0062175957,-0.0078870328,-0.0358639956
5.6372179985,0.0019976057,0.0048842123,0.0037496693,0.0297054797,-0.0139949927,-0.0220322013
5.6471071243,-0.0007510699,-0.0054724934,0.0145121226,0.0265488327,-0.0183218308,-0.025189111
5.6570768356,-0.0014926196,-0.0159879457,0.0145506868,0.0094441492,-0.0152477436,-0.0251971018
5.6670417786,-0.0003440577,-0.0208194442,0.0096955905,-0.0023762919,-0.0057200184,-0.0252506305
5.6770792007,-0.0023572252,-0.0140575608,0.0076984772,-0.0100071812,0.0124185048,-0.0211092811
5.6869249344,-0.0035594434,-0.0141988518,0.004758657,-0.0048667463,0.0338886417,-0.0148777505
5.6970691681,-0.0039600618,-0.01232637,-0.0001189105,0.0035488419,0.0468262807,-0.0096563566
5.7070322037,0.0003583039,-0.0103347795,0.0057764659,-0.0029447442,0.054330267,-0.0012013533
5.7170772552,0.0026766506,-0.0103403954,0.0116725573,-0.001931943,0.0586629659,0.0040796949
5.727039814,0.0030056688,-0.0074059563,0.012638987,-0.0041423663,0.0682559386,0.0029566402
5.7370471954,0.0003635542,-0.0075127417,0.010677577,-0.0201929733,0.0734650791,0.0018724673
5.7470197678,-0.0023536307,-0.0037795538,0.0116323242,-0.0223557241,0.0756131858,0.0050472212
5.7570080757,-0.0021630407,0.0039150259,0.0145391831,-0.0094598997,0.0650265887,0.0051060775
5.7672481537,-0.000837938,0.0146761006,0.0076592574,0.0098112654,0.0577031635,0.0062025012
5.7770261765,-0.0012485004,0.0138188796,-0.0050382009,0.0194995794,0.0481514707,0.0051944945
5.7870221138,0.0053321449,0.0003098017,-0.0137072792,-0.0016800081,0.03081429,-0.0031774188
5.7969861031,0.0090565383,-0.0085706403,-0.0185101032,-0.0250812024,0.0231009759,-0.0084203836
5.8072919846,0.0118386662,-0.0088154161,-0.0145809641,-0.0366435833,0.0037187568,-0.0146609694
5.8170399666,0.0127819497,-0.0023672124,-0.0116569391,-0.0471612066,-0.0155971497,-0.014530208
5.8270301819,0.0198394284,0.005078637,-0.0126094213,-0.0373439938,-0.0390801057,-0.0196967404
5.8369650841,0.0144010326,0.0105387522,-0.0175780058,-0.0255127698,-0.0507274419,-0.0175045598
5.8469939232,0.0120631633,0.0121887615,-0.0205349326,-0.022173699,-0.0657010674,-0.0216593575
5.8569860458,0.0187147986,0.0090074716,-0.0224243402,-0.0326279365,-0.089365378,-0.0299990475
5.8669800758,0.0196556523,0.0066623027,-0.0204524398,-0.0463935509,-0.1012649164,-0.0341618322
5.8769469261,0.017685324,0.0100963367,-0.0244019628,-0.0452582426,-0.1056162566,-0.0436943509
5.8869562149,0.016697824,0.0155366072,-0.0273768902,-0.0378234982,-0.1002329364,-0.0458592363
5.8969650269,0.015564655,0.0239407327,-0.0176725984,-0.0399742648,-0.101253733,-0.038414903
5.9069600105,0.0214863438,0.0139359413,-0.0107482662,-0.0270582028,-0.1150299981,-0.0362098031
5.9169502258,0.0196725279,0.0146581763,-0.0117627969,-0.0184778962,-0.1182082146,-0.0404438302
5.9269199371,0.0159149468,0.0125255538,-0.0069056144,-0.0131742116,-0.1149426475,-0.0383439288
5.9369168282,0.011058026,0.0162814725,-0.0050401678,-0.0057908632,-0.1021048799,-0.0437445529
5.9469380379,0.0059928251,0.0201566461,-0.0002300136,0.0036519067,-0.0796416476,-0.0502711609
5.9569559097,-0.0051262332,0.0171898082,0.0016375191,0.0044730925,-0.048664026,-0.0536614992
5.9669070244,-0.0067981761,0.0172089599,0.0064998874,0.0053402176,-0.025125673,-0.0516899601
5.9769229889,-0.0066714594,0.017260313,0.004543663,0.0147678079,-0.0057599661,-0.045447778
5.9869279861,-0.0056642806,0.0115850409,0.0065241465,0.0179897007,-0.0110154487,-0.0379792079
5.9969229698,0.0013848104,-0.0018570209,0.014468492,0.0149700744,-0.0366137512,-0.0282468181
6.0068798065,-0.0031226587,-0.011538337,0.0271721482,0.0043491218,-0.0452008508,-0.0228717607
6.0169157982,-0.0036165763,-0.0223453231,0.0281891823,-0.0137887364,-0.0453633033,-0.0260477141
6.02688694,-0.0051896768,-0.0304818004,0.0272291899,-0.0385500081,-0.0178115685,-0.0315210409
6.0368318558,-0.0189547651,-0.0252185855,0.0349154472,-0.0623731837,0.0215909649,-0.0264459886
6.0468578339,-0.0233168919,-0.016131999,0.0397410393,-0.0594447702,0.0516125113,-0.018143585
6.0568637848,-0.0181841869,-0.0019243201,0.0358229876,-0.0212577041,0.0734493658,0.0008101324
6.0668787956,-0.0160784796,0.0107221408,0.0240707994,0.0234157573,0.0846644714,0.0219540335
6.0768728256,-0.0041529071,0.0063360101,0.0232359171,0.0501204729,0.075407058,0.0400556736
6.0868420601,0.0011860094,-0.0087331487,0.0174972415,0.0502959751,0.0561247058,0.0348686352
6.0968298912,0.0077484818,-0.0258630142,0.0098196873,0.02379952,0.0366037339,0.026517095
6.1068549156,0.0104752807,-0.0286505241,0.0039911876,-0.0069759702,0.0170729104,0.0202908907
6.1168336868,0.0085396301,-0.0308202114,8.87521e-05,-0.0356407687,0.0007581206,0.012978781
6.1268482208,0.0066798171,-0.0263907854,-0.0048328033,-0.0536810234,-0.0122069465,0.0130754542
6.1367931366,0.006842766,-0.0152721917,-0.0097685447,-0.0589373074,-0.0239616074,0.0184686203
6.146835804,0.0100959986,-0.008991749,-0.014661192,-0.0460300297,-0.0366691463,0.0206667949
6.156829834,0.0095813535,-0.0094732353,-0.0185801387,-0.0448413268,-0.0495279543,0.0154359471
6.1668601036,0.0081509361,-0.007944026,-0.0185957551,-0.0404977128,-0.0601459779,0.0197513327
6.1767930984,0.0077493647,-0.0024371641,-0.0186448693,-0.0415049195,-0.0686795488,0.0219289996
6.1867918968,0.0025766778,-0.0018491605,-0.016741991,-0.0456836857,-0.0752245337,0.010288056
6.1967978477,-0.0006212118,0.0015815338,-0.0207140446,-0.0541599989,-0.0785910264,-0.0003062647
6.2067928314,-0.0018050737,0.0089135701,-0.0197898149,-0.0539743751,-0.0958083645,-0.0140058314
6.2167711258,-0.0047443388,0.0103173554,-0.011055707,-0.0698193833,-0.1120504513,-0.0234480686
6.2267580032,-0.0006712909,0.011551748,-0.0071452251,-0.0845663697,-0.1335948855,-0.0296724085
6.236697197,0.0025618307,0.0118211498,-0.0081222644,-0.0632256642,-0.1271383315,-0.0446055532
6.2467751503,-0.0080973348,0.023836175,-0.0170952678,-0.0474429727,-0.101319775,-0.0394720435
6.256770134,-0.0025065125,0.0343352333,-0.0063679209,-0.0252435245,-0.079668276,-0.0279436186
6.2667350769,-0.008803797,0.0352085084,0.0043007145,-0.0020119715,-0.0505948178,-0.0238988101
6.2767500877,-0.0122927604,0.0245566964,0.0092044482,0.0170420147,-0.0270218458,-0.0336234756
6.2867822647,-0.0111296019,0.0208838321,0.0121576795,0.0233371947,-0.0120463576,-0.0379745476
6.2967429161,-0.0120054288,0.0171240717,0.0131458053,0.0094369585,-0.0068625147,-0.0443737246
6.3067231178,-0.0050800657,0.0084396033,0.0181185603,-0.0054631615,-0.0081373695,-0.054978963
6.316737175,-0.0030096315,0.0024978528,0.0181638002,-0.0160500258,-0.013677544,-0.068748571
6.3267149925,-0.0038402111,0.0012800386,0.0162108541,-0.0192910917,-0.0073261717,-0.0730370581
6.3366661072,-0.0019075527,0.0078855231,0.0113154063,-0.0098274173,0.0056732502,-0.060375195
6.3466939926,-0.0030522004,0.011578016,0.0064085135,-0.0079291156,0.0282688402,-0.0445871763
6.3567180634,-0.001353345,0.0057128901,-0.0003890984,0.0164731629,0.0424384549,-0.0351369493
6.3667221069,-0.0046952432,0.0009600064,-0.0003803961,0.022772871,0.0490361713,-0.0192482639
6.3767147064,-0.0022148408,-0.0065685613,0.009469212,0.0248980727,0.0448949561,-0.0054115448
6.3866949081,0.0012796231,-0.0101949358,0.0075685987,0.0259409659,0.0470587723,-0.003301522
6.39666605,-0.0001043036,-0.0168813542,0.0007715829,0.0152221434,0.0533685982,-0.005458816
6.4067192078,0.0022453188,-0.0168085694,0.0007988818,-0.006227755,0.0660191476,-0.0065882625
6.41670084,0.0015184031,-0.0169667229,0.0047221193,-0.0244132821,0.071209915,-0.0087367669
6.4267477989,0.005620026,-0.0123449629,0.0028034456,-0.0266269017,0.0787197649,-0.0034719643
6.4366669655,0.0076801209,0.0010892609,-0.0099192252,-0.0064601162,0.0885878354,0.0081396848
6.446721077,0.0126933781,0.0089226672,-0.0216226578,0.0148885818,0.0824764222,0.0241002757
6.4567089081,0.0129531929,0.0072026318,-0.0245267749,0.0299334452,0.0666412637,0.0337546319
6.4666719437,0.0163519513,0.0007267586,-0.0224925876,0.0290735103,0.0409926288,0.0349839479
6.4767298698,0.0171059649,-0.0038580745,-0.0205085278,0.0176035408,0.0109119555,0.0277513359
6.4866428375,0.0171238966,-0.0066923043,-0.0136588207,-0.0077944938,-0.0139121683,0.0226180926
6.4966549873,0.0164282024,-0.0087814899,-0.0165910721,-0.0236172639,-0.0333521776,0.0131925
6.5066556931,0.0100188544,-0.008171455,-0.0147016635,-0.0458674431,-0.05278074,0.011209243
6.516605854,0.0144409025,-0.0036612405,-0.009808301,-0.0404082313,-0.0677000359,0.011301389
6.5266962051,0.0062625436,0.0046220692,-0.0109134307,-0.0382505357,-0.070880644,0.0123828985
6.5366339684,0.0059800213,0.0062581301,-0.0109384647,-0.0211490486,-0.0749930963,0.015583219
6.5466327667,-0.002178076,0.0079736104,-0.0100484481,-0.014874639,-0.0599632822,0.0176061559
6.5565991402,-0.0095397821,0.0097392555,-0.0062265387,-0.0149735762,-0.0461089835,0.0132682659
6.5666332245,-0.0102151399,0.0105908699,0.00254196,-0.0183179751,-0.0300756916,0.0163538046
6.5766558647,-0.0129635176,0.0094564799,0.0083836922,-0.0215840749,-0.0194760449,0.0088503491
6.5866069794,-0.014893041,0.0093108313,0.0191261172,-0.0152609302,-0.0066651748,0.00132612
6.596601963,-0.014012984,0.0150238853,0.0210515261,-0.0217961948,0.011403841,-0.0051630717
6.6065769196,-0.0171566159,0.0128965694,0.0239876509,-0.0101653729,0.0232868642,-0.0009986865
6.6165990829,-0.0165587962,0.0206266865,0.0180903077,-0.0007135477,0.0425913222,-0.0011270511
6.6265907288,-0.0189226083,0.0128141269,0.0152006755,0.0098954206,0.0501640178,-0.0001211751
6.6366429329,-0.0096179647,0.011079927,0.0104023227,0.0205411427,0.0534564853,-0.0001518014
6.6465611458,-0.0061759138,0.0053964742,0.0065653929,0.0162420012,0.0545465164,0.0062184799
6.6565608978,-0.0017731331,-0.0003419714,0.0017678149,0.0108917104,0.0566320382,0.0051470897
6.6665697098,0.002660197,-0.0071122637,-0.0020686977,0.0024172654,0.051168032,-0.0011859069
6.6765670776,0.0051418161,-0.0091295158,0.0028688915,-0.0145674432,0.0403329581,-0.0032297499
6.6865649223,0.0097028231,-0.0122024575,0.0029227145,-0.0188074633,0.0391768813,-0.0095936395
6.6965417862,0.0092879971,-0.0066522406,-0.0029572838,-0.0316248573,0.0453764535,-0.0223710854
6.7065458298,0.0089025432,-0.0128780706,1.40078e-05,-0.0380611867,0.0516849495,-0.028781848
6.7165169716,0.0034087196,-0.0025550779,-0.0059239259,-0.0222033914,0.0689398348,-0.0257197451
6.7265272141,-0.0013093028,0.0069620209,-0.0050100675,-0.0159231257,0.0787256211,-0.0119765028
6.7365031242,0.0047536334,0.0011175117,-0.0019918673,0.0043158322,0.0800380334,-0.0013733935
6.746530056,0.0010593709,-0.0007081283,-0.0010211461,0.0203520562,0.0717297718,0.0124803698
6.756526947,0.0082506323,-0.0101954648,0.0020372875,0.0140361041,0.0588981248,0.0168143995
6.7665090561,0.0097345999,-0.0198138654,-0.0018023842,0.0088027269,0.0470827445,0.0147698894
6.7765188217,0.0122434339,-0.0149197187,-0.0076573482,-0.0059957933,0.0277671013,0.0202215146
6.786649704,0.013028048,-0.0149930129,-0.0086305132,-0.0165464394,0.0106301922,0.0256519653
6.7968568802,0.0081007285,-0.0094203772,-0.0165165663,-0.0228773057,0.0009754344,0.026779281
6.8072018623,0.003232884,-0.0077675218,-0.0204660296,-0.0196751207,0.0010002018,0.0267768838
6.8167190552,0.0011840843,-0.000143528,-0.0156270266,-0.0185981393,-0.0011066247,0.029979337
6.8264718056,0.0011469311,0.0036192713,-0.006851851,-0.0217161682,-0.0097174235,0.0257877875
6.8367829323,-0.0007408896,0.0024525961,0.0038759119,-0.0248613581,-0.0151225757,0.0205088686
6.8466348648,-0.0025655453,0.0022344356,0.0067906985,-0.0248280689,-0.0183468629,0.0184049718
6.8564462662,-0.0054215686,0.0117828753,0.0057530412,-0.0152518759,-0.0140093733,0.0173090808
6.8664498329,-0.0072397804,0.0116313715,0.0067139277,-0.0152047379,-0.0172698814,0.0109558441
6.8765039444,-0.0080247903,0.0095654586,0.0067127952,-0.0098420642,-0.0204334501,0.010971956
6.88646698,-0.013672106,0.0054759327,0.0027753122,-0.0194808431,-0.0120575428,-0.0007619315
6.8964428902,-0.0115992595,0.0022935085,0.0008537777,-0.0291216206,-0.0047202678,-0.008236493
6.9062461853,-0.0076949997,0.0078631593,-0.003050267,-0.0312707871,-0.0005162021,-0.0146366013
6.9164438248,-0.0048056012,0.0114355804,-0.0030475252,-0.035534244,-0.0005678674,-0.0178246722
6.9264378548,-0.0019426664,0.0140783712,0.0018531687,-0.0291511789,0.0037203548,-0.0221065022
6.9364681244,-0.0019955293,0.0187095609,0.0076839933,-0.0226831585,-0.0037154574,-0.022060696
6.9462380409,-0.0029570565,0.016562853,0.0116066346,-0.0173501819,0.0005192349,-0.0316534005
6.9564170837,-0.0028838955,0.0115113761,0.0125990519,-0.0130379898,-0.0037418227,-0.0337530375
6.9664349556,-0.0038660106,0.0143295415,0.0086781988,-0.0024729641,0.009174509,-0.0327817835
6.9764389992,-0.0068896879,0.0133682424,0.0086488137,0.0102806482,0.0146459732,-0.0296397861
6.9863200188,-0.0040366398,0.008669666,0.0087101469,0.0220206603,0.0116030453,-0.021129122
6.9964089394,-0.0030976173,8.10586e-05,0.0048499117,0.0219691284,0.0148766022,-0.0126486849
7.006398201,0.0007038013,-0.0085234167,-0.0019237392,0.0207930766,0.0256099403,-0.0063431179
7.0163879395,-0.0005728594,-0.0113456473,-0.0058118096,0.0142588783,0.0415851772,-0.0075059873
7.026350975,0.0029314465,-0.0191076789,-0.0047689071,-0.0018154299,0.0499930456,-0.0096740667
7.0363769531,0.0023395286,-0.0152707277,-0.0008713595,-0.0083016921,0.0585228838,-0.0065388605
7.0463700294,0.0006967977,-0.0065996298,6.66387e-05,-0.0083384439,0.0617562309,-0.0033726282
7.0563707352,0.0069797551,-0.0066798897,-0.0027957552,-0.0061427997,0.0532482266,-0.0001308955
7.0663928986,0.0093710059,-0.004724022,-0.0047439924,0.0056179855,0.0501509681,0.0020057587
7.0763659477,0.0127854804,0.0021929704,-0.0057170382,0.0077969842,0.0406400226,0.0126895607
7.086356163,0.014416297,-0.0016146922,-0.0086136451,0.0057410235,0.0330971517,0.0074279546
7.0963521004,0.0102944095,-0.0055035129,-0.0115416637,0.0015980769,0.018092636,0.0064658872
7.1064577103,0.0130968196,-0.0054291771,-0.0037133687,-0.0078678634,0.000918709,0.0065838653
7.1163229942,0.0111882016,-0.0084845228,-0.0027362101,-0.0216412004,-0.0109611191,0.0045449492
7.1263818741,0.0132946381,-0.0077240132,-0.0085799089,-0.0184163768,-0.0120412987,0.0003001371
7.1362061501,0.0094472533,0.000861045,-0.0086559644,-0.0194949582,-0.0130655495,0.0066826693
7.1462788582,0.0075398823,0.0046309195,0.0001026996,-0.0162680056,-0.0172885247,0.0098949745
7.1561408043,0.0076965736,0.0054934309,0.0069378624,-0.014033081,-0.0290370584,0.0089072064
7.1665239334,0.0031707834,0.0004441738,0.0118035683,-0.0181818865,-0.0408891924,0.0015500914
7.1763849258,-0.0032656502,-0.0017506918,0.013708652,-0.0246017016,-0.0388076641,0.0004773703
7.1865568161,-0.0068886783,0.003800319,0.0087635526,-0.0279162712,-0.0259896033,0.0025213466
7.19627285,-0.008683932,0.0074432618,0.006764234,-0.0216478575,-0.008851896,0.0013446286
7.2062740326,-0.0146037955,0.0091642011,0.0057435641,-0.0186249036,0.012556457,0.0022660824
7.2162899971,-0.0128241237,0.0051158769,0.0087066302,-0.0176292807,0.0221643429,7.86951e-05
7.2265176773,-0.0111208139,0.0010185121,0.0087408433,-0.0230243094,0.0295950938,-0.0010281146
7.2364320755,-0.0075044846,0.0017516678,0.0058456073,-0.0272519477,0.0242245644,7.35021e-05
7.246368885,-0.0057904115,0.0034239423,0.0058490047,-0.0314549468,0.0177429616,-0.0041310964
7.2562971115,-0.005928739,0.0041077659,0.0038983233,-0.0239115469,0.0102930358,-0.007275491
7.2663879395,-0.0060686199,0.0107288416,0.0019162305,-0.008969347,0.0072748754,0.0012327761
7.2763028145,-0.0051780064,0.0155797144,-0.0020198815,0.0080346707,0.012828365,0.0096813887
7.2890629768,-0.0052836314,0.0117400531,-0.0049180975,0.0132858921,0.020414114,0.017065268
7.2968997955,-0.002462595,0.0070447475,-0.0117075434,0.0260918364,0.0226125531,0.0127934236
7.3071069717,0.0002651884,0.0053653233,-0.0106999865,0.0197274126,0.0214127991,0.0032441285
7.3168592453,0.0040164655,-0.001274534,-0.0038022392,0.0048894775,0.0137002841,-0.0105075035
7.3269209862,0.0049578082,-0.0052394355,0.0001352437,-0.0205423776,-0.003715191,-0.0241878945
7.3366498947,0.0109451404,-0.0074612107,0.0011731394,-0.0385079309,-0.0210576952,-0.0357477441
7.3465180397,0.0131972274,-0.0010655876,-0.0086083999,-0.0373281501,-0.0338922665,-0.0377901234
7.3560700417,0.0116050309,0.0053719846,-0.0155072799,-0.0233978219,-0.0422918797,-0.0324322432
7.3659529686,0.0100670969,0.0100439545,-0.0165328383,-0.0095089031,-0.0474466942,-0.0228469931
7.3759851456,0.0037204928,0.0021319136,-0.0087240925,-0.0074263103,-0.0441574231,-0.0154346172
7.3859672546,0.0031639093,-0.0008571217,-0.0077512255,-0.0032320982,-0.0366070941,-0.0112369433
7.3960328102,-0.0015003002,0.0030367803,-0.0068382015,0.0040668268,-0.0172722787,-0.006052834
7.4060459137,-0.0034037728,0.0021253482,-0.0009796612,0.0028521586,-0.0022549799,0.0012873709
7.4159960747,-0.0015641201,0.0022891399,0.00489539,0.0155134927,0.0139146689,0.0054215291
7.4260268211,-0.0057426039,0.0044299061,0.0087575326,0.02715124,0.0257795844,0.0074612438
7.4360599518,-0.004100238,0.0037421398,0.0058604488,0.0281577818,0.0322228335,0.0106081683
7.446018219,0.001419586,0.0030879527,0.00883782,0.0281665698,0.0311541073,0.0106150927
7.4561548233,0.0050118566,0.0033463687,0.0069170007,0.0217811093,0.0310539752,0.0042440118
7.4661722183,0.0096724266,-0.0023427326,0.003088773,0.0058753793,0.0201975983,-0.0009864361
7.4761929512,0.0144126574,-0.0052288361,0.0050888667,-0.0046744673,0.0061954968,-0.0040759691
7.4861750603,0.0154276164,-0.0043475647,0.0051043043,-0.0130748758,-0.0099195577,-0.006090384
7.4961147308,0.0166209117,-0.0054755462,0.0041265497,-0.0171851981,-0.0302386768,-0.0038317575
7.5061478615,0.0130554689,-0.0037045926,0.0040936479,-0.0118005518,-0.0376422666,0.0004620571
7.5161318779,0.0134630427,0.0001285048,-0.0017998212,0.0042134342,-0.0396183319,0.0047125956
7.5261378288,0.0099472189,-0.0018475838,-0.0057400456,0.0030530952,-0.0299718287,0.0089004161
7.5361227989,0.0082818624,-0.0057754102,-0.0037741058,-0.006617642,-0.0225575883,0.0099222716
7.546090126,0.0035807721,-0.0078331465,0.0020533211,-0.0151533401,-0.0226326901,0.0088663269
7.5561132431,-0.0021878288,-0.0050814664,0.0098038921,-0.0194712579,-0.0162642729,0.0077665746
7.5661067963,-0.003098951,-0.0043017846,0.0117416987,-0.0216832794,-0.0077128625,0.0098374495
7.5761642456,-0.0060819117,-0.0005905055,0.0117120156,-0.0175200887,0.0051467437,0.0097502302
7.5860700607,-0.0091387117,0.0031210175,0.0097147832,-0.0143637126,0.0115657607,0.0075816191
7.5960731506,-0.0112659968,0.0049356557,0.0048037181,-0.0048501017,0.0212948211,0.0117614493
7.6060948372,-0.0115656862,0.0088162674,0.0018463738,0.0025287187,0.03100737,0.015942879
7.6160678864,-0.0079141585,0.0059388089,-0.0039643636,0.0046768244,0.0309887286,0.0116914082
7.626057148,-0.004296788,0.0011069197,-0.0048769107,-0.0049174791,0.0298366453,0.0106431879
7.6361122131,-0.0006778344,0.0020630434,-0.0019141429,-0.0091270059,0.0233723521,0.0085636601
7.6460709572,4.62261e-05,0.003892811,0.0010178693,-0.0165777318,0.021168055,0.0075207655
7.656083107,0.0017889634,0.0067317244,0.0059023509,-0.0100521874,0.0093976818,0.0001560601
7.6660408974,0.0036975981,0.0096114567,0.0059028277,-0.0025138436,0.0030068934,-0.0040573273
7.6760530472,-0.0021592651,0.010524842,0.0039040453,0.0017364286,0.0062277205,-0.0062058326
7.686068058,-0.0060912399,0.0094866334,-0.0029618137,0.0006426685,0.0094256448,-0.0062258057
7.695994854,-0.0002144064,0.0036184876,-0.007783114,-0.0035715178,0.0029728052,-0.007244199
7.7060079575,0.0036597799,0.0036308183,-0.0087288609,0.0017497437,0.0041009206,-0.0051304479
7.7160058022,0.0104517723,0.0066510672,-0.0135658374,0.0071020317,0.0009645156,-0.0019273309
7.7260289192,0.0114939855,-0.0020792612,-0.0144968024,0.0028745299,-0.0033615232,-0.0040211082
7.7360601425,0.0124787325,-0.0040461277,-0.0095835319,-0.0088680144,-0.0034478097,-0.0029477212
7.7459897995,0.0085869404,-0.0032279911,-0.002777993,-0.0174018461,-0.0045735277,-0.0018720704
7.7560148239,0.003718551,-0.0053971121,0.001098276,-0.0142764943,0.0040183626,0.0001952085
7.7660217285,0.001668482,0.001299662,-0.0009152286,-0.002575363,0.0073515745,0.0044149868
7.7760677338,-0.0033172157,0.0032089856,1.64516e-05,0.0069106841,0.0181975644,0.0138981044
7.7859950066,-0.0015706337,0.0023621332,-0.0009434216,0.0111874547,0.0161202997,0.0170957614
7.7959389687,0.0061233062,-0.0033703898,-0.0037804835,0.0101490878,0.0118515184,0.018183928
7.8060660362,0.0089541208,-0.0031976115,-0.0037496679,0.0166570544,0.0001269514,0.0161306337
7.8159799576,0.0118859624,-0.0040164734,0.0011630662,0.002912214,-0.0139164301,0.0119848903
7.8260440826,0.0121200671,-0.0089213671,0.0041217813,-0.0087308595,-0.0247216728,0.0088759158
7.835958004,0.0064880587,-0.001323232,0.0020754344,-0.0215220228,-0.028005084,0.0110290814
7.8458652496,0.0058324756,0.0053255176,7.39701e-05,-0.0075598685,-0.0375344083,0.0089563429
7.8559770584,-0.0026457843,0.0139760906,-0.007863461,0.0041135657,-0.0320371091,0.0163495429
7.8659582138,0.0015983534,0.0150721511,-0.0078364005,0.0127318213,-0.0415896028,0.0164054707
7.8759307861,0.0020449997,0.0103579843,-0.0058571687,0.0148796607,-0.0416077115,0.0121537335
7.8859519958,-0.0004112656,-0.0012395864,0.0010048158,0.0043138354,-0.048247505,-0.004794091
7.8959159851,0.0039875144,-0.0109655326,0.0108571658,-0.0158733241,-0.0549213886,-0.016420519
7.9059529305,0.0034876696,-0.013087512,0.0196412206,-0.0286804661,-0.0539788939,-0.0196048617
7.9159698486,-0.0077418415,-0.0154032474,0.0303021669,-0.0383060612,-0.0519128144,-0.0196129847
7.9266328812,-0.0171720013,-0.013923428,0.0390111208,-0.0470364355,-0.0316096731,-0.0123018073
7.9358768463,-0.0218010265,-0.013503111,0.0330889821,-0.0440272018,-0.0112101259,-0.0039353543
7.9458961487,-0.0237624049,-0.0090744318,0.0271996856,-0.0303702429,0.0114310049,0.0065321997
7.955933094,-0.0230464619,-0.0005832347,0.0232502818,-0.0219934024,0.026561223,0.0181133542
7.9658780098,-0.0174537208,-0.0046627689,0.0233302712,-0.0230994113,0.0308369268,0.0191487912
7.9758749008,-0.0138525423,-0.004839452,0.0243407488,-0.0241660066,0.0297801849,0.0212801192
7.9858827591,-0.0093082003,-0.0021621366,0.0175241232,-0.0316907689,0.0382269323,0.0159186441
7.9959340096,-0.0048307152,0.0014344398,0.0087546716,-0.0296075139,0.0456981659,0.0126811732
8.0058908463,-0.0082447184,0.0079437783,0.000886143,-0.0296903383,0.0574179366,0.0083556669
8.0160198212,-0.0068191132,0.0067025772,-0.0010465377,-0.0286149513,0.0574059524,0.0062312633
8.0259103775,-0.0053849937,0.0083690016,-0.0108072152,-0.0275054816,0.0531211942,0.0041334908
8.0358715057,0.003946498,0.0111203222,-0.0136724105,-0.0188098587,0.0350005105,0.0021202741
8.045955658,0.0105880955,0.0100183245,-0.0136100641,-0.0185781643,0.0092967479,-0.0040875543
8.0561990738,0.0145873921,0.0069544334,-0.0135499826,-0.0193563402,-0.0228393506,-0.0113140419
8.0658397675,0.0179313608,-8.1141e-05,-0.0154608479,-0.0287700836,-0.0422412753,-0.0218055658
8.0758600235,0.0155303059,0.0005127793,-0.0233091116,-0.0350599363,-0.0540931411,-0.0270357467
8.0858888626,0.011223672,0.0020127827,-0.0292205215,-0.040395312,-0.0530928597,-0.0302256811
8.0957632065,0.0088291802,0.0055254316,-0.0341706276,-0.0286872592,-0.0497777574,-0.0281305723
8.1058702469,0.0063446751,0.0130845616,-0.034237802,-0.0169877261,-0.0474861041,-0.0207168646
8.1158399582,0.0029370876,0.007062369,-0.0293608308,-0.011635704,-0.0495772213,-0.0207095407
8.1258392334,0.005341161,0.0050223172,-0.0254299045,-0.010584021,-0.0484821275,-0.0185925942
8.1357898712,0.0028029063,0.0059041823,-0.0195913315,-0.0105920099,-0.0463702418,-0.0217942465
8.1458206177,0.0012033748,0.0087200524,-0.0176739097,-0.0096210223,-0.0366981737,-0.0165456887
8.1557941437,-0.0005557585,0.015528542,-0.0099110594,-0.0001088763,-0.0269640554,-0.0113015249
8.1658229828,-0.0003802852,0.0146770449,-0.0060069552,0.0168397464,-0.0139438603,-0.0039610537
8.1757888794,-0.0062329005,0.0177876726,-0.005090951,0.0273774751,0.0032274036,-0.005141234
8.1857652664,-0.008229658,0.012171967,-0.0050736656,0.0273018405,0.0128368875,-0.0062658871
8.195763588,-0.0084370077,0.0114647383,-0.0031170242,0.02508769,0.0245310944,-0.0116521306
8.2058610916,-0.0037913166,0.0107562877,-0.0011146658,0.0176963527,0.0179885067,-0.0201036707
8.2160186768,-0.0020207858,0.0089908643,0.0018482215,0.0145120118,0.0147788655,-0.0179574303
8.2258205414,0.0046614921,0.0092025446,-0.0010181061,0.0166241638,0.0159003213,-0.013716612
8.2357387543,0.0064911544,0.0074255955,-0.0029536479,0.0272828005,0.0160241593,-0.0084109297
8.245800972,0.0043657962,0.0077253799,0.0028927333,0.0326498672,0.0107580237,-0.0041309637
8.2557544708,0.0042307572,0.0051219091,0.0078080306,0.0325860865,0.0151072331,0.0043390873
8.2657365799,0.0051228805,-0.0013790336,0.0088170776,0.0336273834,0.016229488,0.0096430387
8.275724411,0.0030710723,-0.0030409293,0.0029599674,0.0347024985,0.0162180364,0.0075183688
8.2858753204,0.0029525047,-0.0086148465,0.0010395057,0.0293570049,0.0151533056,0.012840963
8.2960758209,0.0057447599,-0.0063810064,7.97518e-05,0.0304402448,0.0109359231,0.0181775372
8.3057413101,0.0114841172,-0.0080101034,-0.0018261663,0.0282828175,0.0120243579,0.02242155
8.315700531,0.0113830119,-0.0116909668,-0.0037624233,0.0229543634,0.011961773,0.0203024745
8.3257331848,0.0072923684,-0.0105728833,0.0010917194,0.0100822411,0.0203944054,0.0181319974
8.3359451294,0.0031296096,-0.0076031862,0.0059310207,0.0079421261,0.0203906782,0.0191940665
8.3457603455,-6.11014e-05,-0.0026356722,0.0088171968,0.0111285979,0.0215022806,0.0213094149
8.3557186127,-0.0032185486,-0.0024866783,0.0136868963,0.0196729507,0.0205089226,0.0223721508
8.3658657074,-0.0043867994,-0.004236524,0.0156418681,0.0228841901,0.0173727833,0.0277022012
8.3757371902,-0.0045748698,-0.0029804963,0.0166199207,0.0324992687,0.0153341331,0.0308971945
8.3910579681,-0.0027770197,-0.0024829749,0.0127299437,0.0623674169,0.0145690069,0.0393804274
8.3967151642,-0.0029865813,0.0040106317,0.0058642039,0.0676166415,0.0221608803,0.0478281081
8.4057693481,-0.0011059,-0.0089167692,0.0049637565,0.0708824769,0.0115617653,0.0553313009
8.4154443741,-0.0012155111,-0.0034171385,4.91746e-05,0.0560020618,0.0060514193,0.0490014963
8.4254083633,-0.0011621519,-0.0138043519,0.0001092561,0.0144588817,0.0023693328,0.0309937354
8.4354028702,0.0008459621,-0.0177901275,-0.0027898543,-0.0291300081,-0.0099272802,0.0077327527
8.4455413818,-0.0019733526,-0.013336421,-0.0038118355,-0.0514635481,-0.0134517085,-0.0092270551
8.4558439255,-0.0019183384,-0.0002178759,-0.0048645129,-0.0556636155,-0.0178496521,-0.0198197775
8.4657154083,-0.000743677,0.0011832339,-0.0019355409,-0.0576793626,-0.0286349226,-0.0293099526
8.4754190445,0.0045597507,-0.0139590809,0.0147852907,-0.068140924,-0.0522803329,-0.0355253704
8.4854803085,0.0012884251,-0.0283318926,0.0353332758,-0.0914635509,-0.072749652,-0.0332515649
8.4954509735,-0.0096857287,-0.0362104923,0.0440688133,-0.1128288954,-0.0707775876,-0.0332493
8.5054769516,-0.0148379952,-0.03549885,0.0312888622,-0.1161485314,-0.0589920282,-0.0269490611
8.5154352188,-0.0193556696,-0.0219658911,0.0204330087,-0.1004573181,-0.0256132986,-0.0123018082
8.5255718231,-0.0173134543,-0.0112145776,0.0125705609,-0.0900478214,-0.0007870456,0.006652975
8.535615921,-0.0164452139,-0.0051904744,0.0105848322,-0.0709988922,0.0144315884,0.0192900747
8.5456047058,-0.0137132471,1.35834e-05,0.0037335164,-0.0582966805,0.0221294556,0.0330423713
8.5556402206,-0.0071704229,0.0015100585,-0.0020787113,-0.044528272,0.0340212658,0.0361421593
8.5655994415,-0.0016830686,0.0050884984,-0.0069285622,-0.0349201187,0.0351371318,0.0329410397
8.5756063461,0.0008058947,0.0126930401,0.0047771344,-0.0305726454,0.0286925491,0.0255439747
8.5855922699,0.0034369926,0.0203083288,0.0106222043,-0.032584928,0.0178982243,0.014991465
8.5956163406,0.0023056052,0.018980423,0.0135512957,-0.0442580953,0.0186732057,-0.0094430381
8.6055860519,-0.0027468989,0.0252821334,0.0076143155,-0.0538287014,0.0216420982,-0.0285786483
8.6155738831,-0.0039175861,0.0334772393,0.0026836998,-0.0558907837,0.0162073839,-0.0370400436
8.6256046295,-0.0040695798,0.0418054014,-0.0012705319,-0.0334054455,0.0099231228,-0.0423269495
8.6355333328,-0.0031134097,0.0405799337,-0.007131218,-0.017289862,-0.0017292718,-0.044386372
8.6455821991,0.0028913214,0.0287467502,-0.0109322062,-0.0129992431,-0.0038427564,-0.0454380549
8.6555585861,0.0030527802,0.0148657775,-0.015755713,-0.0194064081,-0.0038845683,-0.0443702601
8.6655521393,0.0051105395,0.0058662323,-0.0127677908,-0.0268294364,-0.0061613051,-0.053911835
8.6755523682,0.0061496021,-0.0012785727,-0.0049132695,-0.0406596288,-0.0084819831,-0.0634514168
8.6855144501,0.006117166,0.0012677098,0.0107067237,-0.0417672396,-0.0052478402,-0.0592220463
8.6955471039,-0.0007758803,0.0096212877,0.0086434493,-0.0205996372,0.0131665878,-0.0497944579
8.7055273056,-0.0097569274,0.0102891549,-0.0051035872,-0.004848104,0.0390666276,-0.0350999348
8.7154369354,-0.0043625729,0.0103344945,-0.0099351397,0.0216311738,0.057589978,-0.0171752591
8.7254943848,-0.003095465,0.017476188,-0.0128860464,0.0460449047,0.0685938969,-0.0023901882
8.7354831696,0.0050520478,0.0111825205,-0.0117768636,0.0503658801,0.0590786859,0.0051018167
8.7455453873,0.0123785837,0.0029707598,-0.0077549806,0.0505520403,0.03767699,0.002053296
8.7554588318,0.0100791976,0.0024342667,-0.0058106175,0.0367664509,0.0289687198,-0.0031896695
8.7654953003,0.010905873,-0.0061147548,-0.0116201034,0.0144454315,0.0222743321,-0.0158793647
8.7754602432,0.0116867544,-0.009068151,-0.0174472928,-0.0143868821,0.0283580571,-0.0286488235
8.7854537964,0.0084148291,-0.0004757959,-0.0116637936,-0.0186404809,0.0251460187,-0.0254378505
8.7955141068,0.0081216991,0.0062078545,-0.0068113199,-0.0111500761,0.0220173374,-0.0232988
8.8055200577,0.0059082098,0.0109867966,-0.011738657,0.0079826061,0.0286507383,-0.0148560451
8.8153457642,0.0026540628,0.0179500133,-0.0225378275,0.0345287286,0.0407249779,-0.001138902
8.8254489899,0.003154821,0.0193566643,-0.0244845748,0.0493444279,0.0526780449,0.0083347606
8.835474968,0.0075041726,0.0131501239,-0.0204946399,0.0643092617,0.0495996922,0.0094050858
8.8455171585,0.0060640322,0.0050407345,-0.0096999398,0.058004763,0.0398772955,0.003098187
8.8554372787,0.0048522218,-0.0140000498,0.0040674815,0.0197785459,0.0191869289,-0.0073664384
8.8654155731,0.0056955339,-0.0207901131,0.0099734673,-0.014316841,0.0135338372,-0.0126179252
8.87541008,-0.0002526065,-0.0171778109,0.0040522227,-0.0249772072,0.0123708341,-0.0136640146
8.8854436874,-0.0053600641,-0.0096631264,0.0020220287,-0.0208232105,0.0231635608,-0.0052377731
8.8954849243,-0.0067219227,0.0009024377,0.0029377944,-0.0017460538,0.0341253988,0.0095516928
8.9053869247,-0.0052351574,0.0127168223,-3.55832e-05,0.0258735903,0.0430528484,0.0285975561
8.9153995514,-0.0037729826,0.016033724,0.0048508653,0.0418885089,0.0400280282,0.0349787548
8.9254140854,-0.0002038625,0.0037927097,0.0137501964,0.033440426,0.0313578434,0.0286665298
8.93542099,0.0015323161,-0.0105359629,0.0177502036,0.012206113,0.0246224403,0.0106663592
8.9454851151,-0.0006280391,-0.0124584539,0.022618413,-0.0111524723,0.0147045627,-0.0030641011
8.9553956985,-0.0017448968,-0.0135839628,0.0294535756,-0.0313456282,0.0070000375,-0.0104351984
8.9653701782,-0.00675087,-0.0100821415,0.0293906331,-0.0378064513,0.0154640963,-0.014735138
8.9753856659,-0.0089357058,0.0012319079,0.0136879692,-0.0219597146,0.0337943658,-0.0106164264
8.9851894379,-0.0064199427,0.0117503516,0.0019381649,-0.0103129121,0.0424983762,-0.0032442641
8.9953603745,-0.0009794099,0.0097633908,0.0029603846,-0.0039073434,0.0404538698,0.0020773974
9.0053739548,0.0006152337,0.0028832406,0.0049744258,-0.0102081168,0.0286302306,3.36876e-05
9.0153856277,0.0082890391,-0.0049938895,0.0001825102,-0.0164725352,0.0146188084,-0.0083721802
9.0253410339,0.0071806088,-0.0003695078,-0.010591506,-0.0250380617,0.0177589413,-0.0083865616
9.0353288651,0.0050436854,0.0022573303,-0.0164832473,-0.0282345228,0.0198101085,-0.0158352908
9.0454006195,0.0028915356,0.0030192067,-0.0145622483,-0.0164843872,0.0188321956,-0.0158371553
9.0553245544,0.0017142125,0.0097627109,-0.0155851832,-0.000421931,0.0135929585,-0.0179385208
9.0653457642,0.0045427447,0.0088558355,-0.0145777455,0.0145655405,0.0083649075,-0.017915085
9.0753097534,0.0074788919,0.0061427685,-0.0135539761,0.0253750458,-0.0075930199,-0.01888128
9.0853347778,0.01056235,0.0025722785,-0.0066702357,0.0287442114,-0.0278740562,-0.0187521167
9.0953559875,0.009987914,-0.0049705389,0.0021508939,0.010801428,-0.0525967143,-0.0185784791
9.1053237915,0.0058137844,-0.018584298,0.009032608,-0.0029412815,-0.0676933676,-0.0216581579
9.1153078079,-0.0012852814,-0.0197999142,0.0030952103,-0.0253748167,-0.0636363178,-0.0269811526
9.1253213882,-0.0025379914,-0.0240711961,-0.0037441247,-0.0371441245,-0.0615625083,-0.0237992071
9.135307312,-0.0020771774,-0.0146676749,0.0010887987,-0.0319530927,-0.0496368781,-0.0090074781
9.1452932358,-0.0056207795,-0.0062110173,0.0019856102,-0.0203587562,-0.0366126895,0.0036486625
9.1552686691,-0.0013975558,-0.006288032,0.0020294792,-0.002313707,-0.026797872,0.0099459738
9.1652822495,-0.0022059639,-0.0053167185,0.0059196362,-0.0002473602,-0.0192821659,0.0120205758
9.1752414703,-0.0011391497,-0.0061929887,0.0117943892,0.0145912403,-0.0084345788,0.0172520895
9.1853151321,-0.0021625108,0.002817099,0.0146797905,0.0209114552,0.0002009873,0.0214412417
9.1951713562,0.0007370027,0.005073606,0.0186033845,0.028379757,-0.0007769255,0.0256935097
9.2052536011,-0.0002520973,0.0024426011,0.019582212,0.0230007023,0.0034748113,0.0277944785
9.2152881622,-0.0022285462,-0.0012305183,0.0205759406,0.0186809227,0.0098490873,0.0277586579
9.2252607346,-0.0023068162,-0.0040564639,0.015694499,0.0058210511,0.0172039382,0.0245327726
9.2351360321,-0.0025016451,-0.0059874756,0.0118045816,-0.004946908,0.0288677868,0.0223356653
9.2452917099,-0.0047783768,-0.0061267777,0.0088599334,-0.0199519563,0.036233291,0.0222983807
9.2552623749,-0.0032549195,-0.0014640782,0.0088440785,-0.0285188127,0.040422976,0.0201529376
9.2651939392,-0.0056434227,0.0040341364,0.0078202495,-0.0359748676,0.039278347,0.0180407856
9.2751722336,-0.0031137192,0.0076502915,0.003912569,-0.0199749917,0.0394306816,0.021215139
9.2852249146,-0.0016001082,0.019224951,-4.00536e-05,-0.0071449475,0.0352910608,0.0254825875
9.2952613831,7.61949e-05,0.0192499198,-0.0039304486,0.0110961078,0.0247249734,0.0234141108
9.3052206039,0.0008350824,0.0183520168,-0.0058673611,0.0015034014,0.0246144515,0.0191719625
9.3152856827,0.0026262647,0.0125177428,-0.0097274771,0.0015400201,0.0255646668,0.0053550829
9.3252153397,-0.0024923328,0.0142968846,-0.0195547342,-0.0241184719,0.0348854661,-0.0063737445
9.3351764679,-0.0027605146,0.0080932975,-0.0195268989,-0.0411307439,0.0303975046,-0.0158945452
9.3452348709,0.0007970171,0.0174626149,-0.0263813734,-0.0357729942,0.0303844549,-0.0222725496
9.355348587,0.0005757696,0.0190891325,-0.0263995528,-0.0260359459,0.0133857653,-0.0189816821
9.3651723862,0.0073294593,0.0199498832,-0.0224339962,-0.0056409277,-0.0024429993,-0.0135813244
9.3751573563,0.0074328678,0.0150280539,-0.0233956575,0.0029472345,-0.0087797241,-0.0124841016
9.3851938248,0.008612846,0.0062884716,-0.0243259668,0.0072434461,-0.0140450597,-0.0071410015
9.3954048157,0.0048032729,0.0043494524,-0.0243408084,0.0061175944,-0.006580486,-0.0082514063
9.405172348,0.0058594127,0.0014987867,-0.020403564,0.0050709723,-0.0066430699,-0.014624618
9.4152030945,0.0039806268,0.0005646879,-0.017488718,0.0050786952,-0.0087544248,-0.011423232
9.4251613617,0.0039891698,0.0064349733,-0.0165426135,-0.0013573663,-0.0045381077,-0.0125084687
9.4353294373,0.0069482299,0.0074187154,-0.0135827651,0.0007832823,-0.0066270917,-0.0082447482
9.4451789856,0.0098642977,0.0104200402,-0.0135822287,0.0113887889,0.0009546618,-0.0061765374
9.4551172256,0.0078859916,0.0115104625,-0.0077372184,0.0114136897,-0.0043402351,-0.0008319728
9.4652299881,0.0108456463,0.009734394,0.0010986336,0.0125055863,-0.0064875418,-0.0029435931
9.4751443863,0.0050680446,0.0049433736,0.0069283852,0.0093177818,-0.0075964821,-0.0050602732
9.4851293564,0.0051085893,0.0070122546,0.0039845714,0.0188577585,-0.0010736017,-0.0008596696
9.4951200485,0.0031336981,0.007219322,6.50294e-05,0.0305064246,0.0086714365,0.0033188302
9.5051031113,0.0020740752,0.0055893259,0.0020208366,0.0326659828,0.004440207,0.0065319343
9.5151863098,0.0049509895,0.0011046818,0.0069673071,0.0369504765,0.003387992,0.0044101933
9.5251531601,0.0059820972,-0.0083850781,0.0050619254,0.0209778994,0.0010723735,-0.0019379836
9.5350551605,0.00893394,-0.0092603667,0.0021634705,0.010304084,-5.52088e-05,0.001265666
9.5451030731,0.0088369278,0.0015292889,0.004071177,0.0028570862,-0.004360741,0.0044859606
9.5550937653,0.0098640155,0.0006464255,0.0079932222,0.0136123952,-0.014948138,0.0066722822
9.565164566,0.0080742398,-0.0011816351,0.0079789171,0.0157559738,-0.0160003528,0.0066776085
9.575056076,0.0053442176,-0.0040503629,0.0079793939,0.002957887,-0.0203104131,0.0141509715
9.585059166,0.0016594162,-0.0069957781,0.0040426264,0.0007983297,-0.0160791837,0.0109378677
9.5951070786,-0.0001353963,-0.0099402722,0.0011129982,0.0028806543,-0.0096508451,0.0108949915
9.6050987244,0.0019003492,-0.0049907118,0.0001367934,0.0093044657,-0.0127893798,0.0130356401
9.6150636673,0.0028916632,5.76517e-05,0.0020756132,0.0167329535,-0.0094830655,0.0172555521
9.6251411438,0.0030309826,-0.0017787721,0.0030528314,0.0082622375,-0.0170483068,0.0151857426
9.635055542,0.0041868892,-0.0105091715,0.0119026313,-0.0119848438,-0.0193828344,0.0109674279
9.6450576782,-0.0005198644,-0.0058166077,0.0108639607,-0.0141356122,-0.0162203312,0.0077612489
9.6550807953,-0.0043748859,0.001848497,0.0088337073,-0.006740679,-0.0075954171,0.0098253321
9.6650085449,-0.0102336667,0.0056487024,0.0068192491,-0.0057646306,0.0031091592,0.0108176265
9.6750326157,-0.0093231983,0.0007472523,0.00782621,-0.001595852,0.0149085615,0.0117999334
9.6850261688,-0.0066142045,0.0095437141,0.000960172,0.0026156707,0.0224136151,0.0106859328
9.694849968,-0.0039081913,0.0056496086,2.96243e-05,-0.004841581,0.0233651623,0.0043131215
9.7048597336,-0.0040771398,-0.0003009513,0.0010361678,-0.0165182091,0.0178763866,-0.0020174789
9.714802742,-0.0062246872,-0.001509727,0.0049256096,-0.0324907824,0.0155607685,-0.0083656562
9.7252464294,-0.0044132052,0.0001722984,0.0049388418,-0.0271362327,0.0124177057,-0.0062260721
9.735004425,-0.0075167394,0.0067326594,-0.0029363029,-0.0165211372,0.0199738927,-0.0073456652
9.7449960709,-0.0077270311,0.0085648485,-0.0039288988,-0.0048375847,0.0254445579,-0.003139735
9.7549972534,-0.005055659,0.0066522202,-0.0029217594,0.0058274423,0.0255513508,4.07451e-05
9.7649879456,-0.0062861107,0.005750414,0.0009848484,0.0069001638,0.0244999342,0.0011092052
9.7749929428,-0.0035022269,0.0019353814,-0.0009220235,0.0080360025,0.0159621071,0.001161936
9.7849760056,0.000245921,0.0039800974,-0.0028593533,0.0059504812,0.009542292,0.002267414
9.7949762344,0.0031931216,-0.0008571515,-0.0047665229,0.0017781062,-0.0012009008,0.0002175788
9.8049173355,0.0032092908,-0.0008216258,-0.003774523,0.0028819861,-0.0023338094,-0.0082749752
9.8149452209,0.0023085529,-0.0008308146,-0.0047662249,-0.0023937356,-0.0088108834,-0.0114183044
9.824962616,0.0043526059,-0.0018949914,-0.0047516814,-0.0162576195,-0.0099959904,-0.0124633284
9.8349199295,0.003457729,0.0028108349,-0.0028303855,-0.016221799,-0.0142722279,-0.0124349669
9.8449525833,0.0016402568,0.0075120032,-0.003838598,-0.0129985763,-0.0163939688,-0.0134858489
9.8549413681,-0.0001048223,0.0064254422,-0.0058076968,-0.0065543922,-0.0206307918,-0.0145240827
9.8649349213,0.0039980384,0.007333762,-0.0067543974,-0.00763031,-0.0216624998,-0.0092046848
9.8749370575,0.0022807233,0.0072818743,-0.0067852726,0.0009177728,-0.0237123352,-0.0070742895
9.8848962784,0.00546845,0.0073485458,-0.0096841445,0.0062600737,-0.0247307271,-0.0060090246
9.8948793411,0.0057536918,0.0005786187,-0.0047706952,0.0009501297,-0.0258878712,-0.0113088489
9.9049482346,0.0030831599,-0.0013638902,-0.0008646242,-6.6665e-05,-0.0291656908,-0.0187236201
9.9149093628,0.0013289569,0.0034089321,0.002018214,-0.0150813023,-0.0217746198,-0.015573102
9.9249534607,0.0063884584,0.0053091627,0.0040007839,-0.0033577997,-0.0174541734,-0.020921262
9.9347276688,-0.0042893188,0.0139916027,-0.0029726021,0.0028662747,0.0018894312,-0.0146780144
9.9449872971,-0.0004046637,0.0141029581,-1.16818e-05,0.0188774653,-7.8911e-05,-0.0093644746
9.9548835754,-0.0014466447,0.014316746,-0.0029394024,0.0283406079,0.0150110926,-0.0030941949
9.9648513794,-0.0015496392,0.0087309973,-0.0038831227,0.0262303203,0.0128390184,-0.0052034184
9.9748620987,0.0081201093,0.0031824508,-0.0027978413,0.0177308396,0.00848688,-0.0062305997
9.9848232269,0.0031933894,-0.0055075022,0.0011093623,0.004946602,0.0062322477,-0.0083318334
9.9948749542,0.00410432,-0.0054637683,-0.0008280866,0.0049123806,0.0105031598,-0.0094243959
10.0048713684,-0.000946341,-0.0015942557,-0.0057715764,0.002675592,0.0233023129,-0.010568223
10.0148258209,-0.0051089297,-0.0005944054,-0.0028871887,0.0111658825,0.0266344585,-0.0031573118
10.0248851776,-0.0054409662,0.009326647,-0.0019551509,0.0239783507,0.0246322937,0.0010962891
10.0348453522,-0.0027393992,0.0096006226,-0.0019229047,0.0272218138,0.0182739981,0.0043213768
10.0448741913,0.0029751684,0.007959377,-0.0057813516,0.0336613394,0.0140486266,0.0043442803
10.0548048019,0.003841921,0.0053101401,-0.0077021709,0.0241012555,0.0096703889,0.001193095
10.0648002625,0.004809537,-0.000322232,-0.0037642114,0.0124424687,-4.80183e-05,0.0002018665
10.0747747421,0.0028809852,-0.003125038,0.0001426943,0.0114481775,-0.0075669214,-0.0029346717
10.0848197937,0.0019688213,-2.71313e-05,0.0030581362,0.0200382024,-0.0128626171,-0.0050311117
10.094786644,0.0001535785,-0.00083138,0.0069500813,0.0115408553,-0.0182680339,-0.0049922299
10.1048088074,0.0004076649,-0.0046443641,0.0050279507,0.0105243269,-0.0236380324,-0.0070814798
10.1148061752,-0.0003253728,-0.0026264265,0.0030446656,0.0062564774,-0.0236745179,-0.0070765531
10.1247968674,-0.0020499958,-0.0055484017,0.0030445463,-0.0023354124,-0.0173282046,-0.0071117068
10.1347646713,0.0029678314,-0.0026257904,0.0011217601,0.0008709002,-0.017313825,-0.0081757726
10.144654274,0.0001550749,-0.0016461508,0.0030442483,-0.0034444863,-0.0109525975,-0.0103387916
10.1547861099,-0.0007137227,-0.0016822885,0.005973638,-0.0034544719,-0.0109283626,-0.0082171848
10.1647319794,-0.0016013769,-0.0036625275,0.0069499621,-0.0024693692,-0.0033846926,-0.0018924435
10.1747522354,-0.0045668664,-0.0017373534,0.0059429416,0.0038543064,0.0062887073,-0.0008953558
10.1847839355,-0.0046761814,-0.001666422,0.006919981,0.0101952925,0.0148699451,-0.0030802132
10.1947755814,-0.0078176679,-0.0006190179,0.0068901787,0.0004879385,0.0265620202,-0.00208752
10.2047595978,-0.0032482119,0.0004410874,0.0137569318,0.0090747681,0.0191831999,0.0022038976
10.2147436142,-0.0035043606,0.0063900673,0.0068912515,0.0110971732,0.0320425369,0.0042438791
10.2249517441,-0.0046758582,-0.0033232202,0.0040077576,0.0058286414,0.024502065,0.0021716733
