0.0000000000,-0.0038036646,-0.0032511537,-0.0036954491,0.0092187217,0.0012514140,-0.0231460817
0.0098489523,-0.0008361282,-0.0040711644,-0.005601129,0.0124264993,-0.0018756698,-0.0167536978
0.0198420286,-0.0017451884,-0.0049127373,-0.0046161027,0.00921233,-0.0029148352,-0.0103703663
0.0298830271,0.0012553392,-0.0087194033,-0.0036118834,0.0017472235,-0.0050818492,-0.0071644532
0.0399899483,0.0022526591,-0.0087343641,-0.0055573792,-0.0057668863,-0.0008460918,-0.0050621536
0.0501060486,0.0022542535,-0.0078112367,-0.0026428907,-0.0089602815,-0.0019395858,-0.0050528329
0.0601969957,-0.0006587895,-0.008881215,0.0012276561,-0.0089501617,-0.0019662173,-0.0082401037
0.0718809366,-0.0006033572,-0.0079173334,0.0002199204,-0.0014277976,-0.0051779896,-0.0156612694
0.0800659657,-0.0044563804,-0.003003407,-0.0037484376,0.008173164,-0.0019497058,-0.0209974442
0.090247035,-0.0053636972,-0.0038177257,-0.0047140331,0.0178042203,-0.0040309662,-0.0231154561
0.0999009609,-0.0023491622,-0.0045414451,-0.0056396336,0.019937411,-0.0040112585,-0.0231186524
0.1099690199,-0.0003191771,-0.0082122423,-0.0036388247,0.0146007035,-0.0061447169,-0.0177891348
0.1199510098,0.0007759837,-0.0139030851,0.0003092081,0.0050311666,-0.0115445424,-0.0156226531
0.1300430298,0.0028843938,-0.0148072876,-0.0016523211,0.0007775659,-0.0147565808,-0.0124116801
0.1399979591,0.0039733406,-0.0098841377,0.0002497823,-0.0013690749,-0.0157898869,-0.0070948116
0.1499910355,0.0031239002,-0.0089216717,-0.0017503707,-0.0035195779,-0.0147195635,-0.0049754679
0.1600949764,0.0013389348,-0.0079794712,-0.0027836768,-0.0013829237,-0.0136598907,-0.0071049314
0.1700509787,0.0029205887,-0.0042208466,-0.003723046,0.0018402999,-0.0157816317,-0.0081558153
0.1800589561,0.002127832,-0.0012992952,-0.0014404862,0.0060526226,-0.0093250638,-0.0071392865
0.1901110411,-0.0005366,-0.0017666701,0.0009208114,0.0167159196,-0.007123162,-0.0092857946
0.2002739906,-0.0018417479,-0.0006991957,0.0032675655,0.0167232417,-0.0081868293,-0.0082145371
0.2117569447,-0.0033960582,-0.0001591776,0.0026545913,0.0156609081,-0.007162577,-0.0124700032
0.2202260494,-0.003879586,-0.0008478198,0.0018610151,0.0146089587,-0.0082571367,-0.0145872161
0.2298840284,-0.0070548002,0.0002023842,-0.0019928424,0.009303676,-0.012564267,-0.0134931896
0.2398170233,-0.0060153697,-0.0027458554,-0.0019906966,0.0018618722,-0.0168844461,-0.0123992953
0.2498619556,-0.0030104162,5.2418e-06,-8.37057e-05,-0.0064810123,-0.0634764507,0.0463401861
0.2598990202,0.0068408903,0.0006869998,-9.18715e-05,-0.0197623298,-0.3691106737,0.3160575628
0.2700459957,-0.0069017056,0.00720821,-0.0012360422,-0.007200731,-0.4642361403,0.3049793243
0.2801209688,-0.0959195271,-0.0133715607,-0.0176711287,-0.0124556813,-0.1106615365,0.0339030884
0.2899399996,-0.0584546104,-0.0053532454,-0.001938185,-0.0185234286,0.0020570201,-0.0284423102
0.2999149561,0.0138145145,0.0011729713,0.0122613702,-0.0109768286,-0.0137658855,-0.010282482
0.3098919392,-0.011126006,0.0029345865,0.0031573565,-0.0045833774,-0.0095048277,-0.0177513175
0.3199750185,-0.0001581701,0.0043101278,0.0022563131,0.0050210464,-0.0073346179,-0.0230858941
0.3300509453,-0.0088168923,0.0043859747,-0.000749728,0.0135828434,-0.0083735166,-0.0273347013
0.3399909735,-0.0053039584,0.006506261,-0.0006188362,0.0114440583,-0.0094246659,-0.0230757743
0.3499330282,-0.0039923582,0.002384525,-0.0016760438,0.0029155519,-0.0116100563,-0.0209308639
0.3598979712,0.0029977022,0.0013752844,-0.0005877226,-0.0045675309,-0.0116388183,-0.0177391991
0.369928956,0.0062902179,-0.0012457106,0.004742959,-0.0067161703,-0.0116191106,-0.0134882629
0.3799090385,0.0085327681,-0.0063643488,0.0127499495,-0.0109884134,-0.0126894349,-0.009226406
0.3899019957,0.0098304655,-0.0086135603,0.0126396809,-0.0206037536,-0.0116950106,-0.0092261396
0.3999480009,0.0077199098,-0.0060946229,0.0067358403,-0.0163405687,-0.010600186,-0.0102996593
0.4098939896,0.0010849594,-0.0054629478,0.0026689561,-0.0120499497,-0.0127136707,-0.0113513414
0.4199739695,9.44046e-05,0.0001416768,-0.0003314822,-0.0003442904,-0.0083468854,-0.0113883596
0.4299260378,5.72709e-05,-0.000820506,-0.0003158062,0.0071027065,-0.0040413523,-0.0146086542
0.4399039745,0.0008809624,-0.0006740276,0.0007313282,0.0135142673,-0.005055218,-0.0135423243
0.4498980045,0.0026627241,0.0024907554,0.0017772706,0.0166589282,-0.0017427781,-0.0040044794
0.459897995,0.0054163542,0.0028438086,0.0058038621,0.0156023186,-0.0049175322,0.0002647012
0.4698909521,0.0042838659,-0.0026982164,0.0088420901,0.0048759044,-0.0006799105,0.0055566682
0.4798549414,0.0012084006,-0.0055041495,0.0088890586,0.0038472586,-0.0060171513,0.0077184895
0.4898509979,-0.0017269941,-0.0015090142,0.008873919,0.0016773148,-0.001758757,0.0076923901
0.4998760223,-0.0027163418,0.0003774877,0.0078584943,0.0006262986,-0.0039020691,0.0077058394
0.5098459721,-0.00467957,0.0003005381,0.007836679,-0.0100846682,0.0013408961,0.0055545382
0.5198589563,-0.001742074,-0.0037156378,0.0107908044,-0.0185344778,-0.0073236981,0.0003063795
0.5298099518,0.0011648147,-0.003994945,0.010783175,-0.0217526443,-0.0041694506,-0.0028990011
0.5398279428,0.0001339672,-0.0033197289,0.0068366914,-0.0196213163,-0.003099126,-0.0050337911
0.5498160124,-0.000946069,0.0014914389,0.0038891227,-0.0047446312,0.005557213,-0.0061627049
0.5598729849,-0.0010062398,0.00845493,0.0009426863,0.0059362422,0.0045769033,-0.0050998377
0.5698699951,-0.0010071786,0.0085612498,-0.0019645898,0.0143965725,0.012169309,0.000156976
0.579810977,-0.0010330172,0.0067356941,-0.0019197075,0.0165059287,0.0122516006,0.0075905249
0.5898280144,0.001896864,0.0068429378,-0.0009203761,0.0069172177,0.0079476666,0.0129370866
0.5998129845,0.0048672613,0.0040167985,0.0030298622,-0.0004711896,-0.001739316,0.0119434614
0.6097949743,0.006848773,0.0010884072,0.00793151,-0.0111400802,-0.0007893664,0.0076951869
0.6197789907,0.0078892913,1.26328e-05,0.0059662252,-0.0153318942,-0.0072997301,0.0003043821
0.6297849417,0.0030526577,-0.0002172325,0.0049083619,-0.0132679455,0.0054509523,-0.0104036555
0.6397809982,-0.0067458097,0.0024038667,0.0008904726,-0.0025857398,0.0086491425,-0.0210557673
0.649772048,-0.0088028107,0.0052328524,-0.0010808914,0.0112499148,0.0140910465,-0.0221631099
0.6597429514,-0.0079373959,0.0062673655,-0.0029967634,0.0155041814,0.0141632184,-0.0179184303
0.6699179411,-0.001254359,0.0044252691,-0.002888879,0.0112436563,0.0109692886,-0.0125827873
0.6799869537,0.0044770595,0.00155912,-0.0008200019,0.0038139694,0.001390431,-0.0008281271
0.6897770166,0.0072689857,0.0005924817,0.0002155096,0.0005718367,0.0025158827,0.0087283598
0.6997369528,0.0081030037,0.0005611893,0.0002450735,-0.0036929492,0.001424253,0.0098002823
0.7097439766,0.0080665853,-0.0005123202,0.0012164505,-0.0122094722,0.0002532611,0.0055642584
0.7197389603,0.0052797701,-0.0046181115,0.0001895816,-0.0164573472,0.0001640451,-0.0008056234
0.7297329903,0.0015079884,-0.0029365604,-0.002850434,-0.0164416339,-0.0009227908,-0.0029233689
0.7398530245,-0.0022816004,-0.0031915789,-0.0058682174,-0.0121619347,0.0011752474,-0.0114390925
0.7497769594,-0.0032752843,-0.0003496741,-0.0078622904,0.0038628383,0.0012628655,-0.0157004166
0.7597759962,0.0024532287,0.0027635808,-0.0048465342,0.016652137,0.0014136003,-0.0093346629
0.7697449923,0.0042803492,0.0049498496,-0.0077087493,0.0241223034,0.0004298287,-0.0061463267
0.7798190117,0.0031845181,0.0032350684,-0.0076384158,0.0251598712,-0.0005299746,0.0055449507
0.7897260189,0.0050113108,0.0014732595,-0.0046216459,0.0123460721,-0.0016615518,0.0098108016
0.7996820211,0.006933054,-0.0003586446,-0.0016398041,-0.0014618859,-0.0113591868,0.0130699789
0.8097239733,0.0040573534,-0.004341248,0.0012708099,-0.0142759513,-0.0103985844,0.0120103071
0.8197100163,0.0041435715,-0.0054682675,0.0022026689,-0.0206729993,-0.0094222696,0.0066953031
0.8297109604,-0.0015997977,-0.006663579,0.0040519624,-0.0174396522,-0.0094789946,-0.0028681087
0.8401210308,-0.0064597372,-2.2832e-05,3.94971e-05,-0.0056762062,-0.0104899304,-0.006054048
0.8498740196,-0.0094182882,0.0048042056,-0.0019636361,0.0071181529,-0.0061702835,-0.012465341
0.8598229885,-0.0093919281,0.0038783068,-0.0009823053,0.0039572474,-0.0115333572,-0.0124309873
0.869658947,-0.0073829088,5.84539e-05,3.8007e-05,-0.001360286,-0.0147627061,-0.0102815498
0.8796910048,-0.0004962923,-0.0008585338,0.0030115636,-0.0056385212,-0.0147720277,-0.0070896181
0.8896050453,0.0034502356,0.0011220243,0.006908217,-0.015276501,-0.0126726581,-0.0028469365
0.8996829987,0.0045010652,-0.0028596406,0.0078864489,-0.0174311325,-0.0105450582,-0.0017956536
0.9096649885,0.0035753606,-0.0038766449,0.0137181673,-0.0143115055,-0.0008926971,-0.0007980336
0.9196410179,0.0026194958,-7.26764e-05,0.0107379351,-0.0015549632,0.004570778,0.0012810966
0.929674983,-0.0022179724,0.0018040057,0.007750073,0.0069612935,0.0078339484,0.0001915973
0.9396430254,-0.0002710166,0.003813159,0.0058030873,0.0101231309,0.0121461395,0.0012221073
0.9496500492,-0.001247579,0.0058521149,-0.0029735772,0.0144278649,0.0079042567,0.0012466086
0.9596539736,-0.0032367946,0.004003596,-0.003927967,0.0144286631,0.0068579004,0.0044429344
0.9697489738,0.0005886016,0.0031013305,-0.0038548319,0.0037848069,0.0014679288,0.0087348856
0.979624033,0.0025294779,-0.0017677579,-0.0018627255,-0.0036436804,-0.0039321627,0.0087744333
0.989612937,0.0054966714,-0.0047139111,0.0030429752,-0.0068248259,-0.0061034379,0.0077283434
0.9996459484,0.006491458,-0.0028811281,0.0020397098,-0.0089833187,-0.0008295802,0.0013207777
1.0097229481,0.0026602058,-0.0010783408,-0.0029199927,-0.0099982498,-0.005158016,-0.0039624013
1.0196490288,-0.0021718235,-0.0012265329,-0.0039668889,-0.0046560811,-0.0030376071,-0.0103522567
1.0295979977,-0.0021685006,-0.0003071014,-0.0010528772,-0.003604399,-0.0019425151,-0.0082353102
1.0395510197,-0.0011090727,-0.0003877018,-0.0010711162,-0.0110440729,-0.0073138447,-0.0050095562
1.0495660305,0.0019059835,-0.0044229212,-0.0010674803,-0.0195637904,-0.0105679613,-0.0028577221
1.0595799685,0.0048650261,-0.002627108,0.0018336566,-0.0259802788,-0.0105868699,0.0003323453
1.0695819855,0.0049099084,-0.0027967279,0.0027707012,-0.0238454901,-0.0105703576,0.0003307473
1.07961905,0.0039189663,-0.0019923036,0.0046822219,-0.0195877589,-0.0094603524,0.0013833616
1.089607954,0.0039067175,-0.000208262,0.0065897494,-0.0206799246,-0.0052208663,-0.0018305409
1.0996489525,6.71653e-05,-0.0013681237,0.0026227625,-0.0164411012,0.000120902,-0.0061183632
1.109607935,-0.0018758269,-0.0034024154,0.0045648604,-0.0090273935,0.0076507232,-0.0072347606
1.1196039915,-0.0058551673,-0.0024916565,-0.0003264754,-0.0005469574,0.0131006166,-0.0019615684
1.1295779943,-0.00994871,-0.0014632825,-0.0032349436,0.0111208837,0.0196581166,0.0043621077
1.1395750046,-0.0052769575,0.0006735291,-0.004107377,0.0154648991,0.0069476492,0.0140031502
1.1495560408,0.0004112033,0.0037500525,-0.0020784943,0.0048087924,0.0026354585,0.0193505101
1.159569025,0.0052796062,0.0008228834,0.0028601678,-0.0089513604,-0.0124135315,0.0226481706
1.1695560217,0.007282367,-0.0003091578,0.0077223568,-0.0185296852,-0.0167446304,0.0248077288
1.1796219349,0.0064110067,0.0033369774,0.0076197176,-0.0259816106,-0.0158122573,0.0141770551
1.189545989,0.0026629774,0.0050018844,0.0094408188,-0.0334115624,-0.018070884,0.0067601511
1.1994969845,0.0008865354,0.0056978283,0.0122629795,-0.0323196687,-0.0128963627,-0.0134569705
1.2095589638,-0.001859823,0.0064006713,0.0101972613,-0.0291406512,-0.0075822915,-0.0198679976
1.2194939852,-0.0046898369,0.0041965363,0.0101241264,-0.0323585495,-0.0054733343,-0.0198775847
1.2294720411,-0.0046427343,0.0029235596,0.0110469256,-0.0356257148,0.0019920389,-0.0188613236
1.2394850254,-0.0007733198,0.0007170256,0.0139819179,-0.0345312878,-0.0043457518,-0.011385696
1.249475956,0.00020214,0.0003989752,0.0139460955,-0.0409652218,-0.0032722317,-0.005013817
1.2594749928,0.0030602424,0.0049297479,0.013895968,-0.03139342,-0.0010154688,0.0002769516
1.2694840431,0.0049564298,0.0075583723,0.0138577018,-0.0239671953,0.0033443922,0.0034306666
1.2794970274,-0.0009799392,0.0092291199,0.0108524952,-0.0133979078,0.0152031817,0.0054701152
1.28946805,-0.0069823656,0.0109633766,0.0088546071,-0.0081136636,0.0216568206,0.0054245754
1.2994869947,-0.0120456014,0.0108551495,0.0059197932,0.000350927,0.0313302204,0.0042945966
1.3094519377,-0.0113244746,0.0098867975,0.005029419,0.0067270678,0.0356365517,0.0021374358
1.3192609549,-0.0106213037,0.0050565717,0.0070969253,0.0056772493,0.0334908403,0.0021520832
1.3292709589,-0.0069965813,0.0041820225,0.0081963334,0.0089215124,0.0292225946,5.27133e-05
1.3395880461,-0.0013853998,0.0062047211,0.0073160916,0.0068615573,0.0216898434,-0.0041470914
1.3496249914,0.0004106222,0.0051924852,0.005414465,-0.0069338838,0.0130055416,-0.0072683161
1.3596019745,0.0023607521,-0.0008693371,0.0054388433,-0.0250100866,0.0085002724,-0.0178506523
1.3694609404,0.0014035909,-0.004157308,0.0063738017,-0.0367746018,0.0136987623,-0.0242504962
1.3794620037,-0.0025345923,0.0012903776,0.0023559721,-0.0314737149,0.0201084577,-0.0296083763
1.3894569874,-0.0036348791,0.0059220311,0.000359276,-0.018693205,0.0244643241,-0.0317703299
1.3994339705,-0.001819262,0.0078168623,0.0003790648,-0.0069768932,0.0267138984,-0.0286030322
1.4094359875,0.0009805916,0.0029615576,0.0004653723,-0.0027176999,0.0267740842,-0.0254192241
1.4194020033,-0.000165725,-0.0009659413,-0.0023925512,0.0036431272,0.0269362703,-0.0126779955
1.4294029474,0.003509721,-0.0018755678,-0.0042466731,0.0068229414,0.0259738043,-0.0031124535
1.4394279718,0.0110295322,0.0040928987,-0.0080432501,0.0089334967,0.0260536987,0.0043222932
1.4494349957,0.0098523404,0.0012323525,-0.0108856168,0.0079119075,0.0196511932,0.0064893072
1.4594010115,0.0077119377,0.0012581166,-0.0098702516,0.006818281,0.0218040943,0.0096649937
1.4694349766,0.0056181904,0.0012214299,-0.0118176546,0.0004647775,0.0163928177,0.0075797383
1.4794249535,0.0045401212,-0.0018279437,-0.0127617326,-0.0080120638,0.0119804908,-0.0008853851
1.4894260168,0.004448941,-0.002933163,-0.0156782474,-0.0154790357,0.0150473872,-0.01046158
1.4994239807,-0.0014975013,-0.0030736064,-0.015716752,-0.0143345417,0.007534876,-0.0146615179
1.5093770027,-0.0034854503,-0.0041209939,-0.0176748838,-0.0057535702,0.0054000863,-0.0220904052
1.5194009542,-0.0006926747,-0.0001361851,-0.017644247,0.0060259909,-0.0008860392,-0.0188747719
1.5293929577,-0.0007099303,0.0029385353,-0.0195831861,0.0177939683,-0.0060935845,-0.0135372644
1.5394150019,0.0032805859,0.0012120422,-0.0214773025,0.0135952272,-0.0157222431,-0.0102826152
1.5494799614,0.0053553339,-0.000607032,-0.0165825691,0.0008235052,-0.0211468376,-0.0081137372
1.5594199896,0.003609678,-0.0045094225,-0.0166244712,-0.0034532649,-0.0222059749,-0.0027906105
1.569404006,-0.0011067779,-0.0035450195,-0.0167096462,0.0008075265,-0.021104224,-0.0028007305
1.5793919563,-0.0028955729,-0.0005886737,-0.0148300733,0.0008405494,-0.0253748707,-0.0027751641
1.5895500183,0.0002281425,-0.0014400218,-0.0070380778,0.0040443321,-0.0243085418,-0.0059714899
1.5994069576,0.0023594259,-0.0003463511,-0.0041288347,0.0114953239,-0.0221047755,-0.00492833
1.6093980074,0.0044668522,-0.0011701916,-0.0011928289,0.0114987865,-0.0221138299,-0.0059906645
1.6194069386,0.0075420346,-0.0029031371,0.0017535478,0.0189473815,-0.0178114921,-0.0092093609
1.6295599937,0.0076892134,-0.0046300027,0.0037234814,0.0200288929,-0.0199316349,-0.0081339777
1.6393159628,0.0029637723,-0.0034437662,-0.0002251475,0.018949911,-0.0188634414,-0.0070771012
1.6492910385,0.0002374707,-0.0052116993,-0.0012276976,0.0168364272,-0.0231186394,-0.0027984667
1.6592860222,-0.0015200616,-0.0050623599,-0.00321438,0.0157441311,-0.0209705345,-0.000687246
1.669533968,-0.0042860005,-0.0049505415,-0.007163188,0.0156828798,-0.0155816283,0.0045898077
1.6793049574,-0.0081008468,-0.0048688385,-0.0081739631,0.0167405531,-0.0165944286,0.0099064093
1.6892930269,-0.0022267045,0.0002252574,0.0016134174,0.0146358572,-0.0219183546,0.0141919684
1.6992889643,-0.000158781,0.0013063516,0.0055091172,0.0072268099,-0.0305065159,0.0163769592
1.7095229626,0.0049978402,-0.0035214161,0.0074560433,-0.0023163613,-0.0391125195,0.0185642131
1.7192809582,0.0072627719,-0.0045202407,0.0103088412,-0.0044455584,-0.0370507017,0.0121803498
1.7292619944,0.0065576639,-0.0035805886,0.0112082753,-0.0023307428,-0.0296617597,-0.0006177374
1.7392599583,-0.0020161958,0.0002829696,0.01007233,-0.0024256837,-0.016864473,-0.0038876997
1.7494490147,-0.0038586797,0.0032538886,0.0090439115,0.0081795556,-0.0071905404,-0.0071450118
1.7592599392,-0.0047794525,0.0063445983,0.0139077697,0.0103176748,-0.0071828174,-0.0082090776
1.7692639828,0.0011401831,0.0055610952,0.014948586,0.0145470407,-0.0039073955,-0.0039837067
1.779253006,0.0041432586,0.0017948564,0.0149849448,0.0134946927,-0.0081396904,0.0013536676
1.7893810272,0.0022314398,-0.0010570321,0.0149925146,0.0049414178,-0.0060773389,0.000283876
1.7992709875,-0.0016659887,-4.46324e-05,0.0149699245,0.0059923013,-0.0039337608,0.0002702936
1.8092730045,0.0002810417,0.00293405,0.0120493565,0.0038330103,-0.0017947098,0.0023827131
1.819265008,-0.000689158,0.0009938743,0.0101028476,0.0059199971,0.0046200464,0.0002129024
1.8292690516,-0.0055644456,-0.002906475,0.0130264554,0.0058848434,0.008894952,0.0001852056
1.8392750025,-0.0056736115,0.0019876326,0.0110671911,0.0111870635,0.0121655809,0.0033494404
1.849290967,3.22668e-05,0.0030788595,0.0062889247,0.0185554978,0.0219052918,0.0107178744
1.8593649864,-0.0020760687,-0.0016786341,0.0063583045,0.0196945313,0.0123141855,0.0129035302
1.8691810369,0.0007519482,-0.0015342269,0.0064324527,0.0112027759,0.0068954518,0.0118822083
1.8791769743,-0.0012090595,0.0003946389,0.0015284212,0.0005846201,-0.0006524801,0.0140645364
1.8891769648,-0.0012118907,0.0012617823,0.0005357654,-0.0090062227,-0.0018136182,0.0119539807
1.8991669416,-0.0041217003,0.0010255392,-0.0005040377,-0.0239553452,0.0001778937,0.0087659108
1.9091780186,-0.0040876511,0.0008020367,0.0013996752,-0.0249931775,-0.0009534173,0.0023996243
1.9191720486,-0.00406521,0.0006273951,0.0072138696,-0.0132326595,-0.0009137361,-0.0039847717
1.9291779995,-0.0010999681,0.0024651701,0.0071959286,-0.0121005494,-0.0063034417,-0.0103249596
1.9391789436,-3.06459e-05,0.0023942257,0.0042505651,-0.0078537399,-0.0020288017,-0.0146066565
1.9491789341,0.0009559302,0.0023458118,0.0013131887,-0.007917122,0.0065029007,-0.0167867206
1.9591679573,-4.88551e-05,0.0023650939,-0.0006386845,0.0059365085,0.0087617943,-0.0146842878
1.9691799879,-0.0011131258,0.0044517484,-0.0015849678,0.0165492054,0.0142332586,-0.0094152242
1.9791820049,-0.0002597811,0.0046315906,-0.0015126674,0.0133042773,0.0164133217,-0.0009254655
1.9889769554,0.0006581603,-0.0011610572,-0.0014450161,0.0037001194,0.0111040445,0.011864366
1.9991829395,0.0054843929,-0.0050740722,0.0025263818,-0.0111988019,0.0035497216,0.0161702987
2.0091838837,0.0083785262,-0.0052549574,0.0025296004,-0.020759549,-0.0029188301,0.0183437038
2.01917696,0.0064398851,-0.0036249196,0.0014736444,-0.0260513872,-0.006214492,0.0130582601
2.0291750431,0.0015697239,-0.0019896363,-0.0015471785,-0.0218262821,0.0033465223,0.0023693973
2.0390820503,-0.0004284622,0.0027413631,-0.0025806038,-0.00363902,0.0023313258,-0.0082624741
2.0493631363,-0.0034295858,0.0027737136,0.003276685,0.0059409025,0.007703987,-0.0136159612
2.0593590736,-0.0054292176,0.0019178804,0.0032944472,0.0155574437,0.007751924,-0.016810555
2.0690908432,-0.0054798219,0.0011436309,0.0033426078,0.0155276172,0.0109671578,-0.0157689936
2.0790929794,-0.0045754705,-0.0015803609,0.0044016032,0.0123398136,0.0056749247,-0.0072351601
2.0890090466,-0.0037216039,-0.0053889486,0.0093567763,-0.0037392881,0.0109581035,0.0001785476
2.0991539955,-0.0028761269,-0.0064264419,0.007447043,-0.0112229036,0.0109325368,0.0044354778
2.1090710163,-0.0049405787,-0.0075690034,0.0074410229,-0.0155044692,0.0098851155,0.0108196074
2.119093895,-0.0012233795,-0.0028291082,0.0074509173,-0.0144602414,0.0141357873,0.0065399078
2.1290521622,-0.0033208968,-0.0001176928,0.0035244615,-0.0134173483,0.0162996054,0.0086499304
2.1390450001,-0.0044111405,-0.0031988358,0.0025766285,-0.0123387678,0.017325988,0.0033331953
2.1490459442,-0.0015692504,-0.0052590403,-0.0003088324,-0.0069650421,0.0141339218,0.0001629684
2.1590240002,-0.0016316117,-0.0052934024,-0.0051861019,-0.0015937127,0.0109487828,-0.0019438583
2.1690289974,-0.0036415101,-0.0062682363,-0.0080924239,0.0005498659,0.0098965671,-0.0019385321
2.1790349483,-0.00462454,-0.007217932,-0.011019012,0.003778283,0.0067154211,-0.0019202895
2.1890339851,-0.0046972726,-0.0051904502,-0.0100186076,0.0058326451,0.0132167302,0.006535247
2.1990261078,-0.0067560021,-0.0071522626,-0.0080527272,0.0015649302,0.008996685,0.0171908196
2.2090110779,-0.0010103078,-0.0100737102,-0.0040555806,-0.003789355,0.0090006804,0.0225064903
2.2190289497,0.0027822463,-0.010163445,-0.0020654409,-0.0091331219,0.0079303551,0.0267650187
2.2290270329,0.003652191,-0.0053984406,-0.0030561297,-0.008021784,0.0025949785,0.0267988406
2.2389979362,0.0055602547,-0.0044998559,-0.0050122351,-0.0047957636,0.000465515,0.0246849563
2.2490639687,0.0064976122,-0.0006709133,-0.0108841266,-0.001576269,0.0004450086,0.0193708856
2.2590141296,0.0084251221,0.0013205077,-0.0118392315,0.0059313155,-0.0016817917,0.0140683968
2.2690548897,0.0113560613,0.0013810064,-0.0118172374,0.0016896985,-0.0038794323,0.0108984374
2.2789831161,0.0133780893,-0.0004927997,-0.0108162966,0.0038623055,-0.0102369301,0.0151866581
2.2889969349,0.0124740656,-0.0043926421,-0.0069122524,-0.0067818174,-0.0135347228,0.0141530856
2.2989640236,0.0125857349,-0.0054442319,-0.0050016255,-0.0131418444,-0.0199734475,0.0173884258
2.3089909554,0.01176407,-0.0065707299,-0.0040879459,-0.0152870212,-0.0199627951,0.0205770284
2.3189811707,0.0109006669,-0.0067337039,-0.0070656152,-0.007875178,-0.0134740025,0.022654295
2.3289690018,0.0051250812,-0.0058981958,-0.0081331935,-0.0014321916,-0.0177084282,0.0216148645
2.3390331268,0.00715,-0.0068932804,-0.0042263479,-0.0003637318,-0.0187491924,0.0237448588
2.3489308357,0.0014021902,-0.0060395184,-0.0072537274,-0.0024631014,-0.0251327883,0.0290996805
2.3589611053,-0.0053067449,-0.0062490585,-0.0093172397,-0.0088843824,-0.0251378492,0.0344165452
2.3690450191,-0.005233625,-0.0063980254,-0.0035124032,-0.0174515061,-0.0230392776,0.0375960954
2.3788650036,-0.0022325905,-0.0075623426,0.0023277195,-0.0217047054,-0.0252052266,0.0386777371
2.3889460564,-0.0040827189,-0.0078253336,0.0090706144,-0.0238429587,-0.0252126846,0.0397416726
2.3989028931,-0.0001743229,-0.0021757816,0.0148634706,-0.0196057372,-0.0198677201,0.0354522504
2.4088900089,-0.0049617682,-0.003370825,0.0138125811,-0.004709878,-0.0123072714,0.0311432555
2.4188480377,-0.007914314,0.001430523,0.0108334813,0.0080206981,-0.0036384161,0.0332020111
2.4288811684,-0.0080189202,0.0053950963,0.0069311648,0.0164525323,0.0103029655,0.0309809372
2.4389469624,-0.0071845297,0.0055902419,0.0060409098,0.0313478597,0.0157749634,0.0330624618
2.4491109848,-0.0006040277,0.0049603251,0.0149808321,0.0313358754,0.014760565,0.039443396
2.4590830803,0.0090128239,0.0013017174,0.0141798649,0.0175192617,0.0061313901,0.0426957794
2.4688630104,0.0069942083,0.0022793824,0.0083219204,0.0089835646,0.0060562892,0.0416398346
2.4788770676,-0.0019103528,0.0080464147,0.0023851187,0.0100172702,0.0113812797,0.0384172797
2.4889130592,-0.0078881923,0.0119017623,-0.0025358407,0.013214129,0.0124657191,0.0373456255
2.4991879463,-0.0118901078,0.0099447034,-0.0015420525,0.0111407246,0.0070600342,0.0320702977
2.508849144,-0.007062668,0.0051355329,0.0004921348,0.0132893631,0.0070403274,0.0278193634
2.5188429356,-0.0031952353,0.0071150926,-0.0023953526,0.0069603613,-0.0005265125,0.0236232877
2.5288300514,0.0007264076,0.0041417298,-0.0004120081,-0.0047074808,-0.0070840139,0.0172996111
2.5388870239,0.0027409701,0.0001121129,0.00055919,-0.0174729433,-0.0125253843,0.0173431523
2.5488228798,0.0009091405,-0.0001586263,-0.0014739245,-0.0206207987,-0.0179209486,0.014193167
2.5588550568,0.0010806231,0.0015264567,-0.0035258143,-0.0163441636,-0.0179063007,0.0120654339
2.5688128471,0.0012178181,0.0052007851,-0.0055696578,-0.0142373359,-0.0157251731,0.0152369924
2.5788841248,-0.0025215091,0.0049524126,-0.0086006131,-0.0121070733,-0.014650587,0.0141669344
2.588835001,0.0044321921,0.0077651856,-0.0076595754,-0.011050065,-0.0146151669,0.0173531398
2.5988121033,0.0083908495,0.0076625911,-0.0047263713,-0.0035997387,-0.0124100698,0.0183956344
2.6088018417,0.0045527425,0.0075697121,-0.0047803135,0.0059490255,-0.0069559161,0.0226031616
2.6188411713,0.0016393422,0.0085814856,-0.0028602092,0.0123552596,-0.0079569984,0.0247299634
2.6287870407,-0.002248639,0.0067114052,0.0010263117,0.0187367257,-0.0047103385,0.0236420613
2.6387810707,-0.0032405646,0.0068090674,0.0029949339,0.0134032127,-0.0058075609,0.0247134529
2.6488180161,-0.0031750889,0.0010082092,0.0069295554,0.0081258928,-0.0122793093,0.0226343237
2.65878582,-0.0001831444,-0.0008996163,0.0137849841,0.0017596073,-0.014517962,0.0173444841
2.6688399315,-0.0030474456,-6.4854e-06,0.0137269292,-0.0024926625,-0.0145962592,0.0120360069
2.6787848473,-0.0020071806,0.000895169,0.0117456112,-0.0025302134,-0.008224912,0.0066806553
2.6888840199,-0.0029765011,0.0037526602,0.0097496305,0.0017177956,-0.0018610226,-0.0029251
2.6987819672,-0.006884018,0.0047014621,0.0058238893,0.0070061674,0.0045822295,-0.0040323092
2.7088470459,-0.0069541726,0.0047846404,0.0087744389,0.0101958355,0.0077769579,-0.0083048185
2.718791008,-0.0050647948,0.0029202665,0.0058982163,0.0133255823,0.01531104,-0.0051692128
2.7288150787,-0.0032345743,0.0030641074,0.006941834,0.0111559052,0.0174772553,0.0001302112
2.7387650013,-0.0003863515,-0.0056320908,0.0080371294,0.0015931586,0.0110126985,0.0023016196
2.7488319874,-0.000459099,-0.0066041681,0.0090345535,-0.0016175481,0.0099644782,0.0076226154
2.7587680817,0.0033706932,-0.0105665214,0.0120287929,-0.0101286108,0.0045971433,0.0129767675
2.7688109875,0.007222211,-0.0096814372,0.0130266938,-0.0047897724,0.0035878052,0.0151043665
2.7787590027,0.0061858203,-0.0029804443,0.0080891047,-0.003724508,0.0025576944,0.0193627626
2.7888319492,0.0003570376,-0.0021584516,0.0021602304,0.0026500346,0.0058224634,0.0203995313
2.7987539768,-0.0036255212,0.0007132556,-0.001774153,0.0068879225,0.0101213381,0.0193063039
2.8087620735,-0.0066960696,0.0026704187,-0.0007905572,0.0132608665,0.0123445448,0.0235370006
2.8187298775,-0.0059094373,0.0037533457,0.001221636,0.0142755313,0.0166713838,0.0277541149
2.82878685,-0.0041261259,-3.14598e-05,0.0032669099,0.0142968372,0.0124326954,0.0320311561
2.8387169838,-0.0024409534,-0.0008803342,0.0102029834,0.0120981317,0.0188594349,0.0362432078
2.8487780094,0.0022278337,-0.0017873083,0.0112836752,0.0046737711,0.0134489574,0.035221085
2.8587119579,0.0039960351,-0.0027757918,0.0162158404,-0.0006468259,0.0112726232,0.0352377333
2.8687691689,0.0047936942,-0.0009099875,0.0181905422,-0.0048956331,0.0111852707,0.0288669188
2.8786611557,0.0026702343,0.0028471018,0.0142745171,-0.0070398776,0.0164221115,0.0182104129
2.8887219429,-0.0014072598,0.0036644603,0.0132816825,-0.0081392294,0.0227718856,0.0117956558
2.8986930847,-0.0064842943,0.0025378431,0.0103620682,-0.0028271554,0.0270611737,0.0085768262
2.9087071419,-0.0067964885,0.0054871407,0.0055511384,0.014173666,0.0378533676,0.0053077964
2.9186739922,-0.003294775,0.0095386319,0.0037286074,0.0173389651,0.0400669873,0.0116670253
2.9287390709,-0.0026050599,0.0037720317,-4.06711e-05,0.0077923327,0.031470038,0.0149166156
2.9386658669,0.0010212122,-0.0010350529,0.0030293257,0.0067307963,0.0272625089,0.023442192
2.9486961365,0.0035914539,0.0029082859,0.0011626275,0.0109321997,0.0327025466,0.0308407191
2.9586648941,0.0023023395,0.0028669352,-0.0026741831,0.0077489233,0.030537663,0.0308582969
2.9688749313,0.0029584228,0.0008735325,-0.0025847165,0.0024084859,0.0305054393,0.0319246277
2.9788219929,0.0036824255,-0.0021266525,-0.0005497544,-0.0060706194,0.0240081251,0.0298482925
2.9890470505,0.0024919866,-0.0022948717,-0.0034589379,-0.0028284872,0.0228826739,0.0202918053
2.9986510277,0.0003385452,-0.0004900579,-0.0073450417,-0.0028101113,0.021788381,0.0171109252
3.0086431503,-0.0076713953,0.0032858367,-0.0122722592,0.0036310102,0.018604571,0.0139398994
3.0186481476,-0.0088321064,0.0003598894,-0.0102724638,0.0036591063,0.0164418183,0.011832674
3.0286359787,-0.006062815,-0.0015255843,-0.0072534294,0.0079694325,0.0090480838,0.0182519574
3.0386419296,-0.0032735111,0.0014173951,-0.0091756191,0.0026191426,0.0090398286,0.0214400273
3.0486249924,0.0005006401,0.0052885381,-0.00914534,-0.0048121428,0.0036474597,0.0225425772
3.058701992,0.0013899414,0.0042074141,-0.009124836,-0.0090871817,0.0036296165,0.0246719066
3.0686190128,0.0042352285,0.0050762859,-0.013008019,-0.0037715128,0.0079095829,0.0203908738
3.0786108971,0.0021150468,0.0108897947,-0.0130284037,0.0036897329,0.0100843199,0.0171811003
3.0886399746,0.0049240049,0.0109719746,-0.010036191,0.0122478008,0.0111466553,0.0086691044
3.0986118317,0.0018962233,0.0081685595,-0.0090242233,0.0218519568,0.0122747701,0.0075955843
3.1086030006,-0.0030659379,0.0064079431,-0.0080169644,0.0283141192,0.0069444529,0.0033760723
3.118596077,-0.0011298449,0.0047152159,-0.0079397168,0.0241075233,0.0004721729,0.0002336754
3.1286048889,0.0018564819,0.0019804502,-0.0098405089,0.0135230552,-0.0092560882,-0.0028830222
3.1385941505,0.0029535948,0.0010881539,-0.0127678718,0.0039440645,-0.0125410967,-0.0039196578
3.1486389637,0.0060153659,0.000135478,-0.0108182039,-0.0077253738,-0.0201401617,-0.007049405
3.1585631371,0.0052184816,-0.001900572,-0.0069759698,-0.008784513,-0.0212160777,-0.0070422138
3.168610096,0.0034482835,-0.0020127778,-0.0070521445,-0.0066795507,-0.0179843325,-0.0060022492
3.178563118,0.0016212373,0.0027691836,-0.0090822186,-0.0024529807,-0.0136542991,-0.0028436074
3.1885828972,-0.0070579294,0.001717877,-0.0082077589,0.0038690972,-0.0060693496,0.0034771389
3.198554039,-0.005048478,0.0018278178,-0.0042954297,0.016708862,-0.0112816878,0.0066866474
3.20855093,-0.0020696463,0.0040323553,0.0006113441,0.0284539349,-0.0132921096,0.0109410472
3.2186219692,0.0009924083,0.0062403348,-0.0032726733,0.0306233466,-0.0185941961,0.0141621418
3.2285439968,0.0060453769,0.0055302796,-0.0042075724,0.0200021267,-0.025089113,0.0142116752
3.2385349274,0.0130888578,0.0017634149,-0.0012412874,0.0018920992,-0.028460674,0.0110579599
3.248529911,0.0133219566,-0.0002001856,0.0035880597,-0.005567682,-0.0275040679,0.0046826191
3.2586040497,0.0096433666,-0.0002909486,0.0025182159,-0.0034659142,-0.0200805068,-0.0038653291
3.2684898376,0.0048769172,0.005563837,0.0043583899,0.0071638264,-0.0125621362,-0.0092334626
3.2785170078,-0.0018631013,0.0085947774,0.0052714138,0.0220816545,-0.0081948182,-0.011394484
3.2885351181,-0.0066667739,0.0068865386,0.0081914458,0.030638393,-0.0102662249,-0.0113870278
3.2985858917,-0.0065468643,0.0052172211,0.0092013273,0.0295756571,-0.0123797096,-0.0081879059
3.3085160255,-0.0064260606,0.0035177136,0.0092143808,0.0253169984,-0.016624257,-0.0007206686
3.3185019493,-0.0062785391,0.0007702674,0.009224752,0.0146519691,-0.0198674537,0.0046196347
3.328496933,0.0016617386,0.0009097423,0.0112280045,0.0018363055,-0.0199484136,0.0067538926
3.3385009766,0.003771743,-0.0001211945,0.0121694002,-0.0109408749,-0.0232661795,0.0057236482
3.3484580517,0.0029652773,-0.0002856289,0.0150243435,-0.0205652751,-0.0191108491,0.0003914675
3.3585019112,0.0070008393,0.0014630671,0.015939096,-0.0227502659,-0.0116753038,-0.0028414768
3.368475914,0.0002849905,0.0012118187,0.0177687202,-0.0184932016,-0.0084723197,-0.0071147848
3.3783679008,-0.0006167086,0.0010827895,0.018706182,-0.0100226169,0.0011827042,-0.0114361634
3.3885631561,-0.0016094835,0.0039854762,0.0196596179,0.0016835732,0.0055484241,-0.0114726489
3.3984651566,-0.0045878831,0.0069322851,0.016706327,0.0080436012,0.010944522,-0.0104466658
3.4084501266,-0.0037079246,0.0070507643,0.0138234291,0.012272967,0.0142199425,-0.0062212944
3.4185190201,0.0020078777,0.0052596745,0.0158881936,0.0101154074,0.0142617542,0.0001523157
3.4284329414,0.0018951951,0.0023695494,0.0149692092,-0.0027212948,0.0163273029,0.0033350594
3.438439846,0.0017914681,-0.0016595904,0.0130498204,-0.0176437851,0.0130204558,0.0054932856
3.4484360218,-0.0002916547,1.64177e-05,0.0120522175,-0.0272503402,0.0129461531,0.0055004754
3.4585030079,-0.0004337968,0.0006490465,0.0081149731,-0.0336724184,0.0160790961,0.0022957607
3.4684281349,-0.0025442035,0.002257895,0.0080723558,-0.0294049717,0.0192549154,-0.0051645525
3.4784479141,-0.0017611624,0.0059130308,0.0080737863,-0.0187194347,0.0213995595,-0.0136836059
3.4884879589,1.5108e-06,0.0087447129,0.008096138,-0.011226899,0.0214030202,-0.0200632066
3.4984169006,-0.0001270266,0.0047764895,0.0091157947,-0.0143972598,0.0192016531,-0.0253616981
3.5084748268,-0.0012117417,0.0017498549,0.0042611151,-0.0112041291,0.0223873258,-0.0306965448
3.5183830261,-0.0042857323,0.0026606733,-0.0006115048,-0.0101355342,0.0234400723,-0.032825876
3.5284190178,-0.0025183202,0.0036031718,-0.0034847467,-0.0123105394,0.0266659595,-0.0285957083
3.5384089947,-0.0026850344,0.0015662726,-0.0063758106,-0.0155164516,0.0245591328,-0.0222059861
3.5484638214,-0.0028560699,0.0014292862,-0.0073287697,-0.0176491104,0.0213998258,-0.0147472713
3.5583968163,0.0038186668,-0.0005989257,-0.005283019,-0.0165690668,0.0171909668,-0.0083480943
3.5684509277,0.004658645,-0.004678953,-0.0032913296,-0.0219236184,0.0192871392,-0.0083579486
3.5783748627,0.0044904109,-0.0068226638,-0.0032757132,-0.0133925816,0.0204205811,-0.0083705988
3.588449955,0.0004080741,-0.0060033384,-0.0042589516,-0.0165790543,0.0193089768,-0.0104859481
3.5983681679,0.0002551881,-0.0051915231,-0.0052363486,-0.0197496805,0.0171102714,-0.0147189088
3.6083610058,0.0001538454,-0.0063071135,-0.0091141667,-0.0122640673,0.0171318427,-0.0189738423
3.6183609962,-0.0029390694,-0.0015016828,-0.0120730605,-0.0037464788,0.0203923509,-0.0200620089
3.6283869743,-0.0011632533,0.0014806058,-0.0149539914,0.0015835725,0.0204517394,-0.0179413334
3.6383509636,-0.0012932064,0.0005751665,-0.0148913469,0.0027267337,0.0098033566,-0.0146876164
3.6483969688,0.0025611429,-0.0042162272,-0.0128684845,-0.0015319269,0.0055588102,-0.00722038
3.6583139896,0.0055263247,-0.0090759583,-0.0157485809,-0.0046643382,-0.0051063504,-0.0018378646
3.6683390141,0.0085208323,-0.0100746788,-0.0137894358,-0.0110263629,-0.0115410797,0.0013954793
3.6782288551,0.0076166447,-0.0101582594,-0.0108948555,-0.0089247283,-0.0072536576,0.001368182
3.68836689,0.0057189818,-0.01023959,-0.0109343734,-0.0068021901,-0.0061593647,0.0024219949
3.6982998848,0.0028290956,-0.0103224702,-0.0148818102,-0.0046908353,-0.0029446627,0.0013367564
3.7083668709,-0.0020465346,-0.0104035921,-0.0100493636,-0.0089321863,-0.0072344826,0.0034923193
3.7182209492,-2.96624e-05,-0.0095591284,-0.011062881,-0.0153109897,-0.0115354881,0.0056468165
3.7282710075,0.0010435788,-0.0067496779,-0.0120889153,-0.0120874997,-0.0157494079,0.0099214558
3.7383069992,0.0030442833,-0.0009051595,-0.0101829376,0.0039222273,-0.0166658014,0.014169598
3.7482669353,0.0021127372,0.0050145802,-0.011196753,0.0134904319,-0.0143997176,0.0205225684
3.7583999634,0.0041039344,0.0061374125,-0.0072738738,0.0145367878,-0.0111980652,0.0194405261
3.7682960033,0.0041199084,0.0043150452,-0.0043335767,0.0113066398,-0.0090582147,0.0226160791
3.778277874,0.0022326766,0.0024595673,-0.0014010279,0.0124055939,-0.0122707868,0.0205096509
3.7882549763,-0.002542177,0.0034963007,-0.0024334399,0.0113941254,-0.0166082773,0.0141641386
3.7984800339,-0.0053213481,0.0045872298,-0.0024809449,0.014641583,-0.0198402889,0.0078066401
3.8082449436,-0.0061026756,0.0047392366,-0.0005562513,0.0136564802,-0.0273839589,0.0014818988
3.8182899952,-0.0048662964,0.0039101806,0.0013681443,0.0104802605,-0.0285224598,-0.0038205881
3.8282279968,-0.004617596,0.002016973,0.0022919567,0.001935509,-0.0254366547,-0.0102089792
3.8384718895,0.001473075,0.0011236038,0.0052243858,-0.0023203557,-0.0255056322,-0.0144552561
3.8482160568,0.0027291386,-0.001819003,0.0080960784,-0.0076520052,-0.0266065821,-0.0133820018
3.8582601547,0.0010611026,-0.0009311769,0.00409756,-0.0119134616,-0.0277048703,-0.0123067498
3.8682079315,-0.001602778,0.0009036328,0.0049589663,-0.0140498504,-0.028762944,-0.0091112237
3.8782711029,-0.001331711,-0.0011567954,0.0039009245,-0.0087813176,-0.0212224703,-0.007039018
3.8880059719,-0.0020965131,0.0007349815,0.0018718631,-0.0002839705,-0.0189555883,0.0003770865
3.8982658386,-0.0019263567,0.0017008599,0.001823345,0.0007847557,-0.0199968833,0.002507349
3.9083099365,-0.001743281,0.0026765133,0.0017769724,-0.0013883831,-0.0178216137,0.0088691078
3.9184999466,0.0003395287,0.0017209019,0.0046837716,0.0028846599,-0.0198892914,0.0131288338
3.9281768799,0.007302573,-0.0011626218,0.0066786795,0.0006990032,-0.0145440614,0.0152204819
3.9382410049,0.0054979678,-0.0022077595,0.0066212206,-0.0056763375,-0.0178072322,0.014182914
3.9481949806,0.0046354141,-0.0013406459,0.0065558343,-0.0078271078,-0.014644728,0.0109767346
3.9583859444,0.0066624787,0.0015211072,0.0074927001,-0.0057198815,-0.0093279937,0.0056279078
3.9681880474,0.0028340279,0.005361509,0.0025474818,0.0038741566,-0.0060837306,0.0013506047
3.9781808853,-0.0010374577,0.0073848036,0.0025050433,0.0177453645,-0.0049175327,0.000271359
3.9882898331,0.0019318371,0.0076116738,0.0005907805,0.0273220912,-0.001627996,0.0013057308
3.9983320236,0.0019972085,0.007835459,-0.0003629535,0.0199073181,-0.0081087984,0.0002913328
4.0081820488,0.0031259118,0.0030481631,-0.0013246745,-0.0002887631,-0.0189438686,0.0014380899
4.0181641579,0.0053082164,-0.0028527414,0.0016042383,-0.0141136311,-0.0244137365,-0.0006411732
4.0281758308,0.0035750477,-0.0039902511,0.0044371872,-0.0194737762,-0.0191657115,-0.0070458092
4.0382232666,-0.0011118294,-0.0032388603,0.0033364685,-0.0205475632,-0.018112164,-0.0081153344
4.0481472015,-0.0067951623,-0.0004876737,0.0051563173,-0.0130566228,-0.0191502646,-0.0113010081
4.0581817627,-0.0085944477,-0.0005949918,0.0070364862,-0.0077701164,-0.0127032846,-0.012410081
4.0681352615,-0.010428289,0.0022432471,0.0040361672,-0.0045958934,-0.0105138998,-0.0092393216
4.0781879425,-0.0113003794,0.0002460297,0.0030298026,-0.0035632532,-0.0072762938,-0.0060718916
4.0881328583,-0.0092740748,0.000230145,0.0039979606,-0.0035858899,-0.0061713485,-0.0018294757
4.0981702805,-0.0043280814,0.0012185689,0.0010797174,-0.0035573943,-0.0114734359,0.0035186845
4.1081199646,0.0005918054,0.0021769966,0.0020770223,-0.0057499753,-0.0061100959,0.0077350009
4.1181778908,0.0045294818,0.0031239504,0.0040214448,-0.0078988783,-0.0050450978,0.0087901447
4.1280770302,0.0035644083,0.0020428265,0.0069276481,-0.0090067536,0.0002812243,0.0076939878
4.1380977631,0.0036056845,-2.65126e-05,0.0088683758,-0.012175383,-0.0019236068,0.0023972273
4.148103714,0.0007183311,0.0008258786,0.0068588643,-0.0046671331,-0.0030069808,-0.006100121
4.1581659317,-0.0021581741,0.0066598025,-4.5976e-05,0.0059988261,0.0012812412,-0.0135692228
4.1681261063,-0.0030897052,0.0067397472,-0.0039382786,0.0102524273,0.0044932794,-0.0167801958
4.1781301498,-0.0059854183,0.0049041626,-0.0049136491,0.0081810206,-0.0030101766,-0.0177940615
4.1880912781,-4.25817e-05,0.0011125173,-0.0038824885,-0.0014060922,-0.0062725488,-0.0156414285
4.1981110573,0.0030166267,-0.0047816965,-0.0019040911,-0.0163147338,-0.0148457969,-0.0049522985
4.2081041336,0.0070985164,-0.0068772319,1.98276e-05,-0.0237265769,-0.0234262347,-0.001704307
4.2181019783,0.004370993,-0.0042198184,0.0018264444,-0.0290855244,-0.0223639011,0.0025427693
4.2280397415,0.0026533066,-0.0016115342,-0.0012408106,-0.0269262344,-0.0245029517,0.0004303497
4.2381057739,0.0018532334,0.0010652955,0.0006032974,-0.0216094963,-0.0212720037,-0.0017198866
4.248044014,6.83425e-05,0.0018201735,-0.0014543144,-0.0163324438,-0.0127080772,-0.00496628
4.2581291199,-0.0027735026,0.0016893264,0.0033656748,-0.0142285479,-0.0084273126,-0.0060571106
4.2680521011,0.0021873771,-0.0022837108,0.0072922497,-0.0142392004,-0.0063079689,-0.0081956293
4.2781009674,0.0042099413,-0.0042895856,0.0063060313,-0.0067758244,-0.0041374927,-0.0114032729
4.2880449295,0.00422219,-0.0003792231,0.0023805888,0.002804365,-0.0008570108,-0.0114312368
4.2982268333,0.0031928329,0.0065698591,0.002357343,0.0145182787,0.0024442435,-0.0103960652
4.3084149361,-0.0006755831,-0.0001293157,0.0023902447,0.0145044299,0.0024804627,-0.0061467262
4.3182339668,-0.0026400776,-0.0019821709,0.0024156959,0.0112808077,0.0025113556,0.0002290145
4.3280467987,-0.0016777457,-0.0038786565,0.0014710815,0.0027331254,0.0014218561,0.005554005
4.3380317688,-0.0006788613,-0.0039003377,0.0014746577,-0.003626504,-0.0050176675,0.0087897461
4.3479719162,-0.0016557516,-0.0030275916,-0.0005039781,-0.0079541411,0.0024213404,0.0076821372
4.3617019653,-0.001676196,-0.0011590455,-0.001505634,-0.0036251713,-0.0039777029,0.0045297537
4.3693799973,0.0012224673,0.0017519708,0.0004510672,-0.005754902,-0.0029617068,0.0002750873
4.3782320023,-0.0006688329,0.001678821,0.0033377798,-0.0046301149,-0.008332504,-0.00394083
4.3886232376,-0.0005729886,0.0006684329,0.0003843696,-0.001433257,-0.0072480645,-0.0050124861
4.3986778259,-0.0004846545,-0.0002740209,-0.0015820472,0.0017576097,-0.0051026223,-0.0071540666
4.4086332321,-0.0013970376,-0.0012083832,0.003284672,-0.0046187965,-0.0073167742,-0.0103224292
4.4184451103,-0.0022870542,0.0006827976,0.0022630484,-0.0089066196,-0.0073005287,-0.003942694
4.427983284,-0.0002568605,-0.0013420616,0.0012870223,-0.0100054387,-0.0051351129,0.0002935964
4.4378581047,0.0007548241,-0.0033367013,0.0042137294,-0.0036339611,-0.0018620878,0.0023930995
4.4477891922,0.0026433824,0.0035184438,0.0032234581,0.0059499573,-0.0006828401,0.0066283247
4.4578428268,0.0045840945,0.0055139181,0.0012804063,0.0048917499,-0.0017606213,0.0066364468
4.4677839279,0.0036446808,-0.0013005469,0.0022931488,0.0027638841,-0.0017952424,0.004513375
4.4778208733,0.0017083196,-0.0042300853,0.0013226063,0.0027216729,0.0024980395,0.0066102152
4.4877738953,-0.0012884827,-0.0003342961,-0.0006596654,0.0037573767,0.006772147,0.0055193841
4.4977769852,-0.0023309083,0.000670981,-0.0016274659,0.0080136415,0.0068381927,0.0087002637
4.507833004,-0.0033613832,-0.0002692674,-0.0016012995,0.0037949276,0.0014434276,0.006613411
4.5177602768,-0.0013937594,-0.0002637987,-0.0025679676,-0.0014881175,-0.0050126072,0.0066601494
4.5277519226,0.0015910177,-0.0012838725,-0.0015869944,-0.0078607965,-0.0093279937,0.007754975
4.537815094,0.0016745834,0.0015104081,-0.0036002009,-0.0110166417,-0.0147011876,0.0077943895
4.547606945,0.0017981587,-0.000558186,-0.002672693,-0.0131429108,-0.0136942463,0.0024773886
4.5578117371,-5.72296e-05,-0.0006617639,0.0001958997,-0.0099557713,-0.0104923276,-0.0007318538
4.5677361488,0.0029399453,0.0012349304,0.0021249445,-0.0078193843,-0.0094342539,-0.0039273808
4.577808857,0.0020305573,0.0031528438,0.0040318756,-0.0025089085,-0.0072334171,-0.0018225514
4.5877342224,-0.000869775,0.0060707894,0.0039928942,0.0070643569,-0.0039348258,0.0002741553
4.5977401733,-0.0008548143,0.0071264473,0.0030100138,0.0123455394,0.0014801794,0.0034210796
4.6078839302,0.0010753928,0.0053025601,0.0040414124,0.0112693561,0.0025406503,0.0034149543
4.6179289818,7.22764e-05,0.0034583772,0.006993094,0.0102048907,0.0014796468,0.0055484124
4.6280241013,-0.0008653196,0.0005588051,0.0040902286,0.0038250219,-0.0007254506,0.0034423848
4.6379337311,-0.0018217505,-0.0013835762,0.0040907054,-0.0015107552,0.0002756317,0.000252051
4.6478829384,-0.0038018764,-0.0014069114,0.0040811091,-0.0004609367,0.0024213407,0.0002374034
4.6578922272,-0.0067683104,-0.0004534904,0.0050353198,0.0027341899,0.0035113723,0.0002298136
4.6681160927,-0.0048379842,0.0005469735,0.0030919702,0.0048812306,0.0024501027,-0.0008271951
4.6778821945,-0.0058684144,0.0024849738,0.0030866654,-0.0004636003,0.0024266671,0.0002347403
4.6878547668,-0.0058598015,0.0004989471,0.0040685325,-0.005768884,-0.0018804636,0.0013287668
4.6978421211,-1.09168e-05,-0.0014736984,0.0060748248,-0.0047413027,0.0034610387,0.0002316779
4.7079572678,-1.64749e-05,-0.0034458821,0.0070512085,-0.0047064153,0.0012783117,-0.0050661485
4.7178330421,0.0009123443,0.0014221634,0.007034102,-0.0025750874,0.0033955248,-0.0093306676
4.7278289795,-4.84081e-05,0.0023952092,0.0011675747,0.0038327444,0.0034360047,-0.0103977975
4.7378258705,-0.0020388307,0.003404286,-0.0007809608,0.005940503,0.0077090468,-0.0114847664
4.7478837967,-0.0001012029,0.0025222118,-0.0046448321,0.0101890443,0.0098885773,-0.010439476
4.7578239441,-0.0060579274,0.0035833085,-0.0036679714,0.0143944416,0.0142694786,-0.0030388171
4.7678108215,-0.0022742839,0.0047140387,-0.0026324599,0.0144351879,0.0068427208,0.0033836621
4.7778110504,0.0045098718,0.0029378349,0.0004030258,0.008015505,0.0057897065,0.0118976543
4.7878050804,0.0054795053,-0.0019265,0.0043436079,-0.0058060344,-0.001780595,0.014081181
4.7978110313,0.008460125,-0.0050002965,0.0033779533,-0.0175031684,-0.0061708158,0.0109293293
4.8077960014,0.0075313803,-0.0022966897,0.0023206265,-0.0217309408,-0.0084046759,0.0035100291
4.8177928925,0.0056225713,0.0014056828,0.0012677105,-0.0132080233,-0.0030674343,-0.0050296634
4.827849865,0.00460211,0.006213617,0.0002544314,-0.0047026863,0.0044072596,-0.0135832038
4.8377752304,-0.0022616328,0.0052160588,-0.0017382114,0.0069905878,0.0098520927,-0.0125649441
4.8477687836,-0.0042983238,0.0033867175,-0.0016902892,0.0154929962,0.0131514827,-0.0094051035
4.8577737808,0.0024164079,0.0026285464,0.0013531239,0.0123095857,0.0088952184,-0.004062403
4.8677921295,0.0023703782,0.0007728752,0.0004232914,0.0080807526,0.0014354384,0.002363272
4.8777518272,0.0033317117,-0.0020491665,0.0004612596,0.0112800086,0.0004213066,0.0055534728
4.8877477646,0.0061629917,0.0029433335,0.0014666112,0.0112291416,0.0057830489,0.0076435218
4.8978219032,0.0002257584,0.0049081859,-0.003437659,0.0080027226,0.0100049581,0.0044317497
4.9077367783,-0.0047758911,0.0039629904,-0.0024486987,0.0069262725,0.013157608,-0.0008998993
4.9177932739,-0.0077809785,0.0010891672,0.0004980356,0.005900423,0.008857402,-0.0029966061
4.9277029037,-0.0107752178,0.003107738,-0.0014535992,0.0123292934,0.0067513743,-0.0051122215
4.9377918243,-0.0117987934,0.0061749336,-0.0014514534,0.0155834109,0.0014122688,-0.0072036018
4.9476642609,-0.0039800946,0.0024709518,0.0015883835,0.0091931559,-0.0007656644,-0.0061226245
4.9579668045,-0.0019729526,-0.0032994931,0.0055374294,-0.0046319794,-0.0062349983,-0.0082021542
4.9679350853,6.59136e-05,-0.0062715891,0.0055405884,-0.0110137127,-0.0073894784,-0.0124397762
4.9776906967,0.0001397638,-0.0015282963,0.0005907805,-0.0153016681,-0.0042365622,-0.0145809576
4.9877080917,-0.0008162202,0.001281273,-0.002380213,-0.0121575398,0.003260236,-0.0156941582
4.9976949692,-0.0017762871,0.0012111481,-0.0004578441,-0.0089524258,0.0022301255,-0.0146296928
5.0076637268,-0.0008404197,0.0002286847,0.0024902613,-0.0015086243,0.0044525336,-0.0114621287
5.0176730156,0.0030279665,0.0012594875,0.0015538126,0.0027355226,0.0045513366,-0.0040301788
5.0277290344,0.0049603935,0.0032734687,-0.0013607948,0.0091436207,0.0024996372,0.0002282157
5.0376501083,0.0068889763,0.003393587,0.0006421001,0.0091365632,0.0014732552,0.0055482797
5.0476541519,0.008844411,0.004500818,0.0006599815,0.0123579223,0.0004021318,0.0023658022
5.057682991,0.0068729278,0.0026608373,0.0016594322,0.0102106156,0.0014639341,0.0034225441
5.0677127838,0.0029914437,-0.0012589429,0.0036014707,-0.0047014877,-0.0008253191,-0.0008017619
5.0776591301,-0.0008816214,-0.0033272838,0.0016188413,-0.0132264001,0.0001163746,-0.0082398374
5.0876450539,-0.0047706757,-0.0025001054,0.0015495808,-0.0153577281,9.08083e-05,-0.0093005747
5.0976400375,-0.0047858898,-0.002579171,0.0044641285,-0.0089532249,0.0011869653,-0.0114349648
5.1076879501,-0.0057866666,0.000283968,0.0024897845,-0.0079121944,0.0044014007,-0.0114565361
5.1176118851,-0.0028683634,0.0012332763,0.002501169,-0.005731333,-0.0019790006,-0.0103574498
5.127603054,7.34685e-05,0.0012040403,0.0034916194,-0.0057065655,-0.0062267426,-0.0071427478
5.1376128197,0.0030340014,0.0001829083,0.0015401037,-0.0047098761,0.0023342548,-0.0061335433
5.1476688385,0.0029805212,0.0050247726,-0.0033498018,-0.0004719887,0.0066331299,-0.0072267707
5.1575899124,7.5309e-06,0.0040302393,-0.0062890262,-0.002631546,0.0087727131,-0.0051146178
5.1676001549,-0.0029462816,0.0020391608,-0.0072680325,-0.0026211599,0.0087455492,-0.0083016232
5.1776018143,-0.0010557564,0.0020651782,-0.0072349519,0.0005928762,0.0066464455,-0.0072301002
5.1875801086,-0.0049864743,0.0021062458,-0.0082242694,0.0081261592,-0.0007768496,-0.0071872231
5.1975979805,-0.0029867978,0.0012893941,-0.0052552433,0.0145742055,-0.0060682842,-0.0060918648
5.2075958252,0.0029574393,0.0014625456,-0.0042382092,0.0071674222,-0.0136162154,-0.0071001379
5.217607975,0.004111981,-0.0043507102,-0.0022874682,-0.004566866,-0.0147722932,-0.0070861559
5.2276568413,0.0062476452,-0.0102709718,0.0025962384,-0.0184219591,-0.0170261264,-0.0081242565
5.2375841141,0.0112434532,-0.0104415007,0.0054847985,-0.029139854,-0.0117650516,-0.0081508877
5.2475800514,0.0045407619,-0.0078228153,0.0014316232,-0.0259571113,-0.0085522151,-0.0102987271
5.2575817108,0.0006641803,-0.0021965092,0.0003483684,-0.0174519047,-0.0031667703,-0.0124613475
5.2677488327,-0.0003201904,0.0025429244,-0.0045850486,-0.0089862486,0.0033659637,-0.0061352747
5.2777609825,-0.0012938471,0.0015244599,-0.0036159961,-0.0025551133,-0.0018852572,-0.0018594363
5.2908382416,-0.0002912225,0.002490055,-0.0036245196,-0.0003990186,-0.0061074328,0.0024160023
5.2979240417,0.0017374514,0.0005519207,-0.0045861215,-0.0024789469,-0.0135874534,0.0045910059
5.3082408905,0.0047793295,-0.0023540293,-0.0006857722,-0.0046068123,-0.0136220744,0.0024679343
5.3176908493,0.0068508144,-0.0043700966,0.0032053979,-0.0152727729,-0.0147717614,0.0024820492
5.3273758888,0.002138233,-0.0094340183,0.0060569434,-0.0216545053,-0.0159262419,-0.0017555729
5.3373689651,-0.0016581358,-0.0086608119,0.0059700995,-0.0163678657,-0.0073857503,-0.0071239732
5.3473849297,-0.0045579318,-0.0029362773,0.0048960834,-0.0089030247,-0.0073098498,-0.0050048959
5.3576622009,-0.0065059904,-0.0010362748,0.0058460026,-0.0014773319,-0.0008572771,-0.0071769701
5.3676848412,-0.0015954019,-1.07918e-05,0.0048957258,0.004944881,-0.0050373748,-0.001842392
5.3775629997,-0.0005420091,-0.0028928553,0.0010029466,0.0081346817,-0.0039345599,-0.0007895113
5.3873519897,-0.0014886798,-0.0008592192,0.0019656213,0.0091935545,-0.0049497564,0.0045282887
5.3973278999,-0.0014275254,-0.0037269776,0.0010064633,0.0049045337,-0.004933245,0.0098410286
5.4073429108,0.0015168695,-0.005627248,0.0049518733,-0.002591732,-0.002835473,0.0119574433
5.417318821,-0.0013856532,-0.0096253641,0.0078508053,-0.0111372825,-0.0028844753,0.0140890377
5.427312851,-0.0013723911,-0.0077846083,0.0078252349,-0.0079212505,-0.0028959271,0.0098373005
5.4373826981,-0.0003898533,-0.0049504968,0.008763114,-0.0100481836,-0.0039793011,0.0098448908
5.4472899437,-0.001357639,-0.0040536406,0.0097204838,-0.0015092902,-0.001821075,0.0045129755
5.4573278427,-0.0023944022,0.001806226,0.0057812124,0.0101879789,0.0046605263,0.0023397033
5.4673490524,-0.001463765,0.0057930914,0.0018871219,0.0101791909,0.0057292529,0.0023327789
5.4772987366,-0.0024989636,2.52839e-05,0.0009701044,0.0101236636,0.0121493349,0.0033542342
5.4872741699,-0.0026388408,0.000142705,0.0029719861,0.0122499317,0.0111423936,0.0086712353
5.4973459244,0.0001685826,-0.0007391308,0.0020742805,0.0068853926,0.0132628027,0.0107829887
5.5072937012,-0.0008880438,-0.0036360358,0.0001727731,0.0069296011,0.0058269911,0.016143132
5.5173239708,-1.27198e-05,0.0003104176,0.0001822502,0.0069322647,0.0047747758,0.0182755254
5.5272808075,0.0028407036,0.0032557214,-0.002731642,0.0016181925,0.0015363721,0.0193626285
5.5373430252,0.001889637,0.0012128319,-0.002727112,-0.0047145383,-0.0049718609,0.0151646882
5.5472741127,0.0028502701,0.0011352416,0.0001812965,-0.0111031951,-0.0061082318,0.0130517352
5.5573449135,0.004817104,0.0010088052,0.0001700909,-0.0132679446,-0.0008197265,0.0077037094
5.5672588348,0.0029176085,-0.0001390014,0.0001348645,-0.0132120186,-0.0051489612,0.0013573959
5.5773220062,0.001966825,0.0026833231,-0.0018742888,-0.0057254732,-0.005129254,-0.0028966044
5.5872602463,0.0009929596,0.0085534416,-0.0019130914,0.0070848642,-0.0039886218,-0.006100121
5.597258091,-0.0019059719,0.0096233003,-0.0029040782,0.0145402504,-0.0028426638,-0.0039886334
5.6072478294,0.0010343401,0.0078467093,-0.0018760769,0.0156079121,-0.0049265875,0.001336091
5.6172742844,0.002061954,0.0031046832,0.0001186521,0.0091899596,-0.0049404358,0.0055904905
5.6271772385,0.0030487387,0.0031468833,-0.0018263668,0.0037933299,0.001448754,0.0076776096
5.6372919083,0.003020054,0.0041292277,-0.001818022,0.0037868056,0.0014660646,0.0098026786
5.6472148895,-0.0009249093,0.002163511,0.000130275,0.0006160457,-0.0007323748,0.0055695851
5.6572890282,-0.0038680227,0.0030972029,-0.000875315,0.0017011501,-0.0018170804,0.0023872403
5.667222023,-0.0018939467,0.0050779548,-0.0038059561,0.0060074818,-0.0050174012,-0.0007821876
5.6772179604,-0.0047726575,0.0060839918,-0.0038424341,0.0038982583,-0.0061468473,-0.0060858727
5.6872010231,-0.0046481136,0.0011951741,-0.0048073144,-0.0014054272,-0.0094124153,-0.008185775
5.697206974,-0.0064728502,-0.0007682923,-0.004850945,-0.0003121989,-0.0115623856,-0.0102960644
5.7072768211,-0.0063846353,0.0022180344,-0.0019452779,0.005007199,-0.0093836533,-0.0103139076
5.7171859741,-0.0043873582,0.0052351621,-0.0019529073,0.0060512908,-0.00826912,-0.0060729566
5.7271909714,-0.0042900536,0.0033348615,0.0009577067,-0.0003389642,-0.0104470542,-0.0049919793
5.7371492386,-0.00126099,0.0014216568,0.0039025934,-0.0014022309,-0.0104656965,-0.0060528498
5.7473940849,-0.0021700801,0.0052902219,-5.28305e-05,0.0028202105,-0.007172165,0.0002971918
5.7573418617,-0.0011169554,0.0053385017,-6.48706e-05,0.0060321162,-0.0071732299,-0.0028928758
5.767332077,0.0008895455,0.0054621217,0.0038475187,0.0081930049,-0.0082707182,-0.0081992242
5.7773370743,0.0039358642,0.0026663507,0.0048627048,0.0103316559,-0.0072171716,-0.0113924881
5.7873921394,0.0030667989,0.0027816559,0.0038656385,0.0060498258,-0.0061724139,-0.0103338808
5.79733181,0.0041685458,-4.95945e-05,0.0019343287,0.0071514426,-0.0093924422,-0.0135034416
5.8073091507,0.0023653267,-0.0048868838,0.0009429843,0.0039247568,-0.0072616469,-0.0113902241
5.817305088,0.0004987625,-0.0038865244,-0.0010415524,0.00177998,-0.0072517931,-0.0082012219
5.8273630142,-0.0004324259,-0.002869386,0.003810385,0.0017520171,-0.0050871759,-0.0050280653
5.8373222351,0.0005914776,-0.0028424,0.0008944065,0.0059772548,-0.0018013677,0.0002589752
5.8472929001,-0.0003500523,-0.0018335466,-0.0001012891,0.0038794829,-0.0071434025,0.0024198641
5.8573389053,0.001640266,-0.0037441736,0.0028511675,0.0006464059,-0.0029039164,0.0013330283
5.8672938347,0.0006727783,-0.0027570461,0.0028337629,0.0049210456,-0.0018383857,-0.0029264316
5.8773789406,-0.002206126,-0.004670802,0.0047712117,0.0059972289,-0.0028988565,-0.0029203063
5.8873100281,-0.0031804831,-0.0026100909,0.0067178397,0.0113376658,-0.0028666323,-0.0039866362
5.8972949982,0.0007571785,-0.0054061296,0.0096992645,0.0038926653,-0.0050845128,-0.0060896017
5.90726614,-0.0001244934,-0.0083195157,0.0057853251,-0.0003944915,-0.0029800828,-0.0061002541
5.9173250198,-0.001118371,-0.0053882333,0.0018734725,0.0027258014,0.0045771692,-0.0008425082
5.9271717072,-0.004124457,-0.0014665608,0.0018509419,0.0059034857,0.0067574997,0.0012659163
5.9372839928,-0.0032293738,-0.0003957633,0.0028573663,0.0123101184,0.0047108601,0.006588643
5.947247982,0.0035007952,0.0046423641,0.0048677712,0.0101966336,0.0004556614,0.0108672772
5.9573192596,0.0054855403,-0.0002256219,0.0029664428,-0.0047346447,-0.0007377011,0.0098230522
5.9671449661,0.0064917561,-0.0022815799,0.0039316802,-0.0132210739,-0.0072161066,0.0098709892
5.9772968292,0.0036335348,-0.0024164652,0.0048399358,-0.0089448364,-0.0051111444,0.0013518035
5.9871959686,-0.0012404413,0.0004319366,0.0067289262,-0.0046685981,-0.0030040513,-0.0061015855
5.9973649979,-0.0021753253,0.0004590418,0.006711164,-0.0003863685,-0.0009110729,-0.0146147786
6.0073299408,-0.0011870058,-0.0004676763,0.0067313104,0.0017393669,0.0022663446,-0.0199488252
6.0172138214,-0.0050951336,0.000546005,0.0057356148,0.0017008837,0.0055052815,-0.0157185271
6.0272798538,-0.0070642326,-0.0023568755,0.0057544499,0.0027632182,0.0044810297,-0.0114630619
6.0372071266,-0.003183821,-0.0013767068,0.0008981616,-0.0036494061,0.0023606201,-0.0040096724
6.0474128723,0.0006771443,-0.0033265536,0.0019253881,-0.0058015073,0.0023893826,0.0013036004
6.0572252274,0.003546065,-0.0014351491,0.0019401701,-0.0090230005,0.0024160142,0.0076814718
6.0672211647,0.0063889977,0.0004186596,0.0029257329,-0.0133415824,0.0066941162,0.0119063109
6.0771799088,0.0072979983,-0.002638865,0.0068545728,-0.0143969925,0.0056086117,0.0108514316
6.0873961449,0.0072238054,-0.0027735715,0.006852129,-0.00801739,0.0099058887,0.0076319366
6.0971879959,0.0022444932,-0.0009889189,0.0028965862,-0.0080454862,0.015207177,0.0022841759
6.1072092056,-0.0046812091,-0.0021130031,-0.0010317771,-0.0048241271,0.0141360536,-0.0008983014
6.1171588898,-0.0077633206,0.0017887469,-0.0029909818,0.0079578478,0.0174421016,-0.0009290609
6.1273779869,-0.0059440527,0.0028385634,-0.0078209247,0.0101120789,0.0142705422,0.0012147839
6.1371588707,-0.0031342597,3.56402e-05,-0.0077246637,0.0090548042,0.0121440096,0.0033535685
6.1471810341,0.0006597398,-0.0018222217,-0.0037396161,0.0048470097,0.0025377206,0.0087307571
6.1571259499,0.00355812,-0.0037514155,0.0021484883,-0.0089708017,-0.0039952798,0.0077224844
6.1673660278,0.0045578983,-0.002926368,0.002114156,-0.0174870603,-0.0072584511,0.0088119842
6.1771306992,0.0026705621,-0.0021656041,0.0010729821,-0.019609198,-0.0062618963,0.0024333128
6.1871399879,-0.0012487711,0.0005754944,0.001977721,-0.0132841915,0.0054983571,-0.002959322
6.197124958,-0.0052364711,0.0043783602,0.0009568126,-0.0015721414,0.0098459674,-0.0061873393
6.2072768211,-0.0062943343,0.0043791053,0.0009690911,0.0026745358,0.0130761154,-0.0072736423
6.2170877457,-0.0112986211,0.0034114236,0.002929488,0.0015975535,0.0130934268,-0.0040850397
6.2271780968,-0.0113932882,0.0005117472,0.003952065,0.0005357508,0.0099333189,0.0023105415
6.2370491028,-0.0046868715,-0.0003965233,0.0059969216,0.0058366396,0.0111170942,0.0118644983
6.2472572327,-0.001862386,0.0015598204,0.0031101496,-0.0005307123,0.0057420358,0.0140285827
6.2570858002,-0.0019092204,0.0014788624,-0.0007906764,-0.0058932528,0.006811562,0.0182720628
6.2671337128,0.0038517772,0.0053134528,0.0011698395,-0.0133003034,0.0013558096,0.0119382683
6.2770557404,0.0038687645,0.0041183201,0.0001752169,-0.0186166391,0.0002157104,0.0087636467
6.2871208191,0.0028580932,0.0068401215,0.0001119763,-0.0196582004,0.0011856337,-0.0018658279
6.2970471382,0.0028513132,0.0076858965,9.25452e-05,-0.0111205066,0.004393145,-0.0093286708
6.3071231842,0.0027700572,0.0135501735,7.1922e-05,0.0069881906,0.0098590162,-0.0115015432
6.3170380592,0.0007930009,0.0136275254,-0.0038155525,0.0102251302,0.008746082,-0.0199974272
6.3271169662,0.0037459193,0.0040466753,0.0001953036,0.0070807361,0.0033414629,-0.024209749
6.3370628357,-0.0011108608,0.0021709467,-0.0037164299,0.0080908732,0.0087285051,-0.0199952964
6.3470711708,-0.0050700251,0.007095274,-0.0086339917,0.0059773885,0.0044733062,-0.0157166626
6.3570599556,-0.0031071396,0.0042493013,-0.0085870232,0.0016982211,0.0044637187,-0.01359146
6.3670282364,-0.002114156,0.0003693368,-0.0085510816,-0.0004416294,0.0034146993,-0.0093335975
6.3770070076,-0.0001799258,0.0004189278,-0.0075528235,0.0049159853,0.0013145307,-0.0082548838
6.3870830536,0.0008034317,0.0024065936,-0.006578824,0.0028182128,-0.004027504,-0.0060939956
6.3970108032,0.0008988736,0.0023681486,-0.0105222668,-0.0035508694,-0.0083543416,-0.0071271691
6.4070630074,0.0029661863,0.0004096444,-0.0085738506,-0.0077714464,-0.0126984902,-0.0113456156
6.4169969559,0.0050510224,0.0013812896,-0.0066491575,-0.0056238752,-0.0137608256,-0.0124020912
6.4270582199,0.0042286273,0.0023646469,-0.0057304711,0.0018862393,-0.0158948153,-0.0187678449
6.4368109703,0.0053665992,0.0004630353,-0.005744657,0.0007783649,-0.010568494,-0.0198640022
6.4468297958,0.0025675653,0.0005176928,-0.0048058243,0.0029112902,-0.009501365,-0.0219971947
6.4577651024,-0.0002420636,0.0005909171,-0.002903959,0.0039433991,-0.0062648254,-0.0198960956
6.4671931267,0.0008426664,-0.002235133,-0.0009300917,0.0039609759,-0.0084022786,-0.0198822469
6.4769992828,-0.0019763352,-0.00313789,-0.0009557217,0.0060899067,-0.0094166771,-0.0156283788
6.4870147705,-0.0018810125,-0.0040123644,0.0019593628,0.0060883085,-0.0104582384,-0.012434449
6.4969749451,0.0011573343,-0.0039169821,0.0009980591,0.0082529262,-0.0115653146,-0.0188028663
6.5069637299,0.0032122938,-0.0008277033,0.0009909065,0.0114340717,-0.0093940394,-0.0177567769
6.5170402527,0.0014072715,-0.005559999,0.0019636543,0.0125510022,-0.0136979744,-0.0219786875
6.5269699097,0.0015771596,-0.0083108433,0.0029416473,0.0104231359,-0.0137325954,-0.0241017584
6.5369739532,0.0056370851,-0.0062592658,0.0009885223,-0.0034288969,-0.0170394424,-0.0230070651
6.546995163,0.004897302,-0.0101699121,0.001910785,-0.0098210154,-0.0181667581,-0.0240576826
6.5569739342,0.0060377624,-0.0082453825,0.0028337033,-0.0098797381,-0.0138298012,-0.0166483689
6.5670261383,0.0022568165,-0.007302213,0.0056893616,-0.0045707263,-0.011623905,-0.0134792067
6.576956749,-0.0005608441,-0.0063366028,0.0036861093,0.0028484398,-0.0061987792,-0.0103306854
6.5870051384,-0.0024684609,-0.0014181171,-0.0002711027,0.0060333144,-0.0061287382,-0.0050214073
6.596932888,-0.0033584179,-0.0033062284,-0.0002792685,0.0049584629,-0.0071647079,-0.0007667411
6.6069459915,0.0006642101,-0.0061792466,-0.0012257904,0.0028396519,-0.0103602353,0.0024426344
6.6169261932,0.0017643182,-0.0100790597,-0.0012249558,-0.0035154494,-0.0168130733,0.0035513083
6.6269421577,0.0029117523,-0.0120704658,0.0006942541,-0.0088225966,-0.020069588,0.0025137409
6.6368999481,0.0069597866,-0.0111288466,0.002619961,-0.008821398,-0.0190272257,-0.000680588
6.6469621658,0.0041917469,-0.0102786459,0.0025318058,-0.0120568722,-0.0158277042,0.0014257061
6.6568789482,0.0013894199,-0.0103831328,0.0024688633,-0.0088644084,-0.0126385689,-0.0028440068
6.6669378281,0.001506096,-0.0103893466,0.0034139545,0.0049803006,-0.0103575718,0.0013810981
6.6768689156,-0.0052912179,-0.0045116278,0.0003913433,0.0113286106,-0.0059806667,0.0066566877
6.686920166,-0.0022993626,-0.0073750797,-0.0005435555,0.0006655799,-0.0102747474,0.0141287176
6.6968507767,0.0007283745,-0.0122743435,0.0024027021,-0.0068221632,-0.0102899279,0.0194473173
6.7068839073,0.0047158655,-0.0133219399,0.0043462901,-0.0099979825,-0.0135208741,0.0194704868
6.716840744,0.00575695,-0.0124575086,0.0043226271,-0.0057377247,-0.0134628173,0.0226553604
6.7269010544,0.0057891067,-0.0066702995,0.002310911,-0.0014875857,-0.0102417236,0.0205067229
6.7368359566,0.0057974514,-0.002783004,0.0022671612,0.0038351417,-0.0091186687,0.0215561409
6.746928215,0.003875172,-0.0027901416,0.0032216699,0.0059347777,-0.0048272512,0.021526847
6.7568387985,0.0048479196,-0.0027653908,0.002265373,0.0090919547,-0.0005014788,0.0246842913
6.7668838501,0.0028307198,-0.0027143692,0.0042242198,0.0079806186,0.004833898,0.0246504676
6.7768130302,-0.0001411678,-0.0027132069,0.0042139082,0.0090777064,0.0005824278,0.026803501
6.7868452072,-0.0030988099,-0.0017441992,0.000294605,0.0090918215,-0.0015459706,0.0278796833
6.7968049049,-0.0040820483,-0.0017467473,-0.0016507118,0.0048348918,-0.0047492208,0.0321531259
6.8068709373,-0.0031459869,-0.0007930134,-0.0016502349,0.0016414952,-0.0058427146,0.0321624465
6.8168010712,-0.0051043276,-0.0018664483,0.0002758295,-0.0004831748,-0.0079796351,0.0332362354
6.8268561363,-0.0031568946,-0.0009333078,0.005153039,-0.0015542982,-0.0058866572,0.028973842
6.836938858,-0.002195114,-1.56198e-05,0.0051434427,0.0016199239,-0.0016034949,0.0278851446
6.8468141556,-0.0002877655,0.0028961117,0.0061161905,0.003763502,-0.0026557099,0.0278904699
6.8567810059,0.0006828962,0.00187422,0.0041765361,-0.0005200589,0.0004841571,0.0236220881
6.8668351173,-0.0002928319,0.0008085783,0.0012451799,-0.003694281,-0.0017052277,0.0204513278
6.8769187927,-0.0012525858,0.0017212298,-0.0017079918,0.0016359026,-0.0006013473,0.0193766095
6.886800766,-0.0002877357,0.0036128873,-0.0036695211,-0.0004671952,-0.0048837103,0.0204682406
6.8967657089,0.0027035831,0.0035655017,-0.0036829321,-0.0068193674,-0.0113424081,0.021579843
6.9068260193,0.0066820737,0.0015360977,0.0002264173,-0.0046808496,-0.0134271309,0.0258414336
6.9169669151,0.0086817499,0.0034331644,0.002160588,-0.0015022336,-0.0102060381,0.0236894675
6.9268112183,0.005803382,0.0052950797,0.0030768903,0.0016823746,-0.0080438172,0.0236732215
6.9367380142,0.0028958379,0.0052239862,0.0030339749,0.0027348557,-0.0059013041,0.0247270335
6.9467930794,-0.0009999515,0.0071390686,0.0020077021,0.0059298505,-0.003766248,0.021523783
6.9567770958,-0.0049158875,0.0071107117,0.0019840987,0.0058907024,0.0026082946,0.0161668342
6.9667601585,-0.0068899039,0.0071113524,3.01988e-05,0.0101445699,0.0037281536,0.0182813853
6.9767251015,-0.006947631,0.0061764685,0.0010286362,0.0080481293,-0.0005717862,0.0172480773
6.9867811203,-0.0030360164,0.0033000971,0.0001041681,0.00597113,-0.0059681493,0.0130349575
6.9967179298,-0.0010506155,0.0023376311,0.0049999147,-0.0025215577,-0.0113850199,0.0120127033
7.0068631172,0.0019464849,0.0032117928,0.0039978414,-0.0131779304,-0.0136050303,0.012034541
7.0167131424,0.0030492006,0.0001423325,0.0059273033,-0.0142406654,-0.0115330908,0.0056489473
7.0267720222,0.0041067954,0.0029321874,0.0048875003,-0.0110422075,-0.00940709,0.0013833621
7.0367069244,0.0021854101,0.0076781926,0.0028549822,-0.0057507735,-0.0029720934,-0.0007865818
7.0467348099,-0.0065791551,0.0065595922,0.0018058211,-0.0058069658,0.0034493203,0.0002342078
7.0567059517,-0.0085329358,0.0036043788,0.0037614496,0.0037939949,0.0035390691,0.0023530191
7.0667600632,-0.0037338079,0.0066414443,0.0057650595,0.0091030067,0.0057449653,0.0055221808
7.0766887665,-0.0027896406,0.0047684726,0.0019036323,0.0112701543,0.0004474054,0.00874101
7.0867528915,-0.0037685873,0.003840443,0.0009420306,0.0091303047,-0.0006016137,0.0129988715
7.0966658592,-0.0037737133,0.0009563382,0.0048697977,0.0059716627,-0.0059692147,0.0130354902
7.1067519188,0.0001479743,0.0019579048,0.0058501749,-0.0015176786,-0.0038895523,0.0130272349
7.1166801453,-0.0007893684,-0.0020542776,0.0107183252,-0.0142940609,-0.0072110463,0.0109319929
7.126709938,0.0031395017,-0.0031659936,0.0156075153,-0.0175351277,-0.0008596739,0.0066435048
7.1366901398,0.0050716158,-0.0003778372,0.0136304293,-0.0122046797,0.0023374506,0.0013095923
7.1467318535,0.0020976125,0.0004876371,0.0126218591,-0.0015592249,0.008768985,-0.0061762873
7.1566739082,-0.0028940679,0.0053549525,0.0077140122,0.0101423059,0.0131461564,-0.005151636
7.1666941643,-0.0040098373,0.008369457,0.0018859298,0.0154092396,0.0196450688,0.0001144989
7.1766662598,-0.0012729706,0.0065490124,-0.0028862564,0.0121625802,0.0228733532,0.005406999
7.1866531372,0.0004872439,0.0037423635,-0.0018096177,0.0111271432,0.0165070649,0.0118233534
7.196641922,0.0071706232,0.0018921759,0.0002472789,0.005828118,0.0100915115,0.0161173008
7.206674099,0.0080720689,-8.05442e-05,0.0002982409,-0.0005285814,0.0025971089,0.0204199031
7.2166509628,0.0080440845,-0.0031155681,0.0022583397,-0.0122408979,0.0003395476,0.0172566008
7.2267017365,0.0060748961,-0.0042716148,0.0041712313,-0.0154345594,0.001338233,0.0119403992
7.2366261482,0.0010980575,0.0004213865,0.0031267793,-0.0069127101,0.0077244928,0.001269911
7.2466831207,-0.0048664752,0.0042644409,0.0040477305,0.0048177149,0.0120268296,-0.0062029189
7.2566261292,-0.0079192761,0.0082610659,0.0030732544,0.0122615164,0.017385643,-0.0115561383
7.2666921616,-0.0100131426,0.0064387289,0.0011870653,0.01654521,0.0152902678,-0.0104831513
7.2766079903,-0.0101088975,0.0026909525,0.0012585312,0.0080372095,0.0109615652,-0.0083214631
7.2866201401,-0.0053104702,0.0008298572,0.0013403089,0.0027215397,0.0066815997,-0.0040404322
7.2965941429,0.0004471151,0.0008712973,0.0023997219,-0.0047928356,0.0088241119,0.0023210607
7.3066101074,0.0013368337,-0.0001222376,0.0034089477,-0.0005128691,0.0088299708,-0.0008691398
7.3165888786,0.0031743555,0.0018408712,0.0024577172,-0.0016015684,0.0120156445,-0.0019498506
7.3266501427,0.0011460988,0.0008361157,0.0024638565,-0.0026391363,0.0087921545,-0.0029906139
7.3365950584,0.0001170395,-0.0011583749,-0.0004484265,-0.0015878528,0.0109349331,-0.0030037966
7.3466091156,-0.0009461435,-0.0001730804,0.0005353481,0.0048250388,0.012007921,-0.0083271898
7.3565778732,-0.0010171772,-0.0001303439,-0.0023625104,0.008021364,0.0110017788,-0.0040741209
7.366560936,-0.0020828636,0.00384165,-0.0072370381,0.0090802368,0.0099865822,0.0012436791
7.3765659332,0.001766464,0.0058767763,-0.0120597687,0.0069722119,0.0057162032,0.0033961791
7.386551857,0.0046344306,0.0039847908,-0.0100590792,0.0027484382,-0.0007110696,0.0055655902
7.3966121674,0.0056214835,0.0020022804,-0.0071240873,-0.0057652881,-0.0039814315,0.0055918219
7.4065461159,0.005655339,0.0029271657,-0.0042180032,-0.004680316,-0.0061106291,0.0056048715
7.4165420532,0.0037428944,0.0038657004,0.0006223709,-0.0057039019,-0.008323716,-0.0018148283
7.4265317917,-0.0010825039,0.0038245136,0.0025090964,-0.0014452413,-0.0040791696,-0.0092820656
7.4365921021,-9.90571e-05,0.0058318642,0.0025121362,0.0049316981,0.0023172111,-0.0167636834
7.4464979172,-0.0010767968,0.0039935079,0.0025350244,0.0102210026,0.0098033566,-0.0210654885
7.45652771,-0.0021407099,0.0041469303,0.0006359012,0.0144443763,0.0162314288,-0.0232352987
7.4664888382,-0.0012521984,0.0013912286,-0.0031897633,0.0133631332,0.0162593909,-0.0189851597
7.4765558243,-0.0013122202,-0.002365384,-0.0050759525,0.0101947701,0.0088259764,-0.0104356138
7.4864759445,0.0025351404,-0.0002869253,-0.0059929104,0.0081025911,0.0003320907,-0.0018799425
7.4964971542,0.0083594676,0.0017393049,-0.0030335395,-0.0014657481,-0.0071617784,0.0056129941
7.5064730644,0.0055644419,-0.0003165786,-0.0040640444,-0.0067673037,-0.0135701429,0.0109702088
7.5165491104,0.0027337132,-0.0004548315,-0.0021757095,-0.0110284938,-0.0146710938,0.0109799299
7.5267119408,0.0008899329,0.0023316855,-0.0022592752,-0.0099544404,-0.0125887683,0.0035289377
7.5365438461,-0.0009583326,0.0022617395,-0.0003600328,-0.0046510221,-0.0061862622,-0.0028922101
7.546462059,-0.0019075663,0.0061660972,-0.0013799876,0.002822075,-0.0029947301,-0.0114172548
7.5564851761,-0.0028544904,0.0072375652,-0.0013851731,0.009220453,0.0012543433,-0.0199469607
7.5664420128,-0.0018589587,0.005472925,-0.0003702848,0.0156474598,0.0001989327,-0.0241941698
7.5764379501,-0.0027741732,0.0017979111,0.0006508023,0.0210062712,-0.0029547827,-0.0231161229
7.5864348412,-0.0007937493,0.0030297453,-0.001255533,0.0167018045,-0.0008050791,-0.0178151
7.5964188576,0.0012670367,0.0002743717,-0.0031701534,0.0146088265,-0.0072057201,-0.0145854848
7.606443882,-0.0005813183,-0.001561809,-0.0002642482,0.0039580464,-0.0125775822,-0.0081688641
7.616440773,0.0005509315,-0.0034637486,-0.000279805,-0.0002998151,-0.0147320805,-0.0060260845
7.6264390945,0.0016474186,-0.0035011803,0.0006707699,-0.0088355131,-0.0148071814,-0.0070820283
7.6364707947,-0.000160137,-0.0045806798,0.0015815289,-0.0131250657,-0.0116510689,-0.0092248078
7.6464262009,-0.0029795559,-0.0037291532,0.0005304606,-0.0110043921,-0.0095061585,-0.0103025893
7.6564249992,-0.0019349547,0.0001409765,0.0024456175,-0.0024612369,-0.008405474,-0.0145663098
7.6664471626,0.0010862409,0.0002260174,0.0034183057,0.0050209137,-0.0083748484,-0.0177589059
7.6763982773,0.0031455813,0.0003209527,0.0024485381,0.0039327466,-0.0072818864,-0.0135138296
7.6864309311,0.0042383727,-0.0044848355,0.0024665387,-0.0003157947,-0.0094614178,-0.0145591199
7.696390152,0.0024371205,-0.0093568601,0.0044049411,-0.0067153703,-0.0105695594,-0.0134855984
7.7064471245,0.0054618772,-0.0084213503,0.0014590414,-0.0077912882,-0.0116012674,-0.0081662014
7.7163939476,0.0026322959,-0.0065122428,0.0013936551,-0.0035680467,-0.0083114645,-0.0028811579
7.7264642715,0.0017021953,-0.003620181,0.0013586672,-0.0036170492,-0.0040003397,0.0013404849
7.7363891602,0.0017619787,-0.0056419852,0.0013358982,-0.007872913,-0.0061567011,0.0045510586
7.7464580536,0.0027856587,-0.0076530012,0.0032777579,-0.0046566147,-0.008260332,0.0056248456
7.7563891411,0.0047155973,-0.0047584358,0.0062086373,-0.000453081,-0.0028288153,0.0108939093
7.7664461136,0.004673427,0.00014573,0.0071587353,0.0048644533,0.0004005339,0.0087444726
7.7763900757,0.0037038981,-0.0027932262,0.0061892658,-0.0004834402,0.0024791309,0.006609682
7.7864398956,0.0017103909,-0.0037738865,0.007178226,0.0016705245,0.0013997519,0.0034280038
7.7963628769,-0.0012406649,-0.0027883535,0.0100804362,-0.0004598722,0.0003254329,0.0044979285
7.8063530922,-0.001252556,-0.0047765258,0.0110697541,-0.0068711657,0.0002940075,0.006627392
7.8163299561,-0.0002857687,-0.0039066407,0.0081318412,-0.0079272427,0.0002588537,0.0045079151
7.8263320923,0.0006317852,-0.0010348294,0.0081122909,-0.0058134925,0.0024218729,0.0055548036
7.8364109993,-0.000412518,0.0028023536,0.0061337142,-0.0015756031,0.0056738588,0.006591307
7.8463311195,-0.0024505795,0.0047104922,0.0051618009,0.0005362844,0.0088874958,0.0055066012
7.8563361168,-0.0015553476,0.0037428106,0.003235379,0.000535218,0.0099343844,0.0023100087
7.8663239479,-0.0026262642,0.0037081356,0.0013078244,-0.0026792167,0.0109873982,0.0033678161
7.8763871193,0.000234863,0.0007377084,0.000374654,-0.005853571,0.0077535221,0.0033924503
7.8863120079,0.0011503606,0.0016646202,0.0003953964,-0.0047755241,0.0056424337,0.0055301702
7.8963041306,0.0010917841,0.0016111847,0.0004020722,-0.0026278188,0.0056267208,0.0023440975
7.9063310623,7.37814e-05,0.0025368447,0.001362005,-0.005779136,0.0002402115,0.0002564453
7.9163298607,-0.0028374137,0.0014542456,-0.0016047567,-0.0047313171,0.0034368038,-0.0018899293
7.9262938499,-0.0048353318,0.0023327435,-0.0064981193,-0.0058269398,0.0076853442,-0.0040414971
7.9362888336,-0.0048927758,0.0013057407,-0.0035640209,-0.0058007091,0.0044794315,-0.0040208576
7.9462852478,-0.0039419029,0.0003114607,-0.0045214505,0.0006193742,0.0034421301,-0.0061433972
7.9563550949,-0.0029920877,0.0042792973,-0.0074510188,0.0102520278,-0.0007361032,-0.0040003513
7.9662752151,-0.0029110105,0.0033933038,-0.0084300842,0.004997611,-0.0104049761,-0.0049963738
7.9762830734,-0.0027671696,-0.0014364157,-0.0045208544,-0.000310069,-0.0147051821,-0.0028389466
7.9862737656,-0.0007029267,-0.0033297574,0.0023084076,-0.0013827896,-0.0136537664,-0.0039074067
7.9962949753,0.0013570248,-0.0013771538,0.0022916587,-0.0013965052,-0.0115261674,-0.0049831914
8.0062589645,-0.0014894248,0.0005632754,0.0022244842,-0.0003837049,-0.0040549347,-0.0071571292
8.0162611008,-0.0014659704,-0.0004137639,0.0051567941,-0.0036218427,-0.0018948446,-0.0018579714
8.0263195038,0.0004827736,-0.0014037673,0.0061450987,-0.0036535347,0.0023710066,-0.0029480034
8.0362663269,0.0052824076,0.0015446063,0.0081341658,-0.0015479056,0.005601421,-0.001907373
8.0462684631,0.0110539254,0.0016037043,0.0130749736,-0.0037194472,0.0088182529,0.0012604569
8.0560770035,0.0100067612,0.0005685653,0.0111372862,-0.0047913706,0.0088190529,0.0012567285
8.0662689209,0.0060280468,0.0014784749,0.0111198816,-0.0026792176,0.0099405097,0.0054975464
8.0762233734,0.0058946963,0.0014150407,0.0111444984,-0.0048475629,0.0152425971,0.0033433151
8.0862865448,-0.0001215579,0.0003488328,0.0121131334,-0.00379082,0.0173701961,0.0012039978
8.0960741043,-0.0032232495,0.0012863692,0.0092004333,-0.0016770689,0.0216248631,-0.0030743703
8.1062812805,-0.0053601805,0.0022276903,0.0062914281,0.0004715687,0.0216051545,-0.0073253084
8.1162061691,-0.0055393968,0.0021979774,0.0014593989,-0.0027344776,0.0215902422,-0.0062609757
8.1262369156,-0.0086432341,0.0011469241,-0.0004627912,-0.0091178082,0.0193941984,-0.0073046684
8.1362752914,-0.0078354869,0.0001039769,-0.0023635237,-0.008035766,0.0172729902,-0.0062287515
8.1462535858,-0.0031096132,-0.0009133999,0.0006347687,-0.0112043954,0.0119317546,-0.0030047286
8.1561965942,0.0006874112,-4.29635e-05,0.0006522925,-0.0175909214,0.0097442344,-0.0029858202
8.1662540436,-0.002289349,-0.0021973883,-0.0013236611,-0.0165022202,0.0055138031,0.0012904175
8.1763648987,-0.0014080198,0.0015639927,-0.0052301497,-0.0090561556,0.0098211998,-0.001930809
8.186208725,0.0004426895,0.0054547158,-0.0062083215,0.0005554585,0.0109280096,-0.0061942637
8.19617939,0.0013269542,0.0074421433,-0.0071553797,0.0005539935,0.0119778281,-0.0083254585
8.206161499,0.0012571423,0.001630139,-0.0061170072,0.0016056765,0.01307292,-0.0062085115
8.2163553238,0.0041090753,-0.0002555881,-0.0041072578,0.0027223388,0.0077247596,-0.0072351601
8.2262182236,0.0050430354,0.0007622208,-0.0040742368,0.003830214,0.0023984374,-0.0061390027
8.2361478806,0.0079244729,0.0028023238,-0.0030686466,0.0038396688,0.0013262485,-0.0071972101
8.2461748123,0.0098572727,0.0028682763,-0.0001166671,-0.0004528146,0.0044903504,-0.0082771219
8.2563610077,0.0098495688,-6.26628e-05,-9.56862e-05,-0.0025967918,0.0065902527,-0.0104125775
8.266210556,0.0030085652,-0.0021031087,-0.0020856468,-0.00794442,0.0086683175,-0.0125471009
8.276137352,-0.0029215456,-0.000209782,-0.0031072109,0.0016741194,0.0076653706,-0.0136099681
8.286192894,-0.0049495641,0.0008250143,-0.0031103103,0.0038211597,0.0066041015,-0.0146669773
8.2963218689,-0.0039952639,-8.33605e-05,-0.0059975595,0.0048910845,0.0045135198,-0.0104057863
8.3061828613,-0.0049691442,-0.0020021831,-0.0069628567,0.0017312439,-0.0018964426,-0.0071748393
8.3160829544,-0.0029627772,-0.0039341035,-0.0069412203,-0.0025199596,-0.0051132748,-0.003961469
8.3261432648,3.20284e-05,-0.003924388,-0.0069461674,-0.0035434123,-0.0104651637,-0.003926049
8.3362894058,0.0001400469,-0.006933752,-0.0079404917,-0.0131679438,-0.0084012132,-0.0039331065
8.3461360931,0.0051071104,-0.0089817829,-0.0069475383,-0.0163685307,-0.0073844185,-0.0071246391
8.3561353683,0.0061546471,-0.0081429519,-0.0050455541,-0.0174082294,-0.0116484053,-0.0049720057
8.3660879135,0.0043031778,-0.007305074,-0.0041306824,-0.0089042224,-0.0073074531,-0.0050060945
8.3762454987,0.0004709719,-0.003471989,-0.0081216302,0.001755612,-0.0061412551,-0.0028947401
8.386136055,-0.0004523786,-0.0014655028,-0.0091200676,0.0102931736,-0.0071167708,0.0002927976
8.3960819244,0.0025751202,-0.0022988801,-0.0100667682,0.0145989722,-0.0134524312,0.0056436202
8.4060630798,0.0055982228,-0.0031369065,-0.0080937948,0.0113725523,-0.0134138148,0.0130823627
8.4161281586,0.0086398479,-0.0059800181,-0.0051560611,0.0060423696,-0.0166114718,0.0184165407
8.4260845184,0.0087586846,-0.0069481763,0.0006786377,-0.0045929635,-0.0209779926,0.0173898917
8.436088562,0.0060002711,-0.0051425132,-0.0043030591,-0.0088680033,-0.0199510772,0.016323695
8.4460525513,0.0051556583,-0.0023347621,-0.0053505511,-0.0099409912,-0.0168074816,0.0099297119
8.4560556412,0.0032939373,-0.0004746501,-0.0015281646,-0.0088677388,-0.016817335,0.0067373808
8.4660367966,0.0024869798,-0.001541156,-0.000606498,-0.0077864937,-0.0168452989,0.0024872422
8.4761037827,0.0026464669,-0.0035422777,0.0022865923,-0.0045591425,-0.0179284066,-0.0006892432
8.4860048294,-0.0001424195,0.001307648,-0.0017040579,0.0071680867,-0.0157091934,-0.001774215
8.496096611,-0.003958771,0.0043074009,0.0001882107,0.010335518,-0.014548854,0.0056510773
8.5060329437,-0.0028341801,0.0024206156,0.0001770646,0.0018245885,-0.0188716967,0.0078098364
8.5160989761,-0.0026258321,-0.0034843122,-0.000818929,-0.006715104,-0.0199814364,0.0110112224
8.5260133743,-0.0005158426,-0.004528645,-0.0008542149,-0.0056897867,-0.015680166,0.0131073948
8.5360631943,-0.0023944916,0.0002722557,3.42519e-05,-0.0003572069,-0.0156279672,0.0141648035
8.5460100174,-0.0022768916,0.0021939988,0.0009708793,0.0018177973,-0.0188538544,0.0099346396
8.5560846329,-0.0001844408,0.0002623762,0.004865685,-0.0013937093,-0.0167640708,0.0067340517
8.5659732819,0.0009675382,-0.0026862209,0.0067840009,-0.0067027202,-0.018969968,0.00356489
8.5759944916,-0.0008392276,-0.0018151287,0.0096372757,-0.0088385763,-0.0179374609,0.0014356929
8.5859794617,0.0051844772,-0.002802152,0.0145157967,-0.0066670338,-0.0211542919,-0.0017321371
8.5960378647,0.006342655,-0.003810901,0.015452126,-0.0056289332,-0.0179318674,-0.0006908413
8.60597229,-0.0013351084,0.0009603169,0.0104430113,0.0007085903,-0.0093415752,-0.0018133636
8.6159687042,-0.0081258062,0.0038502628,0.0093777571,0.0006521316,-0.0039643873,0.0024026867
8.6259593964,-0.0061670188,0.0009669479,0.0113664661,0.0037911995,0.0024999036,0.0055457493
8.6359920502,-0.0100960676,-0.0029650365,0.0123426113,0.0016063424,0.0057518897,0.0129634533
8.6459541321,-0.0082321409,-0.0029833501,0.0113993082,-0.0016325945,0.0089604659,0.0161320809
8.6559762955,-0.0044514183,-9.248e-05,0.0085050259,-0.0016477751,0.0100462362,0.0182503592
8.6659183502,-0.0045674387,0.0028091187,0.0085117016,0.0048127873,0.0036743577,0.0172247756
8.6760025024,-0.0036711933,0.0047340957,0.0046244054,0.0037471242,0.0036605094,0.0161615089
8.6859483719,-0.0027093531,0.0017480816,0.0017126591,-0.005822679,0.0003528635,0.0130024673
8.695936203,0.0012204407,-0.0022750234,0.0007748992,-0.0175578985,0.000245538,0.0108857872
8.7058734894,0.0012416898,-0.0034456884,0.0007415206,-0.0164625403,-0.0019108236,0.0077118315
8.7159881592,0.0012257753,0.0002990182,0.0026450546,-0.0111234356,-0.0029206942,0.0098396977
8.7258892059,0.0031673072,0.0060926792,0.0035841258,-0.0025688289,-0.0018493047,0.0023900366
8.73595047,-0.0007395687,0.0109389536,-0.0013620465,0.0059510232,0.0003597875,0.0034338627
8.7458868027,-0.0017217339,0.011969801,-0.005264184,0.0091196522,0.0057010236,0.0002098398
8.7559185028,-0.0007625761,0.0090993457,-0.0022881834,0.0016827751,0.0013688593,0.0002428631
8.7658672333,0.0002094565,0.0032454694,0.001649657,-0.0068880757,0.0055686645,-0.0008407773
8.775935173,0.0011496006,0.0012454357,0.0026601346,-0.0036849603,0.0055915671,-0.0008422418
8.7858610153,0.0020732342,0.0022477175,0.0055948882,-0.0004636003,0.0045204442,-0.0040247194
8.7959451675,0.0030027686,0.0032063539,0.0036536844,-0.0026017195,0.0045105903,-0.0040264502
8.8058624268,0.0049302932,0.0022490437,0.0017272027,-0.0004935609,0.0098254606,-0.0093743447
8.8159065247,0.0039140936,0.0012670275,0.0007666738,-0.0004529478,0.0065843938,-0.0125367148
8.8258428574,-0.0029284896,0.0002350624,-0.0012215583,-0.0004614703,0.0055609411,-0.007218116
8.8358707428,-0.0029679479,-0.0007711385,-0.0041392655,-0.0004867697,0.0077181016,-0.0051080929
8.8457927704,-0.0059067551,-0.0008441393,-0.0090426411,-0.0047209291,0.0013179928,0.0002483227
8.855931282,-0.0059125666,-0.0009377484,-0.01197966,-0.0079205846,-0.0008056117,0.0045127096
8.8658218384,-0.0029764713,-0.001982156,-0.0100178327,-0.0078904899,-0.0061130254,0.0087966705
8.8758859634,0.0009952842,-0.0010744069,-0.009048244,-0.0078249769,-0.0136042312,0.007783337
8.8858127594,0.0020771085,-0.0011489574,-0.0071440549,-0.0099230139,-0.0168540869,0.0046187029
8.8958778381,0.0070929285,-0.0002274845,-0.0052046985,-0.0088247275,-0.0200653262,0.0025116103
8.9058008194,0.0024120568,-0.0003585998,-0.0053135962,-0.0098820021,-0.0180085674,-0.0060001193
8.915895462,0.0016042946,0.0015717413,-0.0044044466,-0.0013284609,-0.0169329159,-0.012385048
8.9257211685,0.0007692931,0.002616849,-0.0034731238,0.0082445377,-0.0115421461,-0.0156138651
8.9357671738,-0.0010701658,0.0027469064,-0.0034944026,0.0082151089,-0.009374599,-0.0124421725
8.9458465576,1.91091e-05,-0.0020007526,0.0004338414,0.0060768574,-0.0093820561,-0.0113782398
8.9557590485,0.0021165668,-0.0058593038,-0.000519058,0.0007512001,-0.0125887673,-0.0060395338
8.9657707214,0.0022153019,-0.0029110049,-0.0025144427,0.0007232372,-0.0104241502,-0.0028663774
8.9757890701,0.0042220708,5.15397e-05,-0.0015571921,0.0039126393,-0.0103674252,0.0003158336
8.9858579636,0.0033475815,-0.0008982305,-0.0025497882,0.0049768384,-0.0124422936,0.0067028934
8.9956169128,0.0005001781,0.0001118,0.0003291161,0.0071081663,-0.0124167278,0.0077636298
9.0057020187,0.0006005524,0.000128385,0.0003053338,0.0006934106,-0.0124390982,0.0109554287
9.0158786774,0.0006963966,-0.001883689,-0.0006996601,-0.0025034482,-0.0135235367,0.0120270848
9.0257673264,0.0037176965,-0.0038480347,0.0032187493,-0.004641966,-0.0114388149,0.0077654943
9.0358057022,0.0057202335,5.09735e-05,0.0041664629,-0.0003421605,-0.0135770673,0.0035256087
9.045917511,0.0019546805,4.36272e-05,0.0021381767,0.0060707317,-0.0125040794,-0.0017977841
9.0558280945,-0.0018319131,0.0020219947,-0.0028038828,0.0103421761,-0.011430027,-0.0049946429
9.0657672882,-0.003677571,0.0040446338,-0.0028336851,0.0060725962,-0.0114630498,-0.0049914466
9.075835228,-0.0055008475,0.0011515882,6.76305e-05,0.0007512011,-0.0136356568,-0.0039098039
9.0859622955,-0.0043701772,-0.0017511431,0.0029752047,-0.0035183793,-0.0136686796,-0.0039066081
9.0957679749,-0.0032940747,-0.002741996,0.0068573146,-0.0046005547,-0.0136388522,0.0003425987
9.1057348251,-0.0012334825,-0.0017696951,0.0078108697,-0.0046444964,-0.0082952194,0.0003079774
9.1157770157,-0.0021600367,0.000121456,0.0077746897,-0.0046655349,-0.0071934699,0.0045519909
9.1257648468,0.000824934,-0.0008542422,0.007785657,0.0006607864,-0.0050328472,0.002409478
9.1357545853,0.0008571504,-0.0008377467,0.0077798157,0.0049079955,-0.0018058951,0.00025791
9.1457281113,-0.0011020543,0.0021304751,0.0067816167,0.0102292579,-0.00067778,0.0023716611
9.1557722092,-0.0020716132,0.0032018537,0.0038569362,0.0134013491,0.0025627543,0.0034105603
9.1656732559,-0.0040481333,0.003310051,0.0019175203,0.0165878199,0.0036743577,0.0055259084
9.1757640839,-0.003087336,0.0024922306,0.0019645484,0.0144656813,0.0015345078,0.007668023
9.1856994629,-0.0001564862,0.0026163871,0.0019973309,0.0102312556,-0.0027734214,0.007698915
9.19572258,0.0047049578,0.0007795807,0.0098709259,0.0027632192,-0.0028407993,0.0066424394
9.2056760788,0.0066932794,0.0007477965,0.0059694438,-0.0068206983,-0.0040200469,0.0024072139
9.215716362,0.0048076864,-0.0012801472,0.0078811441,-0.0089212675,-0.0051710652,-0.00501941
9.2256793976,-2.38957e-05,-0.0013483946,0.0097839627,-0.0025294134,-0.0019515699,-0.0092943162
9.2357349396,-0.0029356719,0.002531227,0.0048537641,0.0027815951,0.0012950896,-0.0093186842
9.2456617355,-0.0067897979,-0.0003528331,0.0028793605,0.009199813,0.0013084054,-0.0135728177
9.2557258606,-0.0067844037,-0.0002370511,0.0009502561,0.0123615181,0.0056208624,-0.0125424406
9.2656612396,-0.0067909006,-0.00108223,1.62513e-05,0.0112962537,0.00246981,-0.0050845244
9.2757015228,-0.0038862766,-0.0038843935,0.0010498555,0.0059357095,0.0014436942,0.0044862106
9.285651207,0.001901096,-0.0028473025,0.0050087958,-0.0015270002,-0.0017750023,0.0098242508
9.2956190109,0.0077039059,-0.0009118352,0.0070017367,-0.009030058,0.0003406127,0.0140654687
9.3056507111,0.0105944034,-0.0020387506,0.006039062,-0.0133366557,0.005633113,0.0119093731
9.3156929016,0.0066031273,-0.0012267266,0.0098936353,-0.00908079,0.0098853828,0.0055051362
9.3256120682,0.0055033322,0.0016732182,0.0099021588,0.0037223566,0.0131363031,-0.0008992334
9.3356246948,0.001434481,0.0036801959,0.0079626832,0.0121981334,0.0227809399,-0.0052154185
9.3456192017,-0.0036378445,0.0028262401,0.0041142493,0.0207178518,0.0260350574,-0.0073672528
9.3556108475,-0.0057804827,0.0040306267,-0.0006986468,0.0292475559,0.0261264034,-0.0041857073
9.3662900925,-0.0040646736,0.0052532223,-0.0015610664,0.0218058862,0.0207611993,0.0001038462
9.3766040802,-0.003224069,-0.0004445945,-0.0024352877,0.0090472139,0.0121634491,0.0054775728
9.3862352371,-0.0023108067,-0.0043358686,-0.0023775308,-0.0026621725,0.0057146056,0.011901916
9.3962936401,0.0025272726,-0.0014827136,-0.0013866036,-0.0143190948,-0.0040075304,0.0109125515
9.4062643051,0.0025748073,-0.0016943995,-0.0014336912,-0.0238942243,-0.0062555047,0.0066842511
9.4160203934,0.0006451962,-0.0019448433,0.0024062188,-0.0238790438,-0.0052517592,-0.0018250814
9.4254083633,-0.001295829,-0.0001815592,0.0042865663,-0.01964169,0.0032314742,-0.0135693559
9.435541153,-0.0071935002,0.0036089683,0.001297036,-0.0015500365,0.0129275108,-0.0200150032
9.4454078674,-0.0082751159,0.006654602,-0.000641486,0.0165639855,0.0173337106,-0.0211186185
9.4554805756,-0.0083812121,0.005891603,-0.002521178,0.0208225138,0.0163483415,-0.0158057436
9.4653940201,-0.0065312032,0.0022286291,-0.0043536038,0.0218675379,0.0153693631,-0.0062386049
9.4754619598,0.000208473,-0.0004876141,-0.0061890096,0.0133570069,0.0068645584,0.0076368633
9.4853887558,0.0030907153,-0.001370642,-0.00613167,0.0026870519,0.0025885869,0.0172335654
9.4953918457,0.0079406556,-0.0014269684,-0.0070719332,-0.0090095503,-0.0049412348,0.0215372331
9.5053653717,0.0079445895,0.0003810491,-0.006139359,-0.0089938389,-0.0060280706,0.0194194876
9.515417099,0.0060320254,0.0012214001,-0.0032618253,-0.0079212505,-0.0049875737,0.0151625564
9.5253810883,0.0050739106,0.0040662107,-0.0023425429,-0.0036085267,-0.0040216451,-0.0007825869
9.5353727341,0.001193708,0.0089104138,-0.00435116,0.0038790838,-0.0008676635,-0.0135563053
9.5453701019,0.0021730124,0.0080467425,-0.0043359608,0.0102549577,0.0055308472,-0.0210389886
9.5554275513,0.0012014268,0.0033182467,-0.0003738015,0.0049668518,0.0011787097,-0.0252567716
9.5653467178,0.0022440015,0.0005047437,-0.0013255684,0.0049950811,-0.0030780872,-0.023104405
9.5755529404,0.0013302623,-0.0003976111,-0.0023001044,0.0039198301,-0.0041111275,-0.0177843403
9.5855083466,0.0004277585,0.0015795942,-0.0052734823,-0.0003300421,-0.0094243996,-0.0103101786
9.5955638885,0.0014879166,0.0006106909,-0.0023558347,-0.0056820652,-0.0094249323,-0.0049922457
9.6055049896,0.002573496,-0.0004225705,-0.002377054,-0.0088735959,-0.0115690436,-0.0028513307
9.6155357361,0.0016675352,0.0014241006,-0.0014533013,-0.0078404238,-0.0093815234,0.0013805653
9.6254806519,0.001736915,0.001371127,0.0014429481,-0.0078284396,-0.0083671249,-0.0050003687
9.6355161667,0.0017943142,0.0013312813,0.0043403893,-0.0078144576,-0.0084036104,-0.0092495754
9.6454753876,0.0009029863,-0.0006356571,0.0043388992,-0.0003869012,-0.0009100076,-0.0146153113
9.6555500031,-0.0029709877,-0.0015962903,0.0052839904,0.0049522044,-0.0008751203,-0.015682973
9.6654644012,-0.0039341394,-0.0005378161,0.002355376,0.0059615425,0.0066051665,-0.0167945772
9.675494194,-0.0059239212,-0.0004669462,-0.0015359132,0.0091428217,0.0077314172,-0.0125528267
9.6854429245,-0.0059715156,-0.0003506724,0.0004487426,0.0102211358,0.0035281503,-0.0050895843
9.6955223083,0.0008668957,-0.0031588112,0.0024720223,0.0017176624,-0.0018607562,-0.0029252332
9.7054443359,0.000932431,-0.0071051302,0.0024868043,-0.0089245951,-0.0062091658,-0.0018272119
9.7154312134,-0.0009613278,-0.006250191,0.0004701407,-0.0121281138,-0.0072781583,0.0003035832
9.7254714966,0.0029978512,-0.004381794,0.0014363916,-0.0131797949,-0.0083732503,-0.0018133635
9.7354383469,0.0021263717,-0.0035246497,0.0013739259,-0.0163161978,-0.0127512217,-0.0102790203
9.7454328537,-0.0006557645,-0.0036639904,-0.0026090948,-0.0110181076,-0.0063338014,-0.0145739
9.7554311752,0.0003861545,-0.0027055328,-0.0016593544,-0.004615467,-0.0062786741,-0.0135146268
9.7654590607,0.0014252423,-0.0026863848,0.0012656243,-0.0014465721,-0.0030296175,-0.0114131272
9.7754230499,0.0034242033,-0.0045771184,0.002268234,0.0028448449,-0.0061915889,-0.0103342803
9.7854299545,0.004433101,-0.0025551056,0.0003177912,0.0070358617,-0.0007243854,0.000251252
9.7954053879,0.0034355877,-0.0024869477,0.0012916715,0.0080968644,-0.0006990853,0.0023756556
9.8054647446,0.004452562,-0.0072804424,0.0042588501,0.0080936691,-0.0027822098,0.0087635145
9.8153829575,0.0043984111,-0.0033471768,0.004256764,0.0059109423,0.0025550311,0.0097922934
9.8253889084,-0.0005141737,-0.0033726578,0.0012964995,0.0026999693,0.0035989902,0.0097877653
9.835401535,-0.0015414597,-0.0033613329,0.0013118179,0.0026835902,0.0046871579,0.0119048459
9.8454399109,0.0003800748,-0.0053209695,0.0023277791,-0.0058081644,-0.0007315759,0.0108835232
9.8553857803,0.0003866313,-0.0063984129,0.0013370903,-0.0100680254,-0.0018373204,0.009828778
9.8653802872,0.001367247,-0.0055487189,0.002287844,-0.0143043157,-0.0050946325,0.007728077
9.8753652573,0.0023293255,-0.0027426814,0.0022609623,-0.0132580912,-0.0018927142,0.0066459011
9.8854293823,-0.0015585066,-0.0008898262,0.0021989138,-0.0025841426,-0.0018101562,0.0066379113
9.8953428268,0.0003810881,0.0010620024,0.0031682642,0.0006445413,-0.003944946,0.0045266906
9.9053535461,0.0003898201,0.0010569658,0.0021885426,0.001657608,0.0014341068,0.0076782759
9.9153490067,-0.0005834939,0.0010421689,0.0002386958,0.0016651973,0.000367777,0.0076840017
9.9254131317,0.0003563819,7.77956e-05,0.0002697498,0.003740333,0.0068147569,0.0097655281
9.9353523254,0.0002804158,0.0010546114,0.0012471467,0.0027156817,0.0025121544,0.0076700198
9.9453229904,-0.0017110647,-0.0018642728,0.0032162459,0.0026736036,0.0068051703,0.0097669931
9.9553232193,0.0001766739,-0.0018063966,0.0052023917,0.0048547327,0.0025180131,0.0066068862
9.9653224945,0.0001255927,-0.0008424852,0.0061863451,-0.002620494,0.0024692775,0.0076748142
9.9753522873,0.0001179038,-0.0009148006,0.0013068111,-0.0015397836,0.0003507328,0.0087493993
9.9852972031,4.5961e-05,0.0029542858,0.000319937,-0.0005163308,0.0057026213,0.0087139793
9.9953489304,-0.0009784044,0.0019615258,0.0003186853,0.0005489336,0.0067620263,0.0065813195
10.0052757263,-0.0030184926,0.0029305036,0.001300195,0.0026837233,0.0067785378,0.0065797223
10.0154247284,-0.0031244399,0.0078152083,-0.0006606787,0.0058664675,0.0078997295,0.0097571397
10.0252809525,-0.0022089125,0.0058958945,-0.0015922396,0.0069266721,0.0100182742,0.0065554874
10.0353279114,-0.0032794119,0.0079043917,-0.0045008869,0.0122820223,0.0079183718,0.0055003422
10.0455312729,-0.0033020021,0.0060505238,-0.0073825927,0.0134213222,0.000418377,0.0023610084
10.0553407669,-0.0013375522,0.0051963148,-0.008329412,0.0081165722,-0.0028429301,0.0013258378
10.0653219223,-0.0002654137,0.0023232365,-0.0073368163,0.0007273657,-0.0125283133,0.0003314132
10.0753078461,0.0028245805,0.0013418164,-0.0083397236,-0.0067051174,-0.0158266388,-0.0038924932
10.0852584839,0.0039941128,-0.0026212817,-0.0054382891,-0.0088452334,-0.0147834793,-0.0049601546
10.0953407288,0.0031130968,0.0022351558,-0.0045339675,-0.0002967529,-0.0147403358,-0.0070888195
10.106637001,-0.0006931963,0.0061261323,-0.004607758,0.0028527016,-0.0083032092,-0.0071327612
10.1153488159,-0.0015819313,0.0051756916,-0.0036502092,0.00392236,-0.0103932582,-0.0028718368
10.1252613068,0.0004656372,0.0042206761,-0.0046330304,0.00282354,-0.0082278419,0.0013644532
10.1353378296,0.0015087186,0.0062355516,-0.003670594,0.0049503399,-0.0071442015,0.00135673
10.1452159882,0.0035300015,0.0043758568,-0.0016947596,0.0081543894,-0.0081700515,0.0034859276
10.1552791595,0.0026179312,0.0015449937,0.0022079737,0.0113702891,-0.0092259943,0.0024295845
10.1652040482,0.0036877154,-0.0002977733,0.0051589399,0.0071374616,-0.0124923615,-0.0007334517
10.1752729416,0.0057420488,-0.0011959706,0.0119804535,-0.0002833046,-0.0168652721,-0.004947505
10.1851873398,0.0010271727,-0.0041801962,0.0099741612,-0.0045741899,-0.0126596084,-0.0092213452
10.195230484,-0.0008169355,-0.0012694184,0.0089222584,-0.0003437577,-0.0083436891,-0.0092562325
10.2051763535,-0.004706854,0.0026442225,0.006923595,0.0070294701,0.0045207101,-0.0114695858
10.2152748108,-0.0076884869,0.0037249292,0.0030290277,0.0197616443,0.0121416114,-0.0062137046
10.2252197266,-0.0087941531,0.0039380458,0.0030826719,0.0218562204,0.0154005215,-0.0019867355
