0.0000000000,0.0028059313,-0.0271496251,-0.0021679348,-0.0176513027,-0.0001379417,-0.0220538713
0.0097839832,-0.0050094896,-0.0282205343,0.0036459619,-0.0293162148,-0.0076813456,-0.024178274
0.0199999809,-0.0078426767,-0.035127677,0.0055323294,-0.0249598157,-0.0160974674,-0.0188745894
0.0299559832,-0.0086437631,-0.0186912529,0.0083095487,-0.0185008254,-0.0223905835,-0.0167589076
0.0401400328,-0.0104193259,-0.0274486989,0.0120970663,-0.015259332,-0.0266341977,-0.0210091807
0.0501320362,0.0209625792,-0.0380321145,0.0170471128,-0.0275061466,0.1183200628,-0.2311698645
0.060503006,0.1180600971,-0.0021732799,0.0414958633,-0.0416753329,0.3456619978,-0.496501267
0.0704109669,0.0556874685,-0.0052959523,0.0508576073,-0.049223002,0.1576042175,-0.1982277632
0.0804710388,-0.0302241016,-0.0291734487,0.0251945313,-0.0773850456,-0.0025984363,0.0055633755
0.0906349421,0.0002643295,-0.0261707697,0.0115984138,-0.1284836531,-0.015833281,-0.0029246514
0.1005439758,-0.0025806597,-0.0187143702,0.0076303533,-0.1648814082,-0.0044584544,0.000275736
0.1106539965,0.0052473373,-0.0096935844,-0.0020619577,-0.2131019384,0.0153157832,0.005606852
0.1206790209,-0.003747063,-0.0040449058,-0.0068214484,-0.2709618211,0.0381547175,0.0056327512
0.1307280064,-0.0031964949,-0.0203427859,-0.0103827063,-0.3598312438,0.0670960918,0.0067315712
0.1408089399,0.0039590425,-0.0346636213,-0.0157436673,-0.4785407484,0.0926121026,0.0110237878
0.1508989334,0.00107686,-0.0598554239,-0.015134627,-0.6250558496,0.1231790707,0.0131998565
0.1609250307,0.0218572449,-0.0394424759,-0.0341612659,-0.7895067334,0.1335056722,0.0270491596
0.1709669828,0.0156549644,-0.0292426553,-0.0356956683,-0.9664668441,0.1139490157,0.0313315243
0.18107903,0.0105084013,-0.0403596759,-0.0325000249,-1.2029432058,0.0706532747,0.0547291897
0.1911629438,0.0150410365,-0.0620250814,-0.0407864414,-1.5140280724,0.0194715783,0.1078725681
0.2012079954,0.0190751981,-0.1053706855,-0.0689769909,-1.8646273613,-0.0288938228,0.1578430533
0.2112569809,0.0136700105,-0.146332249,-0.1065762565,-2.2654612064,-0.0702969283,0.203581512
0.2213299274,0.0124342274,-0.1394507587,-0.1450068951,-2.6569573879,-0.0838915631,0.2705674767
0.2314749956,0.0032249519,-0.1156946868,-0.1911329031,-3.0210042,-0.0675080642,0.3418086171
0.2414900064,-0.0141031314,-0.1036529019,-0.2393155694,-3.5387442112,-0.0479867533,0.4491909444
0.251529932,-0.0220351387,-0.13856031,-0.1887555122,-5.5435023308,-0.2883767188,0.930574894
0.2615790367,-0.0455476828,-0.465418607,0.0518569984,-7.4289526939,-0.3955884576,1.4980010986
0.2716369629,-0.0986384898,-0.0179479774,-0.0903078839,-9.3643894196,0.0090032257,2.0242853165
0.2817369699,-0.1062896401,0.4027643502,-0.2834111452,-10.242650032,0.4278571606,2.0194091797
0.2917089462,-0.1793790013,0.2116901577,-0.2993846536,-10.5190172195,0.7523345351,2.1937763691
0.3017269373,-0.178407535,0.2100300193,-0.2230209112,-10.0908432007,0.8487129211,2.4060754776
0.3119009733,-0.1934493631,0.3206938505,-0.1459245086,-9.1619558334,0.9284226894,2.64584589
0.3218870163,-0.1998073012,0.4935374856,-0.0607064329,-8.1782779694,0.8797367215,3.1371843815
0.3319150209,-0.1899688989,0.6610645056,0.004420822,-6.8361406326,0.7376282811,3.6294472218
0.342203021,-0.2295727879,0.812057972,0.0482928194,-5.1282968521,0.6209437251,3.9506809711
0.3522080183,-0.254846096,1.0437066555,0.1101975515,-3.2906451225,0.4375525713,4.2824659348
0.3623540401,-0.2861868441,1.2500960827,0.1472346783,-1.8084688187,0.2662433386,4.6653137207
0.3722829819,-0.3312212229,1.2677705288,0.1852785349,-1.1261541843,0.1463776678,5.0590081215
0.3824429512,-0.3755666018,1.0129209757,0.2417991757,-1.3371906281,0.023817325,5.2596793175
0.3928369284,-0.3832646012,0.6679763794,0.2751561999,-2.0454487801,-0.2192312628,5.3860917091
0.402583003,-0.3530694842,0.4781805873,0.2780117989,-2.8785135746,-0.4663455486,5.5443878174
0.4125759602,-0.320530653,0.4190607071,0.2600061893,-3.5807096958,-0.6753860712,5.6708159447
0.4227620363,-0.2901395261,0.374868691,0.2327187657,-3.9215285778,-0.8502264023,5.6761245728
0.4327989817,-0.2491270304,0.3373960257,0.1764479876,-3.9322288036,-1.0628643036,5.6261162758
0.4429030418,-0.2057519108,0.3356541395,0.0952382758,-3.6937456131,-1.3286834955,5.548412323
0.4528900385,-0.1940098256,0.3454902768,0.0300934967,-3.374335289,-1.5768451691,5.4664487839
0.4629579782,-0.2020941824,0.3423106074,-0.0109460894,-2.9846942425,-1.8041836023,5.3919100761
0.4730260372,-0.2143257111,0.3168102503,-0.0566917025,-2.6380159855,-2.0031304359,5.3354473114
0.4830980301,-0.2150114626,0.2813946605,-0.0603463016,-2.2936668396,-2.1830394268,5.272623539
0.4931789637,-0.210645929,0.232570231,-0.0521351062,-1.9710017443,-2.3303892612,5.1875247955
0.5032099485,-0.212648049,0.2049602866,-0.0267521087,-1.7134145498,-2.4793567657,5.1045656204
0.5133619308,-0.2284900099,0.1961554885,-0.0124342982,-1.4089087248,-2.6271002293,4.9833698273
0.5234760046,-0.2654015124,0.1443636417,-0.0363284312,-1.1008156538,-2.7092733383,4.8239798546
0.5333909988,-0.2937904596,0.0872311518,-0.0625365898,-0.7728460431,-2.7520956993,4.6518640518
0.5435019732,-0.3096313179,0.0156676117,-0.1003011391,-0.5093908906,-2.7466080189,4.48934412
0.5535570383,-0.3238334954,-0.0607544221,-0.1245608255,-0.353795141,-2.7335190773,4.3353505135
0.5636259317,-0.326676935,-0.1393147111,-0.1019750759,-0.2366513908,-2.7176241875,4.1749968529
0.5736219883,-0.3296991885,-0.183483541,-0.0787337944,-0.1100172922,-2.6911325455,3.9997811317
0.5837730169,-0.3368313611,-0.2041457295,-0.0568766557,0.0368224569,-2.6569671631,3.8351819515
0.5938819647,-0.3501373827,-0.2276481986,-0.0335633717,0.1750016361,-2.6112954617,3.6567873955
0.6039209366,-0.3744926155,-0.2668820024,-0.0072910734,0.2682413459,-2.5544216633,3.4667310715
0.613953948,-0.395331949,-0.2948763371,0.0331434645,0.3421547115,-2.4860157967,3.2809317112
0.6240669489,-0.4088701904,-0.3117144704,0.0671627,0.435274452,-2.4174199104,3.0983116627
0.6340759993,-0.4083923995,-0.3029178977,0.0868464783,0.5176668167,-2.3424973488,2.9241931438
0.6442489624,-0.4165720046,-0.313272357,0.0959239677,0.5957095027,-2.260260582,2.7383992672
0.6542489529,-0.4199134409,-0.3360444307,0.1106965616,0.6416500807,-2.1686649323,2.5664219856
0.6641739607,-0.4176341593,-0.3421756029,0.12402118,0.6567640901,-2.0889618397,2.4018788338
0.6742060184,-0.4167166054,-0.3375948071,0.1230597571,0.656871438,-2.0018723011,2.2511467934
0.6842830181,-0.4193184078,-0.3358623385,0.1223930195,0.6590906382,-1.9126563072,2.0982918739
0.6948930025,-0.4070851505,-0.3506952226,0.1247997954,0.6025236845,-1.8132405281,1.9613852501
0.7045849562,-0.3841249645,-0.3657600582,0.1288878322,0.4713668227,-1.7249672413,1.8425405025
0.7146799564,-0.36428985,-0.372469753,0.1305167079,0.3157031834,-1.6400504112,1.7300717831
0.7247320414,-0.346721679,-0.3641084433,0.1296795607,0.1663387269,-1.544447422,1.6207925081
0.7347539663,-0.3247182071,-0.341619581,0.1225611046,0.0341226235,-1.4561079741,1.5136284828
0.7448549271,-0.3080814779,-0.3214914799,0.11328841,-0.0755312815,-1.38242805,1.406452775
0.7549289465,-0.2979011834,-0.3113715649,0.1127429083,-0.1702279449,-1.3107453585,1.2982090712
0.7649769783,-0.2971114218,-0.304551065,0.1150831059,-0.2670750022,-1.2380537987,1.1846563816
0.7750259638,-0.2881240547,-0.2952505648,0.1116786078,-0.3616603613,-1.1781182289,1.0647270679
0.7851259708,-0.2738289535,-0.2815040946,0.1007171348,-0.4177219868,-1.1284646988,0.9437214732
0.7952599525,-0.2532921731,-0.2513656616,0.0755938962,-0.4300079346,-1.0793093443,0.8503108025
0.8053289652,-0.2403282076,-0.1948241293,0.0236198362,-0.4093921483,-1.0117788315,0.7643329501
0.8153259754,-0.2303047329,-0.1660625041,-0.0151907746,-0.3996369839,-0.925237298,0.6794297695
0.8253849745,-0.2145456821,-0.1563761234,-0.022480065,-0.4367095828,-0.8506733775,0.6104596853
0.8354660273,-0.1861245185,-0.154297024,-0.0236467663,-0.506721139,-0.7901357412,0.5499851704
0.845517993,-0.1538083702,-0.1491374969,-0.0196406189,-0.5734106898,-0.7412210107,0.4926900864
0.855561018,-0.1195488125,-0.145721525,-0.0162662808,-0.6369273663,-0.6890254617,0.4460131228
0.8656389713,-0.0912443548,-0.1313300431,-0.0213734452,-0.7035062313,-0.6494374871,0.4226900935
0.875633955,-0.070829764,-0.1086906865,-0.0338095389,-0.7358439565,-0.6191418767,0.3929830492
0.8857959509,-0.0592845865,-0.0736999288,-0.0476340614,-0.7245257497,-0.5788793564,0.3685777783
0.8958619833,-0.0507214852,-0.0456783511,-0.072351031,-0.6939033866,-0.5480407476,0.337793231
0.9059909582,-0.044166822,-0.0410588421,-0.0922756717,-0.6537013054,-0.5150591731,0.2974517643
0.9159939289,-0.0425172634,-0.0462230779,-0.1093535349,-0.5910784006,-0.4829145372,0.2613507509
0.9261260033,-0.0369895883,-0.0317249931,-0.1293111444,-0.4761719704,-0.44921121,0.2316086143
0.9361000061,-0.0256775785,-0.0031731776,-0.1432130933,-0.351663053,-0.4154234231,0.2018635124
0.9462590218,-0.0134817529,0.0093382243,-0.1422501206,-0.2270909697,-0.3880013824,0.1721149385
0.9562669992,-0.00125392,-0.0001471988,-0.1428950429,-0.1162864342,-0.3713385165,0.1381175667
0.9664059877,0.0132697057,0.018368179,-0.1283717752,-0.0352106169,-0.3685562611,0.1306654364
0.976444006,0.0292201471,0.032878276,-0.0852332637,0.0286653005,-0.3531775773,0.1253478974
0.9866679907,0.0378578715,0.0179390255,-0.0476559363,0.0103107952,-0.33214432,0.1211165413
0.9968459606,0.0516759567,-0.0048184744,-0.0147708002,-0.0944393203,-0.3160955608,0.119027555
1.0065690279,0.0711899847,-0.0159272905,0.0049734167,-0.2054422945,-0.3149144053,0.1233026609
1.0165749788,0.0893983692,-0.0086516496,0.0066265515,-0.2920762599,-0.2954341769,0.1350141764
1.0268009901,0.0941323489,0.0006833323,-0.0032937473,-0.3466665447,-0.2788850367,0.1424688995
1.0368050337,0.0829438418,0.0057297894,-0.0076251575,-0.3895657957,-0.2580516338,0.140366599
1.0469210148,0.0613540225,0.0091893617,-0.0238450114,-0.3854478598,-0.2432238311,0.1308179647
1.0570379496,0.0446978025,0.0200224761,-0.0512024723,-0.3483241796,-0.2206442207,0.1265726238
1.0670759678,0.0337762646,0.0374894999,-0.0665185377,-0.2674467266,-0.1976474226,0.1276249588
1.0770950317,0.0324944668,0.0458785258,-0.0708397552,-0.1481743604,-0.1722142249,0.1254837811
1.0871399641,0.0359185748,0.0461906455,-0.0632229373,-0.0439108163,-0.1406362057,0.1095467657
1.0972149372,0.0381597094,0.0236476902,-0.0350351892,0.0102970265,-0.1189753786,0.1042348221
1.1072739363,0.0480957441,-0.0044772378,0.0097767767,0.0250453465,-0.0997184664,0.1084872261
1.1174039841,0.05729739,-0.0241725501,0.049999062,-0.0498624481,-0.0790954754,0.1170109436
1.1274039745,0.0555551462,-0.0468767323,0.0563492216,-0.1619591862,-0.0770703331,0.089432776
1.1374750137,0.0490183048,-0.0998944417,0.0399262346,-0.2270726711,-0.075482294,0.0947590992
1.147513032,0.0393104367,-0.0846709982,0.0178853925,-0.221662268,-0.0816632882,0.1159906834
1.1576539278,0.0356066637,-0.0351428427,-0.0058602639,-0.1095397323,-0.0869190395,0.1361337751
1.1676789522,0.033498507,0.0222189669,-0.0167174283,0.04733992,-0.0854534358,0.1509613842
1.1777420044,0.0137885641,0.0810754225,0.005272334,0.1122819036,-0.0700792745,0.1435199827
1.1878169775,0.0025236437,0.0626946613,0.0486565866,0.072745651,-0.0698746815,0.0649561286
1.1979019642,0.0164198112,-0.044343356,0.0663212016,0.0150440056,-0.0653776675,0.0182538703
1.2080219984,0.0306732487,-0.0877460912,0.062872,-0.0843609571,-0.0491861105,0.0310295206
1.2180399895,0.0338131599,-0.0595483817,0.0427027978,-0.1239469945,-0.0388655625,0.0395391211
1.2281589508,0.0283602905,-0.0380485989,0.0039058381,-0.0783103332,-0.0129529396,0.0469737984
1.2381570339,0.0217299294,-0.0199389216,-0.0234773699,0.0358223617,-0.0066090235,0.0533187799
1.248284936,0.0182478856,-0.0214225408,-0.0173979346,0.1575624496,-0.0151778106,0.0405412689
1.258302927,0.0057756132,-0.0069664768,0.0144134816,0.2111015767,-0.0339275301,0.0224677231
1.2683669329,-0.0056224638,0.0042195269,0.0455089249,0.2400898188,-0.0529816486,-0.0094031235
1.2784290314,-0.0102340151,-0.0060994974,0.0546105541,0.1986097544,-0.0683446229,-0.0316980407
1.2884949446,-0.0213639308,-0.0141048487,0.039286796,0.1013037413,-0.0512993969,-0.0539643988
1.2985639572,-0.0424144454,-0.0297550317,-0.0083069149,0.0455653779,-0.0286151227,-0.0804838911
1.3086249828,-0.0575448461,-0.0297080334,-0.0473456345,0.0632366985,0.0181354042,-0.0942663476
1.3187559843,-0.0652952939,-0.0105664786,-0.0762126967,0.133107394,0.0738466009,-0.1059360579
1.3288199902,-0.0772614628,-0.0048145703,-0.1082067415,0.2434910238,0.1330046654,-0.1314173788
1.3387960196,-0.0867455751,-0.0177801605,-0.1194026992,0.3974635601,0.208425656,-0.1622109711
1.3489240408,-0.0966747552,-0.0239320751,-0.1389655471,0.5994479656,0.2841625512,-0.2089439332
1.3589949608,-0.1080534011,-0.0154910441,-0.1615273356,0.8215063214,0.3790358007,-0.2769080698
1.3690270185,-0.1204179674,-0.0175618585,-0.1843746305,1.0710283518,0.5004472136,-0.3799044788
1.3790880442,-0.144758895,-0.0323710181,-0.2031651139,1.2989989519,0.6405771375,-0.51261729
1.3891899586,-0.1762989312,-0.0703836456,-0.207680285,1.5012830496,0.7843193412,-0.7079683542
1.3994079828,-0.2276436836,-0.1820600629,-0.2079665065,1.5901950598,0.9501104355,-0.9499982595
1.4093049765,-0.3066298664,-0.2635293603,-0.208814919,1.5336796045,1.1431850195,-1.2068439722
1.4194549322,-0.3663095534,-0.3154500127,-0.1899771094,1.4652980566,1.3464545012,-1.5114613771
1.4293539524,-0.4200699031,-0.3380496502,-0.20695436,1.5120090246,1.5642957687,-1.8511406183
1.4395619631,-0.4639053047,-0.3548930585,-0.2211183906,1.7338514328,1.7708431482,-2.2046728134
1.4496109486,-0.5006170869,-0.3563272357,-0.2172546387,2.0987615585,1.9711847305,-2.5624916553
1.4596300125,-0.532941103,-0.3566228151,-0.189058125,2.4436495304,2.1458573341,-2.9245655537
1.4697710276,-0.5488438606,-0.3798528314,-0.1463212371,2.5233237743,2.2707409859,-3.2441248894
1.4798159599,-0.5616622567,-0.445977062,-0.1091436669,2.2705993652,2.3398394585,-3.5370826721
1.4899499416,-0.5895573497,-0.5291922688,-0.084249489,1.801358819,2.3964624405,-3.8257436752
1.4999049902,-0.6253396273,-0.556014657,-0.0731497332,1.3119038343,2.4477357864,-4.0942292213
1.5099840164,-0.6686933637,-0.5190446377,-0.0795496032,0.9877364635,2.5120892525,-4.3680577278
1.5200639963,-0.704728961,-0.4578946829,-0.0841559693,0.8989536166,2.6218526363,-4.66528368
1.5301220417,-0.7147587538,-0.4276156425,-0.0548393093,1.0403151512,2.7685654163,-4.9742293358
1.540094018,-0.6779372096,-0.427059412,-0.0029417819,1.4313513041,2.9194505215,-5.3034110069
1.550303936,-0.6132926941,-0.4298619032,0.0684627369,2.0484592915,2.9798309803,-5.6581811905
1.5603759289,-0.5389921665,-0.4087615013,0.1670508385,2.7114892006,2.9349021912,-5.9514279366
1.5703799725,-0.4795905054,-0.3747932315,0.2624061704,3.1972544193,2.8011140823,-6.1278758049
1.580368042,-0.4453891814,-0.3473018408,0.341119051,3.3473718166,2.5156388283,-6.1726522446
1.5905150175,-0.4335242808,-0.2705175281,0.3978648186,3.1940019131,2.1639373302,-6.2035813332
1.6006900072,-0.4569396675,-0.1528374553,0.3207032681,2.8555734158,1.8455889225,-6.4043345451
1.6107150316,-0.4876649678,-0.1244323328,0.202842772,2.3194801807,1.549862504,-6.6135191917
1.6206940413,-0.4778836966,-0.1091291979,0.1008073166,1.6704683304,1.3510463238,-6.6177015305
1.6308419704,-0.4986616671,-0.0309647378,0.0243091043,1.3140941858,1.3449937105,-6.5804519653
1.64083004,-0.5950506926,0.1191399023,-0.0136990491,1.7381876707,1.3993701935,-6.7833361626
1.6509389877,-0.625731051,0.218885541,0.0564919747,2.6007041931,1.2575906515,-7.062877655
1.6608189344,-0.4912814796,0.258705914,0.267424047,3.3226840496,0.7837876678,-6.9762301445
1.6710300446,-0.309818536,0.3006480336,0.4191004634,3.7337183952,0.1533572078,-6.5721049309
1.6811130047,-0.2848082185,0.414778769,0.4211187959,3.7172522545,-0.4172945619,-6.1912007332
1.6911859512,-0.3790123761,0.5333376527,0.3638694882,3.286616087,-0.8799329996,-5.9396743774
1.7012799978,-0.4233710766,0.528624773,0.2460384965,2.4011192322,-1.2114658356,-5.639125824
1.7115780115,-0.4336235225,0.4486944079,0.0366873182,1.1821502447,-1.3843066692,-5.2895708084
1.7213989496,-0.5069838762,0.3525537252,-0.1465950608,0.110271588,-1.3291547298,-4.9962143898
1.7316310406,-0.6228357553,0.3923450708,-0.2267038226,-0.5604350567,-1.1568846703,-4.6912226677
1.7415219545,-0.6515875459,0.6163987517,-0.19651407,-0.7397672534,-1.0266861916,-4.3364715576
1.7516189814,-0.5733329058,0.8281345367,-0.0927019641,-0.7314519286,-0.9839329123,-3.9743778706
1.761646986,-0.4335310161,0.8993781805,0.0321636833,-0.6297556162,-0.9956926107,-3.6356956959
1.7717789412,-0.3155971467,0.8493328691,0.079808183,-0.5171902776,-1.0275806189,-3.3065824509
1.7817879915,-0.2662537992,0.8144112229,0.0705202296,-1.6714396477,-0.9409855008,-2.799767971
1.7918599844,-0.3201247454,0.4322037697,0.101482816,-3.1032934189,-0.1137800142,-2.5770750046
1.8019980192,-0.4119588435,0.3252460957,-0.024253482,-2.3972296715,-0.4672624767,-2.0794472694
1.8119770288,-0.3058784902,1.1567627192,0.0600687899,-1.9686590433,-0.2992688417,-1.7874770164
1.822059989,-0.0742673129,0.9514748454,-0.0323772989,-1.2461460829,-0.3789831102,-1.3109525442
1.8321149349,0.1282672137,0.9519008398,-0.1716859937,0.0368401669,-0.3722622395,-0.8600116372
1.8421869278,0.1188293546,1.3239654303,-0.3433696628,3.2563169003,-0.3873074949,0.1680465639
1.852257967,0.149619773,1.6881222725,-0.6117110848,1.1042907238,-0.9443731904,-1.1791077852
1.8623069525,-0.084236756,0.5539220572,-0.1084412262,0.027333349,-0.1025464013,0.3229698837
1.8724030256,-0.3371219933,0.4034799337,-0.4695861936,-1.0141838789,0.6225968003,0.1547695696
1.8824540377,0.062907353,0.8313850164,-0.3282607198,-0.8148963451,0.1420389712,0.5569007993
1.8925279379,0.1703219265,0.8493604064,-0.4197515845,-0.9140778184,0.1479017287,0.7756612897
1.9025839567,0.0992789418,0.543790102,-0.3250281215,-1.2736074924,0.1411673874,0.8755583167
1.9126579762,0.0469664745,0.302277565,-0.2370875478,-1.8504915237,0.2142433375,1.1390675306
1.9228030443,-0.0011511616,0.2354744673,-0.1343076229,-2.2638468742,0.2645155489,1.4290688038
1.9327969551,-0.0274975169,0.2661674023,-0.058215376,-2.3567075729,0.2826548219,1.7317134142
1.9428219795,-0.0732730478,0.4196581841,0.0124182161,-2.4917685986,0.2551227808,2.0842511654
1.9530459642,-0.1041226834,0.5547109842,0.0735585168,-2.6186263561,0.2653059065,2.5143170357
1.9630609751,-0.1387405843,0.5758312345,0.0766440704,-2.5630238056,0.2744416296,2.8647012711
1.9730359316,-0.1756131798,0.6255103946,0.0566783585,-2.1914980412,0.2786252499,3.1714692116
1.9831359386,-0.1969100088,0.7185319066,0.0256295856,-1.7237403393,0.2633365691,3.4548430443
1.9935179949,-0.1895445287,0.7619026899,0.0509785451,-1.3215041161,0.1790326834,3.6564404964
2.0034308434,-0.1876892,0.708617866,0.0833093598,-1.0585769415,0.0434327722,3.8261940479
2.0133340359,-0.18562226,0.6609055996,0.1318173409,-1.1552584171,-0.0927078947,4.0693016052
2.0233969688,-0.195775032,0.5993283391,0.1866977811,-1.5138537884,-0.1820566654,4.3539099693
2.0334539413,-0.2153466642,0.5439466238,0.1975159049,-1.9909373522,-0.269362092,4.6226243973
2.0435049534,-0.2360660583,0.5360985398,0.1795247793,-2.4075484276,-0.4307954609,4.8328852654
2.0536329746,-0.2602195144,0.5106870532,0.156803906,-2.6316776276,-0.6333299875,4.9910488129
2.0636401176,-0.2953612506,0.5180200338,0.1152730063,-2.7630953789,-0.8211502433,5.166185379
2.0738091469,-0.3368206322,0.5538049936,0.0858248547,-2.8840055466,-0.9930319786,5.3307094574
2.0838010311,-0.3822843134,0.5260732174,0.0964805558,-2.9662482738,-1.1924891472,5.4453048706
2.0939078331,-0.410453707,0.4572344422,0.117032297,-2.9438169003,-1.4041661024,5.4982829094
2.1039381027,-0.4331122935,0.4045858383,0.1062926725,-2.7269325256,-1.641087532,5.4874920845
2.1140708923,-0.4418686926,0.3778478503,0.0955232456,-2.372272253,-1.8897124529,5.450114727
2.124063015,-0.4510883987,0.3815841675,0.0856253579,-1.9432293177,-2.106991291,5.4010548592
2.134196043,-0.4614822268,0.3396021128,0.0779951289,-1.5591987371,-2.3067624569,5.3307785988
2.1442141533,-0.4647840559,0.2407556176,0.0953077748,-1.2459460497,-2.474493742,5.2244353294
2.1543169022,-0.4684765637,0.137891233,0.1081092432,-1.0716733932,-2.6179449558,5.1223869324
2.1643409729,-0.4763208926,0.0841056034,0.1055171564,-0.976383388,-2.761080265,5.0118641853
2.1744740009,-0.4958876669,0.0429459177,0.0889316276,-0.9166423082,-2.872887373,4.871635437
2.1844739914,-0.5200624466,-0.0035460643,0.0619990267,-0.8538599014,-2.9711432457,4.6900029182
2.1946089268,-0.5368695259,-0.0753055885,0.0373883881,-0.7913017869,-3.0495021343,4.4680314064
2.2046098709,-0.5335687995,-0.1494461894,0.0185745414,-0.7184957266,-3.0853147507,4.2482028008
2.2146868706,-0.5113188624,-0.2046145201,0.0239907559,-0.5871785879,-3.1025705338,4.0294299126
2.2247490883,-0.4829231203,-0.2351946831,0.0321329869,-0.4122515023,-3.1057066917,3.802159071
2.2348570824,-0.4612581432,-0.2499661446,0.055507008,-0.2672724724,-3.1004297733,3.6035692692
2.2449159622,-0.4544511735,-0.2509588003,0.0934158042,-0.2246565372,-3.103356123,3.4230511189
2.2551119328,-0.4606541097,-0.2783851027,0.1287829876,-0.2367934585,-3.0750310421,3.2266352177
2.2654459476,-0.4750880897,-0.2889157534,0.1492411494,-0.3109084368,-3.0387728214,3.0281157494
2.2751379013,-0.4871105254,-0.2877334356,0.1390228868,-0.3712963164,-2.9886903763,2.8157961369
2.2851669788,-0.4998852313,-0.3187837601,0.0961116627,-0.4351043105,-2.9174919128,2.5918083191
2.2952990532,-0.5000468493,-0.3518682718,0.0689659193,-0.5001457334,-2.8292930126,2.3731389046
2.3056731224,-0.4878467023,-0.355982244,0.0486416258,-0.5396841168,-2.7302596569,2.1544678211
2.3153979778,-0.464525491,-0.3396599293,0.0322617926,-0.5335461497,-2.6095209122,1.9485361576
2.3254318237,-0.4431653321,-0.3201015592,0.0197037514,-0.504082799,-2.4714016914,1.7734007835
2.3355619907,-0.4221340716,-0.3096366525,0.0236634668,-0.5107987523,-2.3418803215,1.6301250458
2.3457808495,-0.4016097486,-0.3162629008,0.0175120886,-0.5860668421,-2.1874699593,1.4900637865
2.3557059765,-0.3818105757,-0.3255680799,0.0146332439,-0.6974486709,-2.0503377914,1.3521256447
2.3657460213,-0.3548739851,-0.3125458956,-0.0162083451,-0.8250044584,-1.8963634968,1.2152628899
2.3758039474,-0.3289081156,-0.2934843898,-0.0525879227,-0.8905895352,-1.7492692471,1.079443574
2.3860468864,-0.299170047,-0.2670274675,-0.087459676,-0.903044045,-1.5782277584,0.9648578763
2.3959031105,-0.2785623968,-0.2249866724,-0.1257112622,-0.8599986434,-1.407797575,0.8449492455
2.4060440063,-0.2612361014,-0.2040917575,-0.1650411487,-0.7699523568,-1.2423242331,0.7154695392
2.4160461426,-0.2365191132,-0.1855422854,-0.1877853274,-0.6500529051,-1.0733305216,0.5976637006
2.4262149334,-0.2182148844,-0.1563679576,-0.1851198077,-0.5130007863,-0.9103669524,0.5085191727
2.4361720085,-0.1936293393,-0.1269910336,-0.1548599601,-0.3702846169,-0.779111743,0.4310382307
2.4462759495,-0.1605975777,-0.1140090302,-0.1347584128,-0.23167108,-0.6648895741,0.350363344
2.4563088417,-0.1269354969,-0.1026997045,-0.1022937223,-0.1034761667,-0.575017035,0.2919754982
2.4662139416,-0.0944764763,-0.090231277,-0.0808018968,-0.0210065916,-0.5002897978,0.2505817115
2.4764509201,-0.0710504204,-0.0708980039,-0.0625980422,0.0072396654,-0.4450180531,0.2272423804
2.4865608215,-0.0548479743,-0.0350848772,-0.0449945293,-0.0053962348,-0.356030941,0.2219810337
2.4966049194,-0.0605219789,-0.020386165,-0.0399981104,-0.1747490913,-0.2856534421,0.1764021069
2.5065798759,-0.0486656614,-0.0648714975,-0.0369124375,-0.4098929167,-0.2554015219,0.0862239972
2.5166950226,-0.0268889833,-0.1110052243,-0.0687277839,-0.5681371093,-0.2259976268,0.088402003
2.5268168449,-0.022185104,-0.0331437327,-0.0919762179,-0.6659100056,-0.1575136483,0.1447363794
2.536864996,-0.0198780466,0.0281480495,-0.110923402,-0.6418471932,-0.1095890701,0.1394455433
2.5467438698,0.010480566,0.045180019,-0.1054379866,-0.5780873895,-0.0813260078,0.1574940532
2.5569930077,0.0200279783,0.069573544,-0.0746696517,-0.4929876924,-0.0541035049,0.1500532478
2.5670609474,0.0227299761,0.0505841039,-0.0533754192,-0.3938022256,-0.0491865091,0.120300144
2.5771250725,0.0304828119,0.0268218461,-0.0387269817,-0.2955984473,-0.0527811758,0.0884199068
2.5870909691,0.0291302036,0.01944598,-0.0292958561,-0.210383147,-0.0384570993,0.0554896556
2.597258091,0.0129269194,-1.48765e-05,-0.0309444014,-0.1487160921,-0.0180618819,0.0087648276
2.6071720123,0.0003929563,-0.0492024757,-0.0437853895,-0.1576813459,0.0230765007,-0.0166955255
2.6173858643,-0.0050381594,-0.0897856727,-0.0770668313,-0.2583607137,0.0569778718,-0.0527540594
2.6272420883,-0.0080311466,-0.1167468205,-0.1066965386,-0.3013446629,0.0839072242,-0.0962634534
2.6375219822,-0.0145640541,-0.1081766263,-0.1140581891,-0.2221839577,0.1703736782,-0.1227845475
2.6475980282,-0.0335125513,-0.0658473447,-0.1210009381,-0.0831219479,0.2424465418,-0.158885017
2.6576650143,-0.0433253832,-0.0555126108,-0.111443691,0.088747628,0.3412933052,-0.2013526559
2.6676199436,-0.0516466685,-0.0435257889,-0.1079437062,0.2402338237,0.450502336,-0.2544265389
2.6777839661,-0.0554660149,-0.0620697476,-0.1074184701,0.3669234216,0.5837462544,-0.3308402002
2.6878890991,-0.0694800764,-0.1046191826,-0.1248052642,0.3644006252,0.7231454253,-0.4295172393
2.697936058,-0.0925539881,-0.164988488,-0.130990088,0.2668997645,0.8616807461,-0.533479929
2.7081429958,-0.1186477691,-0.1929183602,-0.1515043974,0.1522533447,1.0075212717,-0.6331870556
2.7181310654,-0.1408698112,-0.1945642829,-0.1749680638,0.0578109622,1.1610645056,-0.7180318832
2.7281250954,-0.1684082299,-0.1856600344,-0.1912085414,-0.0163207874,1.31158638,-0.8050053716
2.7382769585,-0.1982659847,-0.1796854734,-0.1991337538,-0.0403656438,1.4688497782,-0.9015442729
2.7482481003,-0.2342402488,-0.1686936021,-0.2103310227,-0.0196784753,1.6349722147,-1.0012755394
2.7583909035,-0.2733453214,-0.1544353962,-0.2198412418,0.0436644629,1.8035069704,-1.1137588024
2.768419981,-0.3115727007,-0.1495422125,-0.2236639261,0.1218130589,1.9847997427,-1.2421658039
2.7784769535,-0.3438952863,-0.1540952325,-0.2198402882,0.2021892369,2.1564493179,-1.3875647783
2.7885298729,-0.3612497747,-0.1760376394,-0.2081805468,0.2975983322,2.3175244331,-1.5478401184
2.7986140251,-0.3790506423,-0.1765403748,-0.1906152368,0.3953205645,2.4605677128,-1.7102493048
2.8087029457,-0.3990755975,-0.1672701836,-0.1610661745,0.5114066601,2.5814602375,-1.8769208193
2.8187570572,-0.4200378954,-0.17261374,-0.1298496127,0.6352760196,2.6704764366,-2.0605983734
2.8287799358,-0.4308656752,-0.1741650105,-0.1005077288,0.8115218878,2.7503180504,-2.2570359707
2.8388991356,-0.4215626419,-0.1893301904,-0.0890092775,1.120074749,2.8311080933,-2.4853610992
2.8489618301,-0.3840763867,-0.2246063948,-0.0915156528,1.5652247667,2.911939621,-2.7275238037
2.8590419292,-0.3379603922,-0.2562063932,-0.0878534243,2.1554424763,3.0004329681,-2.9654724598
2.8690309525,-0.3036604226,-0.2759931684,-0.0946991965,2.8706009388,3.0803499222,-3.2215077877
2.8791780472,-0.2986805141,-0.2847347856,-0.1072664186,3.6161370277,3.1106617451,-3.4775764942
2.8892300129,-0.3190844357,-0.2929027677,-0.1054847762,4.2737293243,3.0787506104,-3.7198495865
2.8993439674,-0.3491694033,-0.3005717397,-0.0902668759,4.73990345,2.979413271,-3.9567980766
2.9092559814,-0.3809348047,-0.3102433085,-0.0566964708,4.8481035233,2.8185482025,-4.2000575066
2.9193511009,-0.4024920762,-0.3393488526,0.0101495441,4.5736494064,2.6098036766,-4.4389982224
2.929546833,-0.4095487893,-0.3617773652,0.0712848976,3.9769208431,2.3981668949,-4.6895365715
2.9396090508,-0.4096386135,-0.3746855259,0.1100262478,3.1067471504,2.2107160091,-4.9325609207
2.9493839741,-0.3921859562,-0.3786392808,0.1609796882,1.8598599434,2.028185606,-5.0555043221
2.9597070217,-0.4066853225,-0.3427858353,0.2347123623,0.4517897964,1.9593019485,-5.1082701683
2.9697749615,-0.4736330211,-0.2969318032,0.2640760541,-0.6295934319,1.9832787514,-5.1897416115
2.9797990322,-0.5184358954,-0.2276259065,0.2405637503,-1.2769403458,2.0409514904,-5.2415776253
2.9898760319,-0.4974872172,-0.1518951058,0.2150559425,-1.4894981384,2.0604968071,-5.213906765
3.0000081062,-0.4737603962,-0.0583283938,0.1855109334,-1.3679561615,2.0756912231,-5.161901474
3.0101418495,-0.4839557707,0.0520385467,0.1628275514,-1.0440609455,2.1342439651,-5.0780720711
3.0200910568,-0.4982803166,0.1492633224,0.1266716719,-0.7613868117,2.1544458866,-4.9623990059
3.0299758911,-0.5189623237,0.219350636,0.0910651162,-0.6583230495,2.0998206139,-4.8530869484
3.0402498245,-0.5676161647,0.2307643294,0.1003670171,-0.7353665233,2.0191059113,-4.7607312202
3.0503180027,-0.6128242016,0.2044767141,0.1371165514,-0.8295798302,1.9454064369,-4.7087159157
3.0603871346,-0.6200885773,0.2073861361,0.1738738418,-0.9449045062,1.848122716,-4.6652011871
3.0704050064,-0.5925227404,0.2570536733,0.2318510413,-1.0662837029,1.7169420719,-4.6047129631
3.0805258751,-0.5558298826,0.2853886485,0.2884935141,-1.2324405909,1.5823400021,-4.5208563805
3.0906219482,-0.5094361901,0.3020749092,0.3440238237,-1.4681452513,1.467498064,-4.4051179886
3.100689888,-0.4589616358,0.350779295,0.4135399461,-1.8840050697,1.3367886543,-4.2033367157
3.1106100082,-0.4209452569,0.4176854491,0.4746104479,-2.4618141651,1.183940053,-3.9250750542
3.1208238602,-0.4095289111,0.4434318542,0.5002266169,-2.987257719,1.0241131783,-3.647891283
3.1308231354,-0.4078886211,0.4506301284,0.4894930124,-3.1376006603,0.9171031713,-3.4217433929
3.1409599781,-0.3982396126,0.4889941812,0.4544091821,-2.8521311283,0.8775314689,-3.2009818554
3.1508641243,-0.3652126491,0.5882689953,0.3847346902,-2.1284065247,0.8770041466,-2.9495193958
3.1610951424,-0.3061569631,0.6767591238,0.2940556407,-1.1527785063,0.8722689152,-2.7044937611
3.1710910797,-0.2259619087,0.702522397,0.243558228,-0.2490742356,0.8008685112,-2.4977080822
3.1812300682,-0.1408854425,0.6585241556,0.2284945846,0.4169663787,0.6929661036,-2.3630821705
3.1912109852,-0.0708892792,0.5583801866,0.2237716317,0.8648929596,0.5172187686,-2.2517948151
3.201364994,-0.0146563519,0.456532836,0.2016054988,1.0702754259,0.3677602708,-2.1775956154
3.2113740444,0.0209649485,0.3783039451,0.198295176,-0.2361215055,0.0806669593,-1.8206429482
3.2214660645,0.0213223826,0.0891989395,0.2347307801,-1.1850122213,0.3105552793,-1.7448991537
3.231400013,0.0005233117,0.3538765311,0.1245748475,-1.2922992706,-0.0418171473,-1.4519914389
3.2414078712,0.0450759642,0.9229351282,0.0561847128,-1.3269430399,0.0438341759,-0.7999961376
3.2514460087,0.072852239,1.127012372,0.003540104,-1.0616527796,0.2234856933,-0.291372031
3.2615790367,0.1183072478,1.1882463694,-0.0498080812,-0.6505651474,0.3159293532,-0.1714469492
3.2716050148,0.1563413292,1.0714565516,0.0385775007,-0.0625766963,0.3306680918,-0.0006392597
3.2820720673,0.1649579853,0.8389841914,0.12873739,0.4483906627,0.1540960371,0.2253064513
3.2919409275,0.144445166,0.7484949231,0.220367372,0.4754867256,0.0236884933,0.5310325623
3.3019728661,0.1471625119,0.6609895825,0.2293000817,0.5448322296,-0.0712205097,0.6912990212
3.3118910789,0.1140167564,0.5817076564,0.1511614919,0.6743627787,-0.1091697514,0.7188539505
3.32208395,0.0894269198,0.5015512109,0.1131219342,0.9962514639,-0.1742331833,0.7240481377
3.3322379589,0.0832325965,0.3893768191,0.1030779555,1.4144893885,-0.2680624425,0.7451310754
3.3422329426,0.0747788548,0.3268837333,0.1108335927,1.9266401529,-0.3610093892,0.7757469416
3.3521170616,0.040860679,0.325825274,0.096282728,2.4813902378,-0.4474942088,0.7638831139
3.3623671532,-0.0104531515,0.2867488861,0.1276885271,2.7126972675,-0.526173234,0.7552914023
3.3725061417,-0.0322468467,0.1452619433,0.2115207911,2.1990303993,-0.5888773799,0.9401435256
3.3825120926,-0.0525730439,-0.0414004363,0.2827089429,1.3509805202,-0.5041351914,1.2408921719
3.3925638199,-0.0861535519,-0.0717638806,0.2589555383,0.5614323616,-0.4032959342,1.4906656742
3.4026880264,-0.1025229394,0.046827253,0.2323998213,0.0310522392,-0.3936707973,1.724398613
3.4127080441,-0.1193217188,0.1980128288,0.2134900689,-0.2809314728,-0.4510701895,1.9644157887
3.4227759838,-0.156290397,0.3266329765,0.197748065,-0.4932885766,-0.5445922613,2.2266871929
3.4327168465,-0.1986020505,0.3562880158,0.2186559439,-0.5921856165,-0.6758350134,2.410337925
3.4429111481,-0.2349163145,0.3329780102,0.2778124213,-0.6689037681,-0.7846979499,2.5791294575
3.4530489445,-0.2557301223,0.3441169858,0.3284773231,-0.7443569303,-0.9089679718,2.8243620396
3.4630229473,-0.2693269253,0.3859627247,0.3579435945,-0.8515395522,-1.0610138178,3.0833921432
3.4730200768,-0.2953276634,0.4150454402,0.3795595765,-0.9780204892,-1.2047947645,3.3339371681
3.4831790924,-0.3314947784,0.3946555853,0.3858616352,-1.0999883413,-1.3753545284,3.5398724079
3.4932379723,-0.3696685135,0.382399261,0.3669736981,-1.2412391901,-1.5398472548,3.7256410122
3.5033388138,-0.4046307504,0.3862693906,0.3289768696,-1.3571757078,-1.6767793894,3.8731918335
3.5132980347,-0.4244248569,0.3842096925,0.3003601432,-1.5016130209,-1.8459042311,4.003745079
3.5234830379,-0.4210741818,0.3618718982,0.2997511029,-1.6479201317,-2.0416574478,4.1215457916
3.5335059166,-0.4011122584,0.3378294706,0.3159661889,-1.7278376818,-2.2625999451,4.1925964355
3.5436620712,-0.3777400553,0.3139740229,0.3431549668,-1.7395051718,-2.479878664,4.2455787659
3.5535559654,-0.3506299853,0.3184335828,0.3743939996,-1.6529521942,-2.7029864788,4.2496929169
3.5637600422,-0.3394161165,0.2836261988,0.3642514348,-1.4705207348,-2.9130296707,4.1762781143
3.573786974,-0.3376323581,0.2383779287,0.3202095628,-1.2327725887,-3.1068105698,4.08162117
3.583881855,-0.3362194896,0.2039026618,0.2668393254,-0.9954884052,-3.2549877167,3.9837999344
3.5937638283,-0.3458815217,0.1703781486,0.226223886,-0.7556505203,-3.3384449482,3.8817646503
3.6040110588,-0.3720209897,0.1121219918,0.1504885554,-0.5192940831,-3.395570755,3.7542598248
3.614066124,-0.4039847553,0.0594168864,0.0983178094,-0.3697980642,-3.4085850716,3.6735186577
3.6241950989,-0.4301255643,0.0249397103,0.0725542977,-0.3239114583,-3.41304636,3.5790064335
3.6341760159,-0.4590449035,-0.0450283326,0.0574288405,-0.4202635884,-3.3891341686,3.4696774483
3.6443359852,-0.471088022,-0.1157149747,0.0713542774,-0.6028353572,-3.3895056248,3.3316891193
3.6543250084,-0.4659711421,-0.1701204777,0.0743876174,-0.7382366061,-3.411866188,3.1756279469
3.6643929482,-0.4516446292,-0.1792302132,0.0745700076,-0.8162683845,-3.4070601463,3.0408015251
3.6743879318,-0.4389883578,-0.1421717405,0.0507575907,-0.8378053308,-3.3953800201,2.9080879688
3.6844439507,-0.4299384058,-0.136918366,0.0013603026,-0.8082895875,-3.3675048351,2.7498877048
3.6946568489,-0.4168415368,-0.1595098376,-0.0385330282,-0.7705765367,-3.3043467999,2.6214318275
3.7046749592,-0.4037741125,-0.1486960053,-0.0642408058,-0.6952335835,-3.2695782185,2.4823336601
3.7146420479,-0.382941097,-0.1414497495,-0.0657209083,-0.5764773488,-3.2004761696,2.3432424068
3.7247958183,-0.3691618145,-0.1416416764,-0.0578263961,-0.4684510231,-3.1249821186,2.2222063541
3.7349338531,-0.362526685,-0.1444524527,-0.0436665975,-0.3806058466,-3.0592849255,2.0905537605
3.7449300289,-0.3502313197,-0.1734419465,-0.0536051355,-0.3324293494,-2.9759225845,1.9546723366
3.7548279762,-0.337426275,-0.1867480278,-0.0511680208,-0.2960492373,-2.8862421513,1.8272919655
3.765062809,-0.3183167279,-0.1921677589,-0.0480217896,-0.2542038858,-2.8081262112,1.7094633579
3.7751841545,-0.3097403944,-0.1847885847,-0.0501877032,-0.2339159101,-2.7088978291,1.6033278704
3.7852480412,-0.3089042008,-0.1821000576,-0.0520716868,-0.2159087807,-2.5959208012,1.4929505587
3.7952549458,-0.2973321974,-0.1821910739,-0.0565230809,-0.1892260462,-2.4955408573,1.3921229839
3.8053450584,-0.2732537687,-0.1780330539,-0.0586682521,-0.1593796909,-2.3896842003,1.3135967255
3.8155670166,-0.2534894645,-0.1559374928,-0.054793831,-0.1424044371,-2.2775371075,1.2403842211
3.8254718781,-0.2361154109,-0.1441331506,-0.0653150007,-0.1179292575,-2.168492794,1.1692909002
3.8355231285,-0.2105248719,-0.1424797177,-0.0687012598,-0.0805864036,-2.0645668507,1.1098725796
3.8456058502,-0.1924752146,-0.1264804006,-0.0668955371,-0.0133575164,-1.9603108168,1.061065197
3.8557519913,-0.1761111766,-0.0969714299,-0.0810945556,0.0849693194,-1.8705966473,1.0186131001
3.8657078743,-0.160619691,-0.0770554915,-0.0819900557,0.1575618535,-1.7682620287,0.9931612611
3.8787498474,-0.1548296958,-0.0737192109,-0.0834433958,0.1992520392,-1.6716701984,0.9422325492
3.8865599632,-0.1488562971,-0.0960088149,-0.0903699324,0.2110592574,-1.5754377842,0.8764475584
3.896132946,-0.1300852448,-0.1110110357,-0.0825545117,0.178001985,-1.4753305912,0.8138597608
3.9066300392,-0.1170874983,-0.1111676767,-0.0738563463,0.1300838292,-1.383903861,0.7417147756
3.9162650108,-0.1079003364,-0.1218425706,-0.0777960345,0.093865104,-1.2881032228,0.6738166809
3.9267878532,-0.097822085,-0.1097346917,-0.0758831427,0.0799108595,-1.1760548353,0.627158463
3.9365780354,-0.0976562649,-0.0971211269,-0.0826926157,0.0916292965,-1.0713260174,0.5624380112
3.9462499619,-0.0977319032,-0.1101113632,-0.081472151,0.1085808799,-0.9558210373,0.5157704353
3.9561560154,-0.0902714878,-0.1077667549,-0.0810522959,0.1138890982,-0.8488460779,0.4786595702
3.9662971497,-0.0772723705,-0.0939778462,-0.0775216147,0.1214463487,-0.7523801327,0.454285115
3.9763088226,-0.0636279732,-0.0695105866,-0.0619088374,0.1590507179,-0.6726424098,0.427770406
3.9863591194,-0.0550811477,-0.0489617921,-0.0457640253,0.1882658303,-0.607868433,0.3959418535
3.9964389801,-0.0515812226,-0.0441435911,-0.027092034,0.1749202013,-0.5562265515,0.3598698676
4.0065660477,-0.0529864021,-0.0679293945,-0.0106998626,0.1606719792,-0.5216319561,0.3142329752
4.0165858269,-0.0524339862,-0.0628234521,0.0014619284,0.1657125354,-0.4930351675,0.2993808091
4.0267281532,-0.0421486087,-0.0100497361,0.013425177,0.1857833266,-0.4726982415,0.2993850708
4.0366268158,-0.0281129051,0.0312276725,0.0252888259,0.213040784,-0.4236220419,0.3036498725
4.0468091965,-0.0388372727,0.0207179133,0.022924846,0.1044324711,-0.3429984748,0.2835442424
4.0568528175,-0.0605624504,-0.0337972082,0.0174749549,-0.1010580957,-0.2878401577,0.2305340469
4.0669670105,-0.0588494726,-0.1073152497,-0.0094148461,-0.2649018466,-0.2343576252,0.1902543902
4.0769000053,-0.0476159044,-0.0845182315,-0.0355521999,-0.3882842362,-0.1684755534,0.2073074132
4.0870981216,-0.0495984741,-0.0170723852,-0.0507971607,-0.4583899975,-0.0947412103,0.217979297
4.0971250534,-0.0618364997,0.0024962672,-0.0618622862,-0.4741106331,-0.0174600072,0.2116510868
4.1072649956,-0.066528216,-0.009450322,-0.079326801,-0.4096948206,0.0498834811,0.201049462
4.11729002,-0.0695217997,1.70418e-05,-0.1108034179,-0.2844841778,0.1209126487,0.1861879528
4.1275200844,-0.081521228,0.0258773211,-0.1381432414,-0.0760031864,0.1882499456,0.1447602808
4.137609005,-0.0976715833,0.0260922257,-0.1568269134,0.1450402439,0.2789945006,0.095906727
4.1476221085,-0.1192682534,0.0078657512,-0.1582381129,0.3350211084,0.3799327016,0.0247690286
4.1575460434,-0.143778339,-0.0344410576,-0.1535716653,0.5377502441,0.4850612581,-0.0718536526
4.1675601006,-0.1582096368,-0.0629407242,-0.1578823924,0.7081171274,0.6237866879,-0.1801317185
4.1777667999,-0.1785969287,-0.07823468,-0.155818522,0.8282272816,0.7715255618,-0.3032571375
4.1877269745,-0.1983460337,-0.1026064232,-0.1466314793,0.8681004047,0.9375604391,-0.4422809184
4.1976771355,-0.225599125,-0.1581182182,-0.1431753039,0.8661605716,1.1210533381,-0.6142002344
4.2078847885,-0.2728610337,-0.2226422429,-0.123768799,0.7892853618,1.329621315,-0.7457399368
4.2181258202,-0.3204031289,-0.1940990388,-0.1300628781,0.6676193476,1.5285615921,-0.9919470549
4.228260994,-0.3316042125,-0.3012472987,-0.1669821143,0.6057264209,1.7281752825,-1.2148087025
4.2381258011,-0.3243624866,-0.3150253892,-0.1884581447,0.4734988511,1.9224513769,-1.3484648466
4.2483658791,-0.3269861639,-0.2750844061,-0.2032089233,0.4203127325,2.1088192463,-1.4991346598
4.2584080696,-0.3421927989,-0.2472452223,-0.2205399871,0.4353345633,2.3041946888,-1.6614960432
4.2684516907,-0.3610551655,-0.2254186869,-0.227524519,0.5145128965,2.4873898029,-1.8249412775
4.278386116,-0.3883008063,-0.2190088928,-0.2159834504,0.6408010721,2.6562523842,-1.9714173079
4.2885799408,-0.4227825701,-0.195605725,-0.1933650374,0.8579264283,2.8132023811,-2.1136744022
4.2987141609,-0.4564844668,-0.1490827799,-0.1746772528,1.1891394854,2.9795274734,-2.2729454041
4.308907032,-0.4716635048,-0.0996066406,-0.1543774009,1.614233613,3.1486968994,-2.4471030235
4.318751812,-0.4584276974,-0.0676381364,-0.1252634525,2.0041987896,3.3079206944,-2.6350610256
4.3288831711,-0.4194644988,-0.0984658077,-0.0669802949,2.2153940201,3.4134449959,-2.8452992439
4.3389258385,-0.3738441765,-0.2184234858,-0.0062119314,2.209407568,3.4649114609,-3.0809915066
4.3490056992,-0.3406639993,-0.3477113247,0.0425146855,2.0096604824,3.4690232277,-3.3219664097
4.3589529991,-0.329366833,-0.4312086105,0.0671151355,1.7409027815,3.4387505054,-3.5363967419
4.3691482544,-0.3418545425,-0.4325829148,0.0625255182,1.4584050179,3.3980646133,-3.7019853592
4.3791899681,-0.3723920882,-0.3754754066,0.0504890122,1.2738140821,3.3859474659,-3.8484728336
4.389275074,-0.4062182605,-0.2981840968,0.0123258885,1.2557492256,3.3688220978,-4.009871006
4.3992199898,-0.4215609133,-0.2322825789,-0.0272213761,1.4306262732,3.3722321987,-4.2095322609
4.4094381332,-0.4125932157,-0.1752415299,-0.0232704226,1.653768301,3.3528439999,-4.3901042938
4.4196038246,-0.3872931302,-0.1207078174,0.0499396361,1.8445401192,3.2644441128,-4.5335402489
4.4295868874,-0.3670360148,-0.1115779951,0.1292079687,1.9203848839,3.1420280933,-4.6950135231
4.4395661354,-0.3320566714,-0.1578315496,0.1930751801,1.7638394833,2.9931845665,-4.8553795815
4.4497270584,-0.280557245,-0.2168475389,0.2113708854,1.3334010839,2.8106563091,-4.9328732491
4.4597797394,-0.2657506168,-0.2399485111,0.1857123971,0.7532454729,2.6598312855,-4.9922618866
4.4698038101,-0.3112919629,-0.2034825087,0.1348341703,0.3301810622,2.5953552723,-5.0378432274
4.4797530174,-0.3639141321,-0.1084974483,0.1122821048,0.0200945586,2.5492870808,-5.0154895782
4.4899468422,-0.3824442327,0.039091941,0.1685672402,-0.2208971828,2.4290525913,-4.9061236382
4.5000171661,-0.3827726543,0.1664896011,0.2335938215,-0.3731058836,2.2883296013,-4.8031611443
4.5101528168,-0.3836407959,0.2474865913,0.3180057406,-0.5839839578,2.1460924149,-4.6906256676
4.5199651718,-0.3765760958,0.2936472297,0.4188624024,-0.9053835869,1.957383275,-4.5600371361
4.5302562714,-0.383702606,0.2695350051,0.4306461215,-1.1511807442,1.7816681862,-4.4910473824
4.5403208733,-0.4136867821,0.2229221463,0.3832726479,-1.2332178354,1.6657834053,-4.4156966209
4.5504040718,-0.4310617745,0.2825106382,0.2960927486,-1.035089612,1.6047616005,-4.2756199837
4.5601520538,-0.4363876283,0.3746221662,0.2021743655,-0.5749201179,1.5926684141,-4.1430177689
4.5704960823,-0.4322658479,0.4595249891,0.1741133332,-0.1007866189,1.574655056,-3.9605166912
4.5805239677,-0.3967504203,0.507774055,0.2103357315,0.2107971013,1.4842537642,-3.7588992119
4.5906310081,-0.3463846445,0.4859128594,0.3009652495,0.2788008153,1.3097389936,-3.6007976532
4.600643158,-0.295465529,0.4440174699,0.4013994932,0.1094336286,1.0736787319,-3.450097084
4.6107940674,-0.2664352059,0.4224050045,0.4576645494,-0.2017814219,0.8301777244,-3.2738797665
4.6208047867,-0.2693276107,0.4149782062,0.4515411258,-0.4728736579,0.6306925416,-3.0732307434
4.6308908463,-0.2800707817,0.4537696838,0.401456356,-0.6016554832,0.5027322173,-2.8343572617
4.6408290863,-0.2717005312,0.5290549994,0.3326242566,-0.5345987082,0.4285797179,-2.5795795918
4.651061058,-0.2443190068,0.5726768374,0.2571778893,-0.4945118725,0.3827645183,-2.3364601135
4.6610598564,-0.2054827958,0.4887920618,0.2477561831,-2.096814394,0.5553692579,-1.8708992004
4.6711468697,-0.188220486,0.0722536966,0.1689457893,-2.3850045204,0.4531585872,-1.8634455204
4.6818151474,-0.1387089342,0.4119493365,0.1487552524,-1.7303881645,0.3120690882,-1.7585641146
4.6915230751,-0.1205330938,0.7680992484,0.1245316938,-1.1693283319,0.3700719476,-1.2628167868
4.7013568878,-0.0419200249,0.819139719,0.1048132852,-0.7507395148,0.3724938333,-0.8010392189
4.711397171,0.0400391631,0.9191436172,0.1268680692,-0.4627948403,0.3001952469,-0.5579972267
4.7214398384,0.0800161511,0.9907832742,0.0401299633,-0.3417597711,0.2831028104,-0.0865977108
4.7315320969,0.1294682473,1.1325312853,0.0468112864,-0.5665533543,0.161895439,0.3402414918
4.7416548729,0.0775187463,0.9939873815,0.100794144,-0.6222233176,0.0781845674,0.4325903356
4.7517442703,0.0458975695,0.7386188507,0.1502869725,-0.720441699,-0.0149433864,0.6024572849
4.7616157532,0.0732076168,0.6684815288,0.1660173535,-0.6243886948,-0.1116446331,0.7775814533
4.7718677521,0.0893978328,0.6211408973,0.1362379193,-0.2122115344,-0.2335133404,0.900585711
4.7818660736,0.0855645537,0.5938191414,0.1362473369,0.3292085826,-0.3658410311,1.0362923145
4.7919816971,0.0499285273,0.5631447434,0.1567155719,0.8334339857,-0.5144153237,1.1709370613
4.8019089699,-0.0048852437,0.458338201,0.1939969659,1.1563931704,-0.6771346927,1.3321671486
4.8121147156,-0.044408489,0.3399820924,0.2948579192,1.0989977121,-0.7915523052,1.5996984243
4.8221540451,-0.0806149691,0.2243616581,0.3439347148,0.7026884556,-0.8475798965,1.8376140594
4.8322839737,-0.128798157,0.145893693,0.3775562644,-0.1880689263,-1.082932353,2.0872466564
4.8422560692,-0.1790112406,0.1591325998,0.4146590829,-0.8029459119,-1.050260663,2.3889698982
4.852355957,-0.2178317159,0.3240219355,0.3122505546,-0.8520315289,-1.0386739969,2.6045336723
4.8625192642,-0.1673912108,0.4790649414,0.2800094485,-0.7665944099,-1.1359478235,2.8688511848
4.8725509644,-0.1373789757,0.4678557515,0.3113053441,-0.7343800664,-1.2511130571,3.064155817
4.8824167252,-0.1617988199,0.4051333666,0.3341012597,-0.772131741,-1.4184594154,3.1617674828
4.8926501274,-0.1862703562,0.3659204841,0.3624916673,-0.8620690703,-1.5980994701,3.2339026928
4.9026651382,-0.2135195583,0.3540923595,0.3537692428,-0.8997887373,-1.7698284388,3.3102760315
4.912774086,-0.2261222154,0.3552334309,0.3444669843,-0.9558814168,-1.9171465635,3.4121491909
4.9227290154,-0.231120646,0.3374398351,0.3287282586,-1.0151492357,-2.0665454865,3.5246403217
4.9329547882,-0.2460377961,0.3076118231,0.300750792,-1.0768290758,-2.1884050369,3.6328995228
4.9429440498,-0.2609746754,0.3135307431,0.2869551778,-1.1341735125,-2.3177368641,3.7284111977
4.9530210495,-0.2805887461,0.3164331913,0.287414968,-1.2212386131,-2.4655866623,3.7899420261
4.9629821777,-0.320992738,0.3016642928,0.2953723073,-1.3006391525,-2.6348977089,3.8047428131
4.9732189178,-0.3581246436,0.2718473673,0.2727001309,-1.2648615837,-2.7981748581,3.777046442
4.9832148552,-0.3838967979,0.2355388403,0.2477619052,-1.142078042,-2.9107573032,3.7589082718
4.9932889938,-0.3855288029,0.2207722664,0.2193269134,-0.9116351008,-3.0107617378,3.7354400158
5.0033092499,-0.3763770461,0.2001046538,0.1861594319,-0.6430901885,-3.0797448158,3.6992361546
5.0134949684,-0.366119951,0.1978592277,0.180195272,-0.3809148073,-3.1519672871,3.6630330086
5.0234937668,-0.3662665188,0.1701339483,0.1819317937,-0.132768929,-3.2095394135,3.6140983105
5.0335578918,-0.3765306175,0.1353650093,0.1770407557,0.0128899338,-3.2637410164,3.5683765411
5.0435190201,-0.3938759863,0.0964728519,0.1586570144,0.0538387001,-3.306194067,3.5120694637
5.0536651611,-0.4210063517,0.0300315563,0.1345242858,-0.0057708882,-3.3263468742,3.430315733
5.0638251305,-0.4411265552,-0.0330253877,0.1156265214,-0.1135141253,-3.3364064693,3.3337142467
5.0738639832,-0.4462899864,-0.0774425939,0.0968216136,-0.2192333937,-3.3359286785,3.2233154774
5.0837130547,-0.4325073063,-0.1073648408,0.0840559676,-0.2971577346,-3.3417186737,3.0906074047
5.0939631462,-0.4114554226,-0.132801652,0.0697820857,-0.3206771612,-3.3460404873,2.9472675323
5.1040129662,-0.3968592584,-0.1324920654,0.0717709735,-0.2791635394,-3.3434355259,2.8028535843
5.1141738892,-0.3897090256,-0.1182038859,0.0710223988,-0.1183429211,-3.3185529709,2.6605443954
5.1241397858,-0.386253804,-0.1228442863,0.0629656389,0.0700972974,-3.2794616222,2.5447800159
5.1343021393,-0.3867293894,-0.1345341802,0.0890956596,0.1838260442,-3.2399754524,2.4269108772
5.1442909241,-0.3899626434,-0.1741271615,0.0924618915,0.2655070722,-3.1988203526,2.2825059891
5.1544361115,-0.3960604966,-0.2250987291,0.0863226131,0.3044777811,-3.1535871029,2.1699683666
5.1643371582,-0.3973679841,-0.2164548635,0.0761492327,0.3401977122,-3.1042060852,2.0468153954
5.1745510101,-0.3969164193,-0.1978437304,0.0502392091,0.4002491534,-3.0333623886,1.9279134274
5.1845607758,-0.3948736489,-0.1818371415,0.0181361493,0.4514561594,-2.9318249226,1.8090295792
5.1946620941,-0.3954381645,-0.1849578023,0.0038006955,0.4545278549,-2.8190510273,1.6880415678
5.2044849396,-0.3791997731,-0.2151556909,0.0118498858,0.3999378383,-2.7024104595,1.5861809254
5.2147488594,-0.3581059873,-0.2219055295,0.035078112,0.3103293478,-2.605070591,1.5002455711
5.2250208855,-0.3351137936,-0.2102310061,0.0530995764,0.2399134934,-2.5066068172,1.3983799219
5.2349052429,-0.3122513592,-0.2025611699,0.0543491878,0.189710781,-2.4015791416,1.2996977568
5.2448730469,-0.2877876461,-0.2027622759,0.0435844697,0.0870871991,-2.2831251621,1.2148391008
5.2550349236,-0.2815005481,-0.2031585574,0.0233093556,-0.0284438431,-2.1541106701,1.1395449638
5.2651629448,-0.2749901116,-0.1881271601,-0.0141759459,-0.1259070188,-2.0162975788,1.0876104832
5.2751660347,-0.2557583153,-0.1438021958,-0.0493273102,-0.202010259,-1.8804610968,1.0292984247
5.2851400375,-0.2355823666,-0.1060863212,-0.0770031139,-0.2203642279,-1.756909132,0.9624714255
5.2953090668,-0.2164562494,-0.0834746435,-0.0890909955,-0.2162777483,-1.6352226734,0.905195713
5.3054151535,-0.20631136,-0.0622149445,-0.0846449062,-0.1876205355,-1.516510129,0.8468487859
5.3154449463,-0.1844844967,-0.0772594586,-0.0895734355,-0.1502438933,-1.4168604612,0.7821171284
5.3253998756,-0.1480827481,-0.1004882231,-0.0678254291,-0.1628201455,-1.3366937637,0.725884974
5.3355922699,-0.1175900847,-0.1058134213,-0.0468932949,-0.1850537807,-1.2513628006,0.6611650586
5.3456549644,-0.0978703052,-0.0953846648,-0.0492619835,-0.2254728377,-1.1619101763,0.6017592549
5.3557071686,-0.0861566812,-0.0729885474,-0.0516204201,-0.2573992312,-1.0681169033,0.5455376506
5.3656659126,-0.0795024782,-0.0745403543,-0.0644709393,-0.2743457258,-0.9773151278,0.4988681674
5.3758420944,-0.0741420537,-0.0492126085,-0.0781589076,-0.2721200883,-0.8819828629,0.470245719
5.3859701157,-0.067161575,-0.0259149726,-0.0933989808,-0.2037122548,-0.7882441282,0.4341740012
5.3959679604,-0.0478040762,-0.0267460104,-0.1157425568,-0.1160352156,-0.6995955706,0.4055288434
5.4060211182,-0.0406386442,-0.0096809324,-0.109295778,-0.0230482779,-0.6087839007,0.3758202195
5.4161081314,-0.0367757268,-0.0058438531,-0.0952789113,0.0892332569,-0.5262786746,0.34822613
5.4262471199,-0.0194887687,-0.0191839989,-0.0833066031,0.1558844447,-0.4696313441,0.3216925263
5.4362440109,-0.0053466731,-0.0283857044,-0.0490832292,0.2045442909,-0.4279825687,0.2972794473
5.4462161064,-0.0030728749,-0.0434838571,-0.020988876,0.1955273598,-0.3815183938,0.2750071585
5.4563918114,-0.0068276101,-0.0463402607,-0.0002381153,0.1321124732,-0.3376531005,0.2527489066
5.4664907455,-0.014667945,-0.0499580242,0.0081043895,-0.0018842183,-0.2795197666,0.2347614169
5.4765238762,-0.0306129027,-0.051018212,0.0172194894,-0.2128163129,-0.2149194926,0.1721992344
5.486541748,-0.0367118306,-0.1024390236,0.0020942145,-0.3754081726,-0.1818009466,0.0989929289
5.4966568947,-0.0311256815,-0.1074071303,-0.0207104031,-0.4666845798,-0.1276285797,0.0671889931
5.5067882538,-0.0369814225,-0.0473116674,-0.0346180759,-0.4275944233,-0.0892191529,0.0470240675
5.5167827606,-0.0364820547,0.0028357753,-0.0593655072,-0.2445296645,-0.0411335751,0.0162104275
5.5266180038,-0.0345844813,0.0243604127,-0.0730515048,-0.0134000462,0.0031838191,-0.0061239065
5.5369281769,-0.043869514,0.0304990653,-0.0621852241,0.150451526,0.0522601493,-0.022067586
5.5469861031,-0.0563217588,0.0168172363,-0.0365309082,0.193919912,0.0801383927,-0.0358680859
5.5570611954,-0.0579987355,-0.0069011501,-0.0061550685,0.1413193345,0.1092307568,-0.0602618419
5.5671048164,-0.0558033176,-0.0226436909,0.0155045446,0.110145703,0.130000487,-0.0878503248
5.5771708488,-0.055536706,-0.0066630295,0.0183764156,0.1277376413,0.1842224449,-0.0952611044
5.5873270035,-0.0560536571,0.0191627983,-0.0151511971,0.2209205776,0.2559914589,-0.1164848953
5.5973410606,-0.0682715923,0.0089729074,-0.0583601557,0.3780941367,0.3314333856,-0.1483410448
5.6071910858,-0.0866907388,0.0022486099,-0.1055682227,0.5742548704,0.455943346,-0.1929242164
5.6174650192,-0.1182664186,-0.0136987623,-0.168643415,0.7840325236,0.6036111712,-0.2842177153
5.6276078224,-0.1642978936,-0.0495682098,-0.2031016946,0.9326941371,0.7781960368,-0.3967189491
5.6376008987,-0.2138562948,-0.1008540764,-0.2179244161,0.9637013674,0.9758475423,-0.5569602251
5.6475729942,-0.2777182758,-0.1973753572,-0.2217059731,0.8643326759,1.1891158819,-0.7511377335
5.6577281952,-0.3342597783,-0.277925998,-0.2081622481,0.6965435743,1.4109627008,-1.0026305914
5.6678290367,-0.3802606165,-0.370269984,-0.2046572566,0.5265483856,1.6390600204,-1.268985033
5.6778731346,-0.4195390642,-0.4093075395,-0.219235599,0.3766893744,1.8822916746,-1.5194092989
5.6878242493,-0.4442376196,-0.3936540484,-0.234282732,0.2726814747,2.1302864552,-1.7517930269
5.6980400085,-0.4425555766,-0.3694839776,-0.2368819118,0.2348650545,2.3768410683,-1.9682672024
5.708111763,-0.4377825558,-0.354708463,-0.2345555425,0.28461954,2.6190280914,-2.1582210064
5.7181549072,-0.453248173,-0.3274810314,-0.2417392135,0.3867150247,2.8575956821,-2.322707653
5.7281150818,-0.4809824526,-0.2932858467,-0.2318436503,0.5219782591,3.0879347324,-2.4914531708
5.7383031845,-0.5119119287,-0.270590663,-0.2075135112,0.6713214517,3.2982413769,-2.6591486931
5.7484140396,-0.5446887612,-0.2671647668,-0.1673582792,0.8507876396,3.4832427502,-2.8427932262
5.758477211,-0.5828609467,-0.2577801943,-0.1227201745,1.0657155514,3.6430268288,-3.0360169411
5.7684087753,-0.6191496253,-0.2404179573,-0.0814956352,1.4059278965,3.7602601051,-3.2505283356
5.7785682678,-0.6345570087,-0.2080706358,-0.0553379618,1.8359639645,3.8590385914,-3.4863061905
5.788670063,-0.6346879005,-0.1831520796,-0.0444088541,2.2451133728,3.9108302593,-3.7401540279
5.7987470627,-0.6134274006,-0.2155969143,-0.0260948483,2.4965717793,3.9356544018,-4.0130887032
5.8087229729,-0.5704370737,-0.2739280462,0.0097720083,2.5299999714,3.8852815628,-4.2976841927
5.8185491562,-0.5160720348,-0.3003469706,0.0450359024,2.4006021023,3.7888786793,-4.5886321068
5.8288331032,-0.4822892249,-0.3046524525,0.0801487043,2.2050147057,3.6939437389,-4.891242981
5.8388137817,-0.4729196131,-0.2874660492,0.1402075291,1.9605969191,3.5755360126,-5.1481952667
5.8489952087,-0.4751887619,-0.2589853406,0.1823678613,1.6464772224,3.3868119717,-5.3552598953
5.8592576981,-0.4785172045,-0.2194205523,0.2086217403,1.4577986002,3.2493534088,-5.5166745186
5.8691596985,-0.4880510867,-0.1570814252,0.2006332874,1.5090333223,3.1342821121,-5.6579651833
5.8792300224,-0.4738380611,-0.0387635864,0.2095836997,1.6876899004,2.9791622162,-5.765329361
5.8892421722,-0.4401597679,0.0768038556,0.2272774577,1.7486360073,2.7522878647,-5.8164243698
5.8993358612,-0.4024994373,0.1383540034,0.3085861206,1.4446542263,2.4189162254,-5.7634234428
5.9093351364,-0.3655623496,0.1290291548,0.4474152327,0.7730073929,2.0371906757,-5.6360273361
5.9195127487,-0.3597597182,0.1245226189,0.5210033655,-0.2247453183,1.7164148092,-5.488345623
5.929464817,-0.3865372539,0.1750852466,0.5235480666,-1.2275665998,1.4775266647,-5.3055801392
5.9396328926,-0.4424802065,0.2824494243,0.4682154655,-1.7655419111,1.2852122784,-5.1122927666
5.9496917725,-0.5181493163,0.5148107409,0.334903121,-1.6890753508,1.2278081179,-4.9052906036
5.9597840309,-0.5682660341,0.7149111629,0.1993248463,-0.9560780525,1.2566080093,-4.7249550819
5.969725132,-0.5561329126,0.7715284824,0.125203073,0.0918273628,1.2787617445,-4.5213446617
5.979886055,-0.4738766253,0.7226412892,0.1869360805,1.0362246037,1.1963984966,-4.2604241371
5.9899868965,-0.3403437138,0.6490041018,0.3033233881,1.4810292721,1.0216549635,-3.9909274578
6.0000529289,-0.2060912102,0.5609317422,0.3975713253,1.3631057739,0.7697166204,-3.7404384613
6.0099110603,-0.11974895,0.4882839322,0.4515203238,0.8143627048,0.4831469059,-3.5047228336
6.0201849937,-0.1171920076,0.478718102,0.4388901591,0.2018196434,0.2774823606,-3.3061137199
6.0302491188,-0.1845487207,0.5144808292,0.3492238522,-0.3201375604,0.1903213412,-3.118086338
6.0403079987,-0.2508143783,0.5636662245,0.2180238366,-0.7170304656,0.1914984733,-2.8939459324
6.0501737595,-0.3009214699,0.5333210826,0.102773495,-0.9078577161,0.2899736166,-2.6698086262
6.0605630875,-0.3060641289,0.4718876481,0.0474969782,-1.9101705551,0.2266376168,-2.2522976398
6.0705347061,-0.2483848184,0.2550364137,0.158126235,-3.4619469643,0.8869508505,-1.9149833918
6.080578804,-0.1709910482,0.0676936433,0.0895033553,-3.4828336239,0.6301066279,-1.8959931135
6.0904808044,-0.1069246382,0.5395732522,0.1517808437,-2.9740395546,0.4590222538,-1.6392524242
6.1007518768,-0.080438152,0.7612769008,0.1845400333,-2.6996235847,0.5708816051,-1.2878119946
6.1107988358,-0.0473261662,0.5360233784,0.0995144323,-2.3258464336,0.5574225783,-1.0861718655
6.1209149361,0.030852152,0.5599902272,0.1063958481,-2.5491251945,0.4953237772,-0.7092072964
6.1308999062,0.0656257123,0.7217057943,0.0854383186,-2.6285741329,0.4530623555,-0.411904484
6.1410198212,0.0544349663,0.752101481,-0.0089320485,-2.519007206,0.4987011552,-0.2314041555
6.1510667801,0.0626945645,0.7809598446,-0.0146050993,-2.4676661491,0.4994931817,-0.0158716086
6.1611232758,0.0685792118,0.7342671156,0.0159258302,-2.2566077709,0.4209831953,0.0286319442
6.1709718704,0.0547718517,0.5517171025,0.0714235976,-1.7959057093,0.3486429453,0.0337878242
6.1812887192,0.0656990558,0.4815670848,0.1251314282,-1.3754030466,0.2481608093,0.1706021279
6.1912951469,0.0742654353,0.4961091876,0.1419337392,-0.8468950391,0.1263313144,0.3063173592
6.2014040947,0.0473314635,0.4755829573,0.1437173486,-0.2108468115,0.0286592189,0.4229063988
6.2114090919,0.0091409069,0.4715357423,0.1835610271,0.4285281003,-0.0804952309,0.5639088154
6.2215127945,-0.0177103747,0.4333382845,0.2306470275,1.0946580172,-0.1991936415,0.6698597074
6.2315759659,-0.0497517921,0.3757209182,0.2592013478,1.6478106976,-0.3302954733,0.8151202798
6.2416558266,-0.0778741688,0.3320823312,0.2869817615,1.9620579481,-0.4713992774,1.0485664606
6.251704216,-0.1106589586,0.297895968,0.3004341722,1.9088072777,-0.571778357,1.3479571342
6.261756897,-0.1317830086,0.2601068616,0.3411325812,1.3488796949,-0.6990172863,1.6241025925
6.2718529701,-0.1364136934,0.2024851441,0.4199023843,0.4399593472,-0.9287719727,1.9427583218
6.2819008827,-0.1589356512,0.2062886953,0.4390253425,-0.1891862899,-0.9618461132,2.2699348927
6.2919359207,-0.1757922173,0.3852683902,0.4036604762,-0.4965851009,-1.0462819338,2.5885105133
6.3020381927,-0.1589165479,0.5279741883,0.4093903899,-0.6518006325,-1.1952867508,2.8900260925
6.3121767044,-0.187970072,0.5256857872,0.4177238345,-0.8392128944,-1.3313670158,3.1013038158
6.3221712112,-0.2417544872,0.4603824615,0.4155644774,-1.0743443966,-1.4987897873,3.2892196178
6.332159996,-0.2702870071,0.4422066212,0.4164530635,-1.2866188288,-1.7117215395,3.4643640518
6.3423089981,-0.2861204743,0.4663742185,0.3941630721,-1.3528063297,-1.9128220081,3.6309833527
6.3524079323,-0.2931359708,0.511654079,0.3808314204,-1.2395740747,-2.1272864342,3.7858700752
6.3624501228,-0.3010065854,0.5381842256,0.383872807,-1.0560666323,-2.3263289928,3.9333131313
6.3724980354,-0.337682724,0.5108837485,0.3558925986,-0.9006721973,-2.4896447659,4.0648550987
6.3826007843,-0.3727899492,0.4817019105,0.3418501019,-0.9011008143,-2.6510565281,4.2091808319
6.3926439285,-0.3883521855,0.4693262577,0.3450018764,-0.9097235799,-2.8512222767,4.2791619301
6.4027819633,-0.4021045566,0.4152820706,0.351136744,-0.9299502969,-3.0677168369,4.3013563156
6.4127678871,-0.4118157029,0.3876244426,0.370895803,-0.9521629214,-3.2991123199,4.3192968369
6.4229168892,-0.4228763282,0.3394486308,0.3764786124,-0.9524492025,-3.4849998951,4.2894730568
6.4329242706,-0.4404022694,0.2596948743,0.3505482078,-0.9009396434,-3.62408638,4.2076320648
6.4430627823,-0.4480845332,0.1643978953,0.2771192193,-0.772908628,-3.7329597473,4.1003031731
6.4529790878,-0.453440696,0.0970553681,0.1962991357,-0.600502789,-3.7992508411,3.9547595978
6.4631838799,-0.4679169357,0.0602865182,0.1355423331,-0.343026191,-3.8351020813,3.8070862293
6.4731240273,-0.4817389548,0.024795467,0.094272323,-0.0484629832,-3.8428609371,3.6870243549
6.4833297729,-0.5035779476,-0.0007455996,0.0515542664,0.2201920152,-3.8222997189,3.5510556698
6.4930648804,-0.5284924507,-0.0542880334,0.0300843176,0.4201597273,-3.7630577087,3.4183094501
6.5033860207,-0.5380032659,-0.1201427057,0.045264665,0.4686580896,-3.7103338242,3.302587986
6.5135130882,-0.5419229865,-0.1644322872,0.0861151293,0.3894013464,-3.6895940304,3.1720170975
6.5235118866,-0.5439883471,-0.2129278183,0.1227490976,0.2140340358,-3.664567709,3.0138654709
6.5335588455,-0.5401303768,-0.2507032752,0.1290761828,-0.0127442433,-3.6232764721,2.815387249
6.5436220169,-0.5254703164,-0.2966761589,0.1021795347,-0.2138469666,-3.5881276131,2.6168997288
6.5537509918,-0.4945246875,-0.3119152188,0.0857822374,-0.3768627942,-3.5185387135,2.4417788982
6.5637731552,-0.4593240321,-0.2993097305,0.0616489686,-0.4565927982,-3.4523911476,2.2783157825
6.5737581253,-0.4200474322,-0.282204628,0.0251641329,-0.5119777918,-3.3658072948,2.1244120598
6.5839357376,-0.3867901862,-0.25169909,0.0046512536,-0.4947950542,-3.2785763741,1.9726147652
6.594066143,-0.3537712991,-0.2427064776,-0.0228547398,-0.3999321759,-3.1683139801,1.8314263821
6.6040697098,-0.3287533224,-0.2167348862,-0.0588760935,-0.2859917879,-3.0427589417,1.7316501141
6.6140012741,-0.3197385967,-0.1846676469,-0.0725352094,-0.1679738015,-2.8980901241,1.6286979914
6.624215126,-0.313634187,-0.1910608411,-0.0856083557,-0.0509405211,-2.761967659,1.518309474
6.634431839,-0.3076575696,-0.1978217363,-0.0786867067,0.0639245436,-2.6214947701,1.4270358086
6.6443490982,-0.3086860478,-0.1795560718,-0.0687296316,0.1244004294,-2.484680891,1.3357750177
6.6543059349,-0.316080898,-0.1853677332,-0.0527895652,0.1645526439,-2.3438408375,1.2381496429
6.6644511223,-0.3082529008,-0.2045365274,-0.0476314388,0.1438874453,-2.2045288086,1.150092721
6.6746459007,-0.2912841737,-0.2109613717,-0.0410278998,0.0665393919,-2.0518298149,1.0758627653
6.6846036911,-0.2664881647,-0.1959776878,-0.0377478562,-0.0405939035,-1.9078330994,1.0090703964
6.6945419312,-0.2444179207,-0.184008956,-0.0345647894,-0.1476628333,-1.7713240385,0.9327162504
6.7047419548,-0.2183842212,-0.1818734705,-0.0377869569,-0.2557532489,-1.6389839649,0.8691006899
6.7147879601,-0.1923745424,-0.1681667566,-0.0357172452,-0.3593960404,-1.5247141123,0.794858098
6.7248730659,-0.1673943549,-0.1544725597,-0.0479209982,-0.4244671762,-1.4249293804,0.7259086967
6.7348518372,-0.1531593949,-0.1298780739,-0.0578979813,-0.4287178516,-1.3234472275,0.6728705168
6.744977951,-0.1410190016,-0.0939793363,-0.0598487817,-0.3976897895,-1.2280089855,0.6219434142
6.7550601959,-0.1398366839,-0.0561679341,-0.0467779599,-0.3027033508,-1.1245366335,0.5784372091
6.7652258873,-0.1367613226,-0.0295201,-0.053921815,-0.1649274379,-1.0313647985,0.5253597498
6.7750930786,-0.1202673465,-0.0096646901,-0.0605395995,0.0058794552,-0.9325218797,0.4839555919
6.785323143,-0.1050502211,-0.0204294678,-0.0535676442,0.129652679,-0.8267027736,0.4361952543
6.7953410149,-0.0920048505,-0.0496474244,-0.0518624149,0.161794126,-0.7354722023,0.3895134926
6.8054938316,-0.0771812946,-0.0671491697,-0.0435257517,0.1160997823,-0.6500817537,0.3651464283
6.8152236938,-0.0686139017,-0.057362292,-0.0377173983,0.019278964,-0.5746876597,0.3407872915
6.8255629539,-0.0592931695,-0.0569673814,-0.0337579213,-0.0581525527,-0.5171343684,0.3206607103
6.8355178833,-0.0354893394,-0.0472923256,-0.0226175133,-0.1140725464,-0.4752204418,0.3143250644
6.8457379341,-0.014611261,-0.0259485897,-0.0093839113,-0.1315086037,-0.440495044,0.2931109369
6.8556418419,-0.0096799899,-0.0147525128,-2.57439e-05,-0.1084147319,-0.4020869136,0.2941860557
6.8659477234,-0.0128219891,0.0289361719,0.0140788611,-0.0255716518,-0.3609250188,0.3122371435
6.8759689331,-0.0102915335,0.0751723573,0.0137203392,0.1000230238,-0.3268855512,0.3196548522
6.8859472275,0.0067049689,0.0862119421,0.0147724804,0.217168957,-0.3013315499,0.3387492597
6.8959670067,0.0235019755,0.0853027925,0.007302349,0.278852582,-0.2783298194,0.3663518727
6.9060821533,0.0363295488,0.0713796839,0.0108903106,0.2648607194,-0.2644514143,0.3982175291
6.9162211418,0.0468946509,0.0564797185,0.0169559177,0.2039220333,-0.2520498931,0.4290313423
6.9261989594,0.0513487272,0.0498707853,0.0291054305,0.1152260229,-0.2388363332,0.4587905705
6.9361109734,0.0449002795,0.0493927263,0.0336794294,-0.0311234631,-0.2253077477,0.4514019191
6.9463481903,0.0260388684,-0.0122874137,0.0354711451,-0.1751988232,-0.2291240543,0.3845429718
6.9564847946,0.0066032833,-0.0863841251,0.0248706993,-0.307769388,-0.2082965374,0.338929683
6.9664831161,-0.0118400026,-0.089478381,0.0095829424,-0.3805907965,-0.1859004796,0.2911790013
6.9763588905,-0.0244181324,-0.0919494405,-0.0186515395,-0.3809359074,-0.1544027478,0.2402284741
6.9865870476,-0.034292955,-0.0864056721,-0.0421517454,-0.3067379296,-0.1062890738,0.1966999769
6.9967579842,-0.0337029286,-0.0774074867,-0.0577952228,-0.1910526156,-0.0451144055,0.1478584111
7.0067858696,-0.0314126201,-0.0746707097,-0.0655876324,-0.0551498346,0.0215582997,0.1011359692
7.0167798996,-0.0312451888,-0.0606483854,-0.0576079451,0.1023931801,0.059823662,0.0628903136
7.02688694,-0.0302184988,-0.0298290011,-0.0430722199,0.3252013326,0.0816246942,0.0161269382
7.0370440483,-0.0282182861,0.0066486546,-0.0400074087,0.5843634009,0.0963309407,-0.0285270829
7.0470218658,-0.0280077625,0.0306245927,-0.0164424721,0.7677819133,0.1083098352,-0.0646699071
7.0568919182,-0.0294583011,0.0112653021,0.0088450368,0.8220409155,0.1234384552,-0.0954682976
7.0671682358,-0.026686864,-0.0406591035,0.0264052805,0.7419599891,0.1257069409,-0.1283617914
7.0772881508,-0.0256736446,-0.0820234194,0.0366088785,0.6224160194,0.1255301088,-0.1580619067
7.0872888565,-0.0353857465,-0.0982307568,0.0216258224,0.4907930195,0.1592312008,-0.1834954917
7.0971660614,-0.0579333492,-0.0950102285,-0.0020617789,0.4252470434,0.2019768059,-0.2121260762
7.1073951721,-0.0728896409,-0.0777844861,-0.0342699848,0.4382306635,0.2889208198,-0.2396933138
7.1175680161,-0.0911502391,-0.0539915897,-0.0690534636,0.5160834193,0.3974659443,-0.2959342301
7.1275310516,-0.119668439,-0.0537152328,-0.1006222889,0.5947467685,0.5301998854,-0.3861388266
7.1375627518,-0.1604576856,-0.0995330885,-0.1311559081,0.6378122568,0.6973089576,-0.5272855759
7.1476740837,-0.2144431621,-0.1794645786,-0.1727408767,0.5940715075,0.8960486054,-0.7459056377
7.1578330994,-0.281406194,-0.2938089371,-0.2005805969,0.4572542608,1.1160992384,-0.98891294
7.1678380966,-0.3505896628,-0.3778665066,-0.2191830277,0.2670069933,1.3431459665,-1.2265948057
7.1777749062,-0.4091466367,-0.4140456915,-0.2411463857,0.171563834,1.5879770517,-1.4674766064
7.188035965,-0.4551140964,-0.4134837091,-0.2653300166,0.1495566666,1.8537076712,-1.6935019493
7.198102951,-0.4953258336,-0.3971207738,-0.2828100324,0.1839820147,2.1326844692,-1.9163490534
7.2081232071,-0.5354815722,-0.3773309588,-0.2973614335,0.2706558108,2.4163973331,-2.1338984966
7.2180380821,-0.5715193748,-0.3479225338,-0.2950558066,0.4172329903,2.6869010925,-2.3419132233
7.2282838821,-0.5992421508,-0.3330138922,-0.2823043466,0.5863169432,2.9480721951,-2.5467531681
7.2383260727,-0.6223245859,-0.319945097,-0.2589498758,0.7470299602,3.1933298111,-2.7399187088
7.2483830452,-0.6121771336,-0.300026089,-0.2112400532,0.8630341291,3.4276344776,-2.9256458282
7.2583351135,-0.5645902753,-0.3005929589,-0.1341359615,0.9708508849,3.6268308163,-3.1145739555
7.2685480118,-0.5045303702,-0.3334018588,-0.0496062003,1.0707019567,3.7697737217,-3.2950329781
7.2786121368,-0.4540611804,-0.3208000064,0.016194826,1.1603537798,3.8648169041,-3.4850702286
7.2886667252,-0.4312368333,-0.3056887984,0.0502795614,1.2708297968,3.9035606384,-3.7123031616
7.2986140251,-0.4336904585,-0.3183020949,0.0649117902,1.3315166235,3.9046766758,-3.9480373859
7.3088312149,-0.460313946,-0.3528284431,0.0715718344,1.2917987108,3.9145648479,-4.1688785553
7.3188719749,-0.4786843359,-0.3879864216,0.0579510368,1.0709973574,3.8910706043,-4.3843793869
7.3289232254,-0.4562925398,-0.4112375975,0.0515903272,0.7245676517,3.8366780281,-4.6136665344
7.3389568329,-0.4151256979,-0.3748366833,0.019200569,0.4796308875,3.771500349,-4.8429861069
7.349132061,-0.403323561,-0.2796452641,-0.0003573245,0.4316746593,3.7539405823,-5.0309209824
7.3591718674,-0.4195573032,-0.1224038675,0.0991464928,0.4524459839,3.6981906891,-5.1466898918
7.3692378998,-0.4045561254,0.0839020535,0.265935719,0.4158414602,3.5162277222,-5.1765003204
7.3791408539,-0.3537919223,0.2568382025,0.3546036482,0.4714109898,3.2995688915,-5.1182231903
7.3893108368,-0.2896057367,0.3114398122,0.3469089866,0.6539083719,3.0916974545,-5.0217518806
7.399392128,-0.2215922922,0.284933269,0.3008561134,0.685769856,2.9018158913,-4.8933773041
7.4094781876,-0.20225133,0.2327822447,0.2694345713,0.6661775112,2.7348704338,-4.7586073875
7.4194121361,-0.2307808846,0.2646101713,0.2389777303,0.54069978,2.5914673805,-4.6142420769
7.4296617508,-0.2650127113,0.3786029816,0.2837694883,0.1553334892,2.4017531872,-4.3891367912
7.4397039413,-0.2753562331,0.43056494,0.3895676136,-0.5432794094,2.1629199982,-4.1172580719
7.4497852325,-0.2605849504,0.3868961334,0.4975306392,-1.32647717,1.9472900629,-3.9164872169
7.4595208168,-0.255189091,0.3358576298,0.555632174,-1.765512228,1.783074975,-3.7773621082
7.4699010849,-0.245072484,0.3962448835,0.5316340923,-1.679736495,1.6446173191,-3.6457896233
7.4799880981,-0.2128008455,0.4816926122,0.425538063,-1.0072544813,1.5312931538,-3.5377135277
7.4900541306,-0.1891290992,0.5426760912,0.3213273883,-0.1130701303,1.4488654137,-3.3818964958
7.4998669624,-0.186971128,0.6666755676,0.2705792189,0.8457033038,1.3155627251,-3.1411781311
7.510175705,-0.2282901704,0.7066488266,0.2333356738,1.622812748,1.2050099373,-2.9110207558
7.5202312469,-0.267557919,0.6637978554,0.3021833301,1.8401858807,1.0409437418,-2.652078867
7.5302562714,-0.2430489361,0.525872767,0.4069504142,1.4595253468,0.8078792691,-2.4100103378
7.5402331352,-0.1941514164,0.327903688,0.4747205377,0.624340713,0.560926199,-2.2241067886
7.5504589081,-0.1507324576,0.2054032087,0.5040724874,-0.3030170798,0.3523382843,-2.0519635677
7.5605230331,-0.1262357086,0.2135729194,0.4700760841,-1.0241703987,0.2260913998,-1.8957591057
7.5705318451,-0.1137432456,0.2779329419,0.3945967555,-1.3532307148,0.1624965072,-1.7693527937
7.5804171562,-0.0936153084,0.3367291093,0.3144982457,-1.3977977037,0.1437963247,-1.6483057737
7.5907320976,-0.0609689467,0.3483054042,0.2512212992,-1.3498052359,0.1522808224,-1.5506291389
7.6007966995,-0.0290430654,0.2709034085,0.2073381543,-1.2902116776,0.1710406542,-1.5198427439
7.6107940674,0.0028644779,0.1589753628,0.180416882,-1.3000575304,0.1929597408,-1.562300086
7.6206851006,0.020619316,0.0358043276,0.1326646805,-1.3730564117,0.2334626913,-1.599424243
7.6309967041,0.0307529252,-0.0276549514,0.0713982061,-1.7147915363,0.2559576333,-1.5972024202
7.6410069466,0.0231363755,-0.1020100787,0.0575656332,-2.2096252441,0.3258152604,-1.6119071245
7.6511321068,-0.0006401411,-0.1278651357,0.0047444752,-2.6626877785,0.3788602352,-1.6574236155
7.6610360146,-0.0146166254,-0.0214976724,-0.043188151,-2.5749664307,0.3632509112,-1.5650771856
7.6712198257,-0.0464848019,0.3345580697,-0.1335789561,-2.1776545048,0.4615960121,-1.172262311
7.6812548637,-0.0835999101,0.7455951571,-0.1051518247,-1.8605355024,0.5764128566,-0.7496895194
7.6913757324,-0.1064602286,0.8544344902,-0.0815784261,-1.5975379944,0.6538978815,-0.4471049607
7.7014451027,-0.1090546995,0.793410182,-0.0464636646,-1.6748453379,0.7226319313,-0.0541853756
7.7115030289,-0.071663633,0.7711419463,0.0596078075,-1.7654732466,0.6180320382,0.1358457506
7.721531868,-0.040371079,0.6173817515,0.1273133159,-1.54839468,0.4729270935,0.2111058831
7.7316350937,-0.0059238845,0.5008600354,0.1615207791,-1.1724998951,0.3483282328,0.2895228565
7.7416582108,0.0404041521,0.4454944134,0.1536887288,-0.6555448174,0.2036165893,0.348780036
7.751803875,0.0637648553,0.3596461415,0.1169145778,-0.0272274986,0.0192587934,0.3623314798
7.7617921829,0.0695458204,0.2969366312,0.1330057979,0.5338456631,-0.1598968506,0.4502288401
7.7719392776,0.0439146571,0.2797932029,0.1738045812,0.9470124245,-0.2779337168,0.5084642172
7.7816791534,0.0141144823,0.2609933615,0.2347547412,1.1858894825,-0.4649046957,0.6431586742
7.7920088768,-0.0280467439,0.2339167595,0.280251801,1.213244915,-0.5242205262,0.7854026556
7.8021349907,-0.074326247,0.1601178646,0.3039029241,1.0802986622,-0.5627855062,0.9075240493
7.8121418953,-0.0715990216,0.1807502508,0.3273436427,0.8097121119,-0.7035875916,1.1570452452
7.8220930099,-0.0853613019,0.261723876,0.3277760148,0.4205545187,-0.8325884938,1.4225293398
7.8322849274,-0.1289650947,0.2877036929,0.3191079497,-0.0169441551,-0.9337911606,1.6222082376
7.8424158096,-0.1589449197,0.2947220802,0.295149982,-0.3286551833,-1.0212309361,1.8112438917
7.8523588181,-0.153115347,0.3187538385,0.2805412412,-0.5346984267,-1.1074641943,2.043787241
7.8624558449,-0.1341955513,0.3268105388,0.2966111302,-0.6551058292,-1.220683217,2.2539973259
7.8724651337,-0.1273796409,0.3275937438,0.3298100829,-0.6513370275,-1.3733540773,2.4312410355
7.8826398849,-0.1246716529,0.3658489585,0.3791143298,-0.5746784806,-1.5583372116,2.5999553204
7.8926820755,-0.1416034847,0.3987234235,0.4180095792,-0.4583983719,-1.7579321861,2.7527239323
7.9026589394,-0.1800363809,0.4252889156,0.426215589,-0.3625661135,-1.9395992756,2.9161257744
7.912815094,-0.2232411206,0.4438256621,0.4086908698,-0.2862007916,-2.0960755348,3.0636200905
7.9228739738,-0.2614154518,0.4410129786,0.3885287642,-0.2751516104,-2.2307407856,3.2260053158
7.9330310822,-0.2807718515,0.4239981771,0.3819388747,-0.3012556136,-2.3871524334,3.3575963974
7.9429712296,-0.2985363901,0.3821604252,0.3705301881,-0.3048639297,-2.5530633926,3.4668796062
7.9531531334,-0.3076714277,0.3457243443,0.3760946393,-0.2784984112,-2.7294754982,3.5527904034
7.9631419182,-0.3058886826,0.3371040821,0.4038533568,-0.236131236,-2.9058241844,3.627017498
7.9732880592,-0.3064954877,0.3415985703,0.4221172929,-0.1469109952,-3.073497057,3.66726017
7.9831938744,-0.3127880692,0.3093672991,0.4169691205,0.0144334221,-3.1994607449,3.6607854366
7.9934258461,-0.3232938945,0.2344207764,0.3762635589,0.2084258795,-3.2815573215,3.6660034657
8.0034217834,-0.3233343065,0.1966696978,0.3308641315,0.3531892002,-3.3491535187,3.682921648
8.0135087967,-0.3294300735,0.1836369634,0.2957394719,0.4359380603,-3.4056463242,3.6956133842
8.0234651566,-0.3559441566,0.1351075172,0.2614477277,0.4319417179,-3.4333319664,3.6860444546
8.0336618423,-0.3947654963,0.0685951635,0.2495093942,0.3555580378,-3.4809508324,3.6456921101
8.0437173843,-0.4298174083,-0.0055207661,0.2481384873,0.3034871221,-3.5073564053,3.5713663101
8.0537986755,-0.453926295,-0.0681293085,0.2259939313,0.2340171486,-3.5021286011,3.4896271229
8.0637245178,-0.4689835012,-0.1038371995,0.1868646741,0.1914401352,-3.5178887844,3.4078717232
8.0739688873,-0.4711933434,-0.1107206419,0.1661654115,0.2062908411,-3.5129313469,3.3346066475
8.0839576721,-0.4684037268,-0.0840035155,0.1629149914,0.216807127,-3.5016589165,3.2592220306
8.0940952301,-0.4722237289,-0.0958758667,0.1528126597,0.253918767,-3.4828441143,3.1657838821
8.1039142609,-0.4736088812,-0.1398553252,0.126155436,0.2930381894,-3.4536497593,3.0341253281
8.114238739,-0.4676636159,-0.1655207276,0.1126588061,0.3000974059,-3.419375658,2.9109730721
8.124212265,-0.4543680847,-0.2012757659,0.0908001736,0.2923313677,-3.3981013298,2.7665808201
8.1343641281,-0.4416519105,-0.2346025109,0.1012179926,0.2748450339,-3.3652262688,2.6243207455
8.144361496,-0.4256527126,-0.2345135808,0.111638613,0.2733496726,-3.3300201893,2.4926755428
8.1545000076,-0.4083845913,-0.2458751202,0.1084799245,0.2803599238,-3.2927062511,2.3472247124
8.1645059586,-0.3977708519,-0.2746132016,0.1051312163,0.2540894449,-3.235530138,2.2007317543
8.1745700836,-0.3939613402,-0.2927956581,0.0815286711,0.1794724464,-3.1458415985,2.0606384277
8.184463501,-0.3942963183,-0.2946439385,0.0469962992,0.084529683,-3.0509691238,1.9290469885
8.1947011948,-0.3892329037,-0.2811233401,0.021898156,0.0011528507,-2.9390172958,1.7974601984
8.2048301697,-0.3809319437,-0.2697795033,-0.0016388244,-0.0738617331,-2.8088994026,1.6743755341
8.2148199081,-0.3676545918,-0.263522923,-0.0265594665,-0.1606389582,-2.6756322384,1.5619143248
8.2247333527,-0.3525345027,-0.2487433553,-0.0500555001,-0.2451240122,-2.5582540035,1.4505054951
8.2349691391,-0.331800729,-0.2272556424,-0.0621623956,-0.2689292729,-2.4254415035,1.3465212584
8.245182991,-0.3095517457,-0.2056741714,-0.0802692696,-0.2533385754,-2.2826454639,1.2563357353
8.2551012039,-0.2869074643,-0.1876986027,-0.0974149629,-0.2322994024,-2.151515007,1.1597718
8.2650766373,-0.2601027191,-0.1790125966,-0.0949939415,-0.1803880036,-2.0115020275,1.0823172331
8.2752399445,-0.231171146,-0.1649983823,-0.0964254066,-0.1626013219,-1.8739171028,1.0038090944
8.2853775024,-0.2099852711,-0.1515802443,-0.0901915953,-0.1597682536,-1.7354077101,0.9242426753
8.2953920364,-0.1878169924,-0.164108336,-0.085004501,-0.1590912193,-1.5948160887,0.8414928317
8.3054132462,-0.1656499654,-0.1647075415,-0.0906932279,-0.1795618832,-1.4734531641,0.7672327161
8.3155069351,-0.1454523355,-0.1640171409,-0.1119778082,-0.1701746732,-1.349642992,0.7025205493
8.3256454468,-0.1254419237,-0.1462656558,-0.1390898824,-0.1544167399,-1.2214655876,0.6484287977
8.335641861,-0.1067281514,-0.1239692345,-0.1457632184,-0.1546747535,-1.0923606157,0.5954037905
8.3458271027,-0.0884074122,-0.1078521982,-0.1241965219,-0.1782770157,-0.9761160016,0.5540577173
8.3557777405,-0.0703618675,-0.1009729877,-0.1054779813,-0.2134476006,-0.8769569993,0.5116442442
8.3658475876,-0.0555322953,-0.0790146962,-0.0613749586,-0.2643659115,-0.8033533096,0.4766545892
8.3759822845,-0.0436999984,-0.0605409481,-0.0422842465,-0.2767105699,-0.7453779578,0.4342150688
8.385972023,-0.027971046,-0.0502330102,-0.0459975563,-0.2815079987,-0.6947155595,0.3992022276
8.3957824707,-0.0181882549,-0.0518834628,-0.0432295166,-0.2797400951,-0.6599133015,0.3641807735
8.4059276581,-0.012351172,-0.0487202145,-0.0347386561,-0.2223814428,-0.6340844035,0.3429431319
8.4160776138,-0.0065382891,-0.0131494161,-0.0242042486,-0.1212188751,-0.6119995713,0.3397430778
8.4262609482,-0.004744547,0.0288986508,-0.0124125425,-0.0040461728,-0.5896836519,0.3503411114
8.4364271164,0.0037991831,0.0503232144,0.002828365,0.1240382344,-0.5905475616,0.3715431094
8.4464693069,0.0180109572,0.0697385594,0.0262450632,0.2186553031,-0.5523821115,0.4023303092
8.4564523697,0.0222238135,0.0593479238,0.023291057,0.2236189842,-0.5140865445,0.4108451605
8.4663476944,0.0243551563,0.0236701015,0.0133139547,0.1668774039,-0.4953786433,0.4267958999
8.4765949249,0.0311810803,0.0209341291,0.0087398943,0.1239581555,-0.4711815417,0.452301383
8.4866952896,0.0358478241,0.0533057116,0.0116166528,0.1452048719,-0.4602465928,0.4735374153
8.496720314,0.0374623351,0.0849014148,0.0193076786,0.1920196861,-0.4448509514,0.493707478
8.5067033768,0.0283397865,0.0777008459,0.0144104417,0.2868572474,-0.4314070642,0.4756395519
8.5168571472,0.0241061877,0.0339046083,0.0088260826,0.3998478651,-0.4188376665,0.4618134201
8.5269260406,0.0178404879,0.0489700995,0.0169294532,0.5437642336,-0.4038832188,0.4469191432
8.5369911194,0.0046050972,0.0685811564,0.0134875234,0.6251187325,-0.323826611,0.4108382463
8.5468826294,-0.0430722423,-0.0311120208,0.022139078,0.4046643674,-0.2715093195,0.2675774693
8.5571660995,-0.0777369291,-0.2377746701,0.0334281363,0.0518323816,-0.2162208259,0.106300503
8.5672597885,-0.0944940001,-0.3313938975,0.0042089871,-0.2628584504,-0.1282204092,0.0289130397
8.5772447586,-0.0879688412,-0.2763135135,-0.0521314703,-0.4131406844,-0.0438468046,-0.0113554206
8.5873117447,-0.0750261694,-0.2003560066,-0.1230336949,-0.3790056109,0.0635667369,-0.0198048316
8.5973997116,-0.0784306079,-0.0799871162,-0.1574203968,-0.211298719,0.1541013569,-0.0293583237
8.6075296402,-0.0754620582,-0.0254371818,-0.1504442096,0.0302278847,0.2249331921,-0.0676090419
8.6175260544,-0.0698785335,-0.0144938286,-0.1127921864,0.2090292424,0.2718584239,-0.1079786271
8.6275672913,-0.0683404356,-0.0145784672,-0.0680513903,0.3525472581,0.3248150945,-0.1525841951
8.6376848221,-0.0717913657,-0.0191137847,-0.0543850027,0.5066226125,0.3884207904,-0.2056826204
8.6478700638,-0.0871489793,-0.0407535769,-0.0855291411,0.6655541658,0.4997755289,-0.2651281059
8.6578006744,-0.1216313988,-0.0688461736,-0.1122880504,0.7718407512,0.6456099153,-0.3362221718
8.6678409576,-0.1655813009,-0.1136729494,-0.135127306,0.8052125573,0.8234667182,-0.4433835149
8.6779441833,-0.2091044933,-0.1750959456,-0.1641811728,0.7860392332,1.0227324963,-0.6142288446
8.688041687,-0.2648846209,-0.2539882064,-0.195163846,0.6691911221,1.2737640142,-0.85191679
8.6981296539,-0.3474468887,-0.3533240259,-0.2530433536,0.5454893708,1.5656687021,-1.1585998535
8.7080860138,-0.4343259633,-0.4469078779,-0.3137559295,0.4235540926,1.894782424,-1.4567700624
8.718290329,-0.5138282776,-0.4743154049,-0.3531879783,0.3527562916,2.2328600883,-1.7507021427
8.728348732,-0.584687829,-0.4827774763,-0.3543974757,0.3451098204,2.5523540974,-2.0499677658
8.7383699417,-0.629858613,-0.4993512332,-0.3296000361,0.3813942075,2.8541231155,-2.3598706722
8.7482786179,-0.6595728993,-0.5248599648,-0.2988845706,0.4831365347,3.1204359531,-2.6623761654
8.7585391998,-0.6782686114,-0.5259717107,-0.2763704658,0.6311030388,3.3543555737,-2.9500443935
8.768529892,-0.6992262602,-0.5102707744,-0.262606442,0.7953695059,3.5598371029,-3.2271130085
8.7786235809,-0.7221801877,-0.4814711213,-0.2377477288,0.9715077281,3.7527582645,-3.4935729504
8.788564682,-0.7389962077,-0.4414687157,-0.2082463503,1.1606323719,3.9277541637,-3.7600450516
8.7987775803,-0.7376276255,-0.4367525578,-0.1667079926,1.3658790588,4.092376709,-4.0116610527
8.8088560104,-0.6984583735,-0.451674521,-0.1033969447,1.4567863941,4.2731719017,-4.2335095406
8.8189649582,-0.6272515655,-0.470777452,-0.0139484946,1.4095308781,4.3989214897,-4.412879467
8.8288459778,-0.5627024174,-0.4973659515,0.050464157,1.1779930592,4.4889678955,-4.6134557724
8.8390569687,-0.5560725331,-0.4775748849,0.094406195,0.7471318841,4.5527100563,-4.8384165764
8.8491954803,-0.606022954,-0.4149639606,0.1418959498,0.3256666362,4.5340924263,-5.0135159492
8.859172821,-0.6271716356,-0.3300117254,0.1690670848,0.0817412511,4.4777431488,-5.19186306
8.869137764,-0.5868173838,-0.2510834336,0.1671822667,0.0762418211,4.3754796982,-5.4085197449
8.8792390823,-0.5603128672,-0.1744790673,0.1688091755,0.163816914,4.2531404495,-5.5742444992
8.8912010193,-0.5858435631,-0.0533406772,0.239352107,0.2173952013,4.1228165627,-5.6167955399
8.9000043869,-0.6019905806,0.0966660306,0.3947110772,0.256621182,3.9388189316,-5.5723018646
8.9096775055,-0.5630358458,0.1761130691,0.4538474679,0.237910077,3.7862520218,-5.5118513107
8.9200725555,-0.5025165081,0.174176693,0.3872483969,0.06145145,3.613145113,-5.4609255791
8.9300174713,-0.4641425014,0.1311616898,0.3472251296,-0.2481974661,3.4198997021,-5.3908648491
8.9395208359,-0.475738585,0.1326903701,0.3426128626,-0.7252931595,3.2179708481,-5.2889118195
8.9496440887,-0.529127121,0.2276083827,0.3961527944,-1.2620242834,3.0051600933,-5.1487240791
8.9597082138,-0.5949820876,0.309828341,0.4188600779,-1.6062557697,2.857572794,-5.0276656151
8.9697723389,-0.6227604747,0.3885053396,0.506385982,-1.7128157616,2.635661602,-4.9067044258
8.979842186,-0.5804435015,0.5013415813,0.6180302501,-1.3863295317,2.3326997757,-4.7773976326
8.9898462296,-0.5139433742,0.5523001552,0.6485546231,-0.5725277066,2.0677082539,-4.6853604317
8.9999694824,-0.4626362324,0.5845688581,0.5889895558,0.386608094,1.8911913633,-4.5635867119
9.0099859238,-0.4367142022,0.6275398731,0.5650963187,1.0534361601,1.7107795477,-4.3217558861
9.0201301575,-0.414976269,0.6811669469,0.5588533282,1.035618186,1.4846324921,-3.9927062988
9.0301895142,-0.4171677232,0.6573954225,0.4745115638,0.5763207078,1.2227209806,-3.6752426624
9.0404281616,-0.4356639683,0.5766180754,0.4317788482,-0.0257311761,1.042411685,-3.3449606895
9.0505104065,-0.4352708161,0.6104565859,0.4323701262,-0.4659042954,0.8964582682,-3.0072698593
9.0605545044,-0.3704251945,0.6573162079,0.4586805701,-2.8836266994,0.454849422,-2.2381331921
9.0703058243,-0.2423059493,0.2740913033,0.6808573604,-4.0077548027,0.7078409195,-2.127294302
9.0806083679,-0.1603945643,0.4760130644,0.4757400155,-2.5643320084,0.3388766646,-2.0630757809
9.0907182693,-0.0452331938,1.4446787834,0.360512197,-2.4032893181,0.4290270507,-0.6572498083
9.1007709503,0.1076921821,1.6041046381,0.3447981477,-2.3023085594,0.6435875893,0.5437266827
9.1108226776,0.2480039448,1.59209764,0.2582241893,-1.6683821678,0.0881856009,0.1132596731
9.1209669113,0.0854423493,1.2605538368,0.1986559033,-1.1381604671,0.2127011567,0.1100007743
9.1309652328,0.1875946522,1.2479377985,0.2724092603,-0.4629188478,0.0451513082,0.3603301942
9.1410989761,0.2702728808,0.9878289104,0.2661268115,0.1332242489,-0.017560143,0.3590871692
9.1510124207,0.3065577447,0.7451044917,0.1864439845,0.4100758135,-0.1631626189,0.440702647
9.1612348557,0.2734239995,0.5036891103,0.0850340798,0.5869750977,-0.239667505,0.5128213763
9.1712369919,0.1803051531,0.3467183709,0.074145861,0.7266685367,-0.3266452849,0.6560853124
9.1813812256,0.1140200943,0.3760067225,0.1599350572,0.9488552809,-0.4374761879,0.936288476
9.1912841797,0.0378984027,0.4511481524,0.2271153331,1.3405071497,-0.5351385474,1.0561234951
9.2015037537,-0.0414092131,0.4773529172,0.2957969308,1.3654514551,-0.6742110252,1.1749697924
9.211517334,-0.090642795,0.3815768957,0.4331346154,0.6580546498,-1.1974002123,1.6240290403
9.2216119766,-0.1854955107,0.3231684566,0.5573088527,-0.2801323235,-1.1587687731,2.1339502335
9.2315282822,-0.2514605224,0.4767352939,0.5027356744,-0.5685497522,-1.2207973003,2.4461615086
9.2417259216,-0.1490506381,0.6608047485,0.4658783078,-0.4457912743,-1.4145905972,2.8293426037
9.2517814636,-0.0966073275,0.6879116893,0.4953348041,-0.2720857859,-1.5863343477,3.10846591
9.2619152069,-0.110270597,0.6174755096,0.506916821,-0.2110918164,-1.8065526485,3.2644236088
9.2718057632,-0.1352026314,0.5364089012,0.5056064725,-0.1976753473,-2.0754418373,3.3428590298
9.282043457,-0.1781681031,0.5050264597,0.4897616506,-0.1220440567,-2.2658910751,3.4882106781
9.2920131683,-0.212290898,0.5303599238,0.473565042,-0.0610206425,-2.4869635105,3.6760232449
9.3021774292,-0.2582418025,0.5096310973,0.4687150121,-0.0441773981,-2.6660485268,3.8532512188
9.3121604919,-0.3166401088,0.4693676829,0.466117084,-0.0639460459,-2.8137023449,4.0177612305
9.322312355,-0.3685131371,0.437925458,0.4617709517,-0.1072160453,-2.9606728554,4.1557326317
9.3323106766,-0.4144600928,0.4271134138,0.4507554173,-0.1630604118,-3.132345438,4.2650265694
9.3424091339,-0.4636366069,0.3921444416,0.421892345,-0.1646011174,-3.2943339348,4.3222837448
9.3524417877,-0.509607017,0.3251545429,0.3797782063,-0.095961608,-3.4325442314,4.3519272804
9.3625116348,-0.5314615965,0.2756360173,0.33883816,0.066168122,-3.5285615921,4.3805065155
9.3726501465,-0.5319875479,0.2601829767,0.3247564435,0.2640034556,-3.5658035278,4.4250330925
9.3825960159,-0.5352461338,0.2368955016,0.2966325879,0.4839583039,-3.5754723549,4.4377150536
9.3924741745,-0.5503463745,0.1725277305,0.2641355395,0.6826732755,-3.5995490551,4.3845624924
9.4027833939,-0.5610404015,0.1057635471,0.2441853881,0.8096693158,-3.6043119431,4.2974600792
9.4129219055,-0.5729333162,0.0315515958,0.2231433392,0.8480209708,-3.6024222374,4.2103838921
9.4229249954,-0.5860028863,-0.0433769859,0.2197204232,0.8138055205,-3.601151228,4.1254482269
9.432970047,-0.5884446502,-0.0979217961,0.2068408132,0.7281023264,-3.5738382339,4.0352306366
9.4430589676,-0.5792141557,-0.1479182839,0.1987467408,0.6251229048,-3.5277576447,3.9174211025
9.453166008,-0.5689025521,-0.1997123957,0.1756363511,0.5061347485,-3.4829945564,3.781563282
9.4634599686,-0.5595796108,-0.241902113,0.1480534077,0.3828143179,-3.4319097996,3.6446483135
9.4732131958,-0.5542874932,-0.2572245002,0.1354278922,0.2831324637,-3.3976995945,3.4917917252
9.4833889008,-0.5451608896,-0.2634617686,0.1245282367,0.2506035864,-3.3566527367,3.3208696842
9.493396759,-0.5333220959,-0.2704529762,0.105745025,0.2593272924,-3.2780530453,3.1584513187
9.5035028458,-0.524846971,-0.2685400844,0.0720703676,0.2723225951,-3.1993887424,3.0002799034
9.5135040283,-0.5131744742,-0.2742562294,0.0477325357,0.2648311257,-3.0996463299,2.8474326134
9.5236320496,-0.4946861565,-0.2798452377,0.05675501,0.2317109257,-2.9979429245,2.7041482925
9.5336284637,-0.4743700325,-0.2913889885,0.0531749167,0.1953222901,-2.889957428,2.5523743629
9.5437908173,-0.4455258548,-0.30033499,0.0514672436,0.137558043,-2.7790317535,2.392113924
9.5539226532,-0.4162616432,-0.2714990973,0.074035354,0.1407708824,-2.6811659336,2.2626225948
9.5638504028,-0.386590749,-0.2329809666,0.0560146011,0.2292477638,-2.5731227398,2.1150634289
9.5739440918,-0.3675288856,-0.2253422737,0.0413443483,0.3388320506,-2.4415791035,1.9632641077
9.5840167999,-0.3592995703,-0.2299923897,0.0309249815,0.425157994,-2.3302130699,1.8401297331
9.5940914154,-0.3474499285,-0.2468778193,0.0411169566,0.4196692109,-2.2141699791,1.743565321
9.6042022705,-0.3312008083,-0.2753694654,0.0539374985,0.343549192,-2.0785768032,1.6480908394
9.614197731,-0.3136318028,-0.2837589979,0.0475547351,0.1874940693,-1.9519692659,1.5834239721
9.6242952347,-0.2929488122,-0.2382048666,0.0266155656,0.0078695826,-1.8171117306,1.5134564638
9.6343135834,-0.2732158601,-0.2144758105,-0.0017523117,-0.0671769604,-1.682611227,1.4116100073
9.6446075439,-0.2485227734,-0.197681278,-0.0244509522,-0.1024804935,-1.5731954575,1.3150502443
9.6545677185,-0.2306028754,-0.1847190857,-0.0412732922,-0.1078440994,-1.4699192047,1.2131705284
9.6646137238,-0.2328819782,-0.1632698178,-0.0491988026,-0.0876292959,-1.363243103,1.1102241278
9.6745176315,-0.2414321452,-0.1410965919,-0.0667817518,-0.0386156812,-1.2552958727,1.0009002686
9.6846666336,-0.236414507,-0.1369386017,-0.0800794885,0.0168477912,-1.1514884233,0.8990056515
9.6947669983,-0.2119099051,-0.1440248787,-0.0832412764,0.0265949592,-1.0650507212,0.7981754541
9.7048006058,-0.1764034778,-0.1562378407,-0.0668665692,-0.0384002849,-0.9738572836,0.713294208
9.7146911621,-0.1444747001,-0.1595255733,-0.0503640734,-0.1663526595,-0.8831439018,0.6390461326
9.7249803543,-0.1088304073,-0.1573928595,-0.0436933599,-0.3090464473,-0.811540544,0.5828418732
9.735039711,-0.0792429,-0.132244736,-0.0477541648,-0.4250462949,-0.7407313585,0.531940341
9.7450647354,-0.0622056313,-0.0956438854,-0.0683508441,-0.4407944381,-0.6626107693,0.4916350842
9.755109787,-0.0518919416,-0.0626711324,-0.0689439699,-0.3818363249,-0.5837407112,0.466176331
9.7652082443,-0.0302385259,-0.0155727323,-0.0502986275,-0.2554420233,-0.5243445635,0.4555549026
9.7753229141,-0.0048859292,0.0216136221,-0.0500427447,-0.0936470032,-0.482658118,0.448102057
9.7853450775,0.0094934534,0.0460594557,-0.0330865942,0.0267005824,-0.4583468437,0.4353430271
9.7954072952,0.0091980528,0.003928537,-0.0206897799,0.1109366342,-0.4524855018,0.4077177942
9.8054876328,0.0020477006,-0.0438400246,-0.0004643745,0.1406016797,-0.4322033823,0.3864838779
9.815618515,-0.0109683443,-0.0334333219,-0.0039336034,0.1265250146,-0.412186265,0.3833120465
9.8256282806,-0.0162845422,-0.0124345776,-0.0066572973,0.1197336167,-0.3741153777,0.3727149069
9.8356533051,-0.0129854251,-0.0111236032,-0.0106143299,0.0820235237,-0.3395462334,0.3546911478
9.845744133,0.0059298105,-0.0111849066,-0.0186702553,0.0528409742,-0.3038561344,0.3345429897
9.8558797836,0.025644822,-0.0176197048,-0.0222561304,0.0268884674,-0.2713341415,0.3122680485
9.865858078,0.0305356216,-0.0243656095,-0.0242499653,0.0555553213,-0.2573722601,0.2995258868
9.8758592606,0.0373033695,0.0093275849,-0.0213548485,0.1559128165,-0.2618772686,0.2878183424
9.8860111237,0.0440136604,0.0588403605,0.0024349147,0.33642748,-0.2784916162,0.2644048631
9.8961200714,0.0421442203,0.0741153285,0.0297064241,0.4420417845,-0.2767778635,0.2229687274
9.9061613083,0.0276841354,-0.0045984439,0.0550281443,0.3392362893,-0.2463684231,0.1423128992
9.9161205292,0.0113115739,-0.1639977992,0.0418112911,0.0453620404,-0.2111302614,0.0818825811
9.9262809753,-0.0042660409,-0.2297860086,0.0242567714,-0.3520977199,-0.1669562161,0.0660783872
9.9365606308,-0.0131894518,-0.2114510685,-0.0209340397,-0.5949116945,-0.1141838208,0.0226326399
9.9465789795,-0.01258667,-0.1631934643,-0.0786169097,-0.6190269589,-0.0531136766,-0.0176792294
9.9564981461,0.0033842751,-0.0933135822,-0.0945720002,-0.4933141172,-0.0319308937,-0.0293803606
9.9666156769,0.0112860631,-0.0419069566,-0.0675027892,-0.2779879272,-0.0078985263,-0.0495972149
9.9766321182,0.0062922067,-0.002801185,-0.0391253792,-0.0445972756,0.0236916244,-0.0740620792
9.9867401123,0.0186900925,2.23764e-05,-0.0189823452,0.122808978,0.0378106385,-0.0857770592
9.9967412949,0.0338724665,-0.0053421906,0.0104242619,0.1771936566,0.042578496,-0.0783558935
10.0068569183,0.0382319503,0.0054596909,0.0399335064,0.1717314273,0.0564772002,-0.0549879223
10.0167913437,0.0240982603,0.0296161417,0.0361505188,0.1448726505,0.0754876435,-0.0326738283
10.0270013809,0.0050923652,0.0378191434,0.0196011718,0.1158259585,0.0997419134,-0.0167263504
10.0368423462,-0.0101056267,0.0339500271,-0.0128206555,0.1143977046,0.1358205676,-0.01458437
10.0470981598,-0.0422445722,0.0123172943,-0.059352275,0.1350670755,0.2016585618,-0.03473185
10.0572528839,-0.0856230408,-0.0212229248,-0.1054990813,0.1811024845,0.2908883095,-0.0814181268
10.0672340393,-0.1207518131,-0.0518522002,-0.149328053,0.2706649601,0.4015325308,-0.156772539
10.0771961212,-0.1477525383,-0.0579632558,-0.1840599179,0.4412694573,0.5169361234,-0.2618763149
10.0876398087,-0.1715113074,-0.0626360252,-0.2027983069,0.6800557375,0.6422855854,-0.397785753
10.0974779129,-0.1995117217,-0.0903078392,-0.2207810879,0.9260609746,0.7907850146,-0.5729708672
10.1074867249,-0.2436713725,-0.1693507284,-0.2382519841,1.1086390018,0.9818621278,-0.8054562211
10.1175470352,-0.3140189946,-0.2662873566,-0.2503727674,1.0857679844,1.2238255739,-1.0952006578
10.1276330948,-0.4027250707,-0.4002097249,-0.2626396418,0.9720436335,1.4774581194,-1.4263260365
10.1376581192,-0.4685811698,-0.5183964372,-0.2801598907,0.6663122177,1.7244199514,-1.7096253633
10.14777565,-0.5193465948,-0.5417105556,-0.2577775121,0.3721275926,1.9893401861,-2.0205242634
10.1578330994,-0.5605192184,-0.5456162691,-0.280954957,0.244265765,2.2706112862,-2.3250875473
10.1679010391,-0.5646430254,-0.5126901865,-0.2861922979,0.1314993501,2.5384697914,-2.5914375782
10.1780385971,-0.553917408,-0.5163528323,-0.2624967694,0.0340236612,2.773809433,-2.8206436634
10.1881151199,-0.5523583889,-0.5029591918,-0.2264925838,-0.0600369237,2.9891774654,-3.0254397392
10.1980304718,-0.5644692183,-0.4595704377,-0.1936083436,-0.0856714472,3.1924235821,-3.2281353474
10.2082490921,-0.5888867378,-0.4168619514,-0.1614255309,-0.05334552,3.3633651733,-3.4181206226
10.2182779312,-0.6144450903,-0.3822580278,-0.1333541274,0.034523882,3.5294654369,-3.6113073826
10.228345871,-0.6437776089,-0.3603494167,-0.1070039198,0.1993841231,3.6802659035,-3.8130149841
10.2382926941,-0.6637604237,-0.3391722143,-0.0913805291,0.4391676784,3.8094727993,-4.0094442368
10.2484540939,-0.6566508412,-0.3076826334,-0.0576434694,0.7014650106,3.9294230938,-4.1910181046
10.258430481,-0.6301586032,-0.2832543254,-0.0015195556,0.9158851504,4.0352373123,-4.3609075546
10.2685747147,-0.5948287249,-0.2418932319,0.0874335244,0.9377939105,4.0757398605,-4.5254731178
10.2784919739,-0.5571402311,-0.1898856163,0.1845220923,0.7652322054,4.0351200104,-4.6656069756
10.2887411118,-0.5128851533,-0.1557013988,0.2454019785,0.4085412323,3.9463758469,-4.7791724205
10.2988138199,-0.4740789235,-0.1456603408,0.3197554946,-0.1354235262,3.8078708649,-4.7875976562
