0.0000000000,0.0199472010,0.0177675057,-0.0994612053,-0.2937708795,2.2678613663,-1.5927690268
0.0093458891,0.0262747705,-0.007153078,-0.0966864899,-0.0039731329,2.2101414204,-1.605345726
0.0193209648,0.0493374169,-0.026278181,-0.0690061525,0.1324656606,2.1907744408,-1.4937644005
0.0293879509,0.0830951035,-0.0701203793,-0.043729905,0.1107771546,2.1820921898,-1.3630127907
0.0395789146,0.1147232354,-0.1073768586,-0.0367602147,0.0049794829,2.1397740841,-1.2160538435
0.0493209362,0.1403025091,-0.140451774,-0.0350626148,-0.2000839263,2.0893621445,-1.0509130955
0.0596679449,0.1596925557,-0.1612014621,-0.0286681708,-0.4895218611,2.035292387,-0.8623176217
0.0725829601,0.1778953373,-0.1690780371,-0.0442432202,-0.7864664793,1.9875307083,-0.679069221
0.0796029568,0.1940632164,-0.1677809209,-0.0679984167,-1.018165946,1.9221456051,-0.4904382229
0.0894529819,0.2128918469,-0.1294509619,-0.1023406461,-1.1346285343,1.8588063717,-0.2923413813
0.0994539261,0.2364093363,-0.07680206,-0.1269130707,-1.152687192,1.7789601088,-0.1143942699
0.1095279455,0.2584956586,-0.0434496254,-0.143269062,-1.1288391352,1.6819779873,0.0222040601
0.1193959713,0.2765415609,-0.0302194785,-0.1669815779,-1.104799509,1.5688093901,0.1408473551
0.1294718981,0.2953989804,-0.0309449863,-0.1726722717,-1.063575387,1.4439913034,0.2563662231
0.1394329071,0.3131501973,-0.0524550527,-0.1602433324,-1.0298656225,1.3171344995,0.3899628818
0.1494278908,0.3373277485,-0.0906249732,-0.1119173244,-0.9449704885,1.1960331202,0.5256125927
0.1594369411,0.3529988825,-0.1270022839,-0.0431890525,-0.8928566575,1.1645145416,0.6681439281
0.1694248915,0.3541187942,-0.1307337731,0.0075114914,-0.9036054611,1.1405756474,0.753297925
0.179420948,0.3558453918,-0.1064574569,0.0438791476,-0.9128611684,1.0862506628,0.7834032774
0.1894119978,0.3635213375,-0.0744712204,0.0650542304,-0.9433647394,1.024179101,0.8018877506
0.1994159222,0.3658354282,-0.0370297283,0.0297872964,-0.9480568171,0.9346089363,0.8311565518
0.2093989849,0.3781677186,-0.0231213998,-0.0069980077,-0.9836041331,0.8121219277,0.9137797952
0.2194010019,0.3933319151,-0.0111705502,-0.0470088758,-0.9014672041,0.6961101294,0.897478044
0.2294089794,0.3562650979,-0.0139422854,-0.0872511342,-1.0468643904,0.5986759663,0.8844003677
0.2394019365,0.3697294891,-0.0154235801,-0.0565681495,-1.4142553806,0.4858665764,0.8991995454
0.2493809462,0.366210103,-0.0389401764,-0.0637570694,-1.5786089897,0.3154562414,0.9939097762
0.2593749762,0.4131262898,-0.0717134327,-0.1019589379,-1.7491341829,0.053409189,1.252828002
0.2693608999,0.5785101652,-0.0565113276,-0.0527004637,-1.9053347111,-0.1532345265,1.2277173996
0.2794100046,0.5133019686,-0.0454857796,-0.0227919873,-2.0504364967,-0.081322521,1.0191242695
0.2893519402,0.3876735866,-0.0480783433,-0.0231866296,-2.0528347492,-0.3184045851,1.0450983047
0.2993609905,0.3539688885,-0.0452830046,-0.0276323613,-1.8759902716,-0.391094476,1.008259058
0.3093709946,0.3138571978,-0.0198612642,-0.0534650721,-1.7478823662,-0.3608766496,0.9261696339
0.3193569183,-0.0123431087,0.0830027014,0.2216736078,-1.5852181911,-0.4182347655,0.9466158748
0.3293679953,-0.0101853311,0.0765614659,0.2162789702,-1.2566480637,-0.4901576936,0.8629239202
0.3393599987,-0.0443209261,0.0896310955,0.2374676466,-0.9694908857,-0.4482728243,0.7508990765
0.3493429422,-0.0525570065,0.1015300304,0.3055129051,-0.7964352369,-0.3346927464,0.7521665096
0.3593459129,-0.267983824,0.0918800384,0.3042143583,-0.6141479611,-0.296058774,0.7305418849
0.3693269491,-0.2601634562,0.0713759214,0.3010118008,-0.4219564199,-0.280090481,0.6739974022
0.3793439865,-0.2553502321,0.0867844969,0.294927001,-0.2878876626,-0.2078793943,0.6224403977
0.3893369436,-0.2582879066,0.1123756915,0.2787663937,-0.1779808849,-0.1912516803,0.5925088525
0.3993289471,-0.3928797841,0.1230168492,0.155372858,-0.0654601902,-0.2250101864,0.5427170396
0.4093259573,-0.3979281783,0.1404552609,0.1431977749,-0.0373412073,-0.2508524358,0.4950573444
0.4192929268,-0.4123430848,0.1431349069,0.136040926,-0.0255017262,-0.2583372295,0.4844756722
0.4293779135,-0.4506511092,0.1386638433,0.1307922006,-0.0169985201,-0.2205304801,0.3981708884
0.4392979145,-0.5725882649,0.137319997,0.0532873832,-0.1130586118,-0.1045042798,0.4282913804
0.4493778944,-0.5729919076,0.1186839491,0.110091798,-0.253015995,-0.1010664031,0.4570513964
0.4593089819,-0.5691984296,0.0770720392,0.1093643829,-0.3865645826,-0.0965451524,0.4815496802
0.4693009853,-0.5649248958,0.0545767099,0.0982790515,-0.5876960754,-0.0634271428,0.5367197394
0.4793229103,-0.601636827,0.0471657664,-0.0243989881,-0.7434399128,-0.0784763992,0.5433027744
0.4892998934,-0.5930433869,0.0649985224,-0.0427636541,-0.8177945614,-0.1166046113,0.5266036987
0.4993180037,-0.5807373524,0.0937885791,-0.0278288778,-0.7259831429,-0.1148892716,0.5190917253
0.5092769861,-0.5916438103,0.143973425,-0.0121659683,-0.5575975776,-0.0606103204,0.4644401968
0.5193419456,-0.5937250257,0.161466077,0.0104923798,-0.4194365144,-0.0014977324,0.5022053719
0.5292679071,-0.5034848452,0.0658595711,-0.2170469761,-0.2359625697,0.0159169436,0.4977147877
0.539274931,-0.4503570497,0.0416788608,-0.3200318813,-0.0661456883,0.0347436294,0.4209831357
0.5492759943,-0.4159047902,0.0498613864,-0.3682125807,0.0972541571,0.0619190559,0.3261399865
0.5592619181,-0.3839083612,0.0701385289,-0.3885834217,0.2234344482,0.0717085674,0.2314342409
0.5694159269,-0.3560925722,0.0736501366,-0.3877440095,0.2988189459,0.0266212523,0.1403083354
0.5792429447,-0.3402535617,0.0633791238,-0.3520454764,0.2362129688,0.0032064754,0.0841993839
0.589255929,-0.3326077759,0.0385946184,-0.3092783689,0.1383300722,-0.017206654,0.0355301164
0.5993089676,-0.3212990463,-0.0355129093,-0.2572803497,-0.155761987,0.0520477816,0.0257240925
0.6092309952,-0.2986190319,-0.0390215367,-0.2417078614,-0.5339377522,0.1001524627,-0.0061954912
0.6192469597,-0.2618874907,-0.0761897415,-0.2886003852,-0.7952039242,-0.0726310313,0.0237923674
0.6292569637,-0.2254441977,-0.0106667122,-0.2590975761,-0.9413807988,-0.2137010694,0.0333083756
0.6392219067,-0.2510670125,0.0883003026,-0.2297153473,-0.9344317317,-0.2558594346,-0.0280406028
0.6492859125,-0.2872763574,0.1257820874,-0.1410337687,-0.8984031081,-0.2026042193,-0.082593061
0.6591989994,-0.2843084633,0.0895759612,-0.0410136618,-0.8366119266,-0.0703915805,-0.0516220927
0.6692699194,-0.2420473397,0.0347423702,-0.0210623797,-0.7659829855,0.0161395837,0.0040741903
0.6792188883,-0.2051763833,0.0020721117,-0.0651547387,-0.6258757114,-0.0180154573,0.008449764
0.6892049313,-0.1925632507,0.026114719,-0.1180723384,-0.4716046453,-0.0737317204,-0.0221060142
0.6992119551,-0.2180955708,0.0703246742,-0.1537694335,-0.2264111191,-0.1418031752,-0.0802689195
0.7092139721,-0.2435454577,0.0974350125,-0.1224294975,-0.1185555086,-0.1295936406,-0.1250438392
0.7191768885,-0.2702873051,0.1562220007,-0.0937224701,-0.1548706442,0.030894829,-0.1983012855
0.7291859388,-0.2566788495,0.0022952715,-0.1414600611,-0.195087567,0.0847681761,-0.1115064621
0.7391929626,-0.1723071933,-0.1477779597,-0.1135420278,-0.3655357063,0.0072776494,-0.0195192862
0.7492039204,-0.1256722212,-0.1492165178,-0.107620962,-0.5107776523,-0.1271635145,0.0143880807
0.7591739893,-0.1406295896,-0.0686412305,-0.0994687155,-0.5544976592,-0.1391189694,0.0304304305
0.7691808939,-0.1843205392,0.0121191898,-0.0857664421,-0.4728696346,-0.0648588613,0.0160807855
0.7791498899,-0.1897438765,0.0445184261,-0.0840504244,-0.3151515126,-0.0378690548,0.0296063162
0.7891769409,-0.171409741,0.0371255428,-0.0836255625,-0.1305047125,-0.0468654782,0.0603450499
0.799186945,-0.155326888,0.0259444285,-0.0667404011,0.0592586994,-0.0353739373,0.1079475954
0.8091549873,-0.1504387558,0.0574466139,-0.0417417325,0.2149880975,-0.0244685616,0.1173296422
0.8191399574,-0.1712001562,0.0962612778,-0.0444812812,0.4334343076,0.0210648347,0.1190041006
0.8291358948,-0.1904355735,0.08176817,-0.0601619519,0.5558185577,0.0710760653,0.1069080234
0.8406069279,-0.1835240424,0.0214973856,-0.0549468435,0.5619545579,0.1052926257,0.1034971848
0.8492718935,-0.1616233587,-0.0312286448,-0.0434300341,0.4689231813,0.1196542531,0.1172801107
0.8591219187,-0.1460308284,-0.0383128971,-0.0305774268,0.4163278937,0.1461591125,0.1394546479
0.8691089153,-0.1417350024,-0.0650213808,-0.0317951478,0.3785575926,0.1835472286,0.1711103171
0.8791849613,-0.1139508933,-0.0673378557,-0.0309619363,0.3296484947,0.1607068777,0.1691673994
0.8891249895,-0.0990166217,-0.061171338,-0.0362412371,0.3233738244,0.1477692425,0.1618189365
0.8991019726,-0.1024699062,-0.0376797765,-0.0348236002,0.3699969947,0.1960867196,0.1455385089
0.909101963,-0.1080311984,-0.0472240299,-0.0495895185,0.4210109115,0.2336620539,0.1186994389
0.9191659689,-0.0933398008,-0.0505155772,-0.0661315992,0.5172814131,0.2202727497,0.0900317058
0.9290919304,-0.0772111714,-0.0495517701,-0.0883709267,0.6220040917,0.2186817676,0.0591595471
0.9391078949,-0.063352108,-0.0405797213,-0.0946658328,0.677672565,0.2260027975,-0.0099818408
0.9491209984,-0.0568104684,-0.0237709712,-0.0997448042,0.6631301045,0.215426594,-0.1087054834
0.9590939283,-0.0589748025,-0.0206931662,-0.0983561352,0.6048625112,0.1991842389,-0.2052360326
0.9691569805,-0.0632362664,-0.0206160974,-0.0744515732,0.4854538143,0.2031233162,-0.2614848912
0.9790889025,-0.0672007352,-0.0199413132,-0.0636792853,0.3735136986,0.2018985301,-0.3038965464
0.9890888929,-0.05940108,-0.0076367101,-0.0439604558,0.232459113,0.2357326597,-0.3443883359
0.9990669489,-0.0456908047,0.0102166692,-0.0515632667,0.1180619672,0.2708919942,-0.3785308301
1.0090919733,-0.025802657,-0.0022929749,-0.0788208917,0.0274809301,0.2666671574,-0.4156238735
1.0192149878,0.0026876479,0.0203769375,-0.0804099515,-0.0615625307,0.2099804282,-0.4640626609
1.0292749405,0.0073342472,0.0544890314,-0.0891700462,-0.1014494896,0.1482965648,-0.5167543888
1.0391709805,-0.0037431866,0.0717647225,-0.0945479348,-0.1500409991,0.1173053458,-0.5972617269
1.0491108894,-0.0100326389,0.0898959786,-0.0927584842,-0.1337685585,0.1292940974,-0.709964335
1.059057951,-0.0006220937,0.1669694334,-0.0326812305,-0.0516094938,0.1687019616,-0.8005799651
1.0690859556,0.0024978369,0.2078848034,-0.0176607426,0.0970484242,0.2680990994,-0.8108898997
1.0790269375,0.0044429898,0.1415717155,-0.0488067307,0.2012772262,0.3190405965,-0.8229801655
1.0890909433,0.0218680948,0.0552725345,-0.0574199595,0.2226459086,0.3191514015,-0.8293702006
1.0990169048,0.0452193916,-0.0056791147,-0.0665735677,0.2294952869,0.2657512724,-0.830088973
1.1090219021,0.0513148159,-0.039138481,-0.0560277738,0.2008692324,0.2399242073,-0.8245894909
1.1190389395,0.0435765833,-0.0366280526,-0.0431889929,0.1647976339,0.2150167227,-0.8297144175
1.1290359497,0.0332954079,-0.0460094661,-0.0492755212,0.1255828589,0.1857469827,-0.8422459364
1.1390259266,0.0241026431,-0.0506593436,-0.0504086651,0.1045995504,0.1469814926,-0.8568536043
1.1490069628,0.018016845,-0.0348434895,-0.0655162409,0.1115003303,0.0944913849,-0.8767034411
1.1590079069,0.0129500926,-0.0060536107,-0.0635992959,0.1374642849,0.0582276508,-0.8913607597
1.1690009832,-0.0007874221,0.0190122295,-0.0687835887,0.2261824459,0.0470844507,-0.8998495936
1.179011941,-0.004744634,0.012313203,-0.0765032843,0.3020167649,0.0402204208,-0.8966726661
1.1889590025,6.41792e-05,-0.0155259212,-0.070869334,0.3245795965,0.0232760571,-0.8987033367
1.1989789009,0.0137541592,-0.0530077666,-0.0594629683,0.285343498,-0.0111663388,-0.8910152912
1.209025979,0.0311466604,-0.0689723343,-0.028119212,0.2279619575,-0.0520245545,-0.8673377037
1.2188879251,0.0289503634,-0.0783974379,-0.0130693363,0.191842705,-0.0904015079,-0.8224419951
1.2290109396,0.0138954222,-0.0909808725,-0.0150045203,0.1673144698,-0.1126090735,-0.7723484635
1.2389799356,0.0012703686,-0.1006677598,-0.0161580499,0.1736931205,-0.1354992092,-0.7052747607
1.2490069866,-0.0050286353,-0.1033967584,-0.0065273694,0.1823191047,-0.1649409831,-0.6562198997
1.2588949203,-0.0136680305,-0.0914093703,-0.0025511435,0.233470723,-0.1685101688,-0.6201118827
1.2689859867,-0.0148904324,-0.0742189735,0.0032579848,0.3315669298,-0.1653868109,-0.5936408639
1.2789529562,-0.012660265,-0.0556703657,0.0284190122,0.3859956563,-0.1712175161,-0.5745168924
1.2889509201,-0.02141276,-0.0274272393,0.0515379272,0.3999932408,-0.1871139258,-0.571236372
1.2990078926,-0.037754789,-0.0207452606,0.0503956042,0.4392516911,-0.1705069989,-0.5394992232
1.308950901,-0.0521308929,-0.0335172266,0.041792687,0.4380854964,-0.1692111045,-0.5118846297
1.3189179897,-0.0617189556,-0.0403293222,0.062068399,0.3569265902,-0.1645132899,-0.5139830709
1.3289419413,-0.059549734,-0.0522637218,0.0755693242,0.2339447588,-0.1418511122,-0.5023578405
1.3390179873,-0.0494091809,-0.0851268619,0.0848856494,0.074799709,-0.1407192647,-0.4756933451
1.3489480019,-0.0454631448,-0.1147372574,0.088581793,-0.0949331298,-0.157673493,-0.429782033
1.3589429855,-0.048710525,-0.1381200999,0.0839614198,-0.2198889107,-0.1636837125,-0.3945971727
1.3689649105,-0.0613149107,-0.1424003094,0.0927544758,-0.3279839456,-0.1438948214,-0.3574663103
1.3791189194,-0.070400238,-0.1275312155,0.0830356404,-0.4069568217,-0.1570907831,-0.3286386728
1.3889929056,-0.0759273022,-0.0972054452,0.0851926133,-0.4858095646,-0.1810597777,-0.3103675246
1.3989129066,-0.0941331387,-0.0808885545,0.0817525312,-0.5412897468,-0.19305785,-0.2890061438
1.4089049101,-0.1113247126,-0.0871684998,0.0740713403,-0.5828995109,-0.2038859874,-0.2676590383
1.4191269875,-0.1249340475,-0.0906123966,0.0707863495,-0.634209156,-0.2072245181,-0.2367928773
1.4289169312,-0.1368862391,-0.0843993276,0.0603970252,-0.6203439236,-0.2165003121,-0.2091202438
1.4388918877,-0.1499905735,-0.0742379874,0.0386027656,-0.5628099442,-0.2074133456,-0.1985958219
1.4488909245,-0.1574908197,-0.0559167713,0.0301927272,-0.4775951505,-0.1906042695,-0.1849532574
1.4590519667,-0.1534160078,-0.0488517731,0.0289829317,-0.3284062147,-0.1574298143,-0.1895187199
1.4688879251,-0.1453083307,-0.0421883911,0.0525125824,-0.214951545,-0.1782823652,-0.2308959812
1.4789469242,-0.1456623822,-0.0392052978,0.0710124299,-0.1316031367,-0.1883374006,-0.2330169082
1.4888728857,-0.1615298837,-0.0450054258,0.0706713721,-0.0407206267,-0.2141817808,-0.212727353
1.4990938902,-0.1861597747,-0.0487222522,0.0651423261,0.0461374372,-0.2647514641,-0.2050219029
1.5088709593,-0.2176245898,-0.0511634797,0.0687092468,0.0794112384,-0.2869387865,-0.2049012631
1.5188629627,-0.2410392463,-0.064175114,0.0773527548,0.0633076355,-0.2742720246,-0.2092227638
1.5288559198,-0.2437732518,-0.0800364465,0.0751455948,0.0129946657,-0.2606851161,-0.1997142136
1.5388609171,-0.2290708125,-0.0910938829,0.0742441341,-0.084162645,-0.2666007578,-0.1783592701
1.5488879681,-0.2155635357,-0.082099244,0.0630615875,-0.1971863955,-0.2866133451,-0.1664642543
1.5588459969,-0.2106717229,-0.06958507,0.0427985154,-0.2611628473,-0.2956502736,-0.1652981937
1.5688759089,-0.2093068361,-0.0648864955,0.0279568378,-0.2782230675,-0.3021041751,-0.1546205133
1.5788469315,-0.2075107992,-0.0580187291,0.0152439428,-0.2173526585,-0.3111219108,-0.1397327781
1.5888530016,-0.2021008432,-0.0468884557,0.0001379797,-0.1317711771,-0.3339643776,-0.138582021
1.598823905,-0.1932412684,-0.034413442,-0.0133191394,-0.0503225215,-0.3613797426,-0.1682069004
1.6088389158,-0.1791086197,-0.0312466454,-0.0141778635,0.0290023945,-0.3898870051,-0.1988867819
1.6188299656,-0.1610465348,-0.0364728421,0.0062107989,0.0945049673,-0.4280546606,-0.2220586687
1.6288179159,-0.1501704454,-0.0346841663,0.0467101298,0.1618930697,-0.443592608,-0.2251921445
1.6388189793,-0.152133435,-0.0368127674,0.0646018311,0.2536421716,-0.4438059032,-0.2082568407
1.6488279104,-0.1592164338,-0.0310460757,0.0676987693,0.3251948953,-0.4506704807,-0.2008255571
1.6587959528,-0.164637804,-0.0182938408,0.0770881101,0.3423076868,-0.4579483867,-0.1922905296
1.6688249111,-0.1720822453,-0.0232367348,0.0748594925,0.3230003119,-0.4515759647,-0.1795696765
1.6788979769,-0.1768602431,-0.0400100201,0.0676420853,0.2747611701,-0.4294455945,-0.1722403914
1.6887999773,-0.1722221673,-0.0608683079,0.0532008372,0.2328965366,-0.4092806876,-0.1510940939
1.6988569498,-0.1553596556,-0.0799489468,0.0421429239,0.1740292311,-0.3978125751,-0.1320058852
1.7087959051,-0.1389814317,-0.0632151812,0.047087308,0.0694926977,-0.4040286541,-0.1393293142
1.7187769413,-0.1352760494,-0.04389368,0.0557098351,-0.0042084232,-0.4034198523,-0.1265336275
1.7287889719,-0.1392526031,-0.0471951216,0.061059054,-0.0182243735,-0.3927040994,-0.1106574461
1.738789916,-0.1522267461,-0.0604435652,0.0672507808,-0.0347241201,-0.3423993886,-0.0875991359
1.7487779856,-0.1624056399,-0.057167694,0.0566994511,-0.0733229145,-0.3192389309,-0.0940967202
1.7588319778,-0.1675126553,-0.0431583375,0.0322527252,-0.1277268976,-0.3197476268,-0.104680784
1.7687759399,-0.1646110117,-0.0486636609,-0.0009789518,-0.1756749898,-0.3328895271,-0.0981877297
1.77876091,-0.1619023979,-0.0629736036,-0.0187676009,-0.2257378846,-0.3513287008,-0.0842218548
1.7887479067,-0.1656706333,-0.0706261247,-0.0079686092,-0.2853527367,-0.379396826,-0.0627503842
1.7987989187,-0.18648085,-0.0650381297,0.0047460743,-0.3536852002,-0.3871937692,-0.0371523425
1.8087409735,-0.2152432203,-0.0508835763,0.0137810661,-0.4156447053,-0.3844030499,-0.0296904296
1.8187549114,-0.2439937294,-0.034741804,0.0341559611,-0.4480292797,-0.3366448581,-0.0406032652
1.8287309408,-0.2582193017,-0.0195073914,0.0421559177,-0.4549806714,-0.2672905326,-0.0484848917
1.8387778997,-0.2492274344,-0.0089878282,0.0352992378,-0.4318716228,-0.2190726697,-0.0551870018
1.8487409353,-0.2298012674,0.0066442052,0.0399348103,-0.3968731463,-0.1868380308,-0.0671067759
1.8587559462,-0.2134414613,0.0116243521,0.0482221209,-0.3449907899,-0.138276875,-0.0600214414
1.8687089682,-0.2069195509,0.0077372948,0.0462291203,-0.2854520977,-0.1100095659,-0.0581215397
1.8787798882,-0.2062795758,0.0058162371,0.0368908606,-0.2258747667,-0.0849793106,-0.0593860075
1.8887130022,-0.2046964765,0.0059333602,0.0241255704,-0.1769996285,-0.0568217076,-0.0606651232
1.8987159729,-0.2050932646,0.00707014,0.0135606481,-0.1483401656,-0.0331744365,-0.0714638382
1.9087449312,-0.2041747272,-0.0076521477,-0.0071330718,-0.1080356166,-0.0029092075,-0.0685010776
1.9186749458,-0.1946965158,-0.0251411628,-0.0099413441,-0.130614832,0.0130316755,-0.0590280816
1.9287179708,-0.1894055903,-0.0261131953,-0.0004979423,-0.1712842286,0.0213673692,-0.0473674312
1.9386899471,-0.1842007935,-0.0292545389,-0.008871858,-0.1906739026,0.0321387909,-0.0198002495
1.948687911,-0.1753438413,-0.0295300316,-0.0154299783,-0.2174530625,0.0384534113,-0.0070738019
1.9586958885,-0.1696090996,-0.0269161295,-0.0114783691,-0.23032251,0.0426952951,0.0003431018
1.968667984,-0.1629849076,-0.0184691381,-0.0084846066,-0.210231632,0.0642629042,0.0044387775
1.9786769152,-0.1495740414,-0.0099291643,-0.0155541943,-0.1283507496,0.1002142504,0.0094592348
1.9886829853,-0.1332851946,-0.0002844771,-0.0295448955,-0.0322745442,0.098837927,0.0115258489
1.9986979961,-0.1209023893,0.0076356092,-0.024258798,0.0329934061,0.0863841921,-0.0033095567
2.0086388588,-0.1152503788,0.0176515747,-0.0077782325,0.0778090805,0.0951358676,-0.0203958657
2.0186779499,-0.117032975,0.0120414058,-0.0075967959,0.0906326026,0.1014696583,-0.0416954309
2.0287098885,-0.1177744865,0.0045666853,0.0032885023,0.072516717,0.0981140733,-0.0427234098
2.0387558937,-0.1086732745,-0.0107381782,0.0005046675,0.0543277226,0.1022712737,-0.0395482555
2.0488028526,-0.1020383835,-0.0170904826,0.0051656314,0.0169321503,0.1052156687,-0.0363540575
2.0586528778,-0.0915654302,-0.0274231862,0.0066373297,-0.0182629898,0.0954549089,-0.0213944167
2.0686469078,-0.0821507573,-0.0359506458,0.000950987,-0.0566236973,0.0834832042,-0.0117284749
2.0786600113,-0.0749146938,-0.0358721465,-0.0090706395,-0.0757820755,0.0685516596,0.0096304761
2.0886220932,-0.0706354976,-0.0398164839,-0.0232980903,-0.0872981176,0.0385908298,0.016207153
2.0986759663,-0.0673959255,-0.0388028473,-0.0181823429,-0.0892458186,0.0161238723,0.0152908927
2.108604908,-0.0660894215,-0.0289463829,-0.006304448,-0.0807615221,0.0257450752,0.0077858381
2.1185879707,-0.0646850169,-0.0190067124,0.0028760382,-0.0595078915,0.0418425538,-0.0040202215
2.1286268234,-0.0621341467,-0.0129481396,0.0034926482,-0.0392364487,0.0451603197,-0.0093678487
2.1385960579,-0.0526128113,-0.0205029678,-0.0043599061,-0.0275590178,0.0527391434,-0.0083617065
2.1486129761,-0.0430606604,-0.0270795655,-0.0150562571,-0.0349586084,0.0430809222,-0.0061691264
2.1586289406,-0.0364900827,-0.0297648143,-0.0248258766,-0.0348132029,0.0217862856,0.0035311719
2.1686110497,-0.0349063277,-0.0294927191,-0.0227876361,-0.0336504653,0.0069048074,0.0121259913
2.1785788536,-0.0412059724,-0.0254147481,-0.0228573736,-0.0304225832,0.0026799685,0.0153392293
2.1885809898,-0.0475253165,-0.0213901829,-0.0192946251,-0.0452135131,-0.0135208387,0.0090802675
2.1986050606,-0.0490092039,-0.016391797,-0.0178300198,-0.0431218669,-0.0092091812,0.0111745773
2.2085118294,-0.0466300845,-0.0133297285,-0.0153446244,-0.038894631,-0.0027909633,0.0079428311
2.2185618877,-0.042370826,-0.0170761179,-0.0077329329,-0.029395666,0.0059311558,0.0195667315
2.2285809517,-0.0363969207,-0.0198073816,0.0060198852,-0.0240970403,0.0081642168,0.0259228963
2.2385640144,-0.0373324156,-0.0158377122,0.0081278635,-0.0209398642,0.0114430999,0.0312100723
2.2485327721,-0.0382994115,-0.0158129763,0.0083188368,-0.0123916501,0.0083482405,0.0365361273
2.2585599422,-0.04411906,-0.0167792272,0.0075410553,-0.0135127082,0.0158010963,0.0343647189
2.268556118,-0.0470862091,-0.0118295392,0.0183153693,-0.0381855667,0.0284812059,0.0396116786
2.2785539627,-0.0480152071,-0.0109097799,0.0114024235,-0.0457233787,0.0359156877,0.0406300686
2.2886328697,-0.0431193113,-0.0090327105,-0.0014335564,-0.0542731881,0.0379689857,0.0384979434
2.2985188961,-0.0373181701,-0.000290378,-0.009546821,-0.0531117842,0.0272755921,0.0375067145
2.3085408211,-0.0383538604,0.0044919411,-0.0090065049,-0.0424924307,0.0348211266,0.0353255868
2.3185589314,-0.0471737683,0.0082910219,-0.0093094753,-0.0211965963,0.0434867851,0.0288776755
2.3288021088,-0.0520039499,0.013155059,-0.0103771137,-0.0072930297,0.0456138514,0.0150430854
2.3385629654,-0.0576384068,0.012236313,-0.0093350457,0.0054944055,0.0509984978,0.0086267311
2.3484899998,-0.0593273044,0.0093987146,-0.0083110379,7.8069e-05,0.0626679361,0.0032428845
2.3585700989,-0.060995847,0.0095046321,-0.0120420502,0.0118110236,0.0648714378,3.20447e-05
2.3685059547,-0.0578041375,0.0106052319,-0.0233809408,0.0139665864,0.0648336187,-0.0063435631
2.3785820007,-0.0606481135,0.0127338329,-0.0102896737,0.0042296699,0.0818341747,-0.0085685011
2.3885118961,-0.0733673275,0.0206837226,0.0133673502,-0.0108547416,0.1009103954,-0.0139936265
2.398555994,-0.0878633857,0.0333830863,0.00960737,-0.0163700134,0.1285236478,-0.0301064178
2.4085140228,-0.1002820432,0.0461290032,0.001957173,-0.0218044594,0.1465148926,-0.0461551584
2.4184939861,-0.1125455797,0.0481769592,-0.0036455444,-0.0209372006,0.1752810478,-0.0580295287
2.4284920692,-0.1248013675,0.0581161529,-0.0090599703,-0.0030402271,0.2126728892,-0.0763451532
2.4385418892,-0.13796857,0.0671377927,-0.0132525014,0.0053109131,0.2414661795,-0.091410391
2.4485239983,-0.1462034583,0.0782268792,-0.0181456264,0.0233218707,0.2670567632,-0.1149615198
2.4584949017,-0.1553218961,0.0932867676,-0.0295443591,0.0669200793,0.298153162,-0.1428159177
2.4684979916,-0.1671608686,0.1085191518,-0.0384662785,0.1180162951,0.3281930685,-0.1759805232
2.4785039425,-0.1807413101,0.1250464469,-0.0302685555,0.1574073732,0.3601379693,-0.2261491567
2.4884569645,-0.1891724467,0.1428840309,-0.0117745446,0.1880204082,0.4187860787,-0.2701089084
2.4983100891,-0.190327704,0.1570263654,-0.0084091472,0.2133896798,0.4708740711,-0.3267721534
2.5082809925,-0.1811754405,0.1636643559,-0.0190711077,0.2473870665,0.5123386383,-0.383371532
2.5183458328,-0.1687689424,0.1647804528,-0.0137923406,0.2419387698,0.5439607501,-0.4303179979
2.528744936,-0.1589544415,0.167020455,-0.0094888257,0.2323288918,0.5637670159,-0.4793053865
2.5385949612,-0.1652070582,0.1624974161,-0.014980142,0.2451533377,0.582646668,-0.5336213708
2.5484280586,-0.1702312231,0.1631345302,-0.0104559707,0.2577365041,0.6283025742,-0.5806714296
2.5585079193,-0.1720407903,0.1806605011,-0.0181947406,0.3217096329,0.6603542566,-0.6404186487
2.568420887,-0.1654909551,0.1996611506,-0.0348042287,0.4189405739,0.6796725392,-0.7192287445
2.5784978867,-0.1525445282,0.2174181491,-0.038643185,0.5183477402,0.6957625747,-0.8022678494
2.5884218216,-0.1378780901,0.2260753661,-0.0386809744,0.5912248492,0.695554316,-0.8926206827
2.5984539986,-0.1234170198,0.2245856076,-0.0380931534,0.6524531841,0.6814180017,-0.9765015841
2.6084108353,-0.1141546369,0.2080972344,-0.027223831,0.7146222591,0.6770333648,-1.0455720425
2.6184740067,-0.106438309,0.1833234578,-0.0119568752,0.7435225248,0.6875043511,-1.096652627
2.6284160614,-0.1032898426,0.1608758718,0.0043677636,0.7361234426,0.7008510828,-1.1541031599
2.6384139061,-0.0959769785,0.1426935941,0.0137923909,0.7169697285,0.7110036016,-1.1998399496
2.6484041214,-0.0836294591,0.1257537752,0.0201668087,0.6860030293,0.7254365683,-1.2339084148
2.6584379673,-0.0702853501,0.1266425401,0.0223469678,0.656273365,0.7216584086,-1.2731688023
2.6683778763,-0.0568196774,0.1229126006,0.0321330987,0.6178386211,0.7339323759,-1.302968502
2.6795189381,-0.0423157811,0.1152725369,0.0306646768,0.528187871,0.7384397388,-1.3199344873
2.6894299984,-0.027644515,0.0959181339,0.0217952672,0.4718467891,0.7185749412,-1.34207654
2.6990299225,-0.0139600337,0.0805911571,0.0164585058,0.463585943,0.6864092946,-1.34611094
2.709084034,-0.0083381832,0.0819742829,0.0138637973,0.4946429133,0.6696487069,-1.3343375921
2.7190449238,-0.0117414892,0.0894688517,0.0231993739,0.5395679474,0.6645189524,-1.3502730131
2.7289049625,-0.0160314143,0.0984173566,0.0299689118,0.5962538719,0.666749835,-1.3906979561
2.7381868362,-0.0102759302,0.0894323736,0.0228662435,0.6837729216,0.6799955964,-1.4205907583
2.748254776,0.0098985732,0.0812371522,0.0380567871,0.7573469877,0.6943590641,-1.4324215651
2.7582597733,0.031817168,0.0794087201,0.0517836772,0.8171820641,0.6894330382,-1.4377435446
2.7681879997,0.0458264649,0.0749491006,0.0483613573,0.9037345648,0.6762626171,-1.4313442707
2.7782449722,0.0489219129,0.0719405562,0.0501883589,0.9839631915,0.6565555334,-1.4344630241
2.7881860733,0.0449519455,0.0655029565,0.0573129021,1.0467991829,0.6720500588,-1.4292954206
2.7981600761,0.0426768959,0.0526775867,0.0686845705,1.0702793598,0.6743323803,-1.4325090647
2.8082089424,0.0449604094,0.0401683599,0.0811352655,1.0776004791,0.6894247532,-1.424112916
2.818169117,0.052721411,0.0277977157,0.084824197,1.0679018497,0.6948203444,-1.4092674255
2.8281707764,0.0630870759,0.0213186909,0.0823633,1.0316791534,0.6849482656,-1.4059909582
2.8382079601,0.0751838982,0.0109354416,0.0795479342,0.9943147898,0.6804890633,-1.3942520618
2.8481588364,0.0879046619,-0.0053332886,0.0851902887,0.9612268806,0.6697722673,-1.3675997257
2.8582189083,0.0972315371,-0.0129620275,0.0943657085,0.9387924075,0.6612834334,-1.3399063349
2.8681640625,0.0935331285,-0.0051553091,0.0990999267,0.9186741114,0.6376960874,-1.330177784
2.8782057762,0.0837489665,-0.0032480201,0.1026426479,0.9100220203,0.6462927461,-1.3164139986
2.88813591,0.0824472606,-0.0080424985,0.1023656055,0.9141584635,0.6592229605,-1.3080015182
2.8982958794,0.085644275,-0.0077185472,0.107982032,0.9354253411,0.6669186354,-1.3027564287
2.9082949162,0.0895305574,-0.0052442392,0.1127000973,0.9609816074,0.6725056767,-1.2974985838
2.9183540344,0.0862458646,0.0033210674,0.1125608608,0.9982819557,0.6792206168,-1.2965080738
2.9282839298,0.0808232725,0.0034464756,0.1029282734,1.0621395111,0.7011176348,-1.2935074568
2.9383239746,0.082929939,0.0001768033,0.0878022835,1.1294244528,0.6963082552,-1.2913966179
2.9483039379,0.0867318213,-0.0063820919,0.0845944807,1.1935174465,0.6904003024,-1.290340662
2.9583489895,0.0911541283,-0.0172528457,0.1001031324,1.2404181957,0.6972081065,-1.2861659527
2.968269825,0.0923182666,-0.0229590964,0.1107180044,1.2617237568,0.7037584186,-1.2894104719
2.9783899784,0.0903306305,-0.0294977259,0.1123570129,1.2499600649,0.7068634629,-1.2904840708
2.9883229733,0.0880008042,-0.0292205047,0.1107805893,1.2233245373,0.7002537251,-1.2893602848
2.9983448982,0.0873683989,-0.0269728433,0.1137198135,1.1924082041,0.6946845055,-1.2882425785
3.0083417892,0.0835050642,-0.0277719926,0.1173567697,1.1612976789,0.710539341,-1.2808868885
3.0182659626,0.0822324455,-0.037518546,0.1198513433,1.1248692274,0.7200271487,-1.2639273405
3.0282669067,0.0864429176,-0.0456270427,0.1123244092,1.0745607615,0.7252362967,-1.2341790199
3.0382599831,0.0913946331,-0.0474326462,0.0867528841,1.0181260109,0.7024822235,-1.218051672
3.0483379364,0.0952112973,-0.0543991774,0.0782657787,0.9606736302,0.6743581891,-1.2050805092
3.0582308769,0.0968016088,-0.0451726168,0.0769674703,0.9042730927,0.6462820768,-1.1878623962
3.0682477951,0.0925275385,-0.0500315279,0.0762568042,0.8637743592,0.6322107315,-1.1718070507
3.0783109665,0.083147198,-0.0503128618,0.0810121223,0.8285984397,0.6213541627,-1.160027504
3.0882389545,0.0803472102,-0.0497629493,0.0895137116,0.8135395646,0.6299061179,-1.1462613344
3.0983018875,0.075389415,-0.0503429621,0.0803661868,0.8465231657,0.6335756183,-1.1218727827
3.1082379818,0.0701417625,-0.0448536128,0.0711926147,0.8881345391,0.6318507195,-1.1112667322
3.1182589531,0.0637001097,-0.034130007,0.0668237731,0.9298187494,0.628890574,-1.1197741032
3.1282219887,0.0599649847,-0.0288224202,0.0703303143,0.9745771289,0.6388377547,-1.1219946146
3.1382880211,0.0599627793,-0.0270539951,0.0592384301,1.0193750858,0.6434525251,-1.123119235
3.1482667923,0.0647685826,-0.0288990717,0.0451275669,1.0387761593,0.6211488247,-1.1240506172
3.1582438946,0.0656000078,-0.0335723162,0.0443379842,1.0154844522,0.5995537639,-1.1281425953
3.168202877,0.0605414212,-0.0356630534,0.0363069735,0.964418292,0.5778010488,-1.1258410215
3.1782619953,0.0584982932,-0.0478872359,0.0230350439,0.9165777564,0.5507832766,-1.1171330214
3.1882090569,0.0622374117,-0.0594642907,0.0269839708,0.8624173403,0.510946095,-1.1019632816
3.1982250214,0.0640096962,-0.0627048463,0.0314303599,0.8262442946,0.4863033593,-1.0762815475
3.208190918,0.0617831051,-0.0595180839,0.0404030047,0.8039336801,0.4659871757,-1.0570112467
3.2182528973,0.0527744591,-0.055594787,0.0334466659,0.8178919554,0.4522865415,-1.0463057756
3.228181839,0.0486392677,-0.0525097102,0.018532509,0.8553131223,0.4388178587,-1.0303086042
3.2382309437,0.0482227504,-0.0482803136,0.020095462,0.8457715511,0.4270701408,-1.0206648111
3.2481718063,0.0488707125,-0.0530190319,0.0146189881,0.8310043216,0.4013956487,-1.0098640919
3.2582368851,0.0516755283,-0.0736100227,0.0001811335,0.8097810745,0.3789433241,-0.9916440248
3.2681717873,0.0583784878,-0.0896585733,4.66058e-05,0.7673819065,0.3318245709,-0.9636867046
3.2782158852,0.0612887442,-0.1031834036,0.0141630126,0.7376857996,0.294493705,-0.9273015261
3.2881538868,0.0584712327,-0.111452356,0.0307684485,0.6952169538,0.251740396,-0.8887485266
3.2982068062,0.0468989313,-0.107672289,0.040191289,0.6545696259,0.2495587319,-0.8579000831
3.3081350327,0.0373480618,-0.1044871956,0.0241098348,0.6150440574,0.2420166582,-0.8291389942
3.3181459904,0.0386247933,-0.1085649282,0.0099186851,0.5639731288,0.2119112164,-0.8034096956
3.328111887,0.0506682694,-0.1199077219,0.0084079457,0.5104544759,0.2254824191,-0.7928363681
3.3381848335,0.063257724,-0.1498730034,0.0121856881,0.4887039363,0.2985262871,-0.8559764624
3.3481259346,0.0630300939,-0.1587352902,0.0448328219,0.4467051029,0.1656555682,-0.7318481207
3.3581829071,0.0694938004,-0.1394075006,0.0570899807,0.4660588205,0.085961543,-0.5687966347
3.3681240082,0.0549027026,-0.1218410879,0.04549044,0.482973069,0.0833854675,-0.5103602409
3.3781738281,0.0372187197,-0.0945483595,0.0425860845,0.4977995753,0.0953105688,-0.504073143
3.3881011009,0.0369484723,-0.0817324072,0.0546249114,0.4783342779,0.1188278794,-0.4861514568
3.3981769085,0.0368225873,-0.1005410105,0.0512862168,0.4397499859,0.1220811978,-0.4457748532
3.4080729485,0.0387690365,-0.1355807036,0.0402353369,0.3851431906,0.1221038327,-0.3936796784
3.4181518555,0.045257479,-0.1497293562,0.0351045094,0.310141772,0.1421355903,-0.3587008119
3.4280929565,0.0537622273,-0.1528109759,0.0240237657,0.2750160098,0.1039594561,-0.291498065
3.4380939007,0.0606712401,-0.1535912603,0.0331190787,0.2485821545,0.0424441621,-0.2114004344
3.448168993,0.0581839383,-0.1355666071,0.0310003106,0.2497278452,0.0119211376,-0.1570213586
3.4580760002,0.0481418669,-0.115899995,0.0237795059,0.2721090615,0.0059090513,-0.1304384768
3.4680838585,0.043929249,-0.1048019081,0.0390621386,0.3082771897,0.0096494611,-0.1007410362
3.4780678749,0.0378220379,-0.1092110127,0.0602742396,0.3315795958,0.0186690539,-0.0668184906
3.4881219864,0.0268094242,-0.1194758713,0.0717753097,0.3313612044,0.0349263214,-0.0403639823
3.4980559349,0.0117221773,-0.1183096021,0.0686556026,0.310785085,0.0595946498,-0.0118250148
3.5079360008,-0.0024946034,-0.1196069419,0.0491497479,0.2550163567,0.0818168595,0.0125048263
3.5180549622,-0.0080775917,-0.1213665605,0.0240467731,0.1897575855,0.0932032093,0.0284133516
3.5280880928,-0.0020823181,-0.119849503,0.0166971032,0.0968654603,0.0873314738,0.0508265123
3.537938118,0.0010189115,-0.1114220321,0.0151960803,0.0242583714,0.0774199814,0.0817479491
3.5480060577,-0.0014557542,-0.1056751013,0.0106278015,-0.0247278139,0.0516443141,0.1116962582
3.5583209991,-0.0086838901,-0.0884354264,0.0155907823,-0.0386019498,0.0463028103,0.1244888827
3.5680828094,-0.0196970403,-0.0682965666,0.0165206734,-0.0353734009,0.0431213975,0.1245072559
3.578040123,-0.0237010419,-0.0557508469,0.0125467731,-0.0086585646,0.0411591828,0.1213161349
3.5879678726,-0.0219605267,-0.0506059229,0.0252807084,0.0211456697,0.053110119,0.1169682518
3.5980370045,-0.0213641822,-0.0432927161,0.0361447297,0.0402558483,0.0671231374,0.1136777848
3.6080539227,-0.0219049752,-0.0260656904,0.0284671728,0.0669188872,0.0757525787,0.0987297297
3.6179847717,-0.0214144886,-0.0144543638,0.0139850928,0.0830941275,0.0660341755,0.0722203553
3.6281149387,-0.0102011263,-0.0103919348,0.0171707813,0.0724899471,0.0615861639,0.0616326928
3.6379981041,-0.0006301106,-0.0183944535,0.0115184141,0.0438591018,0.0389093459,0.0607381314
3.6480519772,0.0051597655,-0.026780976,0.0252944175,-0.0030396944,0.0320975147,0.0565654933
3.6579771042,0.0024051964,-0.0260248613,0.0115249706,-0.0326664299,0.0008580999,0.0546625331
3.6680099964,0.0046785176,-0.019446684,0.0015477487,-0.0335921459,-0.0110238595,0.0409291424
3.678000927,0.0079410374,-0.0156090101,0.0139483167,-0.0280782022,-0.0281762145,0.0304143205
3.6880779266,0.0193033516,-0.0205717217,0.0165809337,-0.0202868581,-0.0645094588,0.0242701396
3.6979908943,0.0298951566,-0.030420525,0.0229971353,-0.0210980568,-0.0944686905,0.021277545
3.7081918716,0.032782644,-0.0462280363,0.0527201258,-0.0529382825,-0.1213349253,0.0331603028
3.7179739475,0.0309230387,-0.0722969472,0.0922120735,-0.1393301636,-0.1368198693,0.0503187813
3.7280058861,0.0282279551,-0.0837340355,0.1091812178,-0.2406964749,-0.1502477974,0.0717244744
3.7379760742,0.0256978571,-0.0960932374,0.0988876745,-0.3006319404,-0.140875861,0.097203739
3.7481729984,0.0368076861,-0.1139204055,0.0898169205,-0.3540786505,-0.1484075487,0.1397855431
3.7579619884,0.0580451787,-0.1391018182,0.0670478866,-0.3678582609,-0.1811849326,0.1941903383
3.767993927,0.0864174664,-0.1763310283,0.054006096,-0.3870577812,-0.2064668536,0.2549239993
3.7779588699,0.1198988259,-0.2112437338,0.051557716,-0.4445001781,-0.2607596815,0.3328721821
3.7881698608,0.1413578093,-0.2647101879,0.0799361393,-0.5126451254,-0.3328386545,0.4651236832
3.7979459763,0.1361266077,-0.3246162534,0.1253031492,-0.5948371887,-0.3972589374,0.6302673817
3.8079578876,0.1058576405,-0.3653054535,0.1632803082,-0.6859737635,-0.4146712124,0.8014889359
3.8179559708,0.0761803091,-0.3766419291,0.1876143813,-0.7886365056,-0.3295469582,0.9741768241
3.8281099796,0.0678654611,-0.3544115126,0.1833168268,-0.8297014236,-0.1939795613,1.1156868935
3.8379011154,0.0948626697,-0.3407273293,0.1661750078,-0.8348885775,-0.1330509633,1.2459698915
3.8479919434,0.1447024643,-0.3376663327,0.1768049002,-0.9157037735,-0.0992629081,1.395604372
3.857916832,0.1828432381,-0.3473615646,0.157027483,-1.0526723862,-0.1130191982,1.5360254049
3.8681309223,0.199680239,-0.3739721179,0.1357565522,-1.2286701202,-0.1795377731,1.6661914587
3.8779189587,0.2058548033,-0.4095830023,0.1352854371,-1.387868166,-0.2232351899,1.8248816729
3.8879828453,0.2010026872,-0.4476350546,0.1633882523,-1.5887466669,-0.2744381726,2.0187091827
3.897892952,0.1801672876,-0.4566295147,0.1543223262,-1.7879236937,-0.2889358997,2.2537314892
3.907957077,0.1586325467,-0.4432919323,0.1043021008,-1.9720453024,-0.3025651574,2.4515531063
3.9178919792,0.150518924,-0.4133530259,0.0983992741,-2.1272113323,-0.3090068102,2.5887517929
3.9279417992,0.1422052085,-0.3771062195,0.1101105139,-2.245973587,-0.3144156933,2.6887345314
3.9378948212,0.1337524951,-0.349934876,0.1346169114,-2.3627235889,-0.3058943748,2.7907493114
3.9478940964,0.1319239438,-0.3394761384,0.1534203887,-2.4506382942,-0.3013728559,2.8991453648
3.9579379559,0.1435520947,-0.3368498981,0.1556130648,-2.5598123074,-0.302474618,2.9948468208
3.9678759575,0.1509077847,-0.3243750632,0.1311761737,-2.6112644672,-0.3085769713,3.0777888298
3.9779319763,0.1540495455,-0.2897235751,0.0810131952,-2.6336255074,-0.3339931369,3.1247105598
3.9878730774,0.1704572737,-0.2410976738,0.0462721549,-2.6579241753,-0.3787616789,3.1611390114
3.9978990555,0.1881843507,-0.2102857083,0.0317333303,-2.6249642372,-0.4928607941,3.1629192829
4.0078787804,0.190310508,-0.168809399,0.0655301735,-2.6458852291,-0.543292284,3.159011364
4.0178508759,0.1820088923,-0.1366891116,0.0881361291,-2.6997904778,-0.600528419,3.1392350197
4.0278668404,0.1829339564,-0.1351233572,0.1066559479,-2.7410998344,-0.6330570579,3.1224765778
4.0378460884,0.195666343,-0.1384326071,0.1145623848,-2.7163944244,-0.6405935287,3.0938239098
4.0478801727,0.2192415893,-0.131553933,0.1159318015,-2.6625165939,-0.6896138191,3.0622324944
4.0578517914,0.2517277598,-0.0907932967,0.1350572705,-2.616969347,-0.7538843751,3.0052506924
4.0678501129,0.2722450495,-0.0561338514,0.1682605743,-2.5040924549,-0.8272666931,2.9461538792
4.0778989792,0.2777332962,-0.0089528402,0.2167011499,-2.4072728157,-0.8975169063,2.8923575878
4.0878190994,0.2555707395,0.0554230362,0.2773549557,-2.3373034,-0.9393035173,2.817150116
4.0978569984,0.2186323702,0.1123122126,0.309576869,-2.274392128,-0.9041370153,2.7478225231
4.1078038216,0.18173033,0.1627497822,0.2690045834,-2.1688644886,-0.8433349133,2.6379282475
4.1178917885,0.1567229927,0.207299009,0.1990872622,-2.0385203362,-0.8029071093,2.4984042645
4.1278300285,0.1604152024,0.2365259677,0.1372910142,-1.8899344206,-0.7730485201,2.3557465076
4.1378622055,0.1780577004,0.260161072,0.1148415133,-1.7401163578,-0.7666199207,2.2217381001
4.147808075,0.1876684129,0.2699119747,0.0954333469,-1.5793825388,-0.7910669446,2.0921726227
4.1578359604,0.1824812591,0.2782428563,0.0846805498,-1.4548110962,-0.8328649998,1.9659310579
4.1677918434,0.1692109108,0.281257838,0.1089594886,-1.3314270973,-0.8607618809,1.8417260647
4.1778550148,0.1398231387,0.3147754371,0.1552792192,-1.2435588837,-0.8494764566,1.706666708
4.1877727509,0.0985885859,0.362891525,0.1759825349,-1.1261273623,-0.8005115986,1.5766553879
4.1979017258,0.0593199432,0.3885855973,0.170681417,-1.0077648163,-0.7375856042,1.4539915323
4.207903862,0.0298256576,0.4073930085,0.1276279688,-0.892491281,-0.6833479404,1.3175733089
4.2178211212,0.0190994442,0.4028525651,0.077076368,-0.8079349399,-0.6571602821,1.1781694889
4.2289290428,0.0238387883,0.3749717772,0.0781632587,-0.7767594457,-0.6397213936,1.0643588305
4.2377882004,0.0245443285,0.3407392204,0.0833828375,-0.7648511529,-0.6191503406,0.9601061344
4.2478780746,0.0190407336,0.3137101829,0.0954247043,-0.7797060013,-0.5954458117,0.8707219362
4.2576446533,0.0091809183,0.3142263591,0.0964984819,-0.7774352431,-0.5790553093,0.7845565677
4.2676959038,-0.0125875771,0.3197573125,0.0731090829,-0.7708455324,-0.5669416785,0.6952325106
4.2780437469,-0.0413753539,0.3255273998,0.0448341928,-0.7696136832,-0.5495866537,0.5984403491
4.2878980637,-0.0675394386,0.3229357302,0.0372207128,-0.7653587461,-0.5160515904,0.5164157748
4.2976360321,-0.0903388113,0.326516062,0.0403326713,-0.799718082,-0.4624509513,0.4417279661
4.3075857162,-0.1144523472,0.3175441921,0.0403709374,-0.8180291653,-0.414054662,0.368121922
4.3176589012,-0.1254128069,0.3078782856,0.0279894415,-0.77997154,-0.3490045667,0.3156142533
4.3278532028,-0.1272781491,0.3004522026,-0.0002434304,-0.7110483646,-0.2751151621,0.2694041431
4.3378620148,-0.1218783259,0.2856246531,-0.0333725847,-0.6193029881,-0.2439463288,0.2064568549
4.3477802277,-0.1102936119,0.271348387,-0.0343605913,-0.5531977415,-0.2118706852,0.1477711648
4.3580369949,-0.1091580689,0.2593321502,-0.0143088745,-0.4956631064,-0.180821687,0.1029139534
4.3678150177,-0.1241425872,0.2424197942,-0.0152676748,-0.4413807094,-0.1475779712,0.0665391684
4.3776006699,-0.1408397257,0.2363735586,-0.0265290197,-0.4031237066,-0.1144226864,0.0333592407
4.3875398636,-0.1535324007,0.2334705144,-0.0334057845,-0.3606870472,-0.0768137872,0.0182122476
4.3975548744,-0.1748729944,0.2276973277,-0.0398769416,-0.321228981,-0.0649107918,4.90888e-05
4.4075059891,-0.2020774782,0.2211210281,-0.0245982464,-0.2968602479,-0.04019453,-0.0065025538
4.417596817,-0.2360280752,0.2076930553,-0.0129333781,-0.2736187279,-0.0069662668,-0.0173614603
4.4275279045,-0.2689744234,0.2041369826,0.0008547851,-0.2795360088,0.0792152211,-0.0582870543
4.4375677109,-0.2790980339,0.2027324587,-0.0016084959,-0.2594347298,0.1195783615,-0.1063714921
4.4475431442,-0.2665304244,0.1996110827,-0.021962529,-0.2131883949,0.2086187601,-0.1101683602
4.4576430321,-0.244284302,0.1996191889,-0.0357715525,-0.156781584,0.2398166209,-0.1369666904
4.4676656723,-0.235364899,0.2007735521,-0.0402441658,-0.080902271,0.2474763989,-0.1848769635
4.4776759148,-0.2386201173,0.1991214901,-0.0499484576,-0.0187471509,0.2379002124,-0.2358521223
4.4877419472,-0.2412852496,0.178226307,-0.0453599133,0.0435969159,0.2048229575,-0.2856135666
4.4976558685,-0.2482586801,0.1496949941,-0.044155065,0.0960850269,0.1974190921,-0.3249144852
4.5077338219,-0.2579527497,0.1320853978,-0.0319838561,0.1057317927,0.2078456283,-0.3642973304
4.5176510811,-0.2652806938,0.1087501198,-0.0196399149,0.1218485832,0.2097854763,-0.4015026093
4.5276350975,-0.2645908296,0.0806526691,-0.012947266,0.1216640249,0.232228741,-0.4016480148
4.5375537872,-0.2601620853,0.0701534897,-0.0101900743,0.1095088273,0.2865551114,-0.4115501642
4.5478076935,-0.2585021555,0.0567802936,0.0012937733,0.1033891439,0.2658919096,-0.4475331903
4.5578770638,-0.2498350888,0.0308002401,0.0118687702,0.1032955348,0.2682282925,-0.4241755605
4.5678238869,-0.2397550941,0.0311356951,0.0194905344,0.1116131246,0.282468468,-0.3913395703
4.577750206,-0.2443800271,0.0391150266,0.0106458021,0.1736278832,0.2722112834,-0.397693485
4.5877490044,-0.2430739701,0.0415007621,0.011283095,0.2303383052,0.2586920261,-0.4050821662
4.5989818573,-0.2407895029,0.0508935601,0.016245896,0.2815920413,0.2611296475,-0.4168217778
4.6076517105,-0.2431640327,0.0505513698,0.003179545,0.3370968401,0.2594667673,-0.4115377963
4.61774683,-0.2379434407,0.052320376,-0.005459433,0.3700438738,0.2674141526,-0.3871783912
4.627617836,-0.2298853099,0.0405464321,-0.0021314672,0.3733901381,0.2503302395,-0.3881323636
4.637635231,-0.2197925746,-0.0014465293,0.015822107,0.3285892308,0.2384040803,-0.366773665
4.6475038528,-0.2003705204,-0.0396988839,0.0350651108,0.2354283929,0.249966979,-0.3051649034
4.6578722,-0.1845574975,-0.0589459985,0.0233338419,0.1988602728,0.2535465658,-0.2286714464
4.6677131653,-0.1655205786,-0.0647600144,-0.004171615,0.2233959734,0.2307677269,-0.1647973955
4.6775016785,-0.1462089121,-0.0675949901,-0.0068787984,0.2938838601,0.2008817345,-0.0987849459
4.6875939369,-0.1323327124,-0.0830438584,0.0039216229,0.4060010612,0.1671325564,-0.0221522208
4.6977000237,-0.1280324161,-0.0847831219,0.0253125373,0.5158312917,0.1546814889,0.0479724035
4.7075648308,-0.1263532341,-0.0718135089,0.0350722037,0.6520389318,0.184023127,0.10611853
4.7184767723,-0.120759964,-0.0507020801,0.0370669328,0.7648630738,0.2150146067,0.1281480789
4.7277998924,-0.0975909531,-0.0370510668,0.0331786238,0.8148655295,0.2346578091,0.1301105618
4.7376651764,-0.0588600934,-0.0358370394,0.0384444557,0.8039816022,0.2476729453,0.1619048417
4.7477579117,-0.01535514,-0.0483673066,0.0299874488,0.7838742137,0.2062794268,0.21424447
4.7575860023,0.0164054334,-0.0709592551,0.0082063628,0.7276191711,0.149588719,0.2603341937
4.7674870491,0.0379321277,-0.0851541609,-0.0077163032,0.6321142316,0.067903176,0.293864727
4.7775549889,0.0504582226,-0.0938470811,-0.0016472391,0.4982268512,-0.0089647034,0.3008322418
4.7875800133,0.0571164489,-0.1077689379,0.0254886094,0.3758444786,-0.0600265563,0.3150599003
4.7974367142,0.0644257963,-0.133753106,0.0633771345,0.2764685154,-0.0646950752,0.3587161899
4.807600975,0.0707511306,-0.1523924917,0.0891061947,0.2196473181,-0.0644806921,0.4352466464
4.8175158501,0.0831944346,-0.1266000718,0.0644141957,0.1830657274,-0.0472710766,0.4808427393
4.8275017738,0.1005200446,-0.091277644,0.0043243715,0.1747912914,-0.0741730034,0.4672118723
4.8375220299,0.1307584047,-0.0732234567,-0.026334649,0.1784352958,-0.1234081909,0.4558417797
4.8475856781,0.1632343382,-0.0754895657,-0.0287570413,0.1729204208,-0.2324497253,0.4586775005
4.8574228287,0.1754758507,-0.0876540989,-0.0189461168,0.1555668563,-0.3340059221,0.4731615186
4.8675818443,0.1574728787,-0.0649918169,-0.0167754348,0.1401040107,-0.3983076811,0.467214942
4.8775019646,0.1330747902,-0.0395118445,-0.032419268,0.1362359077,-0.4338997304,0.4334526062
4.8874878883,0.1207446009,-0.0255121421,-0.0295125302,0.1086540818,-0.4408346117,0.3973955214
4.8983588219,0.1224100143,-0.0435911864,-0.0062745861,0.0241919272,-0.420211345,0.3856342137
4.9077448845,0.1386747807,-0.0755796283,0.0191503707,-0.102002494,-0.397546798,0.4004488289
4.917634964,0.1615911424,-0.1021606177,0.0239379946,-0.2172338814,-0.4184323549,0.4367840886
4.9275598526,0.1810151041,-0.1106934398,0.0168532077,-0.3057200909,-0.4622744024,0.5146847367
4.9374880791,0.1852920502,-0.0894592255,0.0018218108,-0.3596526682,-0.5351251364,0.543879807
4.9475479126,0.1612276137,-0.0616806,-0.0186260995,-0.3488008082,-0.5595599413,0.5514674187
4.9576039314,0.1291920245,-0.0269452166,-0.025224572,-0.3008693755,-0.5442824364,0.5449613929
4.9675488472,0.1090283096,0.004301385,-0.0212648567,-0.2229628712,-0.5206386447,0.4895093143
4.9773826599,0.0991363972,0.0243187118,-0.0153163122,-0.1204572693,-0.5052993298,0.4404677451
4.9874830246,0.08761926,0.0378388315,-0.0160610732,-0.0031996174,-0.4767944813,0.4178907871
4.9974746704,0.0713341236,0.0262555648,-0.0319594182,0.1269806176,-0.4641727209,0.4017849267
5.0075068474,0.0590317994,-0.0092794737,-0.0328955688,0.2209486663,-0.4708639085,0.4091994464
5.0175447464,0.0484972596,-0.0338405222,-0.0340497531,0.2968428731,-0.4862505794,0.4156187475
5.0274658203,0.0290599465,-0.0476119965,-0.0329871215,0.2891258597,-0.4626605809,0.4314070344
5.0373392105,0.0141665936,-0.0584363788,-0.0175036248,0.2449465394,-0.4242636263,0.4619988799
5.0474758148,0.0116241276,-0.0781683177,0.0091675473,0.138880834,-0.3916335106,0.4990450144
5.0571937561,0.012400046,-0.0807341188,0.0278597418,0.0189368427,-0.3601512015,0.5392950177
5.0672540665,0.0100571364,-0.0750080794,0.0172163788,-0.0676441193,-0.35422647,0.5605648756
5.0772819519,0.0172705054,-0.0567452163,-0.0056327633,-0.0965087935,-0.3543316722,0.5743967891
5.0874090195,0.0265870541,-0.0452682227,-0.0342555679,-0.0725914687,-0.403391391,0.5651359558
5.097507,0.0321577042,-0.040419206,-0.040172819,-0.0499217138,-0.4321186244,0.5599942803
5.1074581146,0.0330066234,-0.0305424165,-0.0399548449,-0.0060096513,-0.4457641244,0.549428165
5.1174049377,0.0263543427,-0.0361407846,-0.0383109488,0.0528917462,-0.465688318,0.5410171151
5.1274819374,0.0207360834,-0.0463700742,-0.015706962,0.0911802799,-0.4441161752,0.5291641951
5.1374077797,0.0179755539,-0.0535432547,0.0139229251,0.0886729136,-0.3950538337,0.5192867517
5.1474599838,0.0210541934,-0.0676084012,0.0317341648,0.032702323,-0.336748451,0.5136358142
5.1573791504,0.0251710415,-0.0790572613,0.0167602245,-0.0485611036,-0.3171382546,0.5050641894
5.1674199104,0.0343958586,-0.0849093646,-0.018495148,-0.1367309093,-0.3586705327,0.4777728915
5.177382946,0.0456972122,-0.0918034166,-0.0244605001,-0.2472367734,-0.4173146486,0.4697321653
5.1873722076,0.0443987995,-0.0990374535,-0.016084021,-0.3397747278,-0.4596679509,0.4753834009
5.1973748207,0.0342332125,-0.0978092402,-0.0173670705,-0.4036905766,-0.4814099967,0.4915088415
5.2073750496,0.0296925753,-0.0937427133,-0.0133853005,-0.4709705412,-0.4860239327,0.5128335357
5.2173547745,0.0268280953,-0.0810031742,-0.0080614733,-0.5256613493,-0.4617313743,0.527584672
5.2273740768,0.0334616154,-0.0780531615,0.0008355328,-0.5792531967,-0.4437856674,0.5498159528
5.2373709679,0.0388369262,-0.0596156567,-0.0014487556,-0.594201088,-0.4470267594,0.5594093204
5.2473268509,0.0422854125,-0.0431083292,-0.0163475927,-0.5630370378,-0.4755704999,0.5680717826
5.2573661804,0.0436463505,-0.0186372828,-0.0221783575,-0.5222815275,-0.4977264106,0.5649994612
5.2673869133,0.0365220755,-0.0125651797,-0.0255141314,-0.4548803866,-0.5070240498,0.5416400433
5.2773427963,0.0324970484,-0.0257283282,-0.0173100289,-0.3833922148,-0.5022159815,0.5394350886
5.2873768806,0.0265629888,-0.0541885942,-0.0068023256,-0.1656686813,-0.360674262,0.5203045607
5.2973380089,0.0508002043,-0.0994032472,0.0111903502,-0.0191282518,-0.3979949951,0.5225669146
5.3073997498,0.0925483555,0.228651002,-0.034208063,0.2367013991,-0.6408939362,0.2594279349
5.3173279762,-0.0399790406,0.3969652355,-0.0438535847,0.2478636354,-0.3217194378,-0.0486165844
5.3274087906,-0.1395269483,0.2426041514,-0.0156098651,0.1529493779,0.044415433,-0.0190528333
5.3373150826,-0.052805081,-0.0171441268,0.0095282746,-0.0288605057,0.0041955733,0.1916872263
5.3473920822,0.0362883508,-0.1136104316,-0.0068500689,-0.1547324061,-0.1932517141,0.3396655321
5.3573122025,0.0564030558,-0.0868606418,-0.0137516307,-0.2184219062,-0.2636928558,0.4092214108
5.3673319817,0.0272618979,-0.0233892035,-0.0259319004,-0.1041448712,-0.2629815042,0.3889515698
5.3773059845,-0.0042136461,-0.0064076623,-0.0096659707,-0.121658355,-0.1898183674,0.3364337385
5.3873238564,-0.0434426218,0.0374593288,-0.0863185599,0.0034431051,-0.174777627,0.232134521
5.3973059654,-0.0429417193,-0.0097327074,-0.108989127,-0.0946720093,-0.184125334,0.2280151397
5.4073610306,-0.0174990296,0.001864926,-0.0849072412,-0.1829360873,-0.2191365808,0.2134303451
5.4173059464,-7.087e-05,-0.0328727216,-0.101659067,-0.2664968967,-0.3075354397,0.2013144344
5.427344799,0.0100235641,-0.0147953471,-0.0626670197,-0.2981775999,-0.3505049944,0.204802379
5.4372777939,0.0140985996,0.0315660983,-0.0323947109,-0.2149021477,-0.3509580195,0.2004936337
5.4473538399,0.0048770458,0.0594993383,-0.0098211812,-0.0826820582,-0.3213412464,0.1693998873
5.4572839737,-0.0119664967,0.0759669095,0.0131552769,0.0629522428,-0.244395867,0.161363408
5.4672818184,-0.0189653784,0.0752248317,0.0318499766,0.1928540468,-0.2007210851,0.1514279544
5.4772777557,-0.017906487,0.0651636869,0.0561476313,0.2673033774,-0.1638866365,0.1415749192
5.4873209,-0.0352555215,0.0754463226,0.0523545705,0.2874624431,-0.1341314167,0.1031218171
5.4972667694,-0.0658340603,0.0718929917,0.0357063971,0.2241817415,-0.0773520172,0.0507411584
5.5073227882,-0.0793600678,0.0496556908,0.0132089807,0.1247717962,-0.0484671034,0.0187515374
5.5172100067,-0.0653097928,0.0126789371,-0.0161442216,0.0009860732,-0.0484612472,0.0071544023
5.5273132324,-0.0357798338,-0.014645501,-0.0310597476,-0.1045094579,-0.0769296363,0.0233485531
5.5372400284,0.001355037,-0.0245181154,-0.041976992,-0.1519283801,-0.1604759246,0.045168899
5.5472679138,0.0168489218,-0.0267488789,-0.0368337668,-0.1515366286,-0.2200620323,0.0763643682
5.5572299957,0.0116436332,-0.0135437092,-0.0425749458,-0.1086462811,-0.2505680025,0.0945914388
5.5672512054,0.0034397393,-0.0031425199,-0.0400000848,-0.0575319678,-0.2404445261,0.1072387919
5.5772309303,-0.0068148673,0.0151859084,-0.0339826383,-0.0086345961,-0.2154805958,0.1081079096
5.5872411728,-0.0092159361,0.0258762408,-0.036009673,0.0433303341,-0.1744554043,0.1088679731
5.5972118378,-0.0028445125,0.0289693046,-0.036312405,0.0792610347,-0.1240833029,0.0915149525
5.6071801186,0.0123398155,0.0205383468,-0.0245265421,0.0725021958,-0.0719644427,0.06780909
5.6174077988,0.0411600769,-0.0023848852,0.0067493268,-0.0026083961,-0.0150433686,0.0430594049
5.6271929741,0.0664218664,-0.0287316274,-0.0137084769,-0.1115644351,0.0010602339,0.0249704178
5.6371760368,0.074508816,-0.0593558401,-0.0516735353,-0.1485480219,-0.0326287523,-0.0066580824
5.6471967697,0.0707431287,-0.0996493548,-0.0325025953,-0.2268542796,-0.0018942771,0.0335681662
5.6572508812,0.0712333918,-0.0757094473,-0.0384361185,-0.1904741675,-0.013347201,0.0368065685
5.6672401428,0.0574572831,-0.0606995076,-0.091454871,-0.0571725704,0.0005547658,0.0419352874
5.677177906,0.069371596,-0.0429488271,-0.094757922,0.1302638948,0.0355372503,0.0883224905
5.6871819496,0.0819005072,-0.0550992936,-0.0837540701,0.2382042259,0.0077871121,0.1202988029
5.6972489357,0.0826374739,-0.0701582879,-0.0627812818,0.2321939915,-0.034077514,0.1046380848
5.7071728706,0.08124502,-0.072528407,-0.03803486,0.2113808542,0.0309488885,0.1031685472
5.7171669006,0.0839273334,-0.0623128265,-0.0532169379,0.2228078097,0.0883346871,0.0549851768
5.7272319794,0.0980349034,-0.0694984645,-0.0641127899,0.2313413769,0.1187418625,-0.0217101369
5.7371578217,0.1168882102,-0.0636608452,-0.0059214286,0.2125614285,0.1997339129,-0.033912871
5.7471609116,0.116794616,-0.0572700948,-0.0228583273,0.2398117036,0.2828293145,-0.0907774866
5.7570638657,0.1239849925,-0.0564579219,-0.0015250496,0.215083316,0.3416665494,-0.1878205538
5.7671151161,0.1501128972,-0.0410564393,0.0131392432,0.0754596367,0.4672918618,-0.2448444217
5.7771558762,0.1791610122,-0.0760203451,-0.0404461063,-0.0091133006,0.510166049,-0.2790591121
5.7871370316,0.2207529992,-0.0922525972,-0.0420944132,-0.0857601464,0.4985765219,-0.3150517344
5.7970237732,0.2505749166,-0.0685296506,-0.0190562662,-0.1060796604,0.5215271115,-0.3629954159
5.8071317673,0.2586387098,-0.050882265,-0.0204398688,-0.0626264587,0.5916953087,-0.4463472962
5.8171401024,0.2615098655,-0.050667569,-0.0096913027,-0.0335777625,0.7332037091,-0.5482108593
5.8271269798,0.2720174491,-0.0493200272,0.0012642691,-0.0602506511,0.9219078422,-0.7055873871
5.8370628357,0.2907775044,-0.0411311835,-0.0065454892,-0.1018557549,1.1376566887,-0.9364329576
5.8471031189,0.3286830187,-0.0268619489,-0.0291432794,-0.1218246669,1.3517702818,-1.2533377409
5.8571658134,0.3936865628,-0.0110670766,-0.061795,-0.0643946603,1.5043952465,-1.5815854073
5.8670949936,0.4866792858,0.0144516388,-0.0707767084,0.0353492387,1.5708451271,-1.9008033276
5.877011776,0.582388103,0.0457524806,-0.078240402,0.2093217075,1.5495562553,-2.172757864
5.8870840073,0.6669005752,0.0692173392,-0.0982968286,0.4294319749,1.4704787731,-2.3700034618
5.8971180916,0.7383688092,0.0869079381,-0.1287566423,0.6850394011,1.3177579641,-2.4616189003
5.9070668221,0.7833516002,0.0901490003,-0.136536479,0.918810606,1.0692321062,-2.4877927303
5.9172477722,0.7905071378,0.0827268511,-0.1018331721,1.0989947319,0.8198152781,-2.4448690414
5.927069664,0.7535796165,0.0612036139,-0.0712519959,1.2362873554,0.5663979053,-2.3307082653
5.9370961189,0.6732653379,0.0136497179,-0.0567078032,1.3753097057,0.3527487516,-2.1923716068
5.9470682144,0.5744307637,-0.0469866842,-0.0240485128,1.4604700804,0.2006271482,-2.0597081184
5.9572939873,0.4889646471,-0.0816923827,0.0192871634,1.4438003302,0.1053110063,-1.9411510229
5.9670748711,0.4307616949,-0.0791521519,0.0344843827,1.3824431896,-0.0022309003,-1.8373588324
5.9770841599,0.4003750682,-0.0735771507,0.0157734696,1.3600796461,-0.1768410653,-1.7374087572
5.9870400429,0.3891554177,-0.0697331876,-0.0113478946,1.396958828,-0.4276924431,-1.6072585583
5.9972081184,0.3777176142,-0.0882079452,-0.0457030572,1.4949380159,-0.7268539071,-1.4322174788
6.0070319176,0.3451623619,-0.1252337545,-0.0649055913,1.5830817223,-1.0192159414,-1.2030314207
6.017015934,0.2957204282,-0.1440305561,-0.0655133799,1.6325167418,-1.2870846987,-0.9495429397
6.0270280838,0.2422566414,-0.1368936747,-0.0855597928,1.7001645565,-1.5455764532,-0.7407476902
6.0372128487,0.1757015884,-0.1280485839,-0.1034989432,1.8010257483,-1.8030925989,-0.5734170675
6.0470280647,0.1096734107,-0.1227890104,-0.1124357656,2.078299284,-1.9630931616,-0.4110897183
6.0570449829,0.0349038541,-0.0782459229,-0.1396129131,2.7054476738,-1.6379976273,-0.084293358
6.0670280457,0.0018504261,0.0108982483,-0.2067323327,2.8463954926,-1.7708978653,0.2458113283
6.0770397186,0.0083761215,-0.1241972297,0.0974106714,3.0490753651,-2.7088537216,0.3707405925
6.0869941711,-0.116078943,-0.1174880117,-0.0878460482,3.6362812519,-1.7069365978,0.7611677051
6.0971021652,-0.14442572,-0.0423027724,-0.1024901345,3.7035324574,-2.2199249268,1.0821002722
6.107260704,-0.1515738666,-0.0502009243,0.1013029143,3.7018129826,-2.3433797359,1.2709453106
6.1170501709,-0.1579558551,-0.1482480019,0.0599609576,3.3917369843,-2.6124625206,1.4588285685
6.1269950867,-0.1292476356,-0.2273129672,0.1717175841,3.3109500408,-2.8771557808,1.701764226
6.1370611191,-0.1364052594,-0.2652955353,0.0750622079,2.7654223442,-2.881480217,2.0644464493
6.1470041275,-0.1130434275,-0.3164481819,0.2800334692,2.3163039684,-3.1310343742,2.2862932682
6.1570158005,-0.1491045654,-0.286097914,0.1960355639,2.2356710434,-2.9258494377,2.6058635712
6.1670227051,-0.1861154735,-0.2081149668,0.1739428043,2.1181840897,-2.7348237038,2.8023116589
6.176970005,-0.1984472275,-0.2348058075,0.2839269638,2.0627961159,-3.159116745,2.8571581841
6.186975956,-0.2489610016,-0.2221683115,0.2728508711,2.2084820271,-2.7560024261,2.9936156273
6.1970357895,-0.252363503,-0.1308021992,0.2756891251,2.4805266857,-2.4024627209,3.468146801
6.2069621086,-0.2029958069,-0.0220500063,0.3228750229,2.7315523624,-2.156276226,3.7819051743
6.2170267105,-0.2413713038,-0.0324095339,0.4156144857,2.9416763783,-2.282538414,3.8261373043
6.2270021439,-0.2635364532,-0.0144745549,0.4219549894,3.2139487267,-1.9208906889,3.873534441
6.2370166779,-0.2602365315,0.0577845722,0.4315584898,3.4166338444,-2.1494419575,3.8366296291
6.246942997,-0.2955063581,0.0723966509,0.532302022,3.3235657215,-1.8512172699,3.7975771427
6.2570080757,-0.2935714126,0.1659352332,0.5349361897,2.9002125263,-1.4197779894,3.8864395618
6.2668371201,-0.284653604,0.2022802383,0.4939223528,2.5023272038,-1.3984212875,3.7442185879
6.2769608498,-0.2709640563,0.1093227416,0.499935627,1.9640053511,-1.0520074368,3.6180450916
6.2869429588,-0.232236594,0.1092519313,0.4834474325,1.3490414619,-0.7433374524,3.5229825974
6.2969961166,-0.2023453116,0.1502406746,0.4626858234,0.8237655759,-0.5466478467,3.3754620552
6.3069219589,-0.1644747853,0.2257706076,0.4195046425,-0.33960253,-0.2125140876,3.1297576427
6.316986084,-0.1224646866,0.1296462566,0.3556367159,-0.119165495,-1.1291378736,1.9839202166
6.3269138336,-0.0959367752,0.4015044272,0.0425201617,1.0187510252,-0.7039194703,2.5572464466
6.3369789124,-0.0841760486,0.6424477696,-0.1368147135,0.2653892338,-1.2845025063,1.9655330181
6.3469138145,-0.4838200808,0.4255001843,0.1643067002,4.3874459267,-4.14691782,1.4808299541
6.3568878174,-1.180159688,3.5950317383,-3.5660572052,0.7532437444,-1.0184254646,0.2657666504
6.366964817,-0.4881628454,4.4040131569,0.4833485484,0.1360625327,0.5437482595,1.6424880028
6.3768620491,-0.235144645,1.4984629154,-0.2085884213,3.18298769,1.2469769716,1.375516057
6.3869190216,-0.4141027629,-0.0601624697,0.1360403299,4.4910840988,1.8134353161,0.4370872676
6.3968820572,-0.2447248548,-0.7108853459,0.6639492512,4.6158509254,1.5162700415,-0.4290471375
6.4068789482,-0.2667374313,-0.9799909592,1.102525115,3.419567585,1.3616346121,-0.8054202199
6.4168739319,-0.3674986362,-0.7316042185,1.2335759401,2.0988974571,1.8099431992,-0.5566831231
6.4269080162,-0.4555766881,-0.3574527204,1.0702769756,0.065132834,3.0439531803,0.3493290544
6.4368710518,-0.4157405794,0.0572035462,1.0143278837,-1.6775109768,2.6145718098,0.9620812535
6.4469208717,-0.237648502,0.1606901437,0.6249759197,-2.285421133,1.9810670614,1.4255667925
6.4568719864,-0.0790148079,0.0489596874,0.338729322,-2.6950938702,1.2574801445,1.5495325327
6.4669370651,0.0404799432,0.1147663146,0.1542825699,-0.8434643745,1.3795932531,1.0290006399
6.4768629074,0.0615408719,0.5887732506,-0.8741437197,-0.3140366077,2.0512764454,0.9764675498
6.4869232178,0.295496285,1.1410790682,-0.8734954596,-0.1740307361,1.3441976309,0.4083260894
6.4968471527,-0.0489176065,0.6085977554,-0.5780463815,0.4464309216,1.8641182184,-0.3497754931
6.5069122314,0.1218891665,0.0594806224,-0.2001917362,0.2566045225,1.3420659304,-0.7308431864
6.5168380737,0.2920534611,-0.1043420285,0.3186068535,0.4062446356,0.4509389997,-0.8314073682
6.5269117355,0.1673453003,0.032588318,0.152169466,1.1022281647,0.5559282303,-0.4331151247
6.5368146896,0.0045796558,0.1752272397,-0.0861469582,1.5916464329,1.016708374,-0.1134761423
6.5468249321,-0.0198274329,0.1521194726,-0.035696093,1.717346549,0.8827337623,-0.020267101
6.5568237305,0.0176697299,0.0931768566,0.0448025428,1.8482244015,0.7680397034,0.0728122443
6.5668158531,-0.0026668124,0.0800202638,-0.0766829923,2.0611410141,0.7272400856,0.3587113619
6.5768780708,0.0052835718,-0.0355859846,-0.0006434372,1.7710571289,0.5374948978,0.4302588105
6.586810112,-0.0561393537,-0.1455169469,0.0342998467,1.268553257,0.5308894515,0.362659514
6.5968360901,-0.0712046847,-0.1570606381,0.0576233827,0.7708511949,0.3779060543,0.1727714688
6.6068248749,-0.0280310027,-0.1236605197,0.0578952394,0.5392198563,0.2677121758,0.1205282286
6.6168627739,0.0037560835,-0.0558972508,0.0189608876,0.4237314761,0.2485451251,0.2333457321
6.626760006,0.0211000964,-0.0229569208,-0.0046826652,0.363468647,0.1879995018,0.2072206587
6.6368579865,0.0294998735,-0.0218384098,-0.0011904887,0.3095085025,0.1580964625,0.1341480315
6.6467838287,0.0546546951,-0.0103524467,-0.0037297062,0.2293854356,0.178571105,0.1011370867
6.6568508148,0.0686528683,-0.0292568337,0.0068889805,0.092125304,0.1753252447,-0.0294209197
6.6667470932,0.0763218626,-0.0406307131,0.01584577,-0.0281118937,0.1650366634,-0.1238230541
6.67684412,0.1009367853,-0.0264932644,0.0097236587,-0.0886351541,0.1543222219,-0.1970160455
6.6867771149,0.115201816,-0.0050704321,0.0003344366,-0.1267042458,0.1353133768,-0.2606096566
6.696762085,0.1227323264,0.000145183,-0.0092446851,-0.1959323138,0.0573304296,-0.4427863955
6.7067079544,0.0828667432,0.0034826258,-0.0564517416,-0.1534072161,0.1480409056,-0.6229484677
6.7167410851,0.1471759081,-0.0299309026,-0.0351119079,-0.1793602705,0.0591254011,-0.6223513484
6.7268199921,0.1984313577,-0.0796528906,-0.0159827527,-0.2657180727,-0.0544107482,-0.6969845891
6.7367510796,0.1693808287,-0.0752986521,-0.0411412157,-0.3368911445,-0.0652729869,-0.7786718607
6.7466907501,0.176307708,-0.0484610051,-0.0331453718,-0.4002621472,-0.1166775897,-0.8579736352
6.7568078041,0.1365166903,-0.024194492,0.0054843375,-0.4324752092,-0.0798228979,-0.8932468891
6.766740799,0.0175788999,-0.0299141835,0.0580841266,-0.4259978831,0.1170062721,-0.7553545833
6.776799202,-0.0112734474,-0.1155345589,0.100228779,-0.3735510409,0.1156483367,-0.4621649086
6.7868480682,0.0658158287,-0.2124216706,0.0836462304,-0.5144119859,-0.0912071094,-0.2758690715
6.796790123,0.0760118365,-0.172171399,0.0120651675,-0.7665758133,-0.100845091,-0.1747032702
6.8066840172,0.0320763737,-0.0939547867,-0.0456302799,-0.9467205405,-0.0310622826,-0.100662604
6.816781044,0.0260877423,-0.0651767105,-0.0498246588,-1.0829240084,-0.1158376262,-0.0160866044
6.8270010948,0.022244554,-0.053626582,-0.0066961101,-1.1434406042,-0.1809481829,0.0491837449
6.8367557526,0.0023267306,-0.0348492116,0.012497182,-1.1399908066,-0.2317674309,0.1026293933
6.8466978073,-0.0154341757,0.0086496631,-0.0005240491,-1.0496140718,-0.199819088,0.1321060508
6.8567657471,-0.0289339796,0.0679201633,-0.0130109238,-0.9252915382,-0.1471851617,0.1752370149
6.8667430878,-0.027616322,0.1152273566,-0.0136466073,-0.7422202826,-0.0795674995,0.1672339588
6.8767280579,-0.0302100033,0.1382043511,0.0010656664,-0.5959442854,-0.0879612491,0.177808553
6.8866829872,-0.0208804794,0.1555772573,0.0283557121,-0.4696939588,-0.1149550527,0.1566476077
6.896753788,-0.0342944786,0.1512740403,0.0386655889,-0.3401234448,-0.1505990624,0.1206661835
6.9066748619,-0.0385984927,0.1541245729,0.0421031676,-0.1564843804,-0.1388449371,0.0790284649
6.916738987,-0.0370704904,0.1574463397,0.0378065072,0.0055454043,-0.116115123,0.0904538184
6.9266500473,-0.0297894776,0.1502487212,0.0383316241,0.1208022237,-0.1068004519,0.0754394531
6.9367318153,-0.0279667564,0.1184046417,0.0384798013,0.1978646517,-0.1172120869,0.0382703766
6.9466571808,-0.026867453,0.0879998952,0.031170899,0.2502018809,-0.1053956375,-0.002213666
6.9567232132,-0.0266662985,0.0637341887,0.0230566803,0.2704829276,-0.0979201421,-0.0213996097
6.9666581154,-0.0254996568,0.0425024778,0.0198532287,0.2694413662,-0.0969502181,-0.0320290849
6.9767131805,-0.0301620327,0.0211460758,0.0136359883,0.2565761805,-0.0833055153,-0.0491044782
6.9866538048,-0.0339452736,0.0094329873,0.011149521,0.2340900302,-0.0707447156,-0.0597941391
6.9966430664,-0.034994252,0.0034061829,0.008537407,0.2093420774,-0.0474114269,-0.058866825
7.0066461563,-0.0352252349,-0.0012221774,0.005514259,0.1835791916,-0.0336346291,-0.0493766516
7.0166420937,-0.0317177288,-0.0069905361,0.0043501803,0.1503601223,-0.0251854844,-0.0313482471
7.0266280174,-0.0284155309,-0.010069116,0.0068831393,0.1107916683,-0.0221580043,-0.0164667703
7.0366268158,-0.0251923539,-0.0085810265,0.0053039738,0.0733624026,-0.0180801712,-0.005843821
7.0466208458,-0.0250356086,-0.0024727425,0.0064244219,0.0391551629,-0.0150747932,0.0015973176
7.0565738678,-0.0239437185,0.0064485827,0.0074498602,0.0273577608,-0.0118808644,0.0111478129
7.0666708946,-0.0218971111,0.0173785854,0.0104612065,0.0295207798,-0.0161211491,0.0132985823
7.0766077042,-0.0217569508,0.0273999739,0.0115705682,0.0433833301,-0.015978137,0.0175378006
7.0865926743,-0.0186679065,0.031741932,0.0108817769,0.0614922941,-0.0126044462,0.0206904504
7.0966200829,-0.0224569999,0.0342767984,0.0132083846,0.078581132,-0.0124997832,0.0174907967
7.106569767,-0.0233317465,0.037949875,0.0156314913,0.097772941,-0.008112492,0.0131993787
7.1166477203,-0.0212549046,0.0398464948,0.0143104149,0.1212295294,-0.0015888123,0.0046405122
7.1265468597,-0.020141229,0.0399518162,0.0169917289,0.1404756606,-0.0025723178,-0.0028032898
7.1366491318,-0.0199644677,0.0372191817,0.0168124977,0.1565137506,-0.0046115001,-0.0059892293
7.1465678215,-0.0197528191,0.032553032,0.0176362935,0.1586482674,-0.0025028093,-0.0113163507
7.1566309929,-0.0175578482,0.0258919764,0.0184509102,0.1522293985,0.0006237419,-0.0145178698
7.1665577888,-0.0182380155,0.0141958157,0.0152618838,0.1319627315,0.0004306627,-0.0187520292
7.1766319275,-0.0179494545,0.0061902562,0.0119305803,0.10315492,0.0001776624,-0.0219159983
7.1865596771,-0.0206153058,-0.0001500686,0.0122712804,0.0690070689,-0.0011552497,-0.0218835082
7.1966099739,-0.0223182142,-0.0048508486,0.0095014526,0.0326838158,0.0007385241,-0.0176212508
7.2065501213,-0.0231409334,-0.006884261,0.0104297949,-0.0004421799,0.003715938,-0.0144302519
7.2166147232,-0.0240185559,-0.0082188686,0.0092317415,-0.0335805565,0.0077714003,-0.0101839742
7.2265348434,-0.0249894969,-0.0078433594,0.0068803378,-0.0667837858,0.0193167366,-0.004923699
7.2365980148,-0.0251373798,-0.0027724942,0.0073065707,-0.0882199705,0.0277480371,0.0003478955
7.2465338707,-0.0254019871,0.003184692,0.0076692053,-0.1053752527,0.034091685,0.0077554779
7.2565379143,-0.0228300244,0.010076181,0.009948547,-0.1160782278,0.0351311192,0.0141310859
7.2665891647,-0.0173149481,0.0159998704,0.0112661673,-0.1160465479,0.0308652688,0.0152211171
7.2765169144,-0.0146692954,0.0229094196,0.0116133643,-0.1106713489,0.026623385,0.0141820842
7.2864217758,-0.013928324,0.0328686982,0.0120097352,-0.0903471634,0.023528792,0.0088760033
7.2965540886,-0.0140610039,0.0390858799,0.0115658594,-0.0667907149,0.0172431991,0.0025262283
7.3065252304,-0.0151022226,0.045536533,0.0151699139,-0.0368794166,0.0174109787,-0.0049324874
7.3165721893,-0.0170167573,0.0443900377,0.0140758706,-0.0069876974,0.0186754465,-0.0092115216
7.3265028,-0.0189607032,0.0454333574,0.0170359556,0.0229060203,0.0209806785,-0.0166840851
7.3365259171,-0.0198804736,0.0417929441,0.0152856065,0.0517053083,0.0243935212,-0.0188520309
7.3464889526,-0.0208488069,0.039304629,0.0136353923,0.0709165558,0.0255927406,-0.0209980048
7.356552124,-0.0189060234,0.034993425,0.0140488101,0.0868933871,0.0310341101,-0.0242321491
7.3664860725,-0.0179552883,0.0277842451,0.0135152889,0.0911579058,0.0300346259,-0.0199790802
7.3764901161,-0.0180087909,0.0225267578,0.0129644824,0.0911423266,0.0321680829,-0.0199909322
7.3865098953,-0.0170938671,0.0191610623,0.0123575283,0.0858088136,0.0321177505,-0.0210492723
7.3964748383,-0.0171305127,0.0157579947,0.0107644154,0.0815799832,0.0246579722,-0.0146235973
7.4064807892,-0.0171961263,0.0122872153,0.0120407892,0.0730128586,0.0267565437,-0.011444049
7.4165458679,-0.0153420828,0.0126878778,0.0123066856,0.064444676,0.0288572423,-0.0082655661
7.4264726639,-0.0144607313,0.0110679427,0.0115510179,0.0527264997,0.0234771259,-0.0018481473
7.4365291595,-0.0145569704,0.0113141099,0.0126863075,0.0442154333,0.0212461967,-0.005014779
7.4464530945,-0.0136926584,0.0144544402,0.0128220869,0.0378166586,0.0180448107,0.001384797
7.4565191269,-0.0137514919,0.0156066576,0.0119437529,0.0325209647,0.0137121128,-0.00070898
7.4664306641,-0.011808861,0.0167526174,0.0120598031,0.0293677803,0.0093762204,-0.0049282261
7.4765110016,-0.0137625113,0.0198286939,0.013112898,0.0283162296,0.0072361049,-0.0038495127
7.4864387512,-0.0156634301,0.0209546257,0.0112542463,0.0283407308,0.0050805421,-0.0059603341
7.4964990616,-0.0165801942,0.020140009,0.0113565875,0.0304713938,0.0051074401,-0.0049002627
7.5064320564,-0.0194704235,0.020311432,0.0114649488,0.0293810964,0.008296309,-0.0059825713
7.5164289474,-0.0175022557,0.0205286313,0.0116129471,0.0325677022,0.0094055152,-0.0049328869
7.5264291763,-0.0175066181,0.019746678,0.0107731773,0.0357365943,0.0126545718,-0.0028313864
7.5364847183,-0.0165263973,0.0180193949,0.0109258248,0.0357911885,0.0062406147,-0.0017221796
7.5464119911,-0.0155811459,0.0182218719,0.0091193868,0.0314917862,0.0094228256,-0.0006774215
7.556432724,-0.0175147019,0.0173884798,0.0082406951,0.0293837599,0.0072440938,-0.0038501788
7.5664081573,-0.015547324,0.0156201879,0.0103256656,0.0283006523,0.0083226748,-0.001731634
7.5764741898,-0.0174974166,0.0176930595,0.0094073368,0.0229785908,0.0071961572,-0.0038461839
7.5864048004,-0.0155404434,0.0178278256,0.0114543987,0.0251133814,0.0072126687,-0.0038477816
7.5964250565,-0.0165041462,0.0189237166,0.0115174605,0.0251204371,0.0061495351,-0.0027767913
7.6063890457,-0.0164916515,0.0180758405,0.0106400205,0.0250852853,0.0104244407,-0.0028044882
7.6161417961,-0.0174881779,0.0191638041,0.0107071353,0.0239976496,0.0136058535,-0.0049499311
7.6261968613,-0.0155490413,0.0173403788,0.0117879463,0.0218540709,0.0146580692,-0.0049552573
7.636259079,-0.0135861188,0.0155021707,0.0099148704,0.0165453255,0.0103599932,-0.0027988958
7.6471199989,-0.0165392682,0.0165360142,0.0118845059,0.0144318407,0.007149552,-0.0017157882
7.6565828323,-0.0145790987,0.0156127373,0.0129165603,0.0101541383,0.0081839235,-0.0017188507
7.6663379669,-0.0126039609,0.0156155387,0.0119478656,0.0048523173,0.0038677382,-0.0016871591
7.6793179512,-0.0154931024,0.0165088344,0.011884327,0.0006040428,0.0016876746,-0.0027321836
7.6871566772,-0.0134817101,0.0174397994,0.010885234,0.0027564093,-0.0004332669,-0.0027199329
7.6970472336,-0.0143775456,0.0173725653,0.0098621799,0.0038060942,0.0017127085,-0.0027347135
7.7069950104,-0.0152904317,0.0173384715,0.0098267151,0.0048806798,-0.0003893247,0.0004653409
7.7170338631,-0.0162303485,0.0192833114,0.0088406159,0.0080724778,-0.0003395237,0.0025841519
7.7263817787,-0.0161988102,0.0163725186,0.0098453118,0.011225394,0.0060885483,0.0014778748
7.7361717224,-0.0172209926,0.0183698107,0.0108344508,0.0133202374,0.0103938151,0.0035753802
7.7463860512,-0.0163150169,0.0194124151,0.0089220358,0.0165048447,0.0125560351,0.0035591351
7.7561640739,-0.0144399703,0.0214755703,0.0099741174,0.0197433829,0.0083034988,0.0035856334
7.7661509514,-0.0135008544,0.0206215549,0.0110346032,0.0208318159,0.0061652474,0.0025363481
7.7761740685,-0.0115540698,0.0197871495,0.0121088577,0.0219346303,0.0029449533,0.0004337826
7.7862281799,-0.0114842542,0.018928485,0.0092670871,0.0240904596,0.0008149568,-0.000616302
7.7961540222,-0.012399286,0.0190686751,0.0093603088,0.0251783617,-0.0013243606,-0.0027319172
7.8061480522,-0.0132995248,0.0182382036,0.0094672991,0.0251573212,0.0008221471,-0.0016834307
7.8161449432,-0.0151886679,0.0174043346,0.0105234338,0.026216194,0.0029454858,-0.0038206172
7.8261470795,-0.0161069185,0.0175584126,0.0115867211,0.0262268484,0.000826142,-0.0016820991
7.8361997604,-0.0160251483,0.0147639671,0.0116920425,0.0230632797,-0.0034825862,-0.0027143403
7.8461308479,-0.0159362145,0.0148531953,0.0107856942,0.0198488422,-0.0024295724,-0.0016565328
7.8561768532,-0.0158774406,0.0149295488,0.0098606301,0.0134138474,0.0007377251,-0.0006109758
7.8661231995,-0.0158125199,0.013999776,0.0089159561,0.0123605672,-0.001398929,0.0004660066
7.8761820793,-0.0148054436,0.0150010744,0.0079721166,0.0091610458,-0.0014311533,-0.0005947305
7.8861188889,-0.0147541128,0.016007321,0.0089544011,0.0134218372,-0.0003294034,-0.0006048505
7.8963189125,-0.0137133263,0.0160650183,0.0089992238,0.0102377618,-0.0035374472,0.0026074543
7.9063010216,-0.0155924074,0.0160642434,0.0070524761,0.0102412235,-0.003546502,0.0015451193
7.916328907,-0.0155168585,0.0151364366,0.0090297414,0.0102444198,-0.003555024,0.0004825182
7.9260406494,-0.0164261498,0.017111795,0.0090414239,0.0091735628,-0.0035542252,0.0015456523
7.936290741,-0.0143761635,0.0171532203,0.0080995513,0.0081181517,-0.0046397299,0.0004907742
7.9462380409,-0.0152771957,0.0152211348,0.0071484395,0.0101948846,0.0028488126,-0.0006216282
7.9563179016,-0.0142794587,0.0152512351,0.0081510497,0.0069813812,0.0049447208,-0.0027584156
7.966137886,-0.0142452009,0.0162336994,0.0081406189,0.0080522383,0.0049439217,-0.0038215495
7.9762029648,-0.0142376423,0.0162585545,0.0101007177,0.0069924337,0.0049162246,-0.0059447549
7.9862589836,-0.0141601115,0.0133290449,0.0101175262,0.005909326,0.0059948051,-0.00382621
7.9963088036,-0.0131681785,0.0152576128,0.0091259433,0.0016432079,0.0049058385,-0.0027556194
8.0062379837,-0.0121577382,0.0142252604,0.0091060949,-0.0004827939,0.0038206002,-0.0027470973
8.0162239075,-0.0121211745,0.0141491452,0.0090578152,-0.0025956128,0.0016557169,-0.0037930538
8.026260376,-0.0150178373,0.0160274077,0.0099666668,-0.0026147868,0.0027516074,-0.0006129732
8.0362157822,-0.0139895305,0.014983491,0.0089627458,-0.001534475,0.0006359923,0.0015270102
8.0462646484,-0.01494506,0.0168586541,0.0108511401,-0.0004495038,-0.001493205,0.0015400595
8.0562324524,-0.0149028786,0.0168066192,0.0098420335,-0.0004708096,0.0017007242,0.0004585497
8.0662136078,-0.0129090287,0.0167775918,0.0098298145,0.0016762307,0.0006394545,-0.0005984588
8.0762710571,-0.0138472877,0.0167329479,0.0088200523,0.0016758312,-0.0004087659,0.0004650746
8.0863275528,-0.0128154866,0.0176956821,0.006859655,0.0059400848,0.0006839291,-0.0006073804
8.0962677002,-0.0137469806,0.0177087951,0.0088226749,0.0080654211,0.0028173875,-0.0027462982
8.1061868668,-0.0136800595,0.0157557894,0.0088242842,0.0070297173,-0.0014567196,-0.0016554674
8.1162595749,-0.0145893358,0.0157710481,0.0088362051,0.0091687683,-0.0014508608,-0.0027186014
8.1263513565,-0.0145221241,0.014795498,0.007871802,0.0091442671,0.0007047018,-0.0006077799
8.1362476349,-0.0135023668,0.0148371616,0.0098491861,0.0059846928,-0.0025693881,-0.0058973506
8.1461830139,-0.015388187,0.0138364593,0.0078865243,0.0069924332,0.0038693363,-0.0038150249
8.1562404633,-0.01342161,0.0148299495,0.0088802529,0.0048722904,0.0017254916,-0.0016709139
8.1663475037,-0.0123910606,0.0138669172,0.0079037501,0.0069964277,0.0038613467,-0.0038110302
8.1761598587,-0.0133534782,0.0138493339,0.0088792397,0.0059319627,0.0027982129,-0.0027433687
8.1862316132,-0.0123520419,0.0138652483,0.0098726703,0.0059250384,0.0028163225,-0.0006186988
8.196146965,-0.012325149,0.0158062149,0.0069305249,0.0048657665,0.0027875605,-0.0027413715
8.2063732147,-0.0122931562,0.0148504535,0.0079215122,0.0080732778,0.0017526557,-0.0016745091
8.216132164,-0.0132244416,0.0158375669,0.0079145385,0.005934759,0.0017457316,-0.0006108426
8.2261800766,-0.0151103958,0.0158213545,0.0059569427,0.0070301173,-0.0004106299,-0.0037847981
8.2361059189,-0.0131175257,0.013902382,0.006967599,0.0048925309,-0.0014663069,-0.0005904695
8.2463121414,-0.0150237083,0.0138881365,0.0079309894,0.0038443105,-0.0025704536,-0.0037697512
8.2561340332,-0.0149717666,0.0138785997,0.0089029027,0.0027381666,0.0017055175,-0.0027344474
8.2661952972,-0.012011487,0.0138752023,0.007920499,-0.0004815953,0.0038182032,-0.0027458989
8.2761192322,-0.0129719153,0.0148056308,0.0088778688,0.001679427,0.0006288018,-0.0027268573
8.2862949371,-0.0119614191,0.0128312269,0.0078934385,0.0005875314,0.0027761087,-0.0006152368
8.2961368561,-0.0109564103,0.013771371,0.0088475896,0.0006112326,0.000622144,-0.0027268571
8.3062076569,-0.0108847246,0.0117787281,0.0068852254,-0.0004561618,0.000613888,-0.0027260582
8.3161020279,-0.0118417144,0.0127099911,0.0078180982,-0.0015429975,0.0027489441,-0.0016751748
8.326174736,-0.0137769617,0.0155649344,0.0097035123,-0.0025683148,-0.0015523271,-0.0037713489
8.3360128403,-0.0136903822,0.0145169059,0.0077154585,-0.0015372718,0.0016884739,-0.0006055161
8.3461675644,-0.0126865357,0.0135055343,0.0076990076,-0.0004680129,0.0006461125,0.0015252791
8.3560848236,-0.0116994828,0.0144245783,0.0076623508,-0.0015364727,0.0016868759,-0.0006047173
8.3661403656,-0.0116739124,0.0153493444,0.0076293894,-0.0026020035,0.0006280029,0.0015276757
8.376086235,-0.0116569549,0.0143221775,0.0075969645,0.0006149616,0.0006125565,-0.0037889257
8.3861150742,-0.0116287656,0.0143055478,0.0085536195,-0.0015248889,-0.0004364627,0.0004689363
8.3960704803,-0.0115905479,0.0132806459,0.0075462409,-0.001546992,0.0017143062,0.0025821545
8.4062023163,-0.0106104612,0.014230744,0.0094881011,0.0016674427,0.0006612923,0.0015243466
8.4160575867,-0.0125315599,0.0141748944,0.0084806634,0.0016424088,0.0038626785,0.0004391088
8.4260425568,-0.0115591735,0.0170904566,0.0074800202,0.00593143,0.0007076315,0.0025813554
8.4361219406,-0.0125360005,0.0180866886,0.0084545566,0.0080636889,0.0017782222,0.0015132946
8.4460487366,-0.01252947,0.0171609689,0.0094696833,0.0101880934,0.0018218979,0.0046987021
8.4561157227,-0.0134631954,0.0142671028,0.0085266782,0.0123331361,0.0018093812,0.0004441687
8.466050148,-0.0124409646,0.0143070379,0.0066156932,0.0101930201,0.0028525412,-0.0006234925
8.47610569,-0.0134021826,0.0152942101,0.0075946995,0.0059844269,-0.0046583717,0.0004934371
8.4860115051,-0.0123530328,0.0123629728,0.0056570717,0.0038091573,0.0006596947,-0.000601921
8.496099472,-0.0132833868,0.0142963091,0.0066072294,0.0027663959,-0.0025512788,-0.0005820806
8.5060453415,-0.0122389011,0.0113589922,0.0066243955,0.0027381666,0.0017055175,-0.0027344474
8.5160770416,-0.0131944641,0.0123027125,0.0056217262,0.0026923604,0.0060081212,0.0004245944
8.526017189,-0.0102805719,0.0122925201,0.0065866658,-0.0026339618,0.0038474984,0.0025671073
8.5360813141,-0.0093290284,0.0112433592,0.0094741536,-0.0068920897,0.0027382916,0.0015140937
8.5460147858,-0.0083631426,0.0130961696,0.0084323836,-0.0058140429,0.0006272038,0.0036518129
8.5560350418,-0.0093450211,0.0169126559,0.0064005801,-0.001555115,0.0027795706,0.0015100988
8.5660057068,-0.012260057,0.0188435484,0.0083194925,0.0070069474,-0.0003515077,0.0025868148
8.5760650635,-0.0122353844,0.0179084707,0.0083472086,0.0112739978,0.0007355947,0.0015171564
8.5859870911,-0.0122013688,0.0170274545,0.0103688193,0.0145006832,-0.0013952005,-0.000596062
8.5960206985,-0.0092491023,0.0171473194,0.0094762398,0.0166077763,0.0018301539,-0.0006197642
8.6059551239,-0.0101935342,0.0152962962,0.0085765077,0.0176786333,0.0018293548,-0.001682898
8.6159667969,-0.0101649985,0.0144548574,0.0067264386,0.0197966453,0.0037810074,-0.0016975455
8.6260051727,-0.0101409666,0.0136058489,0.0068100044,0.017700471,-0.0005194652,-0.0027305856
8.6359739304,-0.0110306069,0.0117286006,0.0058942982,0.0156194773,-0.008126541,-0.0005566473
8.6460428238,-0.0119513571,0.0117797414,0.006906087,0.0102385608,-0.0028241875,-0.0005872736
8.6559658051,-0.0138231851,0.0098197618,0.0068981596,0.0049216924,-0.0050101103,-0.0016326974
8.6659641266,-0.0147008039,0.0087978998,0.0068809339,0.0006486503,-0.0050340784,-0.0005671666
8.6759853363,-0.0136710666,0.0106945792,0.007812853,-0.0046831323,-0.0040409854,-0.0037535056
8.6859712601,-0.0126462765,0.0115787545,0.0067780563,-0.0078957034,-0.0040385891,-0.0005641042
8.695936203,-0.0115997307,0.0104925195,0.0057469555,-0.0089595029,-0.0040582963,-0.0026913041
8.7059516907,-0.0105772913,0.0113744894,0.0066537806,-0.0090034446,0.0012853362,-0.0027259251
8.715959549,-0.0095706321,0.0112884203,0.0066039511,-0.0079147434,-0.0018982063,-0.0005794172
8.7260465622,-0.0105450675,0.0150999585,0.0065226504,-0.0047282716,-0.0007866027,0.0015359314
8.735994339,-0.0085817426,0.0150912562,0.0084662987,0.0005917922,0.0013886672,0.0004529571
8.745965004,-0.0095546246,0.0170300175,0.0084521724,0.004868296,0.0014035809,-0.0016749086
8.7559251785,-0.0104857199,0.0160754491,0.0084671928,0.0091615785,-0.0007152304,-0.0027239278
8.7659893036,-0.0104553774,0.0170840193,0.0094506694,0.0080678184,0.0024826934,-0.0027439015
8.7759160995,-0.0123603083,0.014179186,0.008500631,0.0070001562,0.0014280817,-0.0006136389
8.7859735489,-0.0103744715,0.0122890035,0.0075861164,0.009147197,0.0003668121,-0.0016706474
8.7959070206,-0.0103142075,0.0113313356,0.0066329786,0.0070343781,-0.0017980714,-0.0027166039
8.8059024811,-0.0102728456,0.0103852311,0.0085971309,0.0059600589,-0.0017882177,-0.0005911351
8.8159265518,-0.011211548,0.0123046199,0.0056511112,0.0016910108,-0.0028670642,0.0026081202
8.8259000778,-0.0111746527,0.0122864405,0.0066069909,-0.0004403163,-0.0028926306,0.0015473834
8.8359556198,-0.0121036321,0.0112482468,0.005601103,-0.0015264861,-0.0007610365,0.0015331351
8.8458824158,-0.0111029744,0.0121950069,0.0065494129,-0.0004345905,-0.0029083434,-0.0005784852
8.8559560776,-0.0130028836,0.0121289054,0.006502504,-0.001520494,-0.00182204,0.0026030603
8.8658819199,-0.0139353015,0.0130491415,0.0064617344,-0.0004285974,-0.0039693466,0.0004914398
8.8759231567,-0.0109832063,0.0140252272,0.0084266616,-0.0004256684,-0.003977336,-0.0005714279
8.8858671188,-0.0109191723,0.0139977494,0.0064570257,0.0016896809,-0.0007727544,-0.0027184682
8.8959350586,-0.0108775981,0.0139882723,0.0064519593,0.0038238042,-0.0007549115,-0.0027207318
8.9058589935,-0.0098725557,0.0139928022,0.0064556547,0.0048648342,0.0024595242,-0.0027423035
8.915930748,-0.0118224099,0.0149731794,0.0074298927,0.0069973604,0.0024826936,-0.0016803681
8.9258594513,-0.0117922947,0.0130489031,0.0074391314,0.0059177149,0.0035522189,-0.0006241584
8.9358844757,-0.0108047836,0.0120932618,0.0064912983,0.0037777317,0.0035482245,0.0004380434
8.9458370209,-0.0098144487,0.0121146599,0.0065209218,0.0069817808,0.002522375,0.0025672405
8.9557619095,-0.0078850649,0.0131169716,0.0065426775,0.0048648342,0.0003678773,0.0025829533
8.9658260345,-0.0098128095,0.010206894,0.0075170943,0.0059479414,-0.0007107027,0.0004644087
8.9759073257,-0.0107778907,0.0121492902,0.0055618831,0.0069974936,0.0003907806,0.0036450222
8.9858121872,-0.0117535219,0.0131502906,0.0065395185,0.0059458115,-0.0007043113,0.0015280752
8.9959087372,-0.0107536428,0.0141412774,0.0055882283,0.0080779381,-0.0006824734,0.0015238144
9.0058336258,-0.010703709,0.0141729871,0.0056101629,0.008095514,-0.0028199265,0.0015376627
9.0158882141,-0.0106630996,0.0132532874,0.0075914809,0.0070405034,-0.00390623,0.0004831841
9.0258150101,-0.0096279308,0.0132766524,0.0066316673,0.0059643197,-0.002845759,0.0004770588
9.0360841751,-0.0105472729,0.0123081962,0.0056714364,0.0059651188,-0.002847357,0.0004778577
9.0458040237,-0.0104926676,0.0113635818,0.0066755363,0.0049081105,-0.002882777,-0.0027083482
9.0558595657,-0.0114008226,0.0113501111,0.005686278,0.0038384516,-0.0018396168,-0.004791989
9.0658054352,-0.0113641098,0.010363237,0.0066571184,0.0005907267,0.0024376863,-0.0016302844
9.0760974884,-0.0103492215,0.0093711177,0.0056763836,-0.0015170323,-0.0007863366,-0.0016072481
9.0857858658,-0.0103442483,0.0102909962,0.0056500384,-0.0025825631,-0.0018452094,0.0005251449
9.0958614349,-0.0083757602,0.0112166563,0.0056229779,-0.0047272062,-0.000790864,0.0005187534
9.1057863235,-0.0102926083,0.0111477533,0.007516975,-0.0047165537,-0.0029102077,0.0026572719
9.1158761978,-0.0102728009,0.0120651284,0.0074641653,-0.0036478275,-0.0018577263,0.0005280746
9.1257677078,-0.0092673041,0.013016657,0.0074386545,-0.0025961455,-0.0007626344,0.0026450213
9.1358327866,-0.0102279484,0.0129581848,0.0064344355,-0.0015476588,0.0013836068,0.0015632452
9.1457462311,-0.0092461854,0.0129264751,0.0064138719,0.0027078064,0.0035450286,0.0004838661
9.1558361053,-0.0082649142,0.012934939,0.0074014612,0.00272818,0.0024467409,-0.0026950163
9.165760994,-0.0082560144,0.0129398266,0.0064282962,0.0048507191,0.0035410337,-0.0016412034
9.1758174896,-0.0082480311,0.0129388133,0.0054612109,0.0037914468,0.0024653829,-0.001579309
9.1857624054,-0.0082134381,0.0100298086,0.0074336478,0.0038090236,0.0003279301,-0.0015654606
9.1958084106,-0.0091646239,0.0100227753,0.0064474889,0.0059222421,0.0024941454,0.0005931822
9.2057361603,-0.0091887638,0.0110104242,0.0064544627,0.0037981048,0.00035829,0.0027332986
9.2158498764,-0.0111382008,0.013933436,0.0074065276,0.0038148826,-0.0017775651,0.0027731962
9.2257680893,-0.0111308061,0.0129698673,0.0064386078,0.003793844,0.0003689427,0.0038216829
9.2357521057,-0.0101181976,0.0100407163,0.0054930397,0.0027271146,0.0014041131,0.0006276206
9.2467288971,-0.0110970736,0.011009709,0.0064498135,-0.0004662815,0.0003106194,0.0006369418
9.2565784454,-0.0100677013,0.0099932114,0.0054634758,-0.0025964109,0.0002826562,-0.0004225969
9.2657985687,-0.0110133737,0.0118776718,0.0044277259,-0.0068292385,-0.0029837107,-0.0035856334
9.2756710052,-0.012899112,0.0108142653,0.0053442069,-0.0047020391,-0.0019008694,-0.0035929573
9.2855930328,-0.0119042061,0.0117375413,0.0053103515,-0.003659145,0.0002629489,-0.0014829346
9.2958536148,-0.008916799,0.0087709585,0.0053129145,-0.0026071966,0.0013575079,0.0006342784
9.3058671951,-0.0089343041,0.0096810618,0.006230826,-0.0069031417,0.0045306645,0.0006167016
9.315527916,-0.0089620687,0.0115583697,0.0061811754,-0.0058163069,0.0023956085,-0.0004341817
9.3255138397,-0.0079964697,0.0115000764,0.0061328956,-0.0047646239,0.0034906999,0.0016827651
9.3355884552,-0.0089912154,0.0124242464,0.0070599862,-0.0015460607,0.0003356531,0.0048885448
9.3455181122,-0.0080297031,0.0143658081,0.0080294563,0.0027533472,-0.0028465581,0.0038437869
9.355556488,-0.0080149174,0.0163280535,0.0070592114,0.0080758072,-0.0006760817,0.0027632096
9.3655090332,-0.00704851,0.0154228369,0.0090642525,0.0133933406,0.0025532674,0.0006137721
9.3756742477,-0.008036986,0.0164781976,0.0081334068,0.0155287962,0.0025684473,0.0006128401
9.3856544495,-0.0089877471,0.0156189958,0.0082101775,0.0176793002,0.0014981229,-0.0015065034
9.3957109451,-0.0099348091,0.0128145376,0.0063484856,0.0197970457,0.0036510224,-0.0015214173
9.4056625366,-0.0108835809,0.010027186,0.0074176737,0.0208873432,0.0004621535,-0.0004391086
9.4156560898,-0.008888226,0.0091834823,0.0055822679,0.0187691972,-0.0016899472,-0.0004245944
9.425740242,-0.0098410025,0.009282724,0.005632157,0.0155654158,-0.0027562769,0.0027717317
9.4356451035,-0.0088286921,0.0083743492,0.0047160932,0.011306488,-0.0038638855,0.0017179186
9.4456443787,-0.0107332058,0.0074253241,0.0057061263,0.0059641865,-0.0028454927,0.0006526543
9.4556913376,-0.0106920674,0.008397297,0.0047276565,0.001692743,-0.002872657,0.0017197828
9.4656333923,-0.0106690563,0.0083568254,0.0047019073,-0.0036442317,-0.002913936,0.0017237777
9.4756603241,-0.0106253959,0.0073115388,0.0056348988,-0.0047112284,-0.0029251212,0.0006591789
9.485622406,-0.0096341297,0.0092108408,0.0065676519,-0.0057522571,-0.0061395569,0.0006807507
9.495475769,-0.009574309,0.0110811749,0.0055486509,-0.005772097,-0.0029485573,-0.0003992943
9.5056467056,-0.0095629357,0.0139545957,0.0054978677,-0.0025909515,-0.0007772818,0.0006467954
9.515622139,-0.0085751116,0.0149173895,0.0054792115,0.00166691,0.0013772154,-0.0014959839
9.5256643295,-0.008555267,0.0149244228,0.0054843375,0.0038120863,0.0013665629,-0.004684587
9.5356016159,-0.010458786,0.0120060602,0.0064790794,0.0048781498,0.0013796124,-0.0036209202
9.5456123352,-0.0094628744,0.0120567242,0.0065026232,0.0059455452,0.0013878681,-0.0036217193
9.5555887222,-0.0074971542,0.011120514,0.005583162,0.0048760194,0.0003391153,-0.0004275239
9.5655698776,-0.0094080791,0.0082023302,0.0065674731,0.002725251,0.003501619,-0.0036337036
9.5756006241,-0.0074771047,0.0091900388,0.006564612,0.0005851341,0.0034978907,-0.0025716347
9.5856657028,-0.0084289759,0.0091415802,0.0055667111,-0.0004750704,0.001379346,0.0006300174
9.5954999924,-0.0074546784,0.0091222087,0.006521041,-0.001544063,0.0013764163,0.0016950155
9.6055908203,-0.0094283521,0.0100361863,0.0074514099,-0.0026095938,0.0003175437,0.0038274084
9.6155700684,-0.0094017982,0.0099665681,0.0054631778,-0.0025944142,-0.0007682273,0.0017091304
9.6255836487,-0.010376595,0.0128485719,0.005402083,-0.0036476944,-0.0029048813,0.0027861127
9.6356430054,-0.0094020441,0.0128255049,0.0063692876,-0.0015347414,0.0003066247,0.0017024726
9.6455593109,-0.0093511902,0.0127759734,0.0043947645,-0.0015259534,-0.0007621017,0.0017093965
9.6555662155,-0.008356262,0.0127774039,0.0063397237,0.0027618688,-0.0018231053,-0.0014748119
9.6655683517,-0.0083113909,0.0118078152,0.0063602873,0.001675033,0.0013567088,-0.0036194555
9.6755504608,-0.0082820579,0.0118181268,0.0053911158,0.004867231,0.0014078419,-0.0004344482
9.6855535507,-0.0092294365,0.0118327299,0.0063626715,0.0027569421,-0.0007642324,-0.0025436718
9.6955318451,-0.009201128,0.0108794132,0.0063937851,0.0059231739,0.0024901505,-0.0004448344
9.7055397034,-0.00723188,0.010902361,0.0054478594,0.0048627034,0.0024637852,-0.0025687055
9.7156009674,-0.009156622,0.0099213282,0.0054398724,0.004867231,0.0014078419,-0.0004344482
9.7255268097,-0.0081892274,0.0099541703,0.0073946663,0.0016634483,0.000341512,0.0027618776
9.7356014252,-0.0081759281,0.0109111229,0.0064156004,0.0006217528,-0.0018268336,-0.0004127433
9.7455253601,-0.0081603862,0.0109017054,0.0064098784,0.0005919253,0.0013884008,0.000628819
9.7555484772,-0.0091231465,0.0108735124,0.005424852,0.0006036432,-0.0007330736,0.0027684027
9.7655124664,-0.0101017654,0.0108887115,0.0073630163,0.0027472218,-0.0017852884,0.0027737289
9.7754917145,-0.0081106052,0.0108899036,0.0054265209,0.002740697,0.0003236688,-0.0004264584
9.7855644226,-0.0090780407,0.0108787576,0.0063964077,0.0006234841,-0.0018302958,-0.0004110122
9.7955236435,-0.0090376772,0.0108519355,0.0044211098,0.0017036619,-0.0029008866,-0.0014666894
9.805524826,-0.0080245957,0.0108711878,0.0044398853,0.002746556,-0.0007370682,0.0006433332
9.8154878616,-0.0099530816,0.0108596245,0.0044276663,0.0038340576,-0.0028734559,-0.0004068844
9.8255558014,-0.0079740435,0.0099063674,0.0064018914,0.0048873378,-0.0007368017,-0.0014838667
9.8355007172,-0.0069812238,0.0099110166,0.0054441043,0.0016637146,0.0013857374,-0.0004333828
9.8454866409,-0.0079629198,0.011860148,0.0054264613,0.0016831551,-0.0018023326,0.0017120598
9.855471611,-0.0089283101,0.0108774463,0.0063992688,0.0016745003,0.0003130164,-0.0004244612
9.8655223846,-0.008914616,0.0098914662,0.0063930699,0.0006036432,0.0003138152,0.0006386726
9.8754673004,-0.0088924356,0.0098801414,0.005419726,0.002772388,-0.0039421823,0.0006635734
9.8855304718,-0.0088762082,0.0098925987,0.006394858,0.0016786279,-0.0007442588,0.0006435995
9.8954620361,-0.0098316595,0.0108601013,0.0054075667,0.0027462896,-0.0007365355,0.0006430671
9.9054861069,-0.0098317042,0.0108589092,0.0063837715,0.0006149616,-0.0007621017,-0.00041767
9.9154510498,-0.0078463964,0.0098864594,0.0054156133,0.0016703727,0.0003234027,0.0006372079
9.9255151749,-0.007842429,0.0108576575,0.0044356533,0.0027500177,-0.0007461228,-0.0004190018
9.9354324341,-0.0078290701,0.0108526507,0.0054092952,0.0016738344,0.0003143479,-0.0004251271
9.945520401,-0.0068316385,0.0098615447,0.0054155537,-0.0004417803,-0.0007980545,-0.0036036097
9.9554319382,-0.007806316,0.0108201066,0.0063655921,-0.0004692115,0.0013654977,-0.0004299206
9.9654483795,-0.0087446347,0.0098293582,0.0063569495,-0.0004761349,0.0013836073,0.0016947491
9.9754285812,-0.0097161233,0.0107740322,0.0043778368,0.0006016456,0.0003178099,0.0006366752
9.9854869843,-0.0106933303,0.0117132822,0.0053251931,0.0016725026,0.000317011,-0.0004264587
9.9954376221,-0.0096968114,0.0107432762,0.0063118287,0.0016843537,-0.0007578409,-0.0004164719
10.00548172,-0.0077401474,0.0117418328,0.0063314983,0.0027219206,0.0024656493,0.0006242916
10.0154094696,-0.0077251196,0.0097876349,0.0053542205,0.0006193556,-0.0018199096,0.0006506569
10.0254449844,-0.0086752884,0.0088004628,0.0053476044,0.0016691741,0.0003257995,0.0006360095
10.0354032516,-0.0086749345,0.0087878266,0.0043727108,0.0016569234,0.0014035807,0.0016914203
10.0454683304,-0.0077227205,0.0107580582,0.0063272663,0.0027663959,-0.0028811791,-0.0004063519
10.0554046631,-0.0086842589,0.0117199579,0.0053361603,0.0005708868,0.0024901503,0.0048728324
10.0654478073,-0.0096609518,0.0117271701,0.0063174912,0.0070032193,0.0003750678,0.0016948825
10.075387001,-0.00868164,0.0117655555,0.0063325712,0.0037934445,0.0014166301,0.0016915533
10.0854358673,-0.00866111,0.0107795754,0.0043833801,0.0038003689,0.001398521,-0.0004331165
10.095369339,-0.0086147897,0.0088334838,0.002450461,0.0006051082,0.0013258846,-0.0025553897
10.1054401398,-0.0086038187,0.0088173905,0.0043937513,-0.0015139692,0.000222537,-0.0046715373
10.1153726578,-0.0085618533,0.0087888995,0.0043762871,-0.0036777873,0.0023444262,-0.0014978482
10.1253986359,-0.0085334219,0.0077680508,0.003371174,-0.0025997404,0.0002333384,0.0006398712
10.1352920532,-0.0095003173,0.0067297975,0.0043077418,-0.0057895426,-0.0019359103,0.0027825176
10.1453638077,-0.0095170327,0.0076376358,0.0052394816,-0.0058350824,0.00236616,0.005941825
10.155415535,-0.0076017492,0.0085361162,0.0061699101,-0.0111656645,0.0022956857,0.0038206177
10.1653175354,-0.0066504329,0.0094184438,0.0041547962,-0.0079775946,0.0044488516,0.0027420372
10.1751384735,-0.0037755705,0.0123027721,0.0060731121,-0.0068714507,-0.0008827711,0.0038364634
10.1851520538,-0.0057118908,0.0132314125,0.0060216733,0.0027438924,-0.0018771956,0.0038361971
10.1951799393,-0.0066967644,0.0151961604,0.0069911429,0.0059545995,-0.0008289753,-0.0014847988
10.2052650452,-0.0076678544,0.0152678648,0.0080145551,0.0112791909,0.0002883484,-0.000433516
10.2154312134,-0.0086242408,0.0143882791,0.0070959874,0.0166192278,0.0003204069,-0.000434448
10.2253704071,-0.0086011514,0.0135480324,0.0072007128,0.0198195484,0.0013957915,-0.0025684391
