0.0000000000,-0.0084683355,-0.0656758845,0.0016547022,-0.6250576973,0.0198058430,-0.2670909464
0.0097000599,-0.0040058549,-0.040198639,0.0007284461,-0.6165446043,0.0345805287,-0.296939671
0.0196990967,0.0148158614,0.0318879336,-0.0166910104,-0.3723265827,0.0433090366,-0.2472344339
0.029695034,0.0136258546,0.1487535983,-0.0377928428,-0.0951497257,0.0421769284,-0.1305577457
0.0398590565,0.0109540168,0.1519251913,-0.0352169685,0.1020586863,0.0339251272,-0.0244041439
0.0498710871,0.0005090776,0.1096235216,-0.0174609832,0.2319911122,0.0409188531,0.0508895405
0.0598340034,-0.0101168808,0.0851218849,-0.0151634635,0.3299827874,0.0443151817,0.1092299521
0.0724290609,-0.012058204,0.0579309165,-0.0135895433,0.3854148984,0.0428424515,0.1368229538
0.0798090696,-0.0090342816,0.016237393,-0.0137845697,0.3619551063,0.0394636989,0.137923643
0.0904310942,-0.004155999,-0.0097972602,-0.0131862583,0.2681668401,0.0341815874,0.1050892696
0.1004210711,0.0028037967,-0.0359642953,-0.0177187137,0.1476955414,0.0381006934,0.047780171
0.1100430489,0.0127887074,-0.0496910959,-0.0255659036,0.0197873786,0.0429156907,-0.0233419444
0.1198199987,0.0141361896,-0.0628260225,-0.027960103,-0.1080391631,0.0381049551,-0.0954650119
0.1298540831,0.022320265,-0.0624977797,-0.0276484899,-0.2368562669,0.0215824377,-0.1611361653
0.1398080587,0.027658755,-0.0624450594,-0.0235312395,-0.3517632782,-0.0001500219,-0.2235956788
0.1497960091,0.0281327311,-0.0548020899,-0.0224361829,-0.414408803,-0.0297372099,-0.2520446181
0.1598300934,0.0303408448,-0.038861379,-0.0111910524,-0.3597776592,-0.0591044165,-0.2359566092
0.1698030233,0.0295364205,0.012379989,-0.0195186548,-0.2050615847,-0.0786751956,-0.1647575349
0.1797970533,0.0277821962,0.0657375753,-0.0212254934,-0.0440806821,-0.0894655213,-0.0723719373
0.1897420883,0.028845543,0.0840879232,-0.0200241022,0.1114018485,-0.0831431746,0.0262808707
0.1997910738,0.0189834181,0.0961510092,-0.0209405832,0.2475747317,-0.05998566,0.1110259816
0.2097760439,0.0110021178,0.101742968,-0.0234736614,0.3549491167,-0.0329228826,0.1787685454
0.219753027,0.0048100296,0.086364612,-0.0260363035,0.4143671989,-0.0053844647,0.2210462391
0.2297639847,-0.0046285447,0.0630394369,-0.0261860304,0.4152729213,0.0138699235,0.2219831347
0.2397800684,-0.0085732993,0.040415287,-0.0184677057,0.3544585705,0.018558152,0.2007492185
0.2497800589,-0.0090496596,0.0139755607,-0.0057639303,0.2479185462,-0.0131156221,0.2180272788
0.2597490549,-0.0147498306,-0.0143193901,0.0040803729,0.1394800991,-0.3127979338,0.518576026
0.2697490454,0.1398515105,-0.0114028007,0.0641659051,0.0426542126,-0.4802878499,0.5186673999
0.2797640562,0.1198435947,-0.0026417372,0.0766857415,-0.0985492468,-0.1420914382,0.0724925697
0.2898139954,0.0183762852,-0.0276961476,0.0381440707,-0.1962193549,-0.0149031356,-0.0897474661
0.2996610403,-0.0259211119,-0.0244203359,0.0124879656,-0.2150233984,-0.0736362189,-0.0659790188
0.3097519875,0.0041618291,0.0081050694,0.0205918141,-0.1837504357,-0.101419121,-0.0934428722
0.3197370768,0.0011178198,0.0198103487,0.0206160136,-0.154810518,-0.1213808358,-0.0795242563
0.329742074,-0.0030444323,0.0227858573,0.0233333893,-0.1055862531,-0.1443319619,-0.0581619777
0.339542985,-0.0044646319,0.0267016292,0.0259234495,-0.0478550494,-0.1639948785,-0.0347011238
0.349717021,-0.0109115299,0.0335042775,0.0280634947,0.0130264126,-0.1782691628,-0.0091536865
0.3597000837,-0.0150597151,0.0290235728,0.0269121714,0.0737894922,-0.1786396056,0.0173654035
0.3697230816,-0.0212853607,0.0323575884,0.0173061676,0.121596694,-0.1599005461,0.0405831076
0.3795870543,-0.0234393533,0.0241868794,0.0024203835,0.1715044677,-0.1285053343,0.0424714237
0.3896989822,-0.0222274717,0.0030746611,-0.0086837234,0.1818109006,-0.0824946985,0.0389786884
0.3996860981,-0.0112526473,-0.0066149533,-0.0054520788,0.1516531408,-0.0527373329,0.0462431237
0.4096870422,-0.0050858315,-0.0163014233,0.0022438345,0.1056371704,-0.0370976515,0.0419242755
0.4199490547,8.3858e-05,-0.0248664767,0.014661747,0.0469485596,-0.0407349989,0.0451781265
0.4296420813,-0.0015361366,-0.0258077085,0.0276532955,-0.0267035551,-0.0402540304,0.0431016609
0.4396700859,0.0017401519,-0.0331341922,0.0318098851,-0.1056697443,-0.0430114679,0.0421122946
0.4496780634,0.005900735,-0.0306650698,0.0264026709,-0.1494363993,-0.0433409028,0.0432073884
0.4598760605,0.0059172455,-0.0239453316,0.020457346,-0.184608236,-0.0479329899,0.0379495099
0.4696580172,0.0027797164,-0.0262368321,0.0197695084,-0.2367601246,-0.0612799563,0.0242613945
0.4797050953,-0.0062006768,-0.0390045494,0.024848897,-0.3294258714,-0.0719283372,-0.0127911652
0.4896280766,-0.0131914075,-0.0506206453,0.0305819102,-0.4401718378,-0.0870697424,-0.0582984611
0.4998790026,-0.0181364473,-0.0592380762,0.0328996964,-0.5573117733,-0.102285713,-0.10592217
0.5096280575,-0.0103186425,-0.0553016216,0.0338021107,-0.6509775519,-0.1183456331,-0.1493106633
0.5196959972,0.0012847128,-0.033752948,0.0316984244,-0.597489953,-0.1328824908,-0.1481930614
0.5296330452,0.0076557342,0.034357056,0.0113327084,-0.4194347262,-0.1257526875,-0.1005560383
0.5397770405,0.0110228602,0.1023305506,-0.0163362436,-0.2052871436,-0.1084091216,-0.0158255715
0.5495949984,0.0097134653,0.1160071939,-0.0327122621,0.0098568518,-0.0866894424,0.0794985518
0.5595990419,-0.0005985555,0.1244886816,-0.0324551277,0.1919610202,-0.0674459711,0.1653009504
0.569601059,-0.0080228504,0.1189571768,-0.0243412666,0.3207746446,-0.0509143993,0.2320344299
0.5798820257,-0.0085474905,0.0933675319,-0.0170306377,0.3943040073,-0.050030496,0.2680954933
0.5896160603,-0.0160090979,0.0774395466,-0.0077363672,0.4124726355,-0.0530872717,0.2691650391
0.5995900631,-0.0164459404,0.0559944063,-0.0050265016,0.3678535819,-0.0644432604,0.2320886254
0.6096020937,-0.0155361947,0.0238370001,-0.0017121256,0.2774661779,-0.0806776211,0.1653263718
0.6195640564,-0.0124463495,-0.0023718623,-0.000823778,0.1497084945,-0.0908988342,0.084736459
0.6295660734,-0.0093798693,-0.0165145993,0.0070303259,-0.0142178582,-0.1121769622,-0.0053143408
0.6395610571,-0.0100371297,-0.0321781039,0.0224190541,-0.1728520989,-0.1280661672,-0.0943388864
0.6495540142,-0.018374091,-0.0325231403,0.0225556679,-0.2900370657,-0.1295719147,-0.1643650979
0.6595520973,-0.0210088547,-0.0100321919,0.0231830664,-0.3678149283,-0.1274072975,-0.2153175026
0.6695849895,-0.0196335968,0.0068584383,0.0234337635,-0.396653235,-0.1171240509,-0.2366118729
0.6795580387,-0.0221599396,0.0202476829,0.0195600577,-0.3530121446,-0.1049637869,-0.2292856574
0.6895530224,-0.0200303253,0.0451426953,0.0126398383,-0.2561918497,-0.0814342275,-0.1901973784
0.6995370388,-0.0179915484,0.0619624406,0.0096104918,-0.1722616851,-0.0504701808,-0.1447730362
0.7095270157,-0.01590777,0.0607521981,0.0083833514,-0.1033252329,-0.0132165551,-0.1004423276
0.7195219994,-0.0195698198,0.0482639223,0.0018360197,-0.0364800207,0.0186777283,-0.0560757853
0.7295210361,-0.0213702377,0.0428266823,0.0009803354,0.019698564,0.0504705459,-0.0138255376
0.7396630049,-0.0210287031,0.028314054,-0.0028319778,0.0503954887,0.0743886605,0.0051191254
0.7495020628,-0.0215326007,0.0047447532,-0.0067031803,0.0384805053,0.09252958,0.0124465469
0.7595280409,-0.0171539839,-0.0082265735,-0.0097233476,0.00420549,0.1082608774,0.0081185112
0.769513011,-0.0127148684,-0.0186654776,-0.011745614,-0.0245883409,0.1090161502,-0.0024901917
0.7795799971,-0.0092096385,-0.0216084868,-0.0187108926,-0.0672395304,0.1096158847,-0.018398717
0.7894860506,-0.0037818609,-0.0225100964,-0.0237398557,-0.1205291152,0.1048104763,-0.0321414284
0.799470067,0.0016078296,-0.0271650404,-0.0248377733,-0.2014394104,0.0900349915,-0.0617355406
0.8094800711,0.0031535567,-0.0396295488,-0.0230050497,-0.276912868,0.0614446364,-0.0869948193
0.8194870949,0.004545385,-0.0402555913,-0.0249631815,-0.3480823636,0.0307056271,-0.1175556555
0.829455018,0.0067304913,-0.0347369015,-0.0170443468,-0.376650095,0.008908987,-0.1407669783
0.8404420614,0.0176302735,-0.0214213133,-0.0244300775,-0.2836701274,-0.0032262392,-0.1439395994
0.8496210575,0.0233001653,0.0308823436,-0.0346391611,-0.1141172945,0.0006041853,-0.0994624123
0.8595250845,0.0269285981,0.0706574619,-0.0433119945,0.0724252909,0.0037523082,-0.0252461042
0.8694410324,0.0294912402,0.0874095708,-0.039719265,0.2130090296,0.0119335391,0.0542820096
0.8794920444,0.0213799421,0.0743255019,-0.0330189876,0.3097665906,0.0303988308,0.1263379604
0.8895120621,0.0122491065,0.054909274,-0.0253976993,0.3798551261,0.0548903272,0.1771249771
0.8994410038,0.0059596244,0.0416140407,-0.0207105093,0.4234646559,0.061904829,0.2078578472
0.9094260931,-0.0022484122,0.0205841959,-0.0112364711,0.4010637403,0.0575108789,0.2142763436
0.9194639921,-0.0064523872,-0.0074241906,-0.0035884799,0.3318597972,0.0450092033,0.1899711341
0.9294470549,-0.011444455,-0.0333474874,-0.0017580213,0.2412697077,0.0439452678,0.1475456506
0.939432025,-0.0134319719,-0.042404592,-0.0029529752,0.1294631511,0.0308694132,0.0945890918
0.9493900537,-0.0104550179,-0.0488664061,0.0015229761,0.0069574681,0.0240511876,0.033100158
0.9594160318,-0.0054011401,-0.0554576069,0.0017919122,-0.1144667044,0.015112821,-0.0273133833
0.9695470333,-0.0032961427,-0.0444988757,-0.002267641,-0.2049987167,0.0065768566,-0.0686280653
0.9793980122,0.0036333145,-0.0246928036,-0.0054917755,-0.2741446495,-0.0102583161,-0.0992774516
0.9893810749,0.0086302701,-0.0134790391,-0.0029640617,-0.2921521366,-0.0222633146,-0.1119357273
0.9993970394,0.0096358005,-0.0010360925,-0.0003507556,-0.2258478105,-0.0419515297,-0.1001710817
1.009401083,0.0083936397,0.0331240594,-0.0024738731,-0.1084695235,-0.0503631234,-0.0651395917
1.0193860531,0.0120467488,0.0509481877,-0.0070841732,-0.0029934337,-0.0448490493,-0.0153147774
1.0293800831,0.0147199575,0.0554002076,-0.0105787935,0.0757288113,-0.0289047044,0.0280848946
1.0393770933,0.014489824,0.0493346006,-0.0101426067,0.1395229697,-0.0089341924,0.0555316992
1.0494070053,0.0123169366,0.0422410965,-0.0088072242,0.1638400257,0.0138257146,0.0702406093
1.0593980551,0.0044473354,0.023198545,-0.0007346095,0.1285564601,0.0273031741,0.0531789288
1.0693399906,-0.0032351075,-0.0039067566,0.0042149602,0.0549994297,0.0285812244,0.0192254912
1.079431057,-0.0079159793,-0.0215737075,0.0050689755,-0.0312700793,0.0221883077,-0.0252931099
1.0893610716,-0.0125706848,-0.0222533196,0.0067113219,-0.1036758348,0.0169807617,-0.0687668175
1.0993500948,-0.0142172035,-0.021332562,0.0064111529,-0.165363431,0.0044199619,-0.1068883687
1.109326005,-0.008086687,-0.0156643242,0.0110926209,-0.220639199,-0.01229377,-0.1364883333
1.1194059849,-0.0028911291,-0.0129511952,0.0128933964,-0.2567650974,-0.02764716,-0.1491113156
1.129314065,-0.0006840286,-0.0024214236,0.0088116704,-0.267300576,-0.0416865498,-0.1564496607
1.1394000053,0.000530118,0.0063445717,0.0076155243,-0.3045888245,-0.0473894402,-0.1648868322
1.1493060589,0.0018509569,-0.0109508485,0.0094558774,-0.2629002333,-0.0576822907,-0.1563500613
1.1592350006,0.0019072833,0.0050326437,0.002539116,-0.1487849951,-0.0565472506,-0.1266892403
1.1694819927,0.0008351746,0.0337728411,-0.0090862932,-0.0102159269,-0.0539253689,-0.070496276
1.1795440912,0.0055996124,0.0365339816,-0.0056221904,0.0940914378,-0.0429270491,-0.0037099193
1.1893620491,0.0064275805,0.0375888944,-0.0099521102,0.188774541,-0.0277736597,0.0577443875
1.1993100643,0.0100711528,0.0370870829,-0.0093321027,0.2567704916,-0.0096814753,0.1128272116
1.2093800306,0.0127274338,0.0289846808,-0.0057104053,0.2917713523,0.0037235457,0.1488371491
1.2193599939,0.0077260677,0.0033155533,-0.0021522464,0.2746102214,0.0121748205,0.1530451924
1.2292540073,0.0017084422,-0.0163487196,0.0002289592,0.2202335149,0.0126414075,0.1318323165
1.2393040657,-0.0012747702,-0.0372825414,0.000616151,0.1339854598,0.0020052742,0.0894593
1.2492610216,-0.0022078215,-0.055762291,0.0010078728,0.0285410583,-0.0067277635,0.0385947935
1.2592380047,-0.0011490044,-0.0627717972,0.0011442482,-0.0832860097,-0.0166112874,-0.0154424757
1.2694190741,-0.0001391826,-0.0534143448,-0.0017933071,-0.1631246507,-0.0282527637,-0.0546197034
1.279425025,-0.0011529383,-0.0295415521,-0.0048630657,-0.2088689655,-0.0394670665,-0.0747004747
1.2892520428,0.0046577994,-0.0084892213,-0.0059059085,-0.2205349505,-0.0470751859,-0.0788925514
1.2992560863,0.0084850732,0.0088610351,-0.0079206647,-0.2002435327,-0.0511298478,-0.0714436918
1.3090749979,0.0142267291,0.0206113905,-0.0097698392,-0.1671375036,-0.0603294708,-0.0522841141
1.3192540407,0.0141080562,0.0189116448,-0.0046383562,-0.1254968345,-0.0663154647,-0.040590439
1.3293340206,0.0188346449,0.0125139803,-0.0032358589,-0.0945138931,-0.0724250153,-0.0331357196
1.3393189907,0.0158460084,-0.0017222314,-0.011548561,-0.0924012065,-0.0723493844,-0.0256988406
1.3492460251,0.0127908532,-0.0149670988,-0.0110177221,-0.1104923263,-0.0799527094,-0.0235121194
1.3592190742,0.0127118174,-0.0293272734,-0.0113995494,-0.1392243654,-0.0898154601,-0.0255513005
1.3694320917,0.0165055338,-0.0369402617,-0.0137362899,-0.1712393016,-0.0900812447,-0.0276520029
1.3792520761,0.0233047549,-0.0417135805,-0.023017209,-0.2055200487,-0.0764280111,-0.0255947113
1.3892110586,0.0300841276,-0.0405912846,-0.0344236307,-0.2344235927,-0.070157066,-0.016053671
1.3992030621,0.0319048688,-0.0383336097,-0.0362133197,-0.2387099415,-0.073282294,-0.0022174837
1.4092410803,0.02586996,-0.0330178738,-0.04098038,-0.2429877967,-0.0764309466,0.0084298337
1.4191890955,0.0226937477,-0.0323259979,-0.0387461595,-0.2493761927,-0.081751138,0.0169676635
1.4292190075,0.0174592081,-0.0275307745,-0.0345914774,-0.2685149908,-0.094642967,0.0266261492
1.4391870499,0.0160013977,-0.0224330127,-0.0253433399,-0.2885940373,-0.1235625073,0.0374504328
1.4491760731,0.014532024,-0.0221017748,-0.022681158,-0.2884390354,-0.1448827088,0.0439629257
1.459239006,0.0099905077,-0.0109899789,-0.0237682275,-0.279831022,-0.155453071,0.05040152
1.469184041,0.0229069535,0.0012938679,-0.0205818824,-0.2680539787,-0.1638215184,0.0610714741
1.4792200327,0.0474789068,0.0147277564,-0.0133111896,-0.2712385952,-0.1701670289,0.0717382357
1.4891819954,0.0555623099,0.0231023878,-0.0197672062,-0.2691088617,-0.1711830199,0.0759928972
1.4991630316,0.0579302832,0.0196588784,-0.0282268934,-0.2829116285,-0.1767098755,0.0675409585
1.5091320276,0.0516067073,0.0082116872,-0.0338129215,-0.3030456603,-0.1856157482,0.0442401618
1.5191460848,0.0443540737,-0.0025080589,-0.0345315151,-0.3540039062,-0.2055585682,0.0082845585
1.5292510986,0.035167627,-0.0144314766,-0.0322255306,-0.4187179208,-0.2395186722,-0.0296961125
1.5391680002,0.0250231568,-0.0266459435,-0.0316908769,-0.487716049,-0.2745211124,-0.0612951852
1.5491200686,0.0332851931,-0.0193745643,-0.0338441543,-0.5535160899,-0.3115779459,-0.0854439288
1.5591580868,0.0502975509,-0.0062944293,-0.0406988077,-0.6002365947,-0.335588187,-0.1011918709
1.5691610575,0.0741614029,0.0145556778,-0.0611793213,-0.6227607727,-0.3229278028,-0.1001958475
1.5791159868,0.103978388,0.0422262996,-0.1043681353,-0.6294512153,-0.2887642384,-0.0982858315
1.5891079903,0.126126945,0.0542870462,-0.1351561993,-0.6424556971,-0.2601163387,-0.1112112105
1.5991230011,0.1366218925,0.0554938465,-0.1447674483,-0.6872665882,-0.2500570714,-0.1441790164
1.6091120243,0.1306490898,0.0456079692,-0.1438039988,-0.7530964613,-0.2703039944,-0.2024332583
1.6190789938,0.1140337512,0.0322487205,-0.1378471106,-0.8388487697,-0.3271992505,-0.2784962058
1.6290900707,0.1032757089,0.0241621733,-0.1266683787,-0.9543167353,-0.4015059769,-0.363987416
1.6391019821,0.0963643119,0.0213653147,-0.1090668887,-1.0600385666,-0.4907445014,-0.4547011852
1.6491570473,0.0846301839,0.0314569026,-0.1095898598,-1.1434913874,-0.5668776631,-0.532766223
1.6590790749,0.0788042471,0.0439211279,-0.1144698113,-1.2024532557,-0.6405747533,-0.5981153846
1.6690540314,0.0798974559,0.0500750095,-0.1178286523,-1.2179269791,-0.6870703697,-0.6466730833
1.6790649891,0.0838916823,0.0743328482,-0.1336349696,-1.1664531231,-0.7082131505,-0.6656941175
1.6891850233,0.0955778882,0.119038105,-0.1570287198,-0.9394724369,-0.6876977682,-0.5969302058
1.6990580559,0.1283601522,0.2003838271,-0.2041767091,-0.4161277413,-0.6680990458,-0.4040694535
1.7090630531,0.1650054455,0.3435569406,-0.2396381348,0.2296464741,-0.6404359937,-0.12847808
1.7190589905,0.1890684366,0.3846933842,-0.2490148991,0.7347482443,-0.6228131056,0.1005324647
1.7290560007,0.2075822949,0.2975854576,-0.2148474902,1.0979828835,-0.6107239127,0.3105538785
1.7390559912,0.2127023339,0.2450050414,-0.1723669022,1.3463299274,-0.626691401,0.4687818587
1.7490170002,0.2066860795,0.2138247192,-0.134166047,1.4757208824,-0.6869632602,0.5530112386
1.759032011,0.2020924091,0.1185816228,-0.1008158177,1.3707488775,-0.7586310506,0.5163643956
1.7689940929,0.1871358156,0.0091711134,-0.0770513266,1.108063221,-0.8322022557,0.400161922
1.7790050507,0.1694130301,-0.0699336678,-0.0641955584,0.7985546589,-0.9075539708,0.2436350286
1.7889959812,0.1594671607,-0.0867293626,-0.0623655729,0.5050122738,-0.9742999673,0.0785398185
1.7990120649,0.1536018252,-0.065729931,-0.0715190619,0.2773952186,-1.0168663263,-0.0686985031
1.8089990616,0.1596445441,-0.0193706006,-0.0847237557,0.0986555591,-1.0417379141,-0.1905873865
1.8190170527,0.1725753546,0.0477059335,-0.0767935961,-0.1197868958,-1.0496355295,-0.2913101614
1.828985095,0.1773193479,0.0826285928,-0.0644069165,-0.3180411458,-1.0445864201,-0.3963811696
1.8389869928,0.1727501154,0.1068426818,-0.0574133806,-0.4107930362,-1.0278199911,-0.4771690965
1.8490480185,0.1760787964,0.1635965258,-0.0635420531,-0.3948127329,-1.004609704,-0.5272631049
1.8589690924,0.1933581829,0.2141620964,-0.0746356696,-0.3203625977,-0.9635935426,-0.5477659106
1.8689700365,0.1993740201,0.2302493304,-0.0886177272,-0.2039859295,-0.9585907459,-0.5680650473
1.8789680004,0.1831758618,0.2275563627,-0.0934755057,-0.0469700769,-0.9743939638,-0.5585113168
1.8889629841,0.1873844266,0.2504993081,-0.1034473628,0.1593455374,-1.0164825916,-0.5424466133
1.8989289999,0.1975277066,0.256136775,-0.0847729295,0.3148400784,-1.1008325815,-0.5473183393
1.9089239836,0.2012956142,0.2205928713,-0.0461576395,0.355478853,-1.2195994854,-0.5986337066
1.9189339876,0.1891629696,0.1578023881,-0.010323924,0.2811051309,-1.3472762108,-0.7135574818
1.9289420843,0.1670016646,0.0916383713,0.0233668275,0.136331439,-1.4620270729,-0.8773829341
1.9389230013,0.136801362,0.0374281555,0.0542905517,-0.0813557506,-1.5367364883,-1.0424796343
1.9489490986,0.1062360331,0.0244766921,0.067257598,-0.3195051849,-1.5964869261,-1.1895982027
1.9589290619,0.0793263838,0.0285248011,0.0827500373,-0.5086940527,-1.6335320473,-1.3507093191
1.968988061,0.0523187444,0.0426840037,0.0820723921,-0.6055396199,-1.6214401722,-1.4739575386
1.9789170027,0.0432253405,0.1048917919,0.0697366744,-0.6081306338,-1.546014905,-1.5254379511
1.988877058,0.0510984585,0.1709643453,0.0596871562,-0.5169644952,-1.464181304,-1.5377186537
1.9992049932,0.0622187778,0.2169238776,0.0629372746,-0.3523724675,-1.3696877956,-1.5108237267
2.0091500282,0.0763412043,0.2665014267,0.0649285465,-0.1376649588,-1.2767617702,-1.4627063274
2.0189080238,0.0846942589,0.2984869778,0.0767908245,0.1113344729,-1.2037949562,-1.4049224854
2.0288438797,0.0766159818,0.306977123,0.0889870077,0.360399425,-1.1383192539,-1.348151803
2.0388810635,0.0648955628,0.2939142585,0.0791909248,0.5829004049,-1.085914135,-1.2955257893
2.0488929749,0.0525554344,0.2514910698,0.0616744347,0.8170671463,-1.1426868439,-1.271948576
2.0589110851,0.0425265953,0.1885304898,0.0910198838,0.9804251194,-1.2792476416,-1.2658675909
2.0688619614,0.0262376014,0.1309114248,0.1142110974,1.0679582357,-1.4100141525,-1.262955904
2.0788700581,0.0066896025,0.0891031772,0.1139124185,1.0665309429,-1.4892650843,-1.279437542
2.0888671875,-0.0219761189,0.059968546,0.0825997144,1.0700002909,-1.5213111639,-1.2802945375
2.0988631248,-0.0455485061,0.0498073846,0.0572065897,1.0477210283,-1.5438009501,-1.2652596235
2.1088600159,-0.0427447632,0.0511522144,0.0651058108,0.9869091511,-1.5589892864,-1.2364341021
2.1188521385,-0.0338447765,0.052794382,0.0745179206,0.8917824626,-1.5510215759,-1.2183579206
2.1288561821,-0.0112952646,0.087822482,0.0822289735,0.8200454712,-1.5238059759,-1.2206091881
2.1388449669,0.0048004333,0.115887329,0.0833606869,0.7877498269,-1.4794175625,-1.2506228685
2.1488242149,0.0212798063,0.1322828382,0.0830682665,0.7980344296,-1.4249838591,-1.269043684
2.1588270664,0.0563172027,0.1763028949,0.0764666349,0.8063464165,-1.3898117542,-1.2873344421
2.1688141823,0.0927981064,0.1903146952,0.1021106988,0.8034097552,-1.4093543291,-1.3201397657
2.1788611412,0.0872721598,0.1668954343,0.1296346337,0.8017346263,-1.447176218,-1.3677045107
2.1888020039,0.0677451417,0.1560448855,0.1571691185,0.8298680186,-1.4772390127,-1.4089624882
2.1988348961,0.0468823835,0.1561179608,0.1682794839,0.8835114837,-1.4984564781,-1.4386082888
2.2089810371,0.0227664057,0.1409327835,0.1796931773,0.9402056336,-1.5067045689,-1.4545302391
2.2188081741,-0.0085160788,0.1105066985,0.1609511524,0.9934532046,-1.4913311005,-1.4546663761
2.228801012,-0.038746424,0.0875721425,0.1469981223,1.0188711882,-1.4738794565,-1.4367367029
2.2388081551,-0.0669326261,0.0487339348,0.1622299701,0.995249629,-1.4663783312,-1.4133974314
2.248855114,-0.101084657,0.0151029676,0.1904595643,0.9179654717,-1.4334257841,-1.3646870852
2.2587761879,-0.124000974,0.0149718374,0.1883489043,0.8445984721,-1.3671004772,-1.2917613983
2.2687590122,-0.1252422929,0.0446561426,0.1823704988,0.7883468866,-1.3038773537,-1.2220141888
2.2787590027,-0.113380976,0.060473904,0.1915525943,0.7918534875,-1.244332552,-1.1363482475
2.2887690067,-0.0879798606,0.1124951094,0.2060824782,0.8378254771,-1.1618949175,-1.0370502472
2.2987651825,-0.050865002,0.1708049625,0.2147415429,0.9670379758,-1.0839979649,-0.9186558127
2.3087940216,-0.0203037318,0.2093786448,0.2219790965,1.1552352905,-1.0314735174,-0.8213878274
2.318734169,0.0126585905,0.2234407514,0.2388557345,1.3180218935,-0.9943301678,-0.7505649328
2.3289320469,0.0103975479,0.1975150555,0.243320778,1.4241435528,-0.9385558367,-0.6989435554
2.3389360905,-0.0138142165,0.1802166551,0.2359013706,1.4802572727,-0.9024095535,-0.6471585035
2.3519768715,-0.0598700121,0.1587056965,0.2331309468,1.5289145708,-0.8621790409,-0.6113320589
2.3589019775,-0.0827137902,0.1329824775,0.2323424965,1.5188381672,-0.9401649237,-0.5980731249
2.3690710068,-0.0709244087,0.0862597674,0.1793229729,1.2798868418,-0.7140510678,-0.5632512569
2.3788740635,-0.0695200041,0.0149140209,0.2090503722,0.9778947234,-0.3118618429,-0.6293902993
2.3885359764,-0.221229136,-0.0457255989,0.2542045414,0.5795646906,-0.1160862148,-0.7483071089
2.39854002,-0.1560571194,-0.0644906312,0.2852884233,0.6208572388,-0.3034896553,-0.826798737
2.4085390568,-0.0352588966,0.0261280984,0.2935509384,0.7878853679,-0.4945808053,-0.8256762028
2.418803215,-0.0042088088,0.1323535293,0.2862288654,1.0387786627,-0.6576759815,-0.7514891624
2.4286551476,0.0979597494,0.1808575839,0.2513603866,1.2822730541,-0.7261940241,-0.6099168658
2.4385371208,0.1547361612,0.2033914775,0.2360693961,1.5196627378,-0.7111769915,-0.4433838427
2.4485750198,0.1705172658,0.1801864952,0.251572758,1.6569257975,-0.5629186034,-0.3541378379
2.4584989548,0.2202657759,0.1753793806,0.2954646051,1.4851197004,-0.326610148,-0.3130553961
2.4685139656,0.2845847607,0.0717232674,0.3468429148,1.0328065157,-0.0574870817,-0.4302853346
2.4785461426,0.273457706,-0.0461439639,0.3070435226,0.4843669236,0.1089061573,-0.5999031067
2.4884960651,0.1969923377,-0.1158135086,0.2183386832,0.0168457851,0.2035953701,-0.8530398011
2.4985470772,0.1082038209,-0.1650668532,0.1466075927,-0.2905308008,0.304659158,-1.1307649612
2.508491993,0.0360905454,-0.1798957139,0.147304669,-0.5517333746,0.3478404284,-1.3444031477
2.5185289383,-0.0492958501,-0.1898597032,0.2235238105,-0.4510577917,0.3341321051,-1.4134389162
2.5284860134,-0.088446416,-0.074569717,0.2637914717,-0.0603187717,0.2846772075,-1.3007775545
2.5387411118,-0.0156033095,0.1093253344,0.2766468227,0.5482314825,0.0676692426,-1.1053783894
2.5484950542,0.112543188,0.2055401653,0.2734602988,1.2021539211,-0.2246555686,-0.8840245008
2.5584549904,0.1958480775,0.2775347233,0.2595270574,1.7273638248,-0.452545166,-0.6353753805
2.5685338974,0.2534407675,0.2755499482,0.2396542579,2.0317783356,-0.5532160997,-0.4341432154
2.5784780979,0.2647969723,0.1733565778,0.2292271405,1.9592149258,-0.5674238205,-0.4053171277
2.5883030891,0.2193297148,-0.0058793575,0.2290905267,1.6476376057,-0.5418662429,-0.5093796253
2.5984430313,0.156891346,-0.181852594,0.1875331551,1.2817238569,-0.4751623571,-0.7517796159
2.6085109711,0.1503024697,-0.3189638555,0.1548811942,0.9252839684,-0.3756203055,-1.0379594564
2.618434906,0.1697643101,-0.3730956316,0.1362478286,0.4748740792,-0.2756559253,-1.3145142794
2.628264904,0.1711963117,-0.4189263582,0.123852089,0.0791096911,-0.1998679191,-1.5930758715
2.6383008957,0.1592579186,-0.413800329,0.10813196,-0.2228672057,-0.126115948,-1.8196325302
2.6482629776,0.1461657286,-0.3493475914,0.1083319932,-0.3736101091,-0.0482211411,-1.9485816956
2.6586551666,0.1527748704,-0.2848900557,0.1107694656,-0.497446835,-0.0240327176,-2.0081477165
2.6683180332,0.0844600722,-0.2485705167,0.1250003725,-0.4679800272,0.0149442414,-1.976549387
2.6784250736,0.0418218598,-0.1661278158,0.1063588411,-0.3159058094,0.035376545,-1.8492995501
2.6884679794,0.0832434222,-0.0875951797,0.0972232372,-0.0859559625,0.0377028175,-1.6603696346
2.6983971596,0.0989181921,-0.0613812953,0.0767079145,0.1548388153,0.0187488347,-1.4702481031
2.7083580494,0.1061713919,-0.0452631265,0.0771368295,0.4034219682,-0.0302554592,-1.3011837006
2.7183849812,0.1201969311,-0.0668524057,0.0762012154,0.5806595087,-0.0896681845,-1.1596236229
2.7284700871,0.1119409129,-0.1234101206,0.0682030469,0.6406596899,-0.152541697,-1.0668298006
2.7383880615,0.0727130547,-0.1867174059,0.0611435361,0.5855565071,-0.2272220552,-1.0004378557
2.7484610081,0.0419343486,-0.2092278153,0.0790589005,0.5121107697,-0.2712020278,-0.9522938132
2.7584528923,0.022832999,-0.2016286999,0.0889431983,0.4952642918,-0.3137713373,-0.9158866405
2.7683780193,0.0378877595,-0.1751018316,0.0736823827,0.5133977532,-0.3261478543,-0.8796977401
2.7783770561,0.0694627687,-0.1551488787,0.0653926879,0.4802985191,-0.3263773918,-0.8764856458
2.7885770798,0.0904527977,-0.1669331938,0.060705442,0.4043744802,-0.3088223636,-0.8797336221
2.7983531952,0.093513824,-0.1705534607,0.0466003008,0.3526338041,-0.2566539943,-0.8566620946
2.8083570004,0.0927498862,-0.141223982,0.034886796,0.3114999235,-0.2021366805,-0.8187408447
2.8183860779,0.0856406912,-0.1385694295,0.0375082083,0.2448225021,-0.1542871296,-0.7881982327
2.8284950256,0.0564735457,-0.1345614344,0.03950103,0.1886324584,-0.0849503949,-0.753549695
2.8383960724,0.0105127338,-0.1024956852,0.0272695608,0.1981520504,0.0206367485,-0.6628707647
2.8483440876,-0.0066680815,-0.0572545677,-0.0112720551,0.2086092234,0.1307518035,-0.5446043611
2.8584041595,0.004324669,-0.059537366,-0.0427653007,0.1649281979,0.211428538,-0.4452328682
2.8684420586,0.0059941355,-0.095231548,-0.0646756738,0.1413168758,0.2021716535,-0.3814128637
2.8783750534,0.0094781462,-0.098616913,-0.0729955286,0.1238496006,0.0883633345,-0.2999197543
2.8883171082,0.0153966043,-0.0921231061,-0.059718173,0.1109375283,-0.0763553083,-0.176667586
2.8983640671,0.0017116609,-0.1008985788,-0.0538761429,0.2143382132,-0.2411330789,-0.040748097
2.9083180428,0.0095186327,-0.0645204335,-0.0555745773,0.457241416,-0.3799237013,0.1331520677
2.9183778763,0.0434069857,0.0086915344,-0.0323757939,0.717797339,-0.4566320777,0.3013248146
2.9283180237,0.0599886701,0.0091188997,0.0070092259,0.9490486979,-0.4580470026,0.4265346527
2.9383010864,0.0562606975,0.0042256266,0.0566824265,1.0505832434,-0.3732407987,0.5024054646
2.9482879639,0.0506753996,-0.0097435266,0.0713190585,1.0846313238,-0.2423120588,0.5334043503
2.9582829475,0.0536744073,-0.0133903772,0.0678049475,1.0139718056,-0.0795055628,0.5122125149
2.9683489799,0.0507578179,-0.0347314626,0.0673144609,0.8399160504,0.0884054154,0.4315659404
2.978427887,0.0519691184,-0.0729330629,0.0577251501,0.5508393049,0.2547520399,0.2723940909
2.9885630608,0.0643149391,-0.1101195961,0.0406720825,0.2332517207,0.3897404969,0.0964459777
2.9982659817,0.0694729909,-0.1242170185,0.0237311311,-0.1041454822,0.474188,-0.098288089
3.0085821152,0.0583024099,-0.1387126297,0.0206662603,-0.423951447,0.4936386645,-0.284109354
3.0190839767,0.0402225479,-0.1440359503,0.0095601855,-0.6034088135,0.4207876027,-0.3908104897
3.0293200016,0.0482259467,-0.100568071,0.003842908,-0.6536996961,0.3175309896,-0.4209151268
3.0390892029,0.0403568819,-0.0312431604,0.0129625974,-0.5172647834,0.1855726987,-0.3510970175
3.0488619804,0.0095314179,0.0624595135,0.0385924168,-0.2290638536,0.0072146836,-0.2205299884
3.058423996,-0.0033158569,0.1245715767,0.0344070978,0.1766739339,-0.1977480501,-0.0580019206
3.0683140755,0.0278492365,0.1441331357,0.0233214088,0.6063049436,-0.317142874,0.0901446715
3.0782110691,0.0545041189,0.126543656,-0.0226718597,1.024312973,-0.3243366182,0.2450065613
3.0882868767,0.0513746962,0.0892850012,-0.0538378768,1.296661377,-0.2571125627,0.3601810634
3.0982298851,0.0599836931,0.0440238565,-0.0492974333,1.2896931171,-0.1971251369,0.3821080923
3.1082649231,0.0509371385,-0.0486800224,-0.016371768,0.9565036893,-0.1354865432,0.2672028244
3.118211031,0.0171247963,-0.1953918487,0.0009778319,0.4825635254,-0.0648597777,0.0811586305
3.1282770634,-0.0075226184,-0.2647964656,0.0021087704,-0.0141221192,0.0472403951,-0.1093894765
3.138212204,-0.0185020175,-0.239011988,-0.008047265,-0.4370703101,0.1356296539,-0.2647770643
3.1482439041,0.0025518627,-0.1969106644,-0.0020864429,-0.7528951168,0.1642335951,-0.3837298155
3.1581912041,0.0188303981,-0.1378030926,0.0181604214,-0.9757020473,0.1586420238,-0.4610930681
3.1682229042,0.0296240095,-0.0771037489,0.0367229767,-1.0085891485,0.1474000216,-0.4960561097
3.1781859398,0.0464984551,4.66557e-05,0.0428880043,-0.8097521663,0.0937684774,-0.4480391443
3.1883459091,0.0625135824,0.0986359268,0.0592073984,-0.3899610043,0.0125561859,-0.3256306946
3.1983242035,0.064019151,0.1860960871,0.0573137589,0.1724474877,-0.0434610099,-0.1354908645
3.2084050179,0.0612680241,0.2572330236,0.0619957037,0.6994830966,-0.0962248892,0.0918349773
3.218337059,0.0520615801,0.2403477877,0.0615678616,1.1702232361,-0.1721111238,0.290664047
3.2283921242,0.0492895618,0.1627903134,0.0515294261,1.459741354,-0.235374257,0.3801129758
3.2383241653,0.0284738485,0.0455495566,0.0449643917,1.4534522295,-0.2535026371,0.3908593655
3.2483558655,0.0265642349,-0.080667749,0.0173065253,1.2005206347,-0.2241943032,0.2973555028
3.2583088875,0.0224534366,-0.1776939183,-0.0227772407,0.8457705975,-0.1339291334,0.1748431772
3.2683460712,0.0205851737,-0.2096890956,-0.0569350533,0.5042170286,-0.1010492072,0.0792532712
3.2783050537,0.0619918332,-0.1964161843,-0.0727652162,0.2156699449,-0.0302056596,0.0003781661
3.2883350849,0.0564831421,-0.1985465735,-0.0694536418,-0.0201575048,0.0002129669,-0.1037687361
3.2982869148,0.0731328651,-0.1725758761,-0.0544085316,-0.2593342662,0.0309927166,-0.1622311175
3.3083610535,0.0957436338,-0.1735910624,-0.0584614687,-0.3493240774,0.0834458098,-0.1965049356
3.3182890415,0.0814999565,-0.1325510889,-0.0594833307,-0.4010179043,0.1323542297,-0.1797869354
3.3282740116,0.0750537738,-0.1461433321,-0.0632069558,-0.3693244159,0.1564670205,-0.1385321766
3.3382811546,0.0525253043,-0.123848334,-0.0630097836,-0.2379341722,0.0976106226,-0.0160693824
3.3483109474,0.0444774255,-0.0634804815,-0.0317713432,-0.055881016,-0.0290794075,0.1280478537
3.3582911491,0.0157641117,-0.012104854,0.0091021834,0.1178878471,-0.1805536151,0.2563965023
3.3682661057,-0.0111620482,0.0261708051,0.0420660563,0.2474285215,-0.2746806443,0.3812161982
3.3783330917,-0.0474602804,0.0509592742,0.0707201511,0.3660578132,-0.3222564459,0.4600592256
3.3882579803,-0.0943177268,0.0612507313,0.0881719738,0.4961622953,-0.3209413588,0.4960811436
3.3982601166,-0.1148890629,0.0697301775,0.0964324623,0.564314425,-0.2980315089,0.4884474576
3.4083240032,-0.0955252871,0.0600867122,0.0875174552,0.546818018,-0.2353713214,0.457243979
3.4182400703,-0.0696790889,0.0439842194,0.064619258,0.4535138011,-0.1512756348,0.3770869672
3.4282169342,-0.0393353626,0.0247348994,0.0460660048,0.3134134114,-0.0711245909,0.2523652911
3.4382400513,-0.0130240079,0.0006519706,0.0227953382,0.1085029989,-0.0225924812,0.1130181625
3.4482851028,0.0213730279,-0.0354714841,0.0172925182,-0.1015066952,-0.0019111703,-0.0282673277
3.4582219124,0.0231671575,-0.0554127246,0.0165736265,-0.2683880925,-0.0426844358,-0.1458128691
3.4682531357,0.0335900411,-0.0454484969,0.0095122634,-0.3563794494,-0.0993237421,-0.1900045574
3.4782161713,0.0514419451,-0.0279418379,-0.0092912139,-0.3282628655,-0.1460755318,-0.1833482534
3.4882910252,0.036227487,-0.0179839283,-0.0154301347,-0.3058385253,-0.1626577079,-0.1428855062
3.4982039928,0.0238236133,-0.0410419255,-0.0038307132,-0.3605367839,-0.1362521946,-0.1302697212
3.5082359314,0.0128339473,-0.0671711713,-0.0099480571,-0.3313341439,-0.0746237263,-0.0743830204
3.5181670189,0.0151401702,-0.0360851735,-0.0392002873,-0.1059243456,-0.0203812569,0.0653443784
3.5282621384,0.0040624384,0.0378329307,-0.0365097933,0.1814842671,0.0142353084,0.2285274416
3.5381379128,-0.0002517757,0.0553459078,-0.0283596329,0.4686551988,-0.0390782468,0.3582826555
3.5482521057,0.0198193584,0.0656899065,-0.0053196372,0.6726786494,-0.0954120904,0.4604950249
3.558175087,0.0158276949,0.0619399399,-0.0002813758,0.8382958174,-0.1374543458,0.5190845728
3.568251133,0.0104726497,0.0441365391,0.0167851634,0.8088774681,-0.1765580773,0.4726134837
3.5780720711,0.0063638184,-0.0421817154,0.0415750928,0.6067072153,-0.2059284747,0.3465235829
3.5882220268,0.0057095233,-0.095789656,0.0282596536,0.3603123128,-0.1695965677,0.1934757233
3.5981640816,0.0066923145,-0.1110433489,0.0010586559,0.1155659705,-0.0922381356,0.0869058669
3.6081860065,0.0122313146,-0.1233213991,-0.0155809941,-0.1600150019,-0.0321644135,-0.0131560182
3.6182699203,-0.0089272317,-0.13545461,-0.0110081853,-0.4324594438,0.0218309108,-0.0770600289
3.6282138824,-0.0220072027,-0.1068619937,-0.0075403871,-0.6354594231,0.0563273691,-0.1090137064
3.6381239891,-0.0342858508,-0.0757985264,-0.0037288489,-0.7647123337,0.0691789836,-0.1143199205
3.6482210159,-0.0483755246,-0.0542396456,-0.0021871151,-0.8104926348,0.0549214855,-0.1152578816
3.6583352089,-0.042090781,-0.0150680691,-0.0031939568,-0.6472335458,0.0374985524,-0.0504523925
3.6681950092,-0.0216547903,0.0787392408,-0.0032554688,-0.3121029437,-0.012114007,0.0941205025
3.6781191826,0.0006316843,0.178860113,0.0166314431,0.0872766748,-0.0889568552,0.246262908
3.6881840229,0.0111313257,0.1974285096,0.0451510735,0.4067486823,-0.1605295688,0.3368071914
3.6981391907,0.004871631,0.1619119197,0.0534742065,0.6641089916,-0.1933575571,0.3899610639
3.708137989,0.0035525651,0.1421878785,0.0323367901,0.8775341511,-0.1905199587,0.4036047161
3.7181091309,0.0090760533,0.1131436378,0.0107719479,0.9510233998,-0.1665243506,0.3927716315
3.7281820774,0.0165368859,0.0576974303,-0.0010523022,0.8494288921,-0.1270682812,0.3490286767
3.738090992,0.0179372076,-0.0003574638,-0.0009341658,0.6240316033,-0.0760607645,0.2681129277
3.7481729984,0.0082681719,-0.0415325612,-0.0127729597,0.3376786709,-0.0074473498,0.1765023321
3.7581810951,0.0118094925,-0.0748242885,-0.0198316984,0.0214735605,0.056660533,0.0849415213
3.768157959,0.0081962291,-0.1080021709,-0.011414391,-0.2369436026,0.0978194177,0.0073005203
3.7780730724,0.0022667737,-0.0982907563,-0.0029752674,-0.3831044137,0.1111405566,-0.0521762557
3.7880659103,0.0061272029,-0.0660506636,0.0060620485,-0.4436242282,0.0847307816,-0.0859592557
3.7980751991,0.0094082598,-0.0409590751,0.0179843493,-0.4294558167,0.0547936559,-0.0995849222
3.8081359863,0.0139771942,-0.0002498775,0.0029226718,-0.217930764,0.0088970028,-0.0335667506
3.8180341721,0.0318539515,0.0986265987,-0.0084550204,0.0372165702,-0.039430581,0.0834304392
3.8281149864,0.0297964457,0.1362837404,-0.0051047029,0.2477506399,-0.1012215093,0.1665506214
3.8380579948,0.0344896242,0.1016361564,-0.0005931677,0.4070658684,-0.1550850123,0.2230952531
3.8481040001,0.0284400526,0.0958450288,0.0052713929,0.5086004734,-0.1860184222,0.2635958195
3.8580300808,0.0129436497,0.0703745037,0.0056145964,0.5961253047,-0.1884746552,0.2720494866
3.8680901527,-0.0016294477,0.0405679792,0.0012396752,0.6492862701,-0.1655552238,0.2793004811
3.8780322075,-0.0196076985,0.0275210887,-0.0130438628,0.6797558069,-0.1054860279,0.2767652869
3.8880650997,-0.0226736721,0.0260526687,-0.0353185348,0.6406984329,-0.0277933683,0.273101598
3.8980231285,-0.0155972894,0.0029736611,-0.0335518532,0.4716736078,0.0346303284,0.226068154
3.9080681801,-0.0223036464,-0.0546634942,-0.0198725872,0.2153012156,0.0896357894,0.1408991963
3.917992115,-0.0117845144,-0.0814169496,-0.0197247081,-0.033440955,0.1233697832,0.0611748025
3.9280328751,-0.0067931619,-0.049789235,-0.014776391,-0.2119086981,0.16228576,0.0238633845
3.9379968643,-0.0096743461,-0.0253465027,-0.0054225745,-0.3229155242,0.16978921,0.0026477117
3.9479870796,-0.0033735542,-0.0228316933,0.0107957898,-0.3514510095,0.1395423561,-0.0088225231
3.9579780102,-0.0064033624,-0.0138327926,0.0145129142,-0.1878658235,0.0867537186,0.0434579924
3.968059063,-0.0086303409,0.0715867132,0.0226004906,0.0526953936,-0.0013159539,0.1511626244
3.9781980515,-0.0051607545,0.1078174561,0.0446095057,0.271956265,-0.0907204077,0.2472051233
3.9879870415,0.001344079,0.0808328539,0.04921766,0.4430515766,-0.148777321,0.30270648
3.9979901314,0.0089632813,0.0692109615,0.0435968228,0.6042585969,-0.167478025,0.3452126384
4.0080223083,0.0135092083,0.0604497045,0.0332991667,0.6733095646,-0.1326153874,0.3598118126
4.0179538727,0.0030682178,0.0303538293,0.020960886,0.707936883,-0.0575797595,0.3539902866
4.0279889107,0.0093522761,0.0093705207,-0.0011872471,0.7402189374,0.0305381138,0.3799560964
4.0379562378,-0.002050495,0.0118392557,-0.0139948549,0.7320060134,0.1139864028,0.3964186907
4.048019886,-0.0177144762,-0.0249586254,-0.0135049643,0.570435226,0.177560851,0.3525612354
4.0579442978,-0.0355887786,-0.0886516124,0.0058098016,0.2779231966,0.217246756,0.2579529881
4.0679922104,-0.0428126827,-0.1180417091,0.0027787862,-0.0152362511,0.2119063139,0.1487660408
4.0779261589,-0.0441000536,-0.0911114365,0.0067505417,-0.214101404,0.1592849046,0.0504463911
4.0879650116,-0.0409583673,-0.0434021801,0.0190887041,-0.3766815364,0.0954561234,-0.0170192011
4.0979032516,-0.0339539424,-0.0105335861,0.0322857685,-0.4730974138,0.0279908031,-0.0707006678
4.107984066,-0.0163413491,0.0171204656,0.0260785408,-0.4500895739,-0.0319470987,-0.1011374071
4.1179261208,0.0018888655,0.0572680086,0.0133176027,-0.3257679045,-0.0960959941,-0.0901819542
4.1279478073,0.0166612212,0.0921363682,0.0137871085,-0.1686360538,-0.1341626942,-0.0592354946
4.1379060745,0.0192219559,0.0968858153,0.0120830117,0.0704858452,-0.1543404013,-0.0104015106
4.1479282379,0.030459309,0.1121560782,0.0004570066,0.3540752232,-0.150215432,0.0903008655
4.1578969955,0.038346909,0.1196904927,-0.0113439383,0.6885767579,-0.1291641891,0.2492889166
4.167953968,0.0506671891,0.0911117047,-0.0222532563,0.9396566153,-0.0738159865,0.3698672652
4.1780261993,0.0478694811,0.0051636547,-0.0348476581,0.9547240138,0.024983827,0.4106493294
4.187833786,0.0478223339,-0.0659781545,-0.0323676281,0.7811700702,0.0985115767,0.4166680574
4.1979103088,0.0403319523,-0.125773415,-0.02589963,0.5109519362,0.1334602386,0.3730705082
4.2079391479,0.0219540093,-0.158797577,-0.0173643641,0.2337181866,0.1180091128,0.3170575798
4.2178592682,0.0007488671,-0.14363648,-0.0174844675,0.0154360402,0.0751838833,0.2569339275
4.227889061,-0.017152315,-0.1068793684,-0.0170808248,-0.1377215534,0.0296883024,0.1999667883
4.2378349304,-0.0237520691,-0.07028611,-0.0119135203,-0.2321231663,-0.0311678592,0.168556124
4.2479047775,-0.0258582886,-0.0255569071,-0.0058098854,-0.2752983272,-0.0968344808,0.1530762315
4.2578511238,-0.0234328862,0.0110079795,-0.0015840352,-0.3122460842,-0.1410746574,0.1374518722
4.2678599358,-0.0165804829,0.0247075707,0.0076141534,-0.358900398,-0.1652577519,0.1015199646
4.2778201103,-0.0123560335,0.0233013928,0.0040674387,-0.3813629746,-0.1475288272,0.070613049
4.2878541946,0.0091904942,0.0357503146,-0.0121318521,-0.3046937585,-0.1213574037,0.0618906617
4.2978110313,0.0342259035,0.0751994103,-0.0231489949,-0.1607401967,-0.1188191473,0.1032060087
4.3078751564,0.0445434377,0.1130686253,-0.0114533128,-0.0240348056,-0.138883397,0.1329876035
4.3178052902,0.0457833484,0.0895255059,-0.0001677097,0.0902859122,-0.1602483392,0.155354172
4.3278579712,0.0441537127,0.0815711766,0.0035025058,0.2056548595,-0.1752789617,0.1681197733
4.3378000259,0.0367834345,0.0743487924,-0.0063341679,0.2846147716,-0.1735495031,0.1744299978
4.3478169441,0.023573542,0.0431920141,-0.0052703442,0.3143516183,-0.1488734484,0.1583133489
4.3577861786,0.0072726551,0.0070238858,-0.0032906355,0.2757956088,-0.1185043678,0.1198976412
4.3678407669,-0.0064324941,-0.0269771963,-0.0035395445,0.1955172569,-0.0746173337,0.0750486776
4.3777360916,-0.0147174206,-0.0453527272,-0.0021635713,0.11332798,-0.0606117696,0.0378335267
4.3878393173,-0.0174287017,-0.0402535051,0.0086346446,0.0290384013,-0.0613545254,0.0272732973
4.397767067,-0.0201293733,-0.0308951735,0.0153632937,-0.0285320841,-0.0724388659,0.032695625
4.4077959061,-0.0188662168,-0.0179950446,0.0200596042,-0.0583810583,-0.0863642693,0.0561793819
4.4177513123,-0.0136727747,0.0104971975,0.0237452574,-0.0668706894,-0.1022455022,0.0817864761
4.4277658463,-0.0111433323,0.0244452506,0.015817184,-0.0648000762,-0.101015389,0.0987753123
4.4377441406,-0.0085749831,0.0248207003,0.0099270521,-0.0884587988,-0.0798219442,0.0986541361
4.4477701187,-0.0090555605,0.0103132278,0.0010428011,-0.1453982443,-0.034331426,0.0952117369
4.4577312469,-0.0140338894,0.0139057636,-0.0013037742,-0.1906604022,0.0166444052,0.0970348045
4.4677939415,-0.0146500822,0.034040764,-0.0076893391,-0.1578276306,0.0468518399,0.1000031605
4.4777288437,-0.0135737117,0.0536254495,-0.0003384174,-0.1109675691,0.0621333271,0.0956255868
4.4877839088,-0.0124484953,0.0501832813,0.0111349402,-0.0650898218,0.0719529316,0.0774692222
4.497710228,-0.0101760831,0.0420037657,0.0090156971,-0.0253655836,0.0591045097,0.0382134281
4.5077857971,-0.0006027577,0.0163741559,0.0071118055,-0.0281081088,0.0233680867,-0.0136100873
4.517701149,0.012358794,-0.00556615,0.0042664586,-0.0543694049,-0.0103627117,-0.0590536036
4.5277490616,0.0256242547,-0.011943832,-0.0034693899,-0.0358678922,-0.0456623808,-0.0790230483
4.5376930237,0.0323057249,-0.0094900876,-0.0053760232,-0.0388584882,-0.0713400468,-0.0799196064
4.5477561951,0.0333424881,-0.0120806247,0.0034372984,-0.049350813,-0.0980411693,-0.0680528209
4.5576848984,0.0365000293,-0.0098878592,0.0141964732,-0.0513049066,-0.1288555264,-0.044477053
4.5677509308,0.0212475304,-0.0019267647,0.018966157,-0.0406416096,-0.1402482688,-0.0114764962
4.5776848793,-0.0007397291,-0.0023133305,0.021887023,0.0404854678,-0.1574131548,0.0321338326
4.58770895,-0.0170684215,0.0092235953,0.0172791071,0.1448142678,-0.1506537795,0.1031973585
4.5976791382,-0.0397073701,0.0246352553,0.013763207,0.2062031925,-0.1090762392,0.1602549255
4.6077461243,-0.0412322804,0.0073473603,0.0007922231,0.2024950087,-0.0628107414,0.1992659718
4.6176643372,-0.0315727815,-0.0148697346,-0.0063215913,0.1625205576,-0.0158464275,0.2276732326
4.6276988983,-0.0235265698,-0.0150516778,-0.0108030261,0.1152356043,0.0201813485,0.2338469774
4.6376638412,-0.0090054926,-0.0116121918,-0.0085809054,0.0873041004,0.0403055251,0.237987116
4.6476488113,0.0092707667,0.0053816289,0.0121470271,0.0778485537,0.023104433,0.2349180877
4.657705307,0.0143742505,0.0104221851,0.0299035497,0.072829023,-0.0060017859,0.2106758803
4.6676502228,0.0113630239,-0.0003611444,0.0360144563,0.078627795,-0.0448149629,0.1663030833
4.6776437759,0.0099699441,-0.0123263896,0.0343711562,0.0598659553,-0.079607293,0.1144850329
4.6876320839,0.0109328274,-0.0237241685,0.0278129168,-0.0049404716,-0.0945023522,0.0561953597
4.697696209,0.0023386569,-0.0301364511,0.0082962094,-0.0944414586,-0.0977080092,0.0116554555
4.7076220512,-0.0014146772,-0.0323665738,-0.0104117813,-0.1435634643,-0.0896647274,-0.0032358766
4.7176189423,-0.0112751331,-0.0270931274,-0.0253949575,-0.1575698256,-0.0747890994,-0.0001322287
4.7276139259,-0.0128286835,-0.0178444088,-0.0267371945,-0.1365438998,-0.046592623,0.0283548068
4.7376890182,-0.0049284603,-0.0109990984,-0.0279192738,-0.0823610947,-0.026684694,0.0568698049
4.7476139069,-0.0002895949,0.0022911134,-0.0153852524,-0.0441436656,-0.0174754821,0.0992790461
4.7575998306,0.0101070199,0.0073274821,-0.0055754604,0.0111833718,-0.0113523435,0.140635401
4.7676210403,0.0164615158,0.02581352,-0.0093494477,0.0953520387,-0.0123848505,0.1937028766
4.7776589394,0.0139615927,0.0441316068,-0.0081105651,0.1603700519,-0.0179125071,0.2383133769
4.7875881195,0.0118225459,0.0259103775,0.0012838423,0.1914432794,-0.039944306,0.2586199641
4.7975111008,0.0139138643,0.007016167,0.0020386754,0.2258627862,-0.0727850795,0.2619968653
4.8075881004,0.0094214175,0.0007661433,0.0007700502,0.2100846171,-0.0933867618,0.2419560403
4.8176412582,0.0090697203,-0.0204881579,0.0044273911,0.1526367664,-0.1026993021,0.2048728466
4.8275680542,0.0048712585,-0.0347471684,0.0136866746,0.0759071037,-0.1025690734,0.1645547152
4.8374643326,0.0004137548,-0.0303411633,0.0245703049,-0.0085011162,-0.0841794163,0.1411198378
4.8475427628,-0.0072204228,-0.0171186179,0.0283052512,-0.0908985212,-0.0549903698,0.1293017864
4.8576111794,-0.0109934863,-0.0203837007,0.0221290775,-0.163603887,-0.0311793108,0.1047631577
4.8675370216,-0.010017192,-0.0250909477,0.0129194437,-0.2010828108,-0.0123307882,0.0929808021
4.8774561882,-0.0200298782,-0.0115180165,-0.0014201821,-0.2193258703,0.0045163687,0.0801373124
4.8875217438,-0.0331566706,-0.0077994615,-0.0011528552,-0.2313026339,0.0322305523,0.0820907354
4.8976130486,-0.0299650934,0.0060538054,-0.0124831619,-0.1738531888,0.0467679501,0.1053294837
4.9075250626,-0.0183783378,0.044242084,-0.0139217796,-0.1003190503,0.0486870259,0.1381998211
4.9175777435,-0.0056106504,0.0608730614,-0.0130576314,0.0032606004,0.0305527635,0.173302412
4.9275140762,0.0171335284,0.0668009371,-0.011802596,0.0951508433,0.011147107,0.1956743002
4.9375457764,0.025523955,0.0567907691,-0.0064596953,0.1497674733,-0.0077243187,0.1893847138
4.9474992752,0.0295009259,0.02563712,0.0068944274,0.1661587059,-0.0451960601,0.1673060358
4.9577040672,0.0258872602,0.0088872761,0.0211128779,0.1396671683,-0.055319801,0.1323312819
4.9675340652,0.0136672948,-0.0024905798,0.0234255381,0.1108981147,-0.0452176332,0.0897902027
4.9774250984,0.0052524451,-0.0036291627,0.0246111937,0.0532454699,-0.0288972482,0.0504153706
4.9875979424,-0.0120291766,-0.0125171393,0.0274886079,-0.0204521865,-0.0105195725,0.0163511392
4.9977002144,-0.0256693568,-0.0162728876,0.0174406357,-0.0677062497,0.0275188908,0.0076383427
5.0074748993,-0.026257446,0.0081714839,0.0033449708,-0.0594049133,0.0470302738,0.031941019
5.0175509453,-0.0260630902,0.0250949115,-0.0038495483,-0.0446237028,0.0517539233,0.0712094605
5.0274991989,-0.0296274181,0.0199348032,-0.0089106383,-0.0135850916,0.0298126694,0.1021394134
5.037653923,-0.0184279289,0.0209823698,-0.0137924375,-0.0166485272,0.0074639553,0.1160967797
5.0474681854,-0.0060355272,0.0180384219,-0.0186328106,-0.04322128,-0.0034930881,0.1087496504
5.0574841499,0.0104035828,0.0109439194,-0.0137106599,-0.0793622434,-0.0198526215,0.1035703272
5.0674490929,0.0222229604,0.0005457104,-0.0098209204,-0.1123137996,-0.0277888402,0.0802721977
5.077682972,0.021525735,-0.013204053,-0.0080527486,-0.1431988776,-0.0250732154,0.0505280197
5.0874557495,0.0178662185,-0.0106835812,-0.0054574432,-0.1483968347,-0.0296610426,0.0186896622
5.0974912643,0.0122729484,0.005580619,-0.0029111924,-0.0927643329,-0.0389757156,0.0049039419
5.1074299812,0.012688661,0.0275734216,-0.0049840631,0.0034562098,-0.059552893,0.0113445297
5.1175098419,0.0151015762,0.0543675423,0.0039137779,0.0740152001,-0.0770780891,0.0220289994
5.1274032593,0.0129586402,0.046535641,0.0091762124,0.1231646314,-0.0831016302,0.0230961274
5.1374840736,0.009910265,0.0332831591,0.0048182188,0.1669499278,-0.0849117786,0.0220159497
5.1474189758,0.00687466,0.0114219636,0.0063783107,0.1509698927,-0.0830249265,0.0071413964
5.1574783325,0.0029510499,-0.0235237777,0.0079007922,0.0890841633,-0.0772900805,-0.0162254442
5.1674032211,0.0018123033,-0.0366917402,0.0130866943,0.0165721439,-0.0769910067,-0.0406117439
5.1773982048,-0.0013930557,-0.0311633497,0.0140506802,-0.0550177544,-0.0658454075,-0.0470069237
5.187207222,-0.0047941711,-0.0145678073,0.0138026057,-0.1063560396,-0.0565597676,-0.0395945497
5.1972379684,-0.0093293842,0.0093889385,0.0124091087,-0.1266727597,-0.0576676428,-0.0257620923
5.2072138786,-0.0030690192,0.0216745138,0.0052944003,-0.117207624,-0.0478118174,-0.006709571
5.2175750732,-0.0017779527,0.0254101604,-0.0018012942,-0.0960510746,-0.0314605385,0.0112296157
5.2273750305,0.0013513508,0.0227605253,-0.000926,-0.0534373,-0.0256870743,0.0228487216
5.237446785,0.0053852294,0.022708267,0.0049639521,-3.71914e-05,-0.0316269882,0.0302885268
5.2473487854,0.0045438502,0.0270302892,0.0138645945,0.0362595618,-0.0324059613,0.031330619
5.2573690414,-8.44953e-05,0.0178747326,0.0208863802,0.0575906858,-0.0280154757,0.0249105394
5.2673530579,-0.0027196615,0.0116967112,0.0211104341,0.0693663806,-0.0259230305,0.0089528784
5.2774162292,-0.0062681045,-0.0004309266,0.0174247809,0.064020887,-0.017576417,-0.0102210818
5.2873678207,-0.0078637954,-0.0166102499,0.0098195253,0.0554849207,-0.015559338,-0.0166025478
5.2973737717,-0.0065543409,-0.0192062408,-0.0017513455,0.0448830128,-0.0210587662,-0.0250582173
5.3073339462,0.001544604,-0.0190278739,-0.0084485235,0.0064575919,-0.0276325122,-0.0090528857
5.317404747,0.010614017,-0.022093311,-0.0132593336,-0.0213412829,-0.0329543054,0.0186226852
5.3273220062,0.0176578108,-0.0087137967,-0.0172120742,-0.0351774693,-0.0478064902,0.0442260467
5.337387085,0.0169774983,-0.0022451428,-0.0123941721,-0.0447798967,-0.0562577657,0.0644726008
5.3473119736,0.0133957658,-0.007598266,-0.0075741233,-0.0641735718,-0.038156528,0.0739302859
5.3573851585,0.0007668677,-0.0053049028,-0.0019612731,-0.0760483369,-0.0211663581,0.0717038736
5.3673009872,-0.0140311774,0.002829388,0.0065222559,-0.0762123838,0.0033147505,0.0598589368
5.3773107529,-0.0173136946,0.0139831752,0.0052767573,-0.0678524524,0.0289476756,0.050125882
5.3872961998,-0.0139256027,0.0233985931,0.0021708785,-0.0359011851,0.0398373418,0.0447209962
5.397359848,-0.0037618934,0.0371575505,-0.0037453594,0.0111082708,0.0359014533,0.0415250696
5.4072952271,0.0064262394,0.0541831553,-0.0086062374,0.0389079452,0.0307634193,0.0404765829
5.4172849655,0.0040836874,0.0507925004,-0.0075632753,0.0506997555,0.0296765827,0.0277268328
5.4272780418,-0.0038821755,0.0307185054,-0.0074506821,0.0326813385,0.0218831077,0.0076045198
5.4373049736,-0.013643181,0.0094565004,-0.0064024152,0.0273992252,0.0206532609,-0.0061938497
5.4472670555,-0.0157299247,0.0077406764,-0.0141918482,0.0368585065,0.035753116,0.0011383656
5.4573078156,-0.0142120775,0.0188271552,-0.0200654678,0.0473488346,0.049910482,0.0222869273
5.4672403336,-0.011839157,0.016345188,-0.0190339498,0.0418280996,0.0660359189,0.0381220803
5.4772849083,-0.0047210213,0.0099301636,-0.0052946629,0.0280176122,0.0584371239,0.0371192694
5.4872169495,-0.0023497103,0.0032862278,0.0083757816,0.0132794119,0.0358239561,0.030901853
5.4973011017,0.0011849793,0.0043295622,0.0230137296,0.0071183224,0.013177501,0.0129922284
5.50725317,0.0032788755,-0.0054659098,0.022097785,0.0021190364,-0.0159819815,-0.0176245365
5.5172557831,0.0106552485,-0.0162782967,0.0163946934,-0.0082264133,-0.0441132188,-0.0482446291
5.5272159576,0.0191800687,-0.0194778293,0.0106474934,-0.0316065699,-0.04770023,-0.0715776533
5.5372848511,0.0139016453,-0.0133051127,0.0134347258,-0.0615954921,-0.0330222175,-0.0769600347
5.5471992493,0.0044100825,-0.0013850628,0.0200186558,-0.054427065,-0.0018445915,-0.0622937344
5.5572118759,-0.0044181999,0.0038695934,0.0236980505,-0.040883027,0.0294571407,-0.0391346216
5.5672011375,-0.0166287478,0.0082627535,0.0312111564,-0.0349484384,0.0767479539,-0.0139480419
5.5772342682,-0.0204858538,0.0129728615,0.0231699534,0.0190864354,0.1137744188,0.0165804382
5.5871901512,-0.0129856225,0.0242305845,0.0084389029,0.0743536875,0.1294647008,0.0514990091
5.5972561836,-0.0093892869,0.0163822621,-0.0041741552,0.0925067216,0.1233111918,0.0653369278
5.6071829796,-0.0055072065,-0.0167458653,-0.0078328671,0.0852562636,0.0975768045,0.0623216964
5.6172580719,-0.0024405627,-0.0285183936,-0.0018071354,0.0653657839,0.0514340773,0.0594493411
5.6271681786,-0.0028301983,-0.0259514451,0.0041217385,0.0402750745,-0.0087032961,0.0492329225
5.6372423172,-0.0016767738,-0.0256081074,0.0091318665,0.0203865897,-0.0517157465,0.0367759876
5.6471700668,-0.0070268717,-0.0098526627,0.0052409945,0.0248614997,-0.074180305,0.0305441916
5.657225132,-0.007366037,0.0049503297,-0.0034534754,0.0237598829,-0.0688686296,0.0283884946
5.6671352386,-0.0068763252,0.0118362457,-0.0121823372,0.0021621799,-0.03700817,0.0239474066
5.6772360802,-0.0046719667,0.0165976435,-0.019993823,-0.0193226077,-0.0190384928,0.0195950046
5.6871371269,0.004187474,0.0222255737,-0.0239051394,-0.050330855,-0.0044968333,-0.0017254648
5.6971712112,0.0092085097,0.0149536878,-0.0278327279,-0.0534918904,-0.0025399427,-0.0208625421
5.7071318626,0.0170888994,0.0194783956,-0.0278860144,-0.0438030474,-0.010001054,-0.027195273
5.7171969414,0.0171973649,0.0240509063,-0.01818965,-0.0340795815,-0.0217338782,-0.0324350409
5.7271308899,0.0145841185,0.0238335282,-0.0094125094,-0.0019554673,-0.0363940485,-0.025988061
5.7371358871,0.0131095741,0.0279211551,-0.0083330693,0.0536706448,-0.0571989268,-0.0099583603
5.7469711304,0.0127471033,0.0227535218,-0.0051248493,0.0877998546,-0.0589544848,0.0038402756
5.7571191788,0.0055090431,0.0089068115,0.0049348651,0.0791116878,-0.0408529751,0.0037293548
5.7671022415,2.13476e-05,-0.0051713437,0.0041804491,0.0543261841,-0.013237861,0.0056923702
5.7771730423,-0.0009926466,-0.0038456765,0.0013192474,0.0284414552,0.0175903589,0.0097615477
5.7871131897,-0.0052307453,-0.0066938251,-0.003625554,0.0047039003,0.0484018028,0.0095783221
5.7971010208,-0.0039067175,-0.0037919281,-0.0076392116,0.0002841186,0.0654939711,0.0126585346
5.8070979118,0.0051133577,0.002068788,-0.0077104392,-0.0071527595,0.0632534549,0.0073663006
5.8171610832,0.0113918874,0.0010152907,-0.0009400667,-0.017575305,0.0353254154,0.0011824407
5.8272061348,0.0169488732,0.0047007054,0.0048369942,-0.0323238932,0.0127394106,-0.0018479704
5.8371119499,0.0169314537,0.0072466135,0.0125429807,-0.0415707864,-0.0269701853,-0.0132738641
5.8470420837,0.0135230217,0.0040044338,0.0174175091,-0.0230639465,-0.0633295253,-0.0321740508
5.8571419716,0.0085259918,-0.0041466355,0.0194288678,-0.0292826965,-0.0805963948,-0.0458688214
5.8672838211,-0.0021840392,-0.0103541315,0.0253190584,-0.0174175147,-0.0881496519,-0.064951174
5.8771400452,-0.0100427177,0.0001369716,0.0204218812,0.0038234591,-0.0762016475,-0.0618561804
5.8870439529,-0.0180952754,0.0049367398,0.0136147318,0.0099404743,-0.0482112877,-0.04398131
5.8971190453,-0.0157705005,0.0030135217,0.0058855591,0.0170413926,-0.0116279796,-0.0219126251
5.907078743,-0.0148922559,0.0120083392,-0.0058333697,0.0380073935,0.0250911526,0.0033320109
5.9171118736,-0.0104411747,0.0163390785,-0.0087157311,0.0452987328,0.040262118,0.0212906376
5.9270339012,-0.0040744897,0.0032024982,-0.0017185033,0.0410256907,0.0402381495,0.0223561674
5.9370670319,0.0004797521,-0.0110501051,-0.0006213607,0.0251129027,0.0294001475,0.0192502569
5.947040081,0.0031889321,-0.0176824778,-0.0034905495,0.0081445714,0.0216602013,0.0044388212
5.9570541382,0.0031025351,-0.0206033736,-0.0073975148,-0.0002923226,0.0119143631,-0.0029298796
5.9669828415,0.0039104018,-0.005006507,-0.0065092864,-0.0002728822,0.0087262932,-0.0007844369
5.9770841599,0.0077848081,0.0008399786,-0.0074941339,-0.0023502801,0.0043754876,-0.0081934836
5.986978054,0.0058350954,0.0006955416,-0.0026433887,-0.0184032824,0.0085446667,-0.0060845269
5.9969673157,0.0047714654,0.0044302642,0.0060603796,-0.0129926717,2.73444e-05,-0.0070955958
6.0069942474,0.0087356512,0.0023995342,0.0099944053,-0.0086338753,-0.007493156,-0.0155490022
6.0170350075,0.0058565531,0.0062441975,0.0089753447,0.0030302368,0.0032593566,-0.017747974
6.0269989967,-0.0009668824,0.0180097371,-0.0067247571,0.0286567714,0.0002965902,-0.0124347014
6.0369968414,0.005776206,0.026300624,-0.0056339325,0.0467470922,0.0026713307,-0.0018419783
6.0469651222,0.0067303423,0.0288158208,-0.0064775171,0.065965794,-0.0003319159,0.0045384234
6.0570149422,0.0116225276,0.0325573385,-0.0101560773,0.0959421992,-0.0139273526,0.0131075429
6.0669980049,0.0138857011,0.0218414962,-0.0156776719,0.1100007594,-0.0331204869,0.0057854485
6.077038765,0.0123730842,0.0042130202,-0.0114238681,0.0886993408,-0.0313167274,-0.0143985162
6.0869450569,0.0029677094,-0.0009016393,-0.0082954587,0.0919505209,-0.0356030874,-0.0186225567
6.0970258713,0.0062674526,0.0018378646,-0.0060812058,0.077055335,-0.0379346833,-0.0270931404
6.1069521904,0.0087478254,-0.0162154287,-0.0077482285,0.0449916683,-0.0223868843,-0.0547937416
6.1170167923,0.0033601166,-0.0387257487,-0.0047161402,-0.0158489123,-0.0144948727,-0.0771140978
6.1269397736,0.0006339195,-0.033450976,0.0058819233,-0.0670894608,-0.0117392996,-0.0834705308
6.1370162964,-0.0032095967,-0.0178908557,0.0065427599,-0.0992729664,0.0030758649,-0.0718583465
6.1469068527,-0.0043217,-0.0044377595,0.0071551977,-0.112332046,0.0255920924,-0.0518098027
6.1569972038,-0.0026795177,0.0023036452,0.0068220077,-0.0975503027,0.0376322418,-0.0327779241
6.1669082642,-0.0011490938,0.016211763,0.0055536805,-0.0495569408,0.034969613,-0.0126087386
6.1769862175,0.0014237704,0.0238380283,0.0093640266,0.0028475439,0.0173301678,0.0023437121
6.1869130135,0.0052849296,0.0192438215,0.0084835468,0.0393197984,-0.0027311575,-0.0018012318
6.1969809532,0.0074990783,0.0051344633,0.0057925163,0.0459002033,-0.0198733937,-0.0123177888
6.2068891525,0.0009836796,-0.0013022273,0.0039624749,0.0342616588,-0.0254617706,-0.0303340741
6.2169289589,-0.0015435872,-0.0069870055,0.0040791212,0.0097407373,-0.0236375052,-0.0452039689
6.2268919945,-0.0022673963,-0.0030344573,0.0060613928,0.0139631797,-0.0203439724,-0.0388539247
6.2369251251,-0.0030029921,0.0088285059,0.0099977432,0.0322232768,-0.0309588015,-0.0462323464
6.2468810081,-0.0092828628,-0.0036687104,0.0101291118,0.0376358852,-0.0405270047,-0.045111686
6.2569580078,-0.0030202477,-0.0054293722,0.0083385287,0.0203603581,-0.0234122016,-0.0282135308
6.266875267,-0.0047745164,-0.0113382488,0.0025095521,-0.0087186983,0.0021410955,-0.0134854522
6.2769370079,-0.011667734,-0.0145108253,-0.0024781646,-0.0206134394,0.0139559442,0.0045089955
6.2869138718,-0.0138551053,-0.0117899626,-0.0055190744,-0.0186328478,0.0290161185,0.0139714731
6.2970471382,-0.0142157134,-0.0080043525,-0.0085604014,-0.0112461699,0.034523271,0.0256138798
6.3068919182,-0.0048615392,-0.0001005827,-0.0056330981,0.0070121959,0.0197286122,0.0288842432
6.3168382645,0.0017356965,0.003085539,0.0012620866,0.022107657,0.0027155394,0.0257977732
6.3268251419,0.0037185343,-0.000439599,0.00333001,0.042510666,-0.0079054134,0.0152284848
6.3368759155,0.0067496393,-0.0038571504,0.0005750238,0.0510925725,-0.00899731,0.0046050018
6.3468379974,0.0010254177,-0.0132262558,0.0036129532,0.0286083035,0.0025128727,-0.0039530662
6.3568291664,-0.0038952737,-0.0140966624,0.0016607224,0.0017797491,0.021506004,-0.0083064018
6.3668251038,-0.0041279104,-0.0131854862,-0.0023129405,-0.014390965,0.0395776853,-0.0052251248
6.3768429756,-0.0055124667,-0.005533129,-0.0044053616,-0.0176396221,0.0428120904,0.0011311746
6.3868207932,0.0047842059,-0.0007296352,0.0004490195,-0.0218908247,0.0343650766,0.0171247888
6.3968539238,0.0121864323,0.0030535611,0.0062518297,-0.0250160452,0.0194979813,0.0310334116
6.4068059921,0.0110682044,-1.4006e-06,0.0130449114,-0.0183743872,-0.0093080997,0.0312155746
6.4168958664,0.0092942212,-0.0089262128,0.0198956914,-0.0277782753,-0.0329172909,0.0292528253
6.4267830849,0.0056358371,-0.0042574108,0.0276485868,-0.0298307724,-0.0404692143,0.0229288824
6.4367837906,-0.0019209144,0.0062919408,0.0285406895,-0.009602868,-0.0349471495,0.0250020195
6.4467658997,-0.0095734652,0.0131864399,0.0245886035,0.0243708119,-0.0111981463,0.0216371156
6.456785202,-0.010597026,0.0135324448,0.0178165026,0.0443201512,0.0274709538,0.0256210715
6.4668469429,-0.0149719473,0.017871663,0.0041293083,0.0589664727,0.0649648011,0.022180533
6.4767699242,-0.0089124646,0.0175223798,-0.010443789,0.0693727732,0.0939828679,0.0315474048
6.4867677689,0.0008770319,0.0095150322,-0.0181304626,0.0725099817,0.1014977768,0.0325588733
6.4967679977,0.0048105661,0.0062604696,-0.0200395994,0.0492070541,0.0862064362,0.0156773608
6.5068230629,0.0110915694,-0.0079165548,-0.0160261802,0.0304426868,0.0409630574,-0.0084511451
6.5167570114,0.0177382473,-0.0067188293,-0.0120448889,0.0147984801,-0.0040424978,-0.0081507405
6.5267481804,0.0110814068,0.0021025094,-0.0140451612,0.0193109401,-0.0360169411,-0.0015722001
6.5367212296,0.0116179977,0.0041672736,-0.0207785182,0.0194895044,-0.05948871,0.0038943375
6.5468082428,0.0093743,-0.0006082802,-0.0235658698,0.0184820313,-0.0680196211,0.0071375351
6.5567421913,0.0071749333,-0.0033963469,-0.0214637332,0.015317929,-0.0723272786,0.0061047608
6.5667047501,0.004842991,-0.0033954529,-0.0145371379,-0.0157212131,-0.0597963072,-0.0003291697
6.5767431259,-0.0054502543,-0.0066709071,-0.0058253231,-0.0490184501,-0.0344107896,-0.0015334511
6.5867829323,-0.0034412502,0.0006379337,0.0047968803,-0.0684443489,-0.0078593399,-0.0038168454
6.5967168808,-0.0084939655,0.0097530335,0.0035672961,-0.063372761,0.0232024379,-0.0008347705
6.6066951752,-0.0070262905,0.0239886791,0.0004199325,-0.0198303387,0.045033168,0.0128043424
6.6167049408,-0.0056780931,0.0377580822,-0.001640004,0.034564063,0.0466121584,0.0233806856
6.6267371178,0.0006761792,0.0423624963,-0.0083659114,0.0879833475,0.0385294631,0.0297701433
6.6367120743,0.0061670188,0.0415041298,-0.0139896097,0.1200918779,0.0260006227,0.035139475
6.646697998,0.0118195806,0.0438161641,-0.0175757222,0.1373409182,0.0037256763,0.0395214409
6.6566858292,0.0178175513,0.0315314531,-0.0229925923,0.1300855279,-0.0188581962,0.0301120952
6.6667480469,0.0172862653,0.0043777078,-0.018658977,0.1025590971,-0.0395325795,0.0122047318
6.6766829491,0.0198754463,-0.0123368353,-0.0153422179,0.0782927647,-0.0655601844,-0.0088538155
6.6866688728,0.0263839159,-0.00788638,-0.0082486095,0.0335652456,-0.0734966695,-0.0215198081
6.6966719627,0.0144524518,-0.0098804235,0.0015691101,-0.0037598917,-0.072829552,-0.0353116542
6.7067232132,0.0005493554,-0.0122976303,0.0102854548,-0.042213276,-0.0636440441,-0.051280234
6.7166090012,-0.0057039615,-0.0091213286,0.0160047598,-0.0690091997,-0.044737462,-0.0662589222
6.7266511917,-0.0160211381,-0.0071969479,0.0216138549,-0.0819399133,-0.024648441,-0.0801912472
6.7366461754,-0.0167693254,-0.0013397484,0.0262831636,-0.0831508487,-0.0044126776,-0.0877591521
6.7466802597,-0.0127994474,0.0056670904,0.0221879669,-0.0534464866,0.0172111243,-0.0857953355
6.7566380501,-0.0061858352,0.0200762153,0.0093988357,0.0263977442,0.0319756903,-0.0561990924
6.7666211128,0.0021891983,0.0402316004,0.0026247678,0.0956519172,0.0338889062,-0.0201385599
6.7766170502,0.0028929205,0.0316818357,0.0077943383,0.1415273994,0.0259372387,0.0085661877
6.7866110802,0.0076693539,0.0146498382,0.0111640273,0.1479874253,0.0101550799,0.0320366248
6.7966151237,0.0096973572,-0.0005463212,0.0105921803,0.1257448345,-0.0103398087,0.0300590973
6.8065981865,0.0101301614,-0.0287891477,0.0051434813,0.085355334,-0.0257424675,0.0153137064
6.8166179657,0.0046219919,-0.0341466218,-0.0025102915,0.0373470634,-0.0230414886,-0.0006072035
6.8266782761,8.39772e-05,-0.039020732,-0.0112697305,-0.0042733494,-0.018155653,-0.0165456906
6.8366003036,0.0002355816,-0.0295128375,-0.0152419033,-0.0213920176,-0.0150450813,-0.0123044737
6.8465528488,-0.0006997344,-0.011248529,-0.0231957845,-0.0054474035,-0.010564846,-0.0027831392
6.856590271,0.0061808173,-0.0064391345,-0.0251310878,-0.0044035772,-0.0136309434,0.0131738568
6.8666563034,0.0072892252,-0.0094260126,-0.0221663527,-0.0043132966,-0.0295531843,0.0260257386
6.8765821457,0.0065419767,-0.007474646,-0.0153090181,-0.0084326742,-0.0446197502,0.0176266618
6.8865652084,0.0059534702,-0.0094934553,-0.008427185,-0.0286050551,-0.0513338447,0.0006860273
6.8965611458,0.003552431,-0.0185805708,0.000398892,-0.0541495606,-0.0517226681,-0.0216035638
6.906624794,0.003092313,-0.0172281861,0.0081428466,-0.0818501636,-0.0499809608,-0.0428433418
6.9165511131,-0.0002835152,-0.0142173916,0.0109126745,-0.1000157222,-0.0417022593,-0.0577558465
6.926530838,-0.0009036419,-0.0064276308,0.0146125732,-0.0916065201,-0.026655931,-0.0557345077
6.9365420341,-0.0055812951,0.0055412054,0.0163438506,-0.0447647162,-0.0207407847,-0.0313705765
6.9466180801,-0.0054868516,0.0249004513,0.0221116729,0.0021953359,-0.0329124965,0.0026720797
6.9565200806,-0.00419957,0.0252381116,0.0222353525,0.0501934886,-0.0429086722,0.0398857594
6.96641922,-0.0067781415,0.0220671892,0.021486599,0.0843338817,-0.050967928,0.0664739609
6.9765191078,-0.007330602,0.0142252892,0.0139811812,0.0906759277,-0.0455273576,0.0717451572
6.9865512848,-0.0069516357,0.003360972,0.0006009518,0.0681969896,-0.0350768454,0.0642563477
6.9968280792,-0.0027761071,-0.0057697743,0.0018211781,0.0308839716,-0.0302570574,0.0366287157
7.0063719749,-0.0006050823,-0.0114119053,0.0009609638,0.0041524936,-0.0177926645,0.018505903
7.0165939331,-0.0035710393,0.0041811019,0.0028343378,-0.0001932532,-0.005076604,0.0099289278
7.026509285,-0.0056115892,0.0168542564,0.0047102747,0.0082966378,0.0013927473,0.0088186553
7.0365738869,-0.0065833386,0.0082418472,0.0096565066,0.0381761082,0.0037349975,0.0055950321
7.0463261604,-0.0085767116,0.0056914538,0.009735602,0.0530458689,0.0124094449,0.0065907883
7.0565690994,-0.0106305238,-0.0036586372,0.0108099161,0.0401528403,0.0219414327,0.0075986614
7.0664801598,-0.0118027832,-0.0120745152,0.0118772564,0.035758622,0.0358290188,0.0106988475
7.0765562057,-0.0122260209,-0.0108805895,0.0040386496,0.014241213,0.0528404936,0.0201673172
7.0865139961,-0.0108472165,-0.0175321847,0.0069509922,0.0013134303,0.0635101795,0.0296686776
7.0964341164,-0.0164704081,-0.0165674388,0.012669283,-0.0094368197,0.0688551441,0.0392018631
7.1065049171,-0.0142697152,-0.0127070397,0.0135183511,-0.0115505699,0.0666921213,0.0381549746
7.1164207458,-0.0081689414,-0.0068854392,0.0114709912,-0.0115464414,0.0645900965,0.0424185619
7.1266450882,-0.0039973315,-0.0030335186,0.0113576232,-0.0189955682,0.0634273589,0.0381817371
7.1364479065,-0.004704034,0.0006949307,0.0102182804,-0.025445614,0.0697718039,0.0360204503
7.146487236,0.0003608408,0.0123240203,0.0042044101,-0.0115606897,0.0688104033,0.0360169895
7.1564493179,0.0044777039,0.0260628164,0.0001705466,0.0023680413,0.0604139902,0.0413732678
7.1666603088,0.0078002159,0.0243034661,-0.0017956913,0.0152313765,0.0530500859,0.0435368195
7.1764340401,0.0033868493,0.0246005654,-0.0047782483,0.035578724,0.0404828936,0.0552898832
7.1864337921,-0.0008901713,0.0231606066,-0.0076619806,0.0548959635,0.0246730354,0.0638780519
7.1964449883,-0.0021355359,0.0189082474,-0.0124364914,0.0581201203,0.0215046741,0.066023618
7.2066011429,-0.0043940302,0.0147018582,-0.0123391571,0.0581392944,0.0204087831,0.0628435388
7.2164340019,-0.0016245452,0.006490916,-0.0131517472,0.0401317999,0.0094485432,0.0469897464
7.2264318466,0.0060660485,0.0019985738,-0.014979762,0.0231229886,0.0070431754,0.0310813505
7.2364177704,0.004059324,0.0001867564,-0.0169082694,0.0232553482,-0.0006222003,0.0098847188
7.2466230392,0.0060612652,0.0013123901,-0.0178316049,0.0127086975,-0.0083578844,-0.0102431858
7.2564129829,0.0110925231,-0.0016147195,-0.0109335603,-0.0063768476,-0.0151153896,-0.0335599594
7.2664608955,0.0113418642,-0.0037521867,-0.0050635757,-0.0159104317,-0.0174720213,-0.0505362824
7.2763800621,0.0135397408,-9.62763e-05,0.0007795273,-0.0191007666,-0.0164821241,-0.0569149517
7.286383152,0.0118274037,0.0025443884,0.0017084657,-0.0127720283,-0.0068231043,-0.0580444001
7.2963681221,0.0070093367,0.0082441717,0.0016340195,0.0062460038,0.011612894,-0.0443667993
7.3064050674,0.0058904532,0.0161759406,-0.0013235629,0.0317066237,0.0205872133,-0.0178829953
7.3163633347,0.0076369885,0.0175350606,-0.0100587429,0.0561251454,0.0284430049,0.0043618558
7.326374054,0.0083050374,0.0162141472,-0.0177682452,0.0719616339,0.0394804776,0.0308390018
7.3363552094,0.0029886158,0.0150235742,-0.0108614387,0.0731123835,0.0235846005,0.0458147563
7.3464860916,0.0008993241,0.0139087886,-0.0097201886,0.0862273872,-0.0168554988,0.0545669682
7.3591170311,0.0117530022,0.0198158026,-0.0172344856,0.093824856,-0.0349037424,0.0621159673
7.3672552109,0.0061374698,0.0167987198,-0.0189823322,0.0831751376,-0.0350496843,0.054687608
7.3764491081,0.0084388647,0.0039637536,-0.0138028087,0.0726657733,-0.04497502,0.0281984787
7.386182785,0.0088818315,-0.0002617686,-0.010634941,0.0610357486,-0.0495399423,0.0048635947
7.3962192535,0.0054461602,0.0010651202,-0.0085501494,0.0291057788,-0.0479372516,-0.0291223358
7.4061861038,0.004046673,-0.0067478269,-0.0064993324,-0.009290345,-0.0399472378,-0.059956681
7.416490078,0.0065011922,-0.0072016865,-0.0094338479,-0.0530865639,-0.0307870284,-0.0737955272
7.4262361526,0.0088432673,-0.0030812172,-0.0105125131,-0.0744629577,-0.0246031675,-0.0812574476
7.4361371994,0.0081817303,0.0029040428,-0.0097043337,-0.0606230423,-0.0264937449,-0.0653208196
7.446190834,0.0084935222,0.0092140287,-0.0058852853,-0.0286387429,-0.0303308275,-0.0430080555
7.4561443329,0.0088391695,0.0100365877,-0.0029349746,0.0054656975,-0.029930288,-0.0270988662
7.4663071632,0.0120580886,0.0043565929,-0.0028174343,0.0266282409,-0.0146400155,-0.0080897538
7.4762940407,0.0091793779,0.0007296057,-0.0027493061,0.0317574888,0.0058141267,0.0045235092
7.4863491058,0.0090632681,-0.0086535215,0.0002784907,0.0347982869,0.0229928475,0.0107843345
7.4962821007,0.0077504758,-0.0102652162,0.0032292185,0.027185373,0.0368993431,0.0191993918
7.5063080788,0.0043347422,-0.0129685104,0.0100357709,0.0089555038,0.0453450233,0.0234069191
7.5162792206,-0.0010179934,-0.0148187876,0.0167904682,0.0090380618,0.0357174315,0.0224069022
7.5263810158,0.0006159338,-0.0087506026,0.0206964798,0.0263483413,0.0080535794,0.0215118136
7.5364322662,0.0025427134,-0.0015519707,0.0168396421,0.0457753018,-0.0185000002,0.0237962734
7.5462999344,0.0037010552,0.0028215351,0.0111029325,0.0533773005,-0.0355146714,0.0270884726
7.5562572479,0.0069709066,0.0043221116,0.0083540259,0.0449578464,-0.0453060456,0.0144082317
7.5663280487,0.0005286279,0.0027132782,0.0064990101,0.0299613215,-0.0369170904,0.0090523483
7.5762472153,-0.0040742364,0.0028227868,0.007523614,-0.0020975461,-0.0245174132,-0.0111884754
7.5863089561,-0.0086210724,-0.0101104975,0.011432725,-0.0437480547,-0.014324164,-0.0314109214
7.5962562561,-0.0182555672,-0.0118361115,0.0122054396,-0.0801663771,0.0087316204,-0.0527855866
7.6062679291,-0.018377101,-0.0058870912,0.0129484115,-0.0866855308,0.026759889,-0.0635218546
7.6162128448,-0.0147421863,0.005920887,0.0165957995,-0.0813914388,0.0331874266,-0.0667549372
7.6262831688,-0.009115329,0.0051994771,0.0174297877,-0.0537180007,0.0409284383,-0.0615125
7.6362142563,-0.0104624089,0.010561645,0.0133201657,-0.0250277631,0.0488087311,-0.0414003059
7.6462421417,-0.0098962244,0.0104171336,0.0083376942,0.0068598632,0.0567276403,-0.019163711
7.6562051773,-0.0054699089,0.0057261735,0.0064000664,0.0260201078,0.0528327711,0.0084723113
7.6662597656,-0.0058810469,-0.0066213608,0.0084238825,0.0367052443,0.0466116257,0.0212538876
7.6761960983,-0.0032923727,-0.0139477104,0.0085199056,0.0474339202,0.0371392928,0.0287444275
7.6862268448,-0.001697844,-0.011430189,0.0007746993,0.0623673312,0.0351898596,0.0372457728
7.6961770058,0.0027546824,-0.0048848391,-0.0001032771,0.066653423,0.0299511552,0.0457761399
7.7062401772,0.0033754797,-0.0002395658,-0.00587402,0.0794570968,0.0290177166,0.0500228181
7.7161889076,0.0030323507,0.0014745445,-0.0126194181,0.0655708462,0.032073427,0.0446996912
7.7261819839,0.0046745781,-0.0067696571,-0.0134813013,0.0389115363,0.0349373929,0.0287638679
7.7362012863,0.005310351,-0.0055482537,-0.0144610824,0.0080224657,0.0303434376,0.0192527883
7.7460699081,0.009845281,0.002232969,-0.0135427536,-0.0260414947,0.0225166753,0.0097658094
7.7560219765,0.0077968482,-0.0068852752,-0.0097039165,-0.0504443049,0.0073012365,0.002444779
7.7660093307,0.0116252992,-0.0034415422,-0.0078478279,-0.0525298268,0.0008814202,0.0035502571
7.7763528824,0.0066514406,0.0078746974,-0.0031382265,-0.0300692581,-0.0095195547,0.0174154714
7.7861461639,-0.0001440999,0.0145932585,0.0045798002,-0.0011433363,-0.0283979066,0.0334535614
7.7961330414,-0.0009118823,0.0099126548,0.0134738265,0.0234325808,-0.0314131342,0.033455424
7.8061847687,-0.0035862385,0.0033618363,0.0057603298,0.0275703333,-0.0153492149,0.0333483666
7.8161039352,-0.0064923968,0.0016366692,0.0018946111,0.0135498568,0.0058359653,0.0236595199
7.8261971474,-0.0057003107,0.0016515554,0.0008908092,-0.0153600881,0.0215352997,0.0108292094
7.8361320496,-0.0079482552,0.0062817633,-0.0031429352,-0.0325129777,0.0351938531,-0.0009321093
7.8461961746,-0.0014806298,0.0108811706,-0.0051872553,-0.0335177891,0.0329304338,-0.014727816
7.8561081886,0.0001715663,0.0164467245,-0.0033598365,-0.0259516127,0.0233284049,-0.0199847631
7.8661727905,0.0079798643,0.0123888552,-0.0052854838,0.0031348988,-0.0064273588,-0.0261864662
7.8761091232,0.0121512059,0.0106895417,-0.0061260881,0.0535084568,-0.0348131917,-0.0164761804
7.8861608505,0.0154379848,0.0171926767,-0.0020146193,0.0727996007,-0.0495090485,-0.002583269
7.8960900307,0.0092299823,0.0091346651,0.0001794277,0.0878093094,-0.0600245409,0.0038478652
7.9061551094,0.0031249614,-0.0047281384,-0.001477939,0.0856675953,-0.0600229427,0.0059741326
7.9159932137,-0.0030599742,-0.0167859942,0.0007257639,0.0493182428,-0.0496933386,-0.0025643606
7.9261441231,-0.0113034304,-0.0293119699,0.0018081247,0.0076136705,-0.0362214707,-0.0143089006
7.9360718727,-0.0110278782,-0.0255272835,0.0008401452,-0.0191765316,-0.0225586593,-0.0175674111
7.9461379051,-0.0089881178,-0.0150597543,0.0027142344,-0.0288792271,-0.0150613273,-0.0069853412
7.9559979439,-0.0040488895,-0.0065454245,0.002670127,-0.0278232824,-0.0160685349,-0.0006046738
7.9660968781,-9.65503e-05,0.0011159481,0.0065563498,-0.0086266845,-0.0221511945,0.0206691902
7.9760379791,0.0029187442,0.0089830607,0.0065733371,0.0073625348,-0.025109699,0.0344852693
7.9861159325,0.0001582893,0.0052267164,0.0085812388,0.0083737373,-0.0186800305,0.0355052613
7.9961528778,-0.0056088325,0.0004537107,0.0124996481,0.003014924,-0.0134346681,0.0291019548
8.0087375641,-0.0075361039,0.0034159722,0.0124860583,-0.0130633786,-0.0008333892,0.0173451658
8.0166311264,-0.0124633517,0.0061971694,0.0133867441,-0.0237526409,0.0064471611,0.004561326
8.0267028809,-0.0106640365,0.0147812366,0.0064627705,-0.0163655654,0.0192753412,-0.0019013667
8.0368852615,-0.0050675776,0.0225805193,0.0034909425,0.0059888759,0.029015854,-0.0094227996
8.0466995239,-0.0033646582,0.023627907,0.0005486189,0.01349393,0.0258493554,-0.0115322899
8.056479454,0.0014083179,0.009088859,-0.0003426493,0.0082111508,0.025667727,-0.0274610557
8.0667133331,0.0042531881,-0.0026070175,0.0026531992,0.0029615276,0.0191235412,-0.038038861
8.0761098862,0.0101003889,-0.0065207928,0.0026949821,-0.0033095516,0.0061765835,-0.0464495271
8.0858392715,0.0100862924,-0.0017675905,0.0055867014,-0.0044504488,0.012635015,-0.0401162654
8.0958299637,0.0080592725,0.0058697313,-0.0032975497,-0.0024059396,0.0202071816,-0.0316687152
8.1058282852,0.0040405933,0.0008760841,-0.0043350281,-0.0003744811,0.0299056154,-0.0242962874
8.1158781052,0.0008916202,0.0017599018,-0.0083201947,0.0060087163,0.0289655197,-0.0147319445
8.1258268356,0.0026730986,-0.0011401026,-0.0112493457,0.0060617132,0.02046098,-0.009364876
8.1358118057,0.0054367427,-0.0021294055,-0.0102754654,-0.0088846134,0.0182614755,-0.0029654328
8.14585495,0.005256528,0.000669405,-0.0083936872,-0.0205902681,0.0097113978,0.0077220993
8.1557893753,0.0041889939,0.0054133832,-0.008460802,-0.0076730084,-0.0072058011,0.0173833817
8.1658639908,0.0013150218,0.0102787912,-0.0065373005,0.0020637754,-0.0242039599,0.0206739828
8.1757936478,0.0005233231,0.0103122443,-0.0055359425,-0.0011033891,-0.0285033658,0.0207039453
8.1858530045,-0.0011907873,0.0093142241,-0.0045394124,-0.0075080255,-0.0264607221,0.0153832147
8.1957798004,-0.0049311277,0.013114199,-0.0035961689,-0.0160876662,-0.0191005431,0.0089673931
8.2058229446,-0.0028066991,0.0100399256,-0.0065036239,-0.0139608635,-0.0106972056,-0.0102116279
8.2157745361,-0.0017587749,0.0107919127,-0.0094694318,-0.0246946029,0.001925912,-0.0240964182
8.2259702682,0.0011687669,0.0144572407,-0.0085445466,-0.0225041509,-0.0002946317,-0.03576985
8.2359266281,0.0022337676,0.0181129724,-0.0144524993,-0.0107263215,-0.0034366292,-0.0389451385
8.2459506989,0.0043833945,0.0151021332,-0.0144014182,0.0011380613,-0.0183079876,-0.0388569869
8.2559070587,0.0076959077,0.0073119849,-0.011357707,0.0130193541,-0.0353154689,-0.0387556553
8.2659311295,0.0053119157,0.0035275521,-0.0053866925,0.0217148419,-0.053435877,-0.0407690071
8.2758970261,0.0040299091,-0.0022355167,0.0006114422,0.0110981502,-0.0620336272,-0.0364554822
8.285943985,0.0008329096,-0.0090668499,0.0065809665,0.0025153141,-0.0588482209,-0.0311581884
8.2958879471,-0.0025214164,-0.0111308694,0.0095630465,-0.0072781937,-0.0375171006,-0.0270374808
8.3059520721,-0.0071232226,-0.0074332952,0.0065851388,-0.0117917182,-0.0107685784,-0.0197710451
8.3158473969,-0.0052054282,-0.0076132715,0.0026470004,-0.0142383641,0.0234945882,-0.0104294745
8.3259191513,-0.0026726036,-0.0037667004,0.000619012,0.0047033681,0.0484049991,0.0106435865
8.3358621597,0.0045149121,0.0022861215,-0.0023433389,0.0194519535,0.0626222789,0.0339092277
8.3459472656,0.0077158306,0.0026469084,0.0015531956,0.0365188196,0.0575556159,0.050928425
8.3558979034,0.0099894647,0.0032709988,0.005514103,0.0664917678,0.045013994,0.057364352
8.3658742905,0.0085335318,0.0051434338,0.007570046,0.0965125188,0.0281636417,0.059577439
8.3758478165,0.0102414731,0.0003846587,-0.0009851279,0.1168693155,0.0218460914,0.0521667935
8.385928154,0.018868411,-0.0032583771,-0.0133687677,0.1169670522,0.0153160188,0.0383979864
8.3958530426,0.0226922873,-0.0022326407,-0.0238948874,0.0861281827,0.0043168981,0.029991718
8.4059181213,0.0256619398,-0.011301741,-0.0246578865,0.0424824394,-0.0078319106,0.0237266328
8.4158411026,0.0257343743,-0.0139810145,-0.0216540508,0.0052173585,-0.013596056,0.0078520617
8.4258384705,0.0132426713,-0.0141630024,-0.0148962559,-0.0212398171,-0.0353128053,-0.0079245046
8.4358654022,0.0067742113,-0.0154206306,0.0006893455,-0.0327827558,-0.0547445565,-0.019474633
8.4458370209,0.0004515144,-0.0107975155,0.0123749552,-0.0113541624,-0.0631564185,-0.0226222239
8.4557781219,-0.0030073433,0.0038225951,0.0221366473,0.0088283382,-0.05437731,-0.0141941188
8.4657745361,-0.0055362787,0.0088235289,0.0221763439,0.021430416,-0.0349143967,0.0005443473
8.4758167267,-0.0063683745,0.0071047992,0.0212700553,0.0189800411,-0.0016863996,0.0141435126
8.4858160019,-0.0094241705,0.0052968115,0.0115033565,0.0134044476,0.0239941962,0.0224800073
8.4957456589,-0.0048489179,-0.0023574231,0.0086175976,-0.0016261665,0.0345642827,0.0224227477
8.5058555603,-0.0071234014,-0.012126103,0.0076075373,-0.0059183827,0.0356362052,0.0266683586
8.5157680511,-0.0105067398,0.0005693139,0.0025825677,0.0080155414,0.0240887385,0.0384190269
8.5258378983,-0.0040030237,0.0145567656,-0.0042469325,0.0347824395,0.0052572601,0.0618950576
8.5357837677,0.0026746483,0.0209732801,-0.0090093436,0.052965574,-0.0062036533,0.0800169334
8.5458335876,0.0016345325,0.0187372714,-0.0088738026,0.07113792,-0.0113616642,0.0853496492
8.5557832718,0.0036660971,0.0088454187,-0.0047206702,0.0723336786,-0.0200555529,0.0673437491
8.5658216476,0.0038015635,-0.0041265339,0.0062450944,0.0478541702,-0.0172927901,0.0375959761
8.5757656097,0.0019767524,-0.0106025785,0.0102570234,0.0211856719,-0.0049927142,0.0003518006
8.5858230591,0.0029740722,-0.0095636547,0.010287839,-0.0065628691,0.0062860395,-0.0305113085
8.5957679749,0.0038824768,-0.007850945,0.0102142273,-0.0237304047,0.0252104606,-0.0518701263
8.6057901382,0.008566061,-0.0032581238,0.0052535711,-0.0142362351,0.0381275937,-0.0498357378
8.6157331467,0.0101794098,0.0034432712,0.0002804576,0.009158304,0.0427220762,-0.0339470506
8.6257534027,0.0136357639,0.0182659179,-0.0036969008,0.0389905013,0.0389137566,-0.0063210158
8.635720253,0.006610686,0.0040001571,-0.0065726461,0.0475471057,0.0284760296,0.0149873346
8.6458415985,0.0034906508,-0.0102157295,-0.0035531344,0.0368875377,0.0241728947,0.0213970318
8.6558599472,-0.0054188725,-0.0236268491,-0.0035264315,0.0166417863,0.0186971687,0.0246350374
8.665763855,-0.0065455791,-0.029442504,-0.0035342993,-0.0185140707,0.0130177112,0.0172596779
8.6756486893,-0.0047037061,-0.0345713496,-0.0074713053,-0.0334180519,0.0107079521,0.0109118996
8.6855573654,-0.0038852601,-0.0269796103,-0.0104924263,-0.0141503476,0.0033935802,0.0130706578
8.6955404282,-0.0020790903,-0.0074263513,-0.0095898332,0.0094592413,-0.0166270006,0.02486833
8.7055740356,-5.7e-09,-0.0051997453,-0.001699549,0.0341105238,-0.0365708806,0.0451658778
8.7155418396,0.0001802685,0.0100069046,0.0023096381,0.0597734116,-0.0521775372,0.0718090683
8.7255783081,-0.001476681,0.0156606585,0.0073603569,0.0672020316,-0.0530526526,0.0877454281
8.7355213165,-0.0059732106,0.006708473,0.0085753975,0.0703402981,-0.0434482284,0.0834327042
8.7455244064,-0.006728312,0.0015630574,0.0058356104,0.0435190722,-0.0192459524,0.0631090552
8.7555780411,-0.0056982096,-0.0078180879,0.0079235611,0.0060625118,0.0047730976,0.031108249
8.7655477524,-0.0019739924,-0.0058767945,0.0098555861,-0.0324161723,0.0223907065,0.0012739203
8.7754745483,0.0036526711,-0.0062955022,0.0097842393,-0.0622935072,0.0294534098,-0.0210626777
8.7854995728,0.0063004289,-0.0060407668,0.0096056638,-0.0793723613,0.0335056782,-0.0317009427
8.7955293655,0.0012029799,-0.0029913185,0.0083694039,-0.0728428215,0.0175440218,-0.0284111388
8.8055009842,0.0059615914,0.0061454326,0.0091867028,-0.0577719957,-0.0035881628,-0.0134111494
8.8155584335,0.0021237673,0.0124577135,0.0100192605,-0.03531795,-0.0139739588,0.0015133384
8.8258247375,-0.0065114554,0.0151003748,0.0050272522,-0.0076088253,-0.0146922134,0.0174345151
8.8355541229,-0.0151891615,0.0189724863,0.0030126153,0.0040760604,-0.0123627456,0.0290967617
8.8454713821,-0.0200404879,0.0131866634,0.0020399867,0.0049996446,0.0026620098,0.0353730321
8.8554668427,-0.0211888608,0.0123110861,7.77422e-05,0.0048296014,0.0219291802,0.0384339392
8.8655052185,-0.0186745133,0.0173446089,-0.0009314836,0.0121905785,0.0358713642,0.0372759961
8.8754873276,-0.0152294394,0.0224665552,-0.000953597,0.0196920373,0.0306225382,0.0415539667
8.8854494095,-0.007754406,0.0228363574,0.0040121851,0.0283731446,0.0167227015,0.0331389084
8.89544487,-0.0059730764,0.0222829133,0.0099410592,0.0434558243,0.0018332342,0.0279117897
8.9054412842,-0.0049614068,0.0188853741,0.015934784,0.0532024615,-0.011007729,0.0173643399
8.9154815674,-0.0048096832,0.0155270249,0.0141441999,0.0607256256,-0.012129453,0.0046187174
8.9254398346,-0.0017536042,0.0131368488,0.0103917299,0.0531444028,0.004830888,-0.0050474918
8.9354133606,0.0002129319,0.0096148103,0.0036596833,0.0370361395,0.0206476673,-0.0157628544
8.9454240799,0.0020037384,0.0049348623,0.0017561495,0.013457845,0.0374479517,-0.0296664182
8.9553937912,0.0036965401,-0.0019991098,-0.0031533064,-0.0143676624,0.0499743968,-0.0392886847
8.9654445648,0.0053143892,-0.0111679882,-0.0012881578,-0.0410341583,0.0549486503,-0.0584253594
8.9754047394,0.0039806161,-0.008829698,-0.0053984942,-0.0473442525,0.0441948064,-0.0604765266
8.9854068756,0.0077022854,-0.0055293739,-0.0094446363,-0.0556743518,0.0195299387,-0.0624355488
8.9953804016,0.0106807593,-0.0101687163,-0.0105259242,-0.0694658011,0.0076991124,-0.0580977947
9.0054769516,0.0018577966,0.0026657435,-0.0078814449,-0.0694511533,0.0013863556,-0.0463705622
9.0153837204,0.0029060484,0.0108024776,-0.0099931182,-0.0426845178,-0.015352943,-0.0282200556
9.0254430771,0.0031195672,0.0125223994,-0.0109953107,0.0042941733,-0.024436187,-0.0080085276
9.0353889465,0.0022988708,0.0245065987,-0.0109596672,0.0469075479,-0.0238921028,0.0163904224
9.0454502106,-0.0014457164,0.0193053782,-0.0039608898,0.0713867918,-0.0245626867,0.0408126712
9.0553407669,0.0006586703,0.0133407265,-0.000779611,0.0819643363,-0.0179527216,0.0545748249
9.0654754639,0.0006810817,0.0083672553,-0.0015632332,0.0754126906,-0.0029767011,0.0619190261
9.0753669739,0.0034796537,0.0003420265,-0.0023456039,0.0539365634,0.0149714053,0.0554436818
9.0854349136,0.0022120269,-0.0031166372,-0.0032685222,0.0271347743,0.0359856114,0.0372654758
9.0953483582,-0.0002791641,0.0009346456,-0.0014104069,0.0035612714,0.0538189374,0.0191053823
9.1054077148,0.0030389221,0.0068245381,-0.0054065408,0.000365478,0.0579604171,0.0063320622
9.115240097,0.0073182974,0.0194848925,-0.0162765197,0.0036402345,0.0536141396,-0.004263191
9.1254043579,0.0127319936,0.022414282,-0.02218334,0.0037435647,0.0439322181,-0.0116372174
9.1352376938,0.0115151946,0.0213140547,-0.0242008977,-0.0120262112,0.0191240739,-0.0242165253
9.1453914642,0.0067674313,0.0084037334,-0.0202979855,-0.0212575253,-0.0195783153,-0.0420197584
9.1553230286,0.0043132994,-0.0017336904,-0.0144115509,-0.03802412,-0.0498065241,-0.0619975962
9.1653995514,0.004026616,-0.0051920861,-0.0114799561,-0.0496291108,-0.0607113689,-0.0767922476
9.1751298904,0.0076706205,-0.001873508,-0.0095113935,-0.0496054105,-0.0607736856,-0.084229134
9.1853675842,0.0044010673,0.006359607,-0.0056716027,-0.0304903053,-0.0520028323,-0.0758002251
9.1953010559,0.0058505479,0.0129022747,-0.0046976032,-0.000807778,-0.0334589742,-0.0589426793
9.2053480148,0.0041652415,0.0198615044,-0.0007575573,0.0427998863,-0.0212105662,-0.0409919098
9.2151441574,0.0043758992,0.0155051202,0.0081979809,0.0704718605,-0.0166030303,-0.0272301584
9.2253541946,0.0046589617,0.0015953631,0.0084514795,0.0821402371,-0.0142298881,-0.0102554364
9.235294342,0.0019557716,-0.0054048598,0.0115893064,0.087490797,-0.020499235,0.0014667332
9.2452945709,0.0051161442,-0.0113975853,0.0108722625,0.0789311305,-0.0226031337,0.0131726582
9.2552747726,-0.0005970058,-0.006801784,0.0070654927,0.0670813918,-0.0150892902,0.0280072633
9.2652692795,-0.0025028198,-0.0081770569,0.0052224575,0.0530771613,-0.0012669517,0.0321769752
9.2753200531,-0.0026080071,-0.0086887032,0.0072640358,0.0337765664,0.0113625573,0.0267972574
9.2852830887,-0.0047654565,-0.0094361752,0.0082408963,0.0166625585,0.0196897276,0.0161312968
9.295580864,-0.0059720632,-0.0123117566,0.0092033325,-0.0036247354,0.0258235224,0.0012297118
9.3054141998,-0.0101522412,-0.0095595866,0.0129912673,-0.0249361508,0.0245172419,-0.0072460645
9.3154382706,-0.0074772444,-0.0040466636,0.0060342131,-0.0388182774,0.030701099,-0.0210858472
9.3253450394,-0.0067196246,-0.0035089699,0.0039566932,-0.0440742895,0.0199906658,-0.0188879408
9.3356246948,-0.0019454715,0.0029503854,-0.0010180892,-0.0332790315,0.0061614034,-0.0209304523
9.3454027176,0.0049095545,0.0026915225,-0.0010129036,-0.0278682914,-0.0023561846,-0.021941388
9.3554201126,0.0069965366,0.0015698971,-0.0029636445,-6.18258e-05,-0.0127401156,-0.0112686362
9.3654003143,0.01097464,0.0115648061,-0.0009586634,0.0383532085,-0.0197338443,0.0110601047
9.3755607605,0.0072115902,0.0150162131,-0.0008668722,0.0606891364,-0.0172632281,0.0290862434
9.3853645325,0.0025450976,0.0009909124,0.0022550402,0.0574360862,-0.0119262533,0.0311786905
9.3953809738,-0.0022538363,-0.011155948,0.0023826538,0.0519402549,0.0083177648,0.0289276522
9.4054412842,-0.007236531,-0.0146804005,0.0004758416,0.0262732413,0.0166151095,0.0225174241
9.415471077,-0.0054123159,-0.0272378922,0.0024929224,-0.0057294331,0.0184100792,0.0119063249
9.4253578186,-0.0066308137,-0.0225303024,0.0014165222,-0.0260155275,0.021405071,0.0055267224
9.4353542328,-0.0049921628,-0.0120717883,0.0032298146,-0.0345287248,0.016041996,0.0108787436
9.4453554153,-0.0062054303,-0.0045447946,0.0050509153,-0.0227729976,0.0119122341,0.0172716603
9.4554176331,-0.0084214862,0.0128652602,0.0029553352,-0.0110421721,0.0078471843,0.0311002582
9.4653329849,-0.0066300984,0.0177102536,0.000957626,-0.0089334808,0.0089776963,0.0364034101
9.475402832,-0.0116366353,0.0166014731,-8.98064e-05,-0.0206339471,0.0066900402,0.0300545692
9.4853219986,-0.0058670696,0.016505748,0.0028417883,-0.0248393416,0.0054434156,0.0130673302
9.4953536987,-0.0029919951,0.0202520043,-0.0011032046,-0.0162261482,0.0021759828,-0.0028575745
9.5053052902,0.0058527533,0.0270677209,-0.0020462098,-0.0010530539,-0.0202694051,-0.0165337063
9.5153694153,0.0061934236,0.0232759416,0.0009878455,0.023671601,-0.0372683629,-0.0270653106
9.5252971649,0.0057337228,0.020643726,0.0070040403,0.0409459285,-0.0543807708,-0.0439646617
9.535326004,0.004551569,0.0062958449,0.010149139,0.0388773158,-0.0587534159,-0.0534965172
9.5452861786,-0.002561724,-0.0033218113,0.008322197,0.0259471387,-0.0428487509,-0.0567777976
9.5553617477,-0.0040309038,-0.0101864487,0.0074272929,-0.0020303018,-0.0152831683,-0.0569337234
9.5652828217,-0.0088146236,-0.0094847679,0.0063752113,-0.0172686428,0.0167445391,-0.0475692526
9.5753326416,-0.0129039492,-0.0020634232,-0.002583188,-0.0281770825,0.0392349362,-0.0328354463
9.5852680206,-0.0065105166,-0.0033269075,-0.0006935419,-0.0283435322,0.0553563833,-0.0223159604
9.5953102112,-0.0040995535,-0.0055664331,-0.0008143605,-0.0220100023,0.0597734973,-0.0117261671
9.6052408218,0.0031841339,-0.004775539,-0.0028376402,-0.0176541358,0.0480776913,-0.0084661916
9.6153097153,0.0077046398,-0.0069112927,0.0010078728,-0.0292380899,0.0277066436,-0.0051380396
9.6252784729,0.005580375,-0.0071500242,0.0077539859,-0.0226457007,0.0053038653,-0.0060597593
9.6353244781,0.0036378296,-0.0044573992,0.0057327924,-0.0193658825,-0.002193199,-0.0102607626
9.6452569962,0.0017795953,-0.0056461245,0.0047142087,-0.0193360541,-0.0054084333,-0.0113023249
9.6552963257,0.0009058955,-0.005868122,0.0027336059,-0.0183043461,-7.94481e-05,-0.0145268813
9.6652374268,0.0008632335,0.0008438976,0.0056075631,-0.0087659694,0.0054018702,-0.0071323477
9.6753025055,-0.0002466199,0.0017546267,0.0094681559,-0.0024691904,0.0161908679,-0.0008313085
9.6852359772,-0.0033951162,0.0027709755,0.0074626384,0.01449701,0.0270736087,0.0065230103
9.6953048706,0.0030977072,0.0030239674,0.0006588279,0.0282069631,0.043299716,0.0159665793
9.7052221298,0.0036195905,0.0063125491,-0.004223627,0.037805263,0.040258389,0.0266035106
9.7152872086,0.0051623676,0.0076993257,-0.0042120637,0.0346290432,0.0370303728,0.0276920795
9.7252130508,0.0037713291,0.0099756718,-0.0052022161,0.0260989368,0.0338034183,0.0330309197
9.7352695465,0.0025089474,0.0073064417,-0.0081165256,0.0208854005,0.0229803305,0.0214159396
9.7451896667,0.0091632996,0.0037144276,-0.008022231,0.027419202,0.0122339437,0.0087323692
9.7551994324,0.0051604901,0.0098438114,-0.0168367438,0.0424319729,0.0079872673,-0.0008092043
9.7652292252,0.0129360352,0.0112980306,-0.0186458044,0.0510707349,0.0004726253,-0.012452811
9.7751989365,0.0179300699,0.0107390881,-0.0214330964,0.039484784,-0.0157132689,-0.0208429657
9.7852554321,0.0162865017,0.0033260288,-0.0154227437,0.0407484546,-0.0350416936,-0.0324048139
9.7951812744,0.0158933196,-0.0091658384,-0.0142776193,0.0185057335,-0.0513508879,-0.0439671949
9.8052072525,0.0087443534,-0.0140959322,-0.0093232216,-0.00811416,-0.059047427,-0.0449610837
9.8151712418,0.0005852672,-0.0124505013,-0.0093564214,-0.0231125504,-0.0558827929,-0.0364727937
9.8252334595,-0.0037829934,-0.0118739605,-0.0064434828,-0.0403554514,-0.0409440584,-0.0238089282
9.8351316452,-0.0055040773,-0.0025481728,-0.0055804076,-0.0448961407,-0.0141241606,-0.0080432817
9.8452100754,-0.0075691696,0.0106357187,-0.0096550407,-0.0441179648,0.0148755331,0.0077039888
9.8551654816,-0.0011009929,0.0200401694,-0.0146666588,-0.0358284786,0.041738838,0.0170867052
9.8652095795,0.0022378953,0.0266753882,-0.0147969546,-0.0209446047,0.0482848883,0.0191586446
9.8751373291,0.0056117121,0.0286145359,-0.0099794688,-0.0058797672,0.0355334058,0.0139174098
9.8850831985,0.013154665,0.0268289745,-0.0040682377,0.0167949181,0.0099305753,-0.0008058755
9.895198822,0.0112335924,0.029059723,0.0018295228,0.0395094194,-0.021005502,-0.0144328717
9.9051151276,0.0047506634,0.0314525217,0.0058329282,0.0611361526,-0.0498046614,-0.0270099156
9.915189743,0.0054022316,0.0281963944,0.0060813008,0.0804645717,-0.0583214499,-0.039713461
9.9251003265,-0.0026387481,0.0181105882,0.0024092374,0.0857397616,-0.0487069078,-0.0450914502
9.9351797104,-0.0030689149,0.0090555698,0.0026735244,0.0812841654,-0.0262958705,-0.0463009216
9.9451084137,0.0030524374,0.0048129857,-0.0010154666,0.0575854927,-0.0018605703,-0.0421932638
9.9551277161,0.0030945481,-0.0016850232,0.0020104228,0.032921426,0.012889347,-0.0443943664
9.9650850296,-0.001711866,-0.0202685148,0.0030358611,-0.004449917,0.0157703552,-0.0486365147
9.9751596451,-0.0017453042,-0.0224351287,0.0039770184,-0.0182329733,0.0049632471,-0.0496174917
9.9850759506,-0.0035777299,-0.0217566043,0.0107605038,-0.018041227,-0.0195902996,-0.0462712273
9.9952735901,-0.003312683,-0.013186112,0.0107302247,-0.0019413522,-0.0353860408,-0.0334326588
10.0050764084,-0.0068587717,-0.0024805663,0.0116852103,0.0151569406,-0.0426263772,-0.0206489563
10.015209198,-0.0054368135,-0.0042602867,0.011801797,0.0225613285,-0.0382100567,-0.0111222956
10.0251350403,-0.0061003622,-0.0031309722,0.0138231097,0.0149596017,-0.0232875645,-0.0090889726
10.0350608826,-0.0098547991,-0.0049861223,0.0167845674,0.0084018335,-0.0030648517,-0.0123995477
10.0450572968,-0.0089028832,-0.0087612718,0.0226873346,0.0114895022,0.0129455402,-0.0178174824
10.0550613403,-0.0051846858,-0.0036676077,0.0236917324,0.0241891854,0.0248317607,-0.014718229
10.0651168823,-0.0045518633,0.0073879361,0.0256194659,0.038028568,0.0281724297,-0.0115623828
10.0750522614,-0.0095233079,-0.0078658462,0.0208131261,0.0476401821,0.0250959452,-0.0051753242
10.0850772858,-0.0087668356,-0.0074275583,0.0159785934,0.0443876609,0.0262485631,0.0075681675
10.095032692,-0.0081097241,-0.0050457567,0.0111282645,0.0378706418,0.0348612256,0.0213305876
10.1050357819,-0.0084738936,-0.0076385587,0.0052890358,0.0292526521,0.0423215404,0.0266001821
10.115029335,-0.0079677608,-0.0092974454,0.0033264933,0.0227718502,0.0539747328,0.0201542675
10.125169754,-0.0075160917,-0.0120256692,-0.0015925587,0.0174359418,0.0591593757,0.0063132867
10.1349172592,-0.006071737,-0.0148898661,-0.005547029,-0.0006340062,0.056728974,-0.0117196431
10.1450805664,0.0041559134,-0.0169131905,-0.0065457644,-0.020877758,0.0533387698,-0.0148706948
10.1550073624,0.0084975902,-0.0063913018,-0.0017874659,-0.0303570163,0.0372447558,-0.0136983711
10.1653623581,0.009197766,-0.0027787385,0.0020047603,-0.028100783,0.0212575328,-0.0104091009
10.1750144958,0.0119737331,0.0009504856,0.004888135,-0.0141415596,0.0085997935,-0.0028981878
10.1850614548,0.0109231863,0.0057903826,0.0058240471,0.0051210849,0.0002529144,0.0035168347
10.1949892044,0.0070337001,0.0078551918,0.0077616153,0.0147639923,-0.0039522173,0.0024727422
10.2050132751,0.0002660992,0.0020598324,0.0048270999,0.0050871302,0.0045232931,0.0024245388
10.2150096893,-0.0017352161,-0.0038186309,0.0009175717,-0.0078907199,0.0247342903,0.0023004359
10.2249536514,-0.0039412584,-0.0038836745,-0.0099053206,0.0026692459,0.0366181098,0.0075279549
