0.0000000000,-0.0828928351,0.0321416073,-0.1184786186,-0.1161575764,1.5637075901,0.4608605504
0.0098359585,-0.0709229708,-0.0016232983,-0.1131296977,-0.1943301409,1.5906755924,0.4704500735
0.0200799704,-0.0553380288,-0.0087381182,-0.1206004247,-0.261670053,1.6018424034,0.4832143486
0.0301250219,-0.0518034138,0.0108531462,-0.1244568452,-0.3333231807,1.616138339,0.4927918613
0.0402339697,-0.058460895,0.0250352509,-0.1167713031,-0.4157720804,1.6441645622,0.5076920986
0.0502519608,-0.0724349618,0.0210908912,-0.1120457277,-0.4662333727,1.6757296324,0.5342656374
0.0603370667,-0.0809736848,0.012720895,-0.1093374118,-0.5155024529,1.6956658363,0.56614393
0.0705170631,-0.0801661611,0.0165662505,-0.0931592211,-0.5434688926,1.7189387083,0.592707634
0.0806920528,-0.0816941261,0.0162237622,-0.0859065875,-0.544555068,1.7222927809,0.620315969
0.0904730558,-0.077621229,0.008994122,-0.0721032247,-0.5349195004,1.7203862667,0.6404867768
0.1006109715,-0.0797615051,0.0145026641,-0.0458766446,-0.5094775558,1.7375997305,0.6426126361
0.1106530428,-0.0842691138,0.0233193673,-0.0168286767,-0.4349783063,1.758445859,0.6479130983
0.1207760572,-0.0793204904,0.0378884114,0.0044305716,-0.2450105399,1.7603402138,0.6839672327
0.1310340166,-0.0746100545,0.0626474246,-0.0043946709,0.0068504517,1.7639818192,0.7423040271
0.1409250498,-0.0829308629,0.1066601649,-0.0355158076,0.2799992859,1.7731083632,0.7995759845
0.1509580612,-0.103304565,0.1418116242,-0.0810472593,0.529782474,1.7714678049,0.8642815351
0.1610610485,-0.1289780736,0.1495566368,-0.1059485897,0.746373713,1.7812569141,0.9364346266
0.1711219549,-0.1532262564,0.1518718898,-0.112178646,0.8837866783,1.8104400635,0.9969368577
0.1811569929,-0.1683796048,0.1571107209,-0.0822757706,0.9527085423,1.8569264412,1.0362279415
0.1912490129,-0.1705341935,0.1501878202,-0.0415805802,0.976722002,1.9126176834,1.0829688311
0.2013200521,-0.1596632898,0.1287493557,-0.0019252506,0.9454653859,1.945515871,1.1254649162
0.2113710642,-0.1404242814,0.1079467908,0.0344673172,0.8824110627,1.9569416046,1.1722058058
0.2214100361,-0.123354882,0.0866523758,0.0518644825,0.8291525841,1.9493175745,1.2136266232
0.2315130234,-0.1191419065,0.0707880333,0.056019105,0.7609143853,1.9446778297,1.2444337606
0.2415729761,-0.1240230203,0.0682680532,0.0645338073,0.7212672234,1.9614132643,1.2603788376
0.2517369986,-0.1301882863,0.0626232401,0.0570650473,0.6731361747,1.97395432,1.2954367399
0.2616770267,-0.1298676729,0.0607335903,0.0501963869,0.6154195666,1.990216732,1.4260617495
0.2717980146,-0.2566275001,0.0401823558,0.0257643852,0.5851237178,1.9312365055,1.5343434811
0.2818369865,-0.332947582,0.0148639129,0.002152005,0.5731330514,1.9482359886,1.391012311
0.2919490337,-0.1892073154,0.0323750414,0.0040695462,0.5527313352,1.9584126472,1.3517360687
0.3019839525,-0.0855352283,0.0430843122,0.0082564149,0.4854201674,1.9651840925,1.3411376476
0.3121370077,-0.1189972162,0.0279712118,0.0133977327,0.3916966021,1.9463614225,1.3464610577
0.3221139908,0.0925156772,0.0312652923,-0.0451684818,0.2861873507,1.9316248894,1.3432949781
0.3322410583,0.0930074155,0.0140216099,-0.0402699336,0.2148639113,1.914072752,1.3507369757
0.342269063,0.0964205787,0.0091553973,-0.0349450931,0.1714098155,1.8851109743,1.3613533974
0.3523290157,0.0978278443,0.0177447386,-0.0184766259,0.1278934926,1.8626070023,1.3857746124
0.3623920679,0.1848219931,0.0563475527,-0.0638811216,0.0821949542,1.8442661762,1.4006420374
0.3724889755,0.1743633449,0.0651810989,-0.053494893,0.0608715564,1.8431296349,1.41763556
0.3825039864,0.164567858,0.062607415,-0.0463159904,0.1012663022,1.8606681824,1.4494874477
0.3926700354,0.1562653482,0.055602435,-0.0364004001,0.1321038455,1.8751122952,1.5078858137
0.4026299715,0.2158210278,0.0793965682,-0.0648174509,0.1671085507,1.8990665674,1.5546082258
0.4127249718,0.2191960812,0.0751477852,-0.0805449113,0.219460696,1.8955423832,1.5949414968
0.4227850437,0.224252522,0.0744704232,-0.0839117989,0.2611929178,1.8865851164,1.6299660206
0.4329030514,0.2271139026,0.0791036114,-0.0730439648,0.2613005042,1.8771884441,1.6533209085
0.4429130554,0.2738884389,0.0886925384,-0.0629212484,0.2186709493,1.8715809584,1.6639457941
0.4530180693,0.2758984864,0.0722517148,-0.0374644026,0.1931344271,1.8639302254,1.6639484167
0.4630420208,0.2768682241,0.0441466607,-0.0328824148,0.1548693478,1.8499462605,1.686249733
0.4731810093,0.2767389417,0.0323115923,-0.0298185553,0.0984936804,1.8338279724,1.730851531
0.4831739664,0.3069419563,0.0364546217,-0.0230440702,0.0336662456,1.81033957,1.7956262827
0.4935040474,0.2941473126,0.031928543,-0.0048787203,-0.0271030962,1.8069506884,1.8455445766
0.5033420324,0.2781436145,0.0203216709,0.0040963087,-0.0793412402,1.8035531044,1.8827191591
0.513422966,0.2687073648,0.005430256,0.022322217,-0.1475107074,1.7938091755,1.9443159103
0.5235019922,0.3029437959,0.0076198028,0.0268586073,-0.2156333327,1.7786842585,1.9942301512
0.5336680412,0.3081852198,0.0003051207,0.0212278757,-0.21956788,1.7482032776,2.0441205502
0.5436520576,0.3085626066,-0.0046765609,0.0044150148,-0.182875216,1.7106773853,2.0982439518
0.5536700487,0.306941539,0.003769581,0.0086220894,-0.1365892142,1.6730897427,2.1300673485
0.5637500286,0.2986307144,0.0100811766,0.0134155545,-0.0945079699,1.6278922558,2.1395905018
0.573974967,0.2925212085,-0.0042277528,0.0120515022,-0.0641708374,1.5825232267,2.1384983063
0.5838980675,0.2875241041,-0.0315256827,0.0220584068,-0.0692388564,1.5559511185,2.1384868622
0.5939509869,0.283637166,-0.0644871369,0.0452666655,-0.1222757176,1.5236549377,2.1384842396
0.603998065,0.2828088701,-0.1024250314,0.0690104142,-0.1689640135,1.4966772795,2.1321125031
0.6143760681,0.275347054,-0.1423726082,0.0776756778,-0.2230594754,1.4632831812,2.1278624535
0.6241179705,0.2701247931,-0.1659541875,0.0916630402,-0.2812184393,1.4097485542,2.1320970058
0.6342480183,0.2750714421,-0.1914952993,0.1042656675,-0.3094919026,1.355330348,2.1235826015
0.6442680359,0.2825497985,-0.2129680216,0.0999440327,-0.3152329028,1.2883349657,2.1086847782
0.6545979977,0.28278476,-0.2174028754,0.0992015973,-0.2814205885,1.2153662443,2.1012072563
0.6644860506,0.2826876044,-0.2141421735,0.1051115766,-0.213435635,1.1406010389,2.0979673862
0.6745740175,0.2812864482,-0.2196227908,0.1197172776,-0.1679270118,1.0707862377,2.0703141689
0.6846109629,0.2726693153,-0.2282893062,0.1390946358,-0.1331401169,1.0062321424,2.0500986576
0.6948950291,0.2666820288,-0.2490487397,0.1564442366,-0.1272020787,0.9457392097,2.0405108929
0.704709053,0.2642081678,-0.2783409655,0.1629583687,-0.1426005214,0.8850790262,2.0341153145
0.7148680687,0.2604748011,-0.3106633723,0.1614623517,-0.207995519,0.8081088662,2.03409338
0.7310980558,0.257371664,-0.3338073492,0.1742328852,-0.3109204769,0.747685492,2.0181617737
0.7704980373,0.2548000216,-0.3489156961,0.1905361265,-0.4011560977,0.6978307962,1.9788730145
0.7706830502,0.2420211434,-0.3489512801,0.2084714025,-0.4604737461,0.6514710784,1.9459491968
0.770712018,0.2316862345,-0.3269784451,0.2164028734,-0.5080956221,0.6094577909,1.9130245447
0.7707359791,0.2286491394,-0.3255902529,0.2047649473,-0.5225932598,0.5646674037,1.8981415033
0.7754189968,0.2348645777,-0.3580484092,0.1883424968,-0.5157030821,0.5158825517,1.8928064108
0.7853690386,0.2347561568,-0.3861902356,0.1738820523,-0.4713312387,0.4535620213,1.8768366575
0.7954889536,0.2293389589,-0.3765937686,0.1663205475,-0.3939525485,0.3989501595,1.8598009348
0.8053740263,0.2224224806,-0.348435849,0.1687341779,-0.2931182981,0.3478506207,1.8618738651
0.8171659708,0.2170508653,-0.3356620073,0.1685802191,-0.1911871284,0.2923644483,1.8405842781
0.8254300356,0.2073464841,-0.3404107094,0.1629307717,-0.106416747,0.2441178411,1.8129286766
0.8355140686,0.2040734291,-0.3531413674,0.1643572897,-0.0728579834,0.1954413801,1.7884744406
0.8455530405,0.2014040798,-0.3589109778,0.1765735596,-0.0872511193,0.1387924105,1.7449175119
0.8555580378,0.1974404454,-0.3715645373,0.1849452704,-0.0868202224,0.0940156281,1.71197927
0.8655999899,0.1968695521,-0.3908529878,0.1856573671,-0.0587686114,0.0634044558,1.6992166042
0.8756459951,0.2016314417,-0.4027125239,0.1894924492,0.0238610189,0.0173341669,1.6832456589
0.8856830597,0.205953151,-0.3980925679,0.1887549013,0.1267702729,-0.0284822565,1.67894876
0.8958280087,0.2156522274,-0.3854504228,0.1932918876,0.2574047148,-0.0719418451,1.673584938
0.9059250355,0.2150406092,-0.3773840964,0.1962296814,0.3782269359,-0.0942528173,1.6703590155
0.9159860611,0.2118061781,-0.3770776093,0.2033474892,0.4510425329,-0.1191453785,1.6607718468
0.9260079861,0.2148410678,-0.3936703205,0.2077751011,0.5014685988,-0.1463481635,1.6522505283
0.9360040426,0.2164441645,-0.4196094275,0.2074628323,0.5199863911,-0.1844758391,1.6384234428
0.946164012,0.2204510421,-0.4329746366,0.2129731625,0.4839102626,-0.2061384618,1.619310379
0.9562360048,0.2198570967,-0.4438666105,0.2163911313,0.4359624684,-0.2152051926,1.5948966742
0.9664560556,0.2107794881,-0.4580958784,0.1934008449,0.4157839715,-0.2260671705,1.5832152367
0.9768090248,0.2098196,-0.4618530273,0.1625827402,0.392454654,-0.2411470562,1.5800282955
0.9865629673,0.2179478258,-0.4540704489,0.1405125707,0.3883040547,-0.2540480196,1.5598486662
0.996688962,0.2135118395,-0.4491070807,0.1222947016,0.4181783199,-0.2538562715,1.5492231846
1.006870985,0.2004248351,-0.4419662356,0.1118622795,0.4043793976,-0.2614326179,1.5449762344
1.0167679787,0.193351984,-0.4394668937,0.1042154208,0.2783953547,-0.2585515976,1.5046613216
1.0268150568,0.1883772165,-0.4633756578,0.116873242,0.1834139824,-0.2606706619,1.4696450233
1.0369889736,0.17669788,-0.503580153,0.1187096015,0.1460389048,-0.2601297796,1.4399243593
1.0469620228,0.1689642966,-0.4944309592,0.1242947951,0.151255548,-0.2496180981,1.4176300764
1.0570160151,0.1690646708,-0.4763343036,0.122093834,0.1916354597,-0.233494252,1.3953300714
1.0671659708,0.1622770578,-0.4822409451,0.1033872738,0.237275064,-0.2099247426,1.3687855005
1.0771859884,0.1466086954,-0.4953797758,0.0808163658,0.3171461821,-0.1945585757,1.3401043415
1.0872280598,0.1337735504,-0.5076653361,0.0768291131,0.4065443873,-0.1717090458,1.307177186
1.0978139639,0.1207172871,-0.5045357943,0.0864799991,0.4840272069,-0.1308766603,1.2816947699
1.1073980331,0.1132461429,-0.5107223392,0.117561318,0.4847094119,-0.0950839221,1.2371166945
1.1174149513,0.1016770154,-0.5250988603,0.1358323544,0.4267047048,-0.0609411299,1.1808731556
1.1275099516,0.0920044258,-0.5522146225,0.1149667874,0.3153867126,-0.0315086059,1.1246410608
1.137732029,0.0871484205,-0.5787929893,0.0968235508,0.1583568752,-0.0205899104,1.0567312241
1.1477589607,0.0842314065,-0.5936571956,0.0862316862,-0.0349678919,-0.0089620184,0.9835222363
1.1577609777,0.0783220381,-0.5957884789,0.0977781788,-0.2154596448,0.0007460029,0.9241121411
1.1680469513,0.072420463,-0.5900451541,0.1022855416,-0.3702995181,0.0064272578,0.8636313081
1.1778370142,0.0694867373,-0.57587713,0.0959264413,-0.4610762894,0.0107114855,0.8286170959
1.1879689693,0.0675132573,-0.5595769286,0.0894621983,-0.5198081136,0.0120784193,0.7914698124
1.198094964,0.0606582128,-0.5251991749,0.093613185,-0.5304154754,0.0044197002,0.7702326775
1.208155036,0.0587861203,-0.507181108,0.1027047411,-0.4919151664,-0.00381759,0.757479012
1.2181680202,0.0528788976,-0.4876941442,0.1186257973,-0.4313035011,0.0179130062,0.7542890906
1.2282019854,0.0330116265,-0.4636225104,0.1306158751,-0.3408631086,0.0452656671,0.7595880628
1.2383669615,0.0227744244,-0.4580231607,0.1076810136,-0.2289999425,0.0654255301,0.7723113298
1.2483600378,0.0251069926,-0.4680010676,0.0829690471,-0.1575481892,0.0702667609,0.768048048
1.2584370375,0.0249252878,-0.4420979023,0.0727174655,-0.1214096174,0.0831079856,0.7361912727
1.2687360048,0.011759039,-0.4258156419,0.0713037625,-0.122663334,0.0999097377,0.7107156515
1.278545022,0.0042160414,-0.4202805758,0.0710085407,-0.1847943515,0.1202706695,0.6618988514
1.2885930538,-0.0020754375,-0.4196543396,0.0796493068,-0.274658829,0.1392922252,0.6077807546
1.2986530066,-0.0086207427,-0.424293071,0.0828252211,-0.3912219107,0.1602664888,0.5632252693
1.308743,-0.0010543503,-0.4300317466,0.0889372006,-0.5633473396,0.1870394349,0.5059447289
1.3188689947,0.001061853,-0.4355252385,0.0932104364,-0.7449727654,0.2030695379,0.4412291348
1.3289250135,0.0081132911,-0.4362395108,0.08668641,-0.8775079846,0.219570294,0.382871747
1.3392250538,0.0226870887,-0.4213591218,0.0888803974,-1.0026448965,0.2435906827,0.328763783
1.3489570618,0.0311682783,-0.3920233548,0.1000150815,-1.1032165289,0.2657034397,0.2746486068
1.3591519594,0.0387025438,-0.3758512139,0.1014756337,-1.1654194593,0.2947255075,0.2523811162
1.3692500591,0.0468916111,-0.3704638481,0.0843840614,-1.2040686607,0.3165034354,0.2269200385
1.3792799711,0.0508992635,-0.3423044086,0.0769453421,-1.176574707,0.3410657644,0.2141837329
1.3893350363,0.0587726794,-0.2918247879,0.0643084422,-1.0870331526,0.3514195979,0.2173505127
1.3995800018,0.0654247627,-0.2495872974,0.046730496,-0.9791759253,0.3461681306,0.2438654751
1.4094580412,0.0708734393,-0.226387009,0.0427116528,-0.8809212446,0.3408037126,0.2661369443
1.4194999933,0.0715810061,-0.2130116224,0.0462775603,-0.8361184001,0.3433795273,0.2756830454
1.4296120405,0.070859313,-0.1971186846,0.0448321477,-0.7388963699,0.3325367272,0.272466749
1.4398640394,0.0691830218,-0.1876137257,0.0296923909,-0.6202453375,0.3157766461,0.3095912039
1.4497270584,0.0814138651,-0.1696927547,0.033089377,-0.5251179338,0.3018361926,0.3223007619
1.4597409964,0.0791412517,-0.1681990027,0.0403820649,-0.4427950978,0.2877621949,0.3318290114
1.469974041,0.0672187805,-0.1701738834,0.0418551341,-0.3857603371,0.2404621243,0.3243587911
1.4800180197,0.0653505251,-0.1727372408,0.0541859642,-0.3695387542,0.2182031572,0.3062929809
1.489937067,0.0623650216,-0.1718893051,0.0791598931,-0.4004226029,0.2103392482,0.2808141112
1.5001080036,0.0465520583,-0.1900926232,0.0885184184,-0.4462771714,0.2055559456,0.2595873773
1.5101510286,0.0405937992,-0.2058990002,0.0774793997,-0.4696490467,0.1946702749,0.2489712089
1.5201300383,0.0388708673,-0.1986114085,0.0645485893,-0.4972186089,0.1763216257,0.2383510619
1.5302519798,0.0363751017,-0.1800662279,0.0611126199,-0.5451219678,0.1631026864,0.2277368456
1.5402860641,0.028872069,-0.1703705639,0.067388393,-0.6111981869,0.1528441906,0.2075743079
1.5503480434,0.0171358548,-0.1682136655,0.0777358785,-0.6205791235,0.1304509342,0.2033189088
1.5604670048,0.0152822398,-0.1643687487,0.0695316568,-0.5935967565,0.1010520309,0.2149771601
1.5705729723,0.0218617879,-0.1343089342,0.0737427846,-0.5454511046,0.0886978284,0.2085880339
1.5804619789,0.0137211047,-0.101248391,0.0848435536,-0.4130819142,0.0856442451,0.2138618976
1.5907319784,0.0076625906,-0.0815651938,0.0640265718,-0.2261992842,0.0757900923,0.2424793541
1.6009199619,0.0168723427,-0.0747572482,0.0336379185,-0.0274901856,0.0564352982,0.2625934184
1.6107859612,0.0214172564,-0.06716609,0.0265865717,0.1583970189,0.0380103514,0.2795243263
1.6207779646,0.014504578,-0.0579046197,0.0321506634,0.2759063244,0.0262690056,0.2741796374
1.6308760643,0.0118522905,-0.0734879151,0.0465573445,0.3495948613,0.0204491355,0.2592929006
1.6408350468,0.005468186,-0.096722059,0.0463284031,0.4403626025,0.014847707,0.2550198436
1.6510390043,0.009392079,-0.1045695469,0.0439415947,0.5066721439,0.0005436691,0.2507488728
1.6610989571,0.0114379786,-0.1024418846,0.0425669923,0.4801137447,-0.0137247499,0.2135855258
1.6712189913,0.0072051845,-0.1045325175,0.0503262654,0.3874263465,-0.0317686647,0.1743142307
1.681210041,0.0021444522,-0.137491405,0.0486978069,0.2147096992,-0.0516134761,0.128690809
1.6912670135,0.004911121,-0.1609861851,0.0571846142,-0.0050014416,-0.0688031837,0.0650301427
1.7014169693,0.0029708408,-0.1700592041,0.0640948191,-0.1767580211,-0.0780355632,0.0183499921
1.7114310265,-0.0028622784,-0.1547672153,0.0681504384,-0.2908843458,-0.0866455585,-0.0102952346
1.7215020657,-0.0044318475,-0.1260663569,0.0723600164,-0.3505444825,-0.0978745148,-0.0251508802
1.7315629721,-0.0011863448,-0.1043981835,0.0756363049,-0.3836081028,-0.1004192308,-0.045315735
1.7415360212,-0.0126271881,-0.0780080184,0.0642222539,-0.3867349327,-0.1078742146,-0.0453186631
1.7516930103,-0.0102227367,-0.0629033968,0.0518964306,-0.3513912857,-0.1202561855,-0.0389639661
1.761729002,-0.0045391358,-0.0572051667,0.0404978171,-0.2627876401,-0.121466063,-0.0177510865
1.7719420195,-0.004790131,-0.0364576243,0.0219676886,-0.1432104111,-0.1244655848,0.0130094886
1.7819499969,-4.78067e-05,-0.0143231852,0.0091087017,-0.0225077029,-0.1338838488,0.0342101157
1.7919789553,0.0038772784,-0.0078091873,9.2903e-05,0.0715681687,-0.1488323659,0.0564756729
1.8021550179,0.0068290196,-0.0069837524,0.0017641577,0.117448844,-0.1473082453,0.0660209805
1.812106967,0.0046609603,-0.0180355422,0.0121786986,0.1302556396,-0.1471825987,0.068141453
1.8221960068,-0.0001223125,-0.0277445875,0.0227891598,0.1355071217,-0.1386341304,0.0702679902
1.8323919773,0.0019384585,-0.0398765169,0.0130136404,0.1290631592,-0.134425208,0.0734570548
1.8422939777,0.003887888,-0.049494531,-0.0074808802,0.0948133022,-0.1252506077,0.0617905408
1.8523880243,-0.0010581054,-0.0531386696,-0.0152031984,0.0626861006,-0.1150387228,0.0437540188
1.8626400232,-0.0023178495,-0.0478470139,-0.0169936027,0.031625919,-0.1047890112,0.0299636386
1.8725780249,-0.0067259409,-0.0536479615,-0.0168469157,0.0079005081,-0.0806324109,0.0236108005
1.882874012,-0.0095252432,-0.068393521,-0.0196706261,-0.0136796189,-0.0575183034,0.0172570311
1.8927739859,-0.0135297813,-0.0634668097,-0.0255966391,-0.0182726663,-0.02579486,0.0066561853
1.9027299881,-0.0176579095,-0.0464386605,-0.0238614883,0.0061306786,-0.0118151288,0.0024097748
1.9128069878,-0.0159532465,-0.0406526737,-0.0241216626,0.0155264698,0.0095298402,0.0087893773
1.9228800535,-0.013270203,-0.0502963476,-0.0204779115,-0.0082374485,0.0379787907,0.0098714195
1.9330559969,-0.023320023,-0.0573988222,-0.0187612381,-0.0501149409,0.0630024523,-0.001784504
1.9429889917,-0.029618416,-0.0503945909,-0.018018147,-0.069430843,0.0734308586,-0.0038979887
1.9530810118,-0.0221947469,-0.0395225845,-0.0142830815,-0.0716872588,0.0850708038,-0.0060165999
1.963127017,-0.0167054571,-0.0333665274,-0.0135027971,-0.0846089199,0.0966438353,-0.0038839406
1.9732570648,-0.0230051316,-0.0314140283,-0.0127104726,-0.0964895487,0.1102858782,-0.0113067031
1.9832470417,-0.0234977044,-0.0317228101,-0.0128265824,-0.094373934,0.1124611497,-0.0059971591
1.9933290482,-0.0152158774,-0.0252689682,-0.0090212431,-0.0964506641,0.1071928814,0.0024951291
2.0034680367,-0.0059402622,-0.0333334766,-0.0012934414,-0.1262562275,0.0994979441,0.0014370553
2.0136060715,-0.0042834617,-0.0425445698,0.0153038297,-0.1689450741,0.0990695059,-0.0070465114
2.0235061646,-0.0063738562,-0.0395432673,0.0251748953,-0.197759673,0.098790139,-0.0112865297
2.0336830616,-0.0046576895,-0.0388127826,0.0301931296,-0.2072114497,0.0838297009,-0.0144752655
2.0437669754,0.0009356104,-0.0469875894,0.0303785,-0.2039498836,0.077443175,-0.0219118763
2.0537450314,0.0028556548,-0.0493065976,0.0335476175,-0.197342515,0.0562536046,-0.0261735991
2.0638709068,0.003931459,-0.04273526,0.0386812463,-0.174773559,0.0405273736,-0.0272489842
2.0738968849,0.0088087879,-0.035043966,0.0476407185,-0.1500779986,0.0258725956,-0.0293849055
2.0839471817,0.0057845674,-0.0347373746,0.0477131978,-0.1168020666,0.0071050324,-0.0230319351
2.0940639973,0.007724341,-0.0407832973,0.0438636914,-0.0942169577,-0.0096059041,-0.0124281608
2.1040921211,0.0107466541,-0.0409581475,0.0439436808,-0.0908690989,-0.0244666077,-0.0177454278
2.1141738892,0.0089479946,-0.0363478623,0.041092135,-0.0928915069,-0.0361757316,-0.0209374931
2.124174118,0.0101066194,-0.0415862016,0.0373454466,-0.1247993708,-0.0470723212,-0.0219966322
2.1343331337,0.012274798,-0.0442426167,0.0326754227,-0.1536003649,-0.0484564304,-0.0326058008
2.144356966,0.0075386725,-0.0474225245,0.0300169382,-0.2079797238,-0.053155046,-0.029408941
2.1544260979,0.0076943003,-0.0531721674,0.0284575019,-0.2719396949,-0.061160244,-0.0325839594
2.1648039818,0.0098414384,-0.0576468669,0.0338568464,-0.3391293585,-0.0660330281,-0.0389401279
2.1746239662,0.0033062361,-0.048971232,0.0334573165,-0.3880932629,-0.0780783668,-0.0304383859
2.1846141815,0.0134505294,-0.0417486839,0.0302666221,-0.4478791058,-0.0765475854,-0.041040428
2.1946730614,0.0147736631,-0.0388771258,0.0222483668,-0.4649959505,-0.072452642,-0.0410341062
2.2048640251,0.0092816316,-0.0300446115,0.0044031534,-0.4447002709,-0.0732119083,-0.0219272561
2.214756012,0.0106231235,-0.0159286223,-0.0115691628,-0.4063102901,-0.0696098581,-0.0091940174
2.2248680592,0.0119273029,-0.0003182843,-0.0139880385,-0.3680071235,-0.0575547852,-0.0017651295
2.2350320816,0.0052740239,0.0091482447,-0.0107205119,-0.3083886206,-0.042089276,0.0120313764
2.2450079918,0.0023100637,0.0077454792,-0.0154164638,-0.2296464294,-0.0179397352,0.0300740264
2.2550778389,-0.0026953258,0.0149012851,-0.0183305349,-0.1348419636,0.0010936784,0.0555420369
2.2651171684,-0.0060089268,0.0169887282,-0.0214172211,-0.0624327511,0.0188974421,0.085262917
2.27520895,-0.008526478,0.0165648945,-0.0216972437,-0.0381738022,0.0478077866,0.0927033797
2.2852759361,-0.0110517181,0.0131818997,-0.0170988645,-0.0361620486,0.0606277138,0.1033272669
2.2953438759,-0.0146324076,-0.0011842505,-0.0124486294,-0.0481071807,0.0817927867,0.1107743979
2.3054718971,-0.0164477862,-0.0100555075,-0.0097924676,-0.0536787771,0.1050674841,0.1076020375
2.3154878616,-0.0173862614,-0.0062660975,-0.0062184539,-0.01649197,0.1224381551,0.1182201356
2.3255391121,-0.0124536194,-0.0010295466,-0.015380105,0.0442747101,0.1293908656,0.126702562
2.3357028961,-0.0124199726,-0.0021154836,-0.0119304266,0.0858077407,0.1382778883,0.1320045888
2.3456711769,-0.0153976716,-0.0087683452,0.0031502636,0.0995105058,0.1553820521,0.1330714524
2.3557569981,-0.0194645561,-0.0310372971,0.0231060181,0.0716634244,0.1646125615,0.1214033365
2.3659420013,-0.0186641552,-0.050676357,0.0314058438,0.0460486151,0.1643403918,0.1139771119
2.3759040833,-0.0118909813,-0.0558960699,0.0309752617,0.0119123468,0.1618096679,0.0969954059
2.3861298561,-0.0070180632,-0.0457811318,0.0256737266,0.0045953123,0.1457393467,0.0831858516
2.3960030079,-0.000958208,-0.0435748659,0.0146329198,-0.0101541253,0.1264828295,0.0789330453
2.4061820507,0.0051226579,-0.0425425731,0.0124166403,-0.0079559525,0.118935965,0.0576927364
2.4161970615,0.0005487166,-0.0404362045,0.0111532006,0.0157218669,0.0989611223,0.0544914193
2.4262239933,0.0068913065,-0.0350699984,0.0089484844,0.0458294339,0.0757969469,0.0417306162
2.4363520145,0.0095125996,-0.0272623263,0.0076969061,0.0674667135,0.0461840592,0.0279081445
2.4478478432,0.0074486695,-0.0278538726,0.0133031402,0.0795406848,0.0122652389,0.0172701478
2.4564671516,0.0075026713,-0.0331597887,0.0238292012,0.0925128683,-0.004626059,0.0130106201
2.466506958,0.0026536547,-0.0288543813,0.0411635414,0.0839641169,-0.0036534728,0.0108896792
2.4766011238,-0.0041953363,-0.0238117687,0.0428864136,0.0785607472,0.0026388448,0.006646398
2.4866418839,-0.0072453059,-0.0208401345,0.0299836788,0.075284794,0.0100379046,0.0066509256
2.4967241287,-0.0044254698,-0.0092913164,0.0170994196,0.0570584647,0.018346101,0.0034749061
2.5067820549,0.0002438687,-0.0085803373,0.0022917781,0.0517057776,0.0204768963,0.0119717214
2.5168309212,0.0018990897,-0.017742034,-0.0115460958,0.0334804654,0.0288131908,0.0130425123
2.5268878937,-0.0034014024,-0.0152740432,-0.0186274853,0.03343945,0.0330779776,0.0162300486
2.5370440483,6.95549e-05,-0.0116885407,-0.0169534888,0.0366187319,0.0352424607,0.0183532555
2.5469770432,0.0015143119,-0.0041270209,-0.0153287854,0.0525729321,0.0406942181,0.0194137245
2.5570909977,3.0659e-06,-0.0052345945,-0.0146881547,0.0610251389,0.0492495596,0.0183543861
2.567278862,-0.0004802383,-0.0092819734,-0.0110960808,0.0513762385,0.0533819869,0.0141117042
2.5772271156,0.0019457899,-0.0165792219,-0.0025612919,0.0236578211,0.0499086231,0.0066839484
2.587266922,0.0044676028,-0.0242521726,-0.0017231313,-0.0146773187,0.0410365686,-0.0007433414
2.597522974,0.0031470023,-0.0303809308,-0.0017860738,-0.0658623949,0.036275968,-0.0113507789
2.6075179577,0.0019022785,-0.0253027789,0.0050387774,-0.0978821144,0.0359201655,-0.0230226144
2.6175279617,0.0035220347,-0.0213409774,0.00604246,-0.0915609375,0.0444912836,-0.0187722091
2.6276640892,0.0040917061,-0.0153369559,0.001132408,-0.067099534,0.0532283187,-0.0134650627
2.6378278732,0.0065733157,-0.0148184253,-0.0028593747,-0.0329650864,0.055745475,0.0013927801
2.6477499008,0.0109860264,-0.0217543952,-0.0049308147,-0.0180721581,0.0612640753,0.0141333425
2.6577968597,0.01137897,-0.0283901356,-0.0002861825,-0.0042601507,0.0678283647,0.0258119702
2.667896986,0.010721799,-0.0339421295,0.0043070707,-0.011781184,0.0730958283,0.0300637055
2.6779589653,0.0149801932,-0.0328331999,0.0030806453,-0.0395482332,0.0749329478,0.0237018801
2.6880321503,0.0163041912,-0.0320222043,0.0038606916,-0.0597304665,0.0651721954,0.0183931347
2.6981348991,0.0157333277,-0.0334123634,0.0017589125,-0.0831107572,0.055389408,0.0141479904
2.7081508636,0.0162515007,-0.0273156129,0.0046161208,-0.1022130772,0.0446046703,0.0130856559
2.7182290554,0.0158535205,-0.0290898047,0.0084978137,-0.1096316576,0.0392564423,0.0162689984
2.7282650471,0.0164775811,-0.0240549706,0.010431448,-0.1095134169,0.0275992565,0.018386744
2.7384610176,0.0153023861,-0.0129040582,0.0133401547,-0.0687863305,0.0110322628,0.0268630534
2.7483949661,0.0132584535,-0.0041367514,0.0132708941,-0.0131939109,0.0020440943,0.0385242365
2.7585959435,0.0092484616,0.0100082951,0.0160357151,0.0337787904,0.0003401373,0.0395722575
2.7686150074,0.0033019148,0.0119417654,0.0128971133,0.0839167908,0.0029556279,0.0480552241
2.778578043,0.0013188682,0.002620612,0.0048641954,0.1160158738,-0.0041030808,0.0618482642
2.7886581421,-0.0006265081,-0.0094702793,0.0036660824,0.1118123382,-0.0104925372,0.0639697388
2.7988228798,-0.0035800375,-0.0178795122,0.0083321128,0.0765296146,-0.0044755237,0.05761078
2.8088340759,-0.0105620958,-0.0208762251,0.0139692221,0.0422600545,0.0068418453,0.0491307415
2.8188819885,-0.0146532692,-0.0184450708,0.0118452702,0.0219350755,0.0108685456,0.042765785
2.8294050694,-0.0109224059,-0.0171844326,0.0058831368,0.0187347531,0.0108544305,0.0448901877
2.839261055,-0.0101075806,-0.0180226378,-0.001032075,0.0048789922,0.0096913613,0.048080191
2.8489949703,-0.0112097301,-0.0239073746,0.0018647703,-0.0228477083,0.0072923857,0.0427770391
2.8591020107,-0.0122615136,-0.020199623,0.0096604023,-0.0399705023,0.0113325343,0.034288343
2.8691968918,-0.0133259334,-0.0175441615,0.0145470891,-0.0549113676,0.0111881904,0.0321684703
2.8792960644,-0.0124100484,-0.0198111944,0.0126396809,-0.0655456334,0.0068031633,0.024735719
2.8897750378,-0.0084518827,-0.0249902718,0.0127249155,-0.0569345765,-0.0005562161,0.0236680582
2.899574995,-0.006343279,-0.0194106065,0.0098950658,-0.0429670662,-0.0100050457,0.0204745941
2.909662962,-0.0041702725,-0.0127314581,0.0090188179,-0.0269191228,-0.0141300149,0.0172830634
2.9195239544,-0.0048661567,-0.0147250695,0.0110893641,-0.0268128123,-0.0247826595,0.010907989
2.9295630455,-0.0035694875,-0.0186485611,0.0151325855,-0.028876761,-0.0322837196,0.0024103741
2.9397621155,-0.003178183,-0.0206682645,0.0123796854,-0.0181339961,-0.0396377742,-0.0007819572
2.9496760368,-0.0008185245,-0.0167073719,0.0144614968,0.0075074532,-0.04261785,-0.0039753537
2.9602520466,-0.0022976436,-0.0143800927,0.0106644426,0.0428011268,-0.0497244298,-0.001863267
2.972465992,-0.0017833747,-0.0176370107,0.003938714,0.0567361191,-0.0559900478,-0.0050553316
2.9802880287,-0.0041957535,-0.0218790434,0.0059724245,0.0546699576,-0.0634974316,-0.0146153476
2.9902200699,-0.0056332387,-0.029193338,0.0061062369,0.0418281965,-0.0604816675,-0.0231049731
3.0005378723,-0.0041975714,-0.0278968923,0.0042699371,0.030053854,-0.0574353449,-0.0284099225
3.0107631683,-0.0057236888,-0.0324725024,-0.0014556256,0.0268109236,-0.0532054454,-0.026283389
3.0205368996,-0.0033786036,-0.0312925689,-0.0052415933,0.0171585623,-0.0490931235,-0.0337121412
3.030064106,-0.0050171949,-0.0263451301,-0.0071072187,0.0096236803,-0.0428062007,-0.0358306877
3.0403449535,-0.0037981309,-0.0224651657,-0.0060522165,0.0009973822,-0.0344553292,-0.0453802533
3.0501770973,-0.0046474375,-0.0175929479,-0.0011441318,0.0072803115,-0.022762984,-0.0506850034
3.0602769852,-0.0035984255,-0.0137170805,-0.0020990579,-0.0013503283,-0.0132964458,-0.0517388806
3.0703339577,-0.0006463863,-0.0177224837,0.0008825454,-0.0216822308,-0.0082100742,-0.0581019707
3.0803589821,0.0003102086,-0.0199714266,0.0028819831,-0.0409181379,-0.0051679458,-0.05384757
3.0904378891,-0.0016386546,-0.0165161602,0.0029435547,-0.0537023768,-0.0074018058,-0.0538454391
3.1006288528,0.0012735985,-0.0082586808,0.0010616573,-0.0526905358,-0.002093859,-0.0549053773
3.1106259823,0.0002654158,-0.0008959874,-0.0008493868,-0.0335099138,0.001312324,-0.0464141555
3.1207230091,0.0031567477,0.0017858639,-0.0008297769,-0.0153620169,0.0015181866,-0.0389850028
3.1308178902,0.0040622018,0.0017049059,0.0030717643,-0.0025633983,0.0027395124,-0.0315550491
3.1408109665,0.0039852522,-0.0031532303,0.0069582853,0.0006033145,0.0059799133,-0.0273087714
3.1510770321,-0.0010163821,-0.0060529662,0.0137303863,-0.0035916977,-0.0014982428,-0.0294350404
3.1611950397,0.0008951388,-0.0119132055,0.0166649614,-0.0131950034,-0.0015610936,-0.0262475032
3.1712419987,0.0008923672,-0.0130884601,0.0176769886,-0.0355413221,-0.0081297811,-0.0273069087
3.1812810898,-0.0039904453,-0.0125428392,0.0167618189,-0.0419098958,-0.0113695152,-0.0273061097
3.19135499,-0.0038816966,-0.0071799709,0.0139314923,-0.0396787003,-0.0208860543,-0.0251878314
3.2014708519,0.0011487268,-0.0017589286,0.0130893979,-0.0279299282,-0.0218159631,-0.0209449492
3.2115299702,0.0003214441,0.0037809059,0.012202898,-0.01825919,-0.0280634761,-0.015641531
3.2215540409,0.0015096329,0.0065508531,0.0083926711,-0.003265541,-0.033195518,-0.0092780394
3.2317140102,0.006679114,0.0075856345,0.0104594026,0.004259754,-0.0384075902,-0.0050353585
3.2416789532,0.0059882067,0.0056998478,0.00665907,-0.0075024161,-0.0352802426,0.0024033831
3.2517738342,0.0033321939,-0.0030678764,0.0028727443,-0.0224171821,-0.0374842733,0.0098386621
3.2618250847,0.0056057833,-0.0080649806,0.001077393,-0.0309648104,-0.0365120843,0.0077181207
3.2718958855,0.0029915832,-0.0024268583,-0.0007401911,-0.0245716274,-0.035381306,0.0098406598
3.2819619179,0.0033158027,0.0003496155,-0.0035331456,-0.0138811935,-0.0373808742,0.0140826097
3.2920231819,0.0036168061,0.0032520338,-0.0063535776,0.0042168507,-0.0329853296,0.0130184107
3.3021168709,-0.0020359792,-0.0004522607,-0.0063170996,0.0286898632,-0.0253167562,0.0172637552
3.3119900227,-0.0028474368,-0.0039517833,-0.0053237285,0.0479109623,-0.0261822827,0.021505639
3.3220469952,-0.0016890503,-0.0072933985,-0.0043693986,0.05426047,-0.0208213404,0.0215067044
3.3322710991,-0.0034995712,-0.0106779439,-0.0014665929,0.0424959548,-0.0188641828,0.011954478
3.3425898552,-0.0102148093,-0.0083184643,-0.0034768193,0.0360537171,-0.0147199063,0.0055896556
3.352449894,-0.0081819035,-0.0109697534,-0.0034766404,0.0200036429,-0.0106226318,0.0045339786
3.3625841141,-0.0061718263,-0.0186087452,-0.0015087334,0.0018301522,-0.0075552696,0.0109096523
3.372631073,-0.0061680116,-0.0255752467,-0.0034024327,-0.0292167142,0.0016680558,0.0024277512
3.3827450275,-0.0081330873,-0.0191091262,-0.0043587293,-0.0377427153,0.0005323506,0.0024294823
3.3927159309,-0.008113686,-0.0107142283,-0.0072275605,-0.0377544351,0.0015795056,0.0003064102
3.4028379917,-0.0061854161,-0.0051552011,-0.0091498699,-0.0228629708,0.0059418301,-0.0018204567
3.4128570557,-0.0082202591,-0.0052690161,-0.0130699482,-0.011165034,0.010316072,0.0024259535
3.4229300022,-0.0073331632,-0.0052552624,-0.0101734605,-0.0005595023,0.0167190433,-0.0060670669
3.4328279495,-0.0074934401,-0.0071063889,-0.0092684831,0.0100792944,0.0199883394,-0.0071299342
3.4430420399,-0.0076564588,-0.0118439151,-0.0112952199,0.0036632335,0.0209516734,-0.013498418
3.4531269073,-0.0058974065,-0.0175856613,-0.006491622,-0.0027438002,0.0208403524,-0.021991238
3.4632139206,-0.0051215924,-0.019563552,0.0002841743,-0.0081044501,0.0228601582,-0.0304830596
3.4732949734,-0.0063222684,-0.015833538,0.0041114483,-0.0144550232,0.017485369,-0.0326077305
3.483314991,-0.0025676228,-0.0160163753,0.0050774012,-0.0101407561,0.0133344326,-0.0241169073
3.4934380054,-0.0036445893,-0.0210558735,0.0099625383,-0.0228898395,0.0079591079,-0.01774556
3.50349617,-0.0065867938,-0.0194865577,0.0129276309,-0.0515920036,-0.0029181736,-0.0198655706
3.5135610104,-0.007549528,-0.010395552,0.0169171486,-0.0793714449,-5.2082e-06,-0.024104258
3.523583889,-0.0065233149,-0.0064070774,0.0161040816,-0.1027979851,-0.0055142236,-0.0241021272
3.5337090492,-0.0045409836,-0.0103518618,0.012387434,-0.1114202365,0.0028992351,-0.0240957346
3.5437150002,-0.0045478977,-0.0083529307,0.0057074819,-0.086861074,0.0021292488,-0.0124230338
3.5538101196,-0.0015954413,-0.0021376566,0.0018930825,-0.0505659133,0.0014128584,-0.0081854118
3.5638508797,0.0003359579,0.0093428539,0.0057980213,-0.0078452984,-0.0013914504,-0.0071347947
3.5739929676,-0.0016644336,0.0105424421,0.0057436619,0.0304775909,0.0085208351,-0.0028923792
3.583990097,-0.0007886328,0.0042069005,0.0056436453,0.0442932174,0.013962606,-0.0007713045
3.5940489769,-0.0019189753,-0.0021315173,0.0065005217,0.0368020125,0.0160193648,-0.000768375
3.6041769981,-0.0010753907,-0.0095983697,0.0015403422,0.0154907834,0.0126643814,0.0013583588
3.614221096,0.0016900264,-0.0212498419,0.0044434462,-0.028329134,0.0185997691,-0.0060601425
3.6242508888,-0.000480894,-0.0275103413,0.0102854166,-0.0667793229,0.0213766452,-0.0166656487
3.6343679428,-0.0017274655,-0.0282422565,0.0112868939,-0.0710718036,0.0234267469,-0.0219725296
3.6444020271,-0.0039356984,-0.0182605349,0.0044404659,-0.0486830361,0.0257443637,-0.0219769236
3.6544880867,-0.0032254495,-0.0051057143,-0.0034238305,-0.0177347064,0.0260354467,-0.0187992398
3.6646661758,0.000396844,-0.0003896609,-0.005449852,-0.0017468985,0.028310718,-0.0166781656
3.6746149063,-0.0037724413,-0.0013762668,-0.0045862403,0.0068636336,0.0209444147,-0.0188076291
3.6846849918,-0.0030344166,-0.0023202554,0.0001941117,0.002594321,0.0209216438,-0.0166836251
3.6947841644,-0.0003084876,-0.0081253303,0.0001436862,-0.0155005278,0.0165676437,-0.0092486124
3.7048721313,-0.0005058981,-0.0180060528,-0.0018273798,-0.0389992744,0.018449232,-0.0145499678
3.7148470879,-0.0016633309,-0.023243349,-0.0037887304,-0.051743038,0.0119436625,-0.0187971778
3.7249121666,-0.0018496551,-0.0149505092,-0.0047837105,-0.0465101898,0.0214990843,-0.0251658615
3.7350940704,-0.0030757822,-0.0046215756,-0.0038727133,-0.0220051147,0.0260059517,-0.0177372396
3.7450809479,-0.004343573,-0.0048127873,-0.0039523449,-0.0060416982,0.0303331893,-0.0262323227
3.7551779747,-0.0007596947,-0.0058548851,-0.0001344291,0.0078421589,0.0294002853,-0.0251745153
3.7652599812,-5.88931e-05,-0.0155197037,0.0065985117,0.0058061457,0.0198957957,-0.0156234205
3.7753238678,0.0007004701,-0.0175926648,0.0124029312,-0.0326227322,0.0206004679,-0.0187987089
3.785364151,0.0014627539,-0.0219505094,0.0143522415,-0.0667620376,0.0191849321,-0.027284272
3.7953970432,0.0002910756,-0.0207051001,0.0075602327,-0.0753001347,0.0190965142,-0.0294057447
3.8055310249,0.0030499659,-0.0165405087,-0.0002061931,-0.0592717603,0.0171285048,-0.0272875335
3.8155729771,0.0058048926,-0.01025414,-0.00215151,-0.0336521529,0.016263511,-0.0315416679
3.8255820274,0.0085524879,-0.0046919836,-0.0021761863,-0.0059098722,0.0164784938,-0.0357961319
3.8357319832,0.0073820315,-0.0047474904,-0.0003035275,0.0143543873,0.0177096725,-0.0368624628
3.84573102,0.006166216,-0.0095091416,0.0025262029,0.0133078974,0.0155572398,-0.0400483347
3.8558058739,0.0029881559,-0.0163045041,0.0063441191,-0.0048338221,0.0153918574,-0.0411056131
3.8660149574,0.0027546249,-0.0194525681,0.0062918458,-0.0315258838,0.0161782876,-0.047469236
3.8760018349,0.0015419088,-0.0150669171,0.008221427,-0.0485706478,0.0128115211,-0.0527755842
3.8860359192,0.0023665987,-0.0106827123,0.0062781367,-0.0335605964,0.0066733337,-0.0379176736
3.8961248398,0.0032241903,-0.0062486185,0.0043452177,-0.0441844761,0.0023984278,-0.02836092
3.9062199593,0.004079815,-0.0107662035,0.0083057079,-0.0762445405,0.0063285213,-0.0336601473
3.916228056,0.002942916,-0.0137191219,0.0142547283,-0.1199776381,0.0037966538,-0.0378975011
3.9262509346,-0.0011106469,-0.0160578303,0.0134379659,-0.1498367339,0.0013783704,-0.0431994572
3.9364519119,0.0026816688,-0.0156539343,0.0155842099,-0.1647584289,-0.0009156766,-0.0495676063
3.9464211464,0.0065081678,-0.0084785623,0.0148082171,-0.1562322974,0.0002342099,-0.0474460647
3.9564838409,0.0044481121,-0.0041017784,0.0110546742,-0.1349392533,0.0057741175,-0.040016111
3.9666471481,0.0042962991,0.0005810604,0.013106266,-0.1018763706,0.0082266228,-0.0336524881
3.9768099785,0.0061582886,0.0084387707,0.0073339138,-0.070832707,-0.0010382484,-0.0315413997
3.9866738319,0.0080363713,0.012814288,0.0083536301,-0.0345768034,0.0025379774,-0.0198691655
3.9967951775,0.0069833659,0.0116711603,0.0102864895,-0.0110749397,0.0006695036,-0.0124434736
4.0069131851,0.0049816929,0.0029365018,0.0093052778,-0.0014763754,0.0018552759,-0.0060738577
4.0168800354,0.0048978887,-0.0057237698,0.0102586541,-0.0015046047,0.0050867554,0.0013603562
4.0269241333,0.0047738813,-0.0038136647,0.009238461,-0.0186131485,0.0081001893,-0.0018195246
4.0370578766,0.0026876889,-0.0020988986,0.0092046056,-0.0282098502,0.0069137509,-0.008188474
4.0470190048,0.0035698377,-0.0033372447,0.004348198,-0.0228405707,0.0037767468,-0.0081908051
4.0571060181,0.0044652186,0.0013191148,0.0014098677,-0.0036098873,0.0018363675,-0.0060730586
4.0673499107,0.0034093224,0.0042126374,0.0003883037,0.0145234708,0.0030975074,0.000293627
4.0772790909,0.0053070746,0.0053065764,-0.0015937296,0.0198692344,0.0020761851,-0.0007700394
4.0874781609,0.0032842122,0.0035328611,-0.0016408173,0.017736841,0.0021066784,0.0066624437
4.0977277756,0.0042484961,-0.0020889298,0.0012562069,0.0103111491,-0.0021818099,0.0098475842
4.1075649261,0.0042502545,-0.0068279458,-0.0006997195,0.0071400166,-0.0053850599,0.0109077878
4.1176309586,0.0052774809,-0.0057423664,-0.0036186187,0.0017969171,-0.0043291165,0.0172804669
4.1276760101,0.0053329132,-0.003753464,-0.0065344181,-0.0045310743,-0.0118192574,0.0162167996
4.1377897263,0.0034876131,-0.0086492253,-0.007465383,-0.0087686963,-0.0150533998,0.0140926633
4.1477880478,0.0036032163,-0.0076918704,-0.0015658942,-0.0066126538,-0.0171355922,0.0172760729
4.157804966,0.0027463697,-0.0038578317,0.0004263314,-0.0109259104,-0.0129565597,0.0130320583
4.1678719521,0.0018660985,-0.0048569096,0.0014512929,-0.006665783,-0.0118661951,0.011970723
4.1780071259,3.39709e-05,-0.0009641603,-0.0024342744,0.0040268078,-0.0138949901,0.011966995
4.1880311966,0.0021420084,0.0011123761,-0.0053153243,0.0115066422,-0.0148976045,0.010902728
4.1980962753,0.0022824965,-0.0015926019,-0.0023541658,0.0201288927,-0.0233110636,0.0108963363
4.2082180977,0.0024887286,-0.0071611805,-0.0013212768,0.025497213,-0.0264406092,0.0119552771
4.218170166,0.0036860071,-0.0058357967,0.000665346,0.0372143239,-0.0242160708,0.0119534126
4.2283091545,0.0038464628,-0.0092714382,0.0074967537,0.0403721929,-0.0199508872,0.0108928084
4.2384557724,0.0020748936,-0.0098094,0.0094394479,0.0435741097,-0.0199159998,0.0119538121
4.2484912872,0.0022917055,-0.0113613261,0.0055721197,0.0340402089,-0.0274680573,0.0055812667
4.2584810257,0.0005953573,-0.0090864403,0.0036613734,0.0350839011,-0.0253644269,0.0013348565
4.2687139511,-0.0011427738,-0.0087364865,0.007590631,0.0393728167,-0.0274559408,0.0002707905
4.2786650658,-0.0018758215,-0.0083392216,0.0095681343,0.0489865579,-0.0284469035,-0.0018557436
4.2887420654,-0.0016349889,-0.0088093085,0.0125162397,0.0564521179,-0.0284156781,-0.0071672187
4.2988820076,-0.001427535,-0.0043700738,0.0134743843,0.067101568,-0.0262073837,-0.0082306182
4.3088960648,-0.0011806525,-0.0095395101,0.0056766663,0.0746646002,-0.0345547311,0.0034438136
4.3188772202,0.0020355545,-0.0176193975,-0.000136396,0.0628825054,-0.0304270964,0.0013252691
4.3289937973,-0.000645224,-0.0131694628,0.0057102833,0.0500732623,-0.0305945426,-0.0071657537
4.3391890526,-0.0013591684,-0.0108645214,0.0067212377,0.0298276469,-0.0339823477,-0.0114095015
4.3491768837,-0.0001001395,-0.0175384246,0.0097557697,0.0020719944,-0.0332065038,-0.0177715942
4.359164238,-0.0037703551,-0.0186183266,0.0108306203,-0.0171272662,-0.0344560593,-0.0209527388
4.3693089485,-0.001515273,-0.0169945769,0.0070940647,-0.0330748074,-0.0409958512,-0.0262616165
4.3793349266,0.0008019768,-0.0183963738,0.0024211199,-0.0362532884,-0.0431250483,-0.0230764765
4.389441967,-0.001777444,-0.0109746708,0.0055157337,-0.0319398195,-0.0473112725,-0.0198939983
4.3994579315,-0.0003870763,-0.0044150306,0.0056883488,-0.0201699808,-0.0503986739,-0.0209603291
4.4095640182,5.2508e-05,-0.0016650513,0.0049002562,-0.0062572025,-0.0545490794,-0.0252132658
4.4195871353,-0.001453165,0.0012441322,0.0079921875,0.0097619779,-0.0554494932,-0.0220323857
4.4296851158,-0.0029655434,0.0004205451,0.007143179,0.0246799681,-0.0532110408,-0.0241584517
4.4397940636,-0.0035117604,-0.0012568191,0.006304184,0.0331972912,-0.0509936884,-0.0209741108
4.4498090744,-0.0020897426,-0.0009844557,0.0054512415,0.0321582593,-0.0541988686,-0.0231000464
4.4599151611,-0.0016503967,-0.0036901042,0.0016851815,0.0246542692,-0.0511088036,-0.0273437947
4.4700241089,-0.0051560737,-0.0045069261,-0.0011188594,0.021435041,-0.0489946567,-0.0241558552
4.4800901413,-0.0047605671,-0.0073357476,-0.0058595743,0.0128665855,-0.0458792895,-0.0230903253
4.4901099205,-0.0034543909,-0.0034349069,-0.0047766771,0.0074569858,-0.0385133177,-0.0252082702
4.500207901,-0.0051331855,0.0004165217,-0.0066238251,0.0084708519,-0.0331989825,-0.025205873
4.510266304,-0.002928827,0.0004680351,-0.0065379944,0.0159108713,-0.02990878,-0.0188357253
4.5202651024,-0.0036980249,0.0034885153,-0.0064768996,0.014783022,-0.0235105343,-0.01246145
4.5303459167,-0.0054804124,0.0015911504,-0.0044816341,0.0040863287,-0.0214802735,-0.0124591868
4.5404438972,-0.0053379275,-0.0013473288,0.0014423522,-0.0045034299,-0.0162429009,-0.0113925897
4.5504951477,-0.0052717961,-0.0004821375,0.0005073937,-0.0142278839,-0.0035689841,-0.0071346611
4.5605401993,-0.0032882728,-0.0045667542,-0.0033508746,-0.0270840265,0.0016588012,-0.001819791
4.5706801414,-0.0013923682,-0.0106650842,-0.0052538123,-0.0303835515,0.0111877918,-0.0007533947
4.5806417465,-0.0024522878,-0.0051079644,-0.0062355008,-0.0271784347,0.0112642245,0.0066784229
4.5907402039,0.0003790222,-0.0004775926,-0.0013686625,-0.0261000711,0.0102052176,0.0056162206
4.6008672714,0.0032250844,0.0002649769,0.0035263689,-0.0303366277,0.0069849235,0.0056156879
4.6108551025,0.0051519237,-0.0058509363,0.0025928409,-0.0356921926,0.009088289,0.0098650279
4.6209697723,0.005039867,-0.0070924116,-0.00032576,-0.027260622,0.0197867397,0.0119918277
4.6312112808,-3.2224e-06,0.0005442247,-0.0052696075,-0.0101776673,0.0188968442,0.0151712429
4.641078949,0.0037749968,-0.0013456449,-0.0072646942,-0.0005159853,0.0137311108,0.023660602
4.6511821747,0.0066481791,-0.0061513884,-0.0033689348,-0.0207593925,0.0103496276,0.0204792563
4.6612391472,0.0026396476,-0.0073187305,0.0063573513,-0.0378909744,0.0154501144,0.0119917616
4.6713418961,-0.0014337339,-0.0066061271,0.0082781706,-0.027247943,0.0187321268,0.0130536305
4.6813592911,-0.0005848445,-0.0018807903,0.00043861,-0.0069389446,0.0157469902,0.0162323806
4.6914329529,0.0022266768,-0.0027412728,-0.0064362492,0.0165928807,0.0106819905,0.0215325374
4.7015800476,0.0011553727,-0.0053226454,-0.005544981,0.028313186,0.0129480734,0.0279014856
4.7115721703,-0.0008991398,-0.0011069134,-0.00466468,0.0208415799,0.0128407478,0.0215330701
4.7216281891,-0.0069050826,5.20393e-05,0.0040100608,0.0026748274,0.014748903,0.0130442437
4.7316942215,-0.0090369023,-0.0038081661,0.0107695851,-0.0101460302,0.0156499185,0.005615022
4.7417478561,-0.0101738013,-0.0086964024,0.0116973314,-0.0037097009,0.0125436066,0.0087972339
4.751830101,-0.0083206333,-0.0066901548,0.0057917628,0.0101528242,0.0137398317,0.0109177092
4.7618989944,-0.0113876797,0.0002866581,0.0027672441,0.0218576826,0.0170046017,0.0077309702
4.7720170021,-0.0095657147,0.0005284295,0.0007436665,0.0218885243,0.0138219912,0.0077289729
4.7820320129,-0.0077193417,-0.0080490811,0.0016703996,0.0048224544,0.0125772282,0.0024236897
4.7920761108,-0.0078709163,-0.0148923798,0.0035877021,-0.0080499882,0.0187826604,-0.0050022681
4.8022351265,-0.0099710859,-0.0140183372,-0.0003604499,-0.0037170248,0.0124608483,-0.0039447271
4.8122830391,-0.0061592497,-0.0091929389,-0.0062496867,0.0026460392,0.0167312939,-0.0081896065
4.8223261833,-0.0063124932,-0.0023251132,-0.0053553786,0.0112027749,0.0146630835,-0.0113782091
4.832449913,-0.0084209479,-0.0041985465,-0.0034798591,0.0069620106,0.0114727495,-0.0071337963
4.8424339294,-0.0065277256,-0.0100464476,-0.0005522576,-0.0121802585,0.0049666474,-0.0028849887
4.8525290489,-0.0055464245,-0.01805925,0.0043905769,-0.0344957896,-0.0048202034,-0.0092544714
4.8626389503,-0.0074816979,-0.0096990122,0.0122322235,-0.0462469868,-0.0038894289,-0.0134982187
4.8726820946,-0.0074639954,0.0006361351,0.0161769781,-0.0323629417,-0.0048224009,-0.0124403443
4.8827171326,-0.0064158477,0.0014282062,0.0094005857,-0.0056794016,-0.0045201317,-0.001828979
4.8927621841,-0.0072811283,0.002470155,0.0045417342,0.0146792661,-0.0128445737,-0.0039622374
4.9032888412,-0.0061287023,0.0075030224,0.0035983117,0.0232807435,-0.0191291012,-0.0029057614
4.9128952026,-0.0049663819,0.0067373412,0.0075505171,0.0190137736,-0.0191811658,-0.0050273687
4.922976017,-0.0077587403,-0.0008869126,0.0095393453,0.0115007292,-0.015009325,-0.006085176
4.9331407547,-0.0085851885,-0.004664327,0.0047029052,0.0082976129,-0.0150224417,-0.0039617713
4.943116188,-0.0045307912,-0.0055420501,-0.0001168457,0.0093764598,-0.0160602741,-0.0018389657
4.9531579018,-0.0014329292,-0.0074081672,-0.0068861451,0.0104331216,-0.0149900159,-0.0018386327
4.9632201195,-0.0032957233,-0.0063463105,-0.0068748202,0.0114219533,-0.0076021412,-0.0092677874
4.9733929634,-0.0022802986,-0.0043140007,-0.0020023792,0.013491868,-0.0012528994,-0.0145733375
4.9835309982,-0.0023521818,-0.0090866191,0.0009093079,0.0197881125,0.0094130607,-0.0145696085
4.9934191704,-0.0024591722,-0.0109214736,-0.0020840375,0.0176622998,0.0083270902,-0.015632011
5.0035142899,-0.0006092824,-0.0128169907,-0.0089448895,0.0059217541,0.0081968624,-0.0198762901
5.0136299133,-0.001710061,-0.0138583286,-0.0070204344,-0.0090318946,0.0090858247,-0.0262428429
5.023651123,-0.000835631,-0.0121015562,-0.0011848417,-0.014347299,0.0069033643,-0.028366182
5.0337657928,-0.0019536056,-0.0073936833,0.0036465914,-0.0068951352,0.0091320314,-0.0219960324
5.0437688828,-0.0020332374,-0.0064938469,0.0055871401,-0.0015024999,0.003922089,-0.0145674106
5.053850174,-0.0001213588,-0.0055915667,0.0065595303,-0.0088987648,-0.0035698493,-0.0145696085
5.0639071465,-0.0020915307,-0.0037817911,0.0094891582,-0.0185449999,0.0005971987,-0.0135032786
5.0740289688,-0.0030724443,-0.0010530308,0.0095002446,-0.0184985287,-0.0036339653,-0.0113808056
5.0840559006,-9.00663e-05,0.0007314727,0.0056440625,-0.0088741314,-0.0056859306,-0.0135078719
5.094066143,0.003892716,0.0026917502,-0.00114741,0.0124813858,-0.0065257582,-0.0082048522
5.1042718887,0.0049324296,0.0038296029,-0.0021268933,0.0231745094,-0.0085476302,-0.0071467785
5.1142411232,7.56942e-05,0.0030710443,0.0036926062,0.0242264848,-0.0075183855,-0.0135177933
5.1243128777,0.0001194738,-0.0025201545,0.009542862,0.0252840258,-0.0064342124,-0.0113939214
5.1344351768,0.0011182092,-0.0101049198,0.0095366035,0.0188466869,-0.0033061965,-0.0113916583
5.1444549561,0.0001465641,-0.01585586,0.0105184708,0.0049718833,-0.0034550671,-0.0156354047
5.1545171738,0.0001347028,-0.0168830566,0.0134594236,-0.0056691486,-0.0067733657,-0.0220046211
5.1647062302,0.0011246763,-0.0122298552,0.0134792719,-0.0184874739,-0.0058519123,-0.026248103
5.1746692657,-0.0008349158,-0.0106072677,0.0096124802,-0.022789333,-0.0027341493,-0.0304923821
5.184679985,-0.0038369335,-0.0079968525,0.0057073627,-0.0153705655,0.0026638117,-0.026244374
5.1947612762,-0.0029271878,-0.0052853776,0.0047362242,-0.00789518,0.0027555574,-0.0219978299
5.2049031258,-0.0029880442,-0.0044673933,0.0047372971,-0.0121312039,-0.0004578128,-0.0209365599
5.2149209976,-0.0040261783,-0.0007434294,0.0076536331,-0.0142761385,0.0005916725,-0.0198738929
5.2249689102,-0.0040891208,-0.0028435842,0.0125298891,-0.0217550956,0.0016082011,-0.0166860893
5.2351388931,-0.0051237382,-0.0021357492,0.010592917,-0.0302327629,-0.0048592188,-0.0209352281
5.2451491356,-0.0041314401,-0.0024407164,0.0087007675,-0.0269972887,-0.0079865688,-0.0166904163
5.2552108765,-0.0001761653,0.001180385,0.0058368836,-0.0195159614,-0.0089897159,-0.0177541487
5.2653560638,-8.94703e-05,0.0039289938,0.0058788452,-0.005578842,-0.0152276363,-0.0166990049
5.2753129005,0.0010470115,2.14025e-05,0.004979888,0.007313442,-0.0235616677,-0.0103362473
5.2854328156,0.0031983815,-0.0018451468,0.0050588045,0.0105371987,-0.0256418623,-0.0082145073
5.2954759598,0.0024375878,0.001108621,0.0051184688,0.0052005155,-0.0257094409,-0.0113983825
5.305598259,-0.0002737083,-0.0027728633,0.0022820623,0.0063102543,-0.029944133,-0.0114007788
5.3156042099,0.0038918816,-0.0046717627,-0.0015105215,0.0105471844,-0.0267239697,-0.0114001129
5.3256120682,0.0051231943,-0.0055880798,-0.0033831804,0.0094699357,-0.0256653633,-0.010337512
5.335793972,0.0043188296,-0.0094420565,-0.0023478477,0.005104403,-0.0161460936,-0.0092704501
5.3458170891,0.0014759265,-0.0094275279,0.0015870127,0.0061576832,-0.0151173165,-0.0156409983
5.3558540344,0.0045106374,-0.006529863,-0.0003148523,-0.0002613347,-0.0130103556,-0.0092668552
5.3660159111,0.0065254532,-0.0153790666,-0.0041598286,-0.0120844385,-0.0046179364,-0.0081978627
5.3759727478,0.0035822056,-0.0195352398,-0.0051019993,-0.0345584266,0.0015524746,-0.0081892069
5.3860168457,0.0035136007,-0.0131437434,-0.0031284301,-0.0484657213,0.0045796898,-0.0134931589
5.3961520195,0.0033959709,-0.0068103475,-0.0040943827,-0.0464163125,0.0130862258,-0.0134892967
5.4062509537,0.0011892281,0.0005399481,-0.0021972267,-0.0369399861,0.0259021558,-0.0134853022
5.4162940979,-0.0010497011,0.0060791569,-0.0032531826,-0.022041304,0.0303259324,-0.0060550827
5.4263339043,0.001606103,0.0030120804,-0.004302403,-0.0145783275,0.0315006524,0.001376202
5.4367089272,0.0061840676,0.0019100949,-0.003404042,-0.020996362,0.0335930325,0.0056274724
5.4463977814,0.0049141012,-0.0001977041,0.0023630054,-0.0337374546,0.0271220822,0.0066892747
5.4563031197,0.00364035,-0.0004527673,0.0091175232,-0.0391164795,0.0313268825,0.0077540735
5.466460228,0.0043888353,-0.0007017806,0.0081069265,-0.0326332822,0.024031952,0.0194285717
5.4765052795,0.0061569177,0.0010858967,0.0041473899,-0.0197838247,0.0198993236,0.019423712
5.4865689278,0.0050724111,0.0058936374,0.0011778864,-0.0047577349,0.01155564,0.0215393268
5.4966330528,0.0050210021,0.0069477754,-0.0008080212,0.0070247278,0.007427874,0.0236580055
5.5067939758,0.0039926134,0.0032424971,0.002083102,0.0155617576,0.0075024422,0.0236558747
5.5167460442,0.001983311,0.0005463854,0.0010513457,0.015548069,0.0085787587,0.0257785469
5.5267868042,-0.0020214356,-0.0021664754,0.0039072428,0.0037537273,0.0137466229,0.0204751268
5.5369958878,-0.0041164495,-0.0069696857,0.0048210416,-0.0090732295,0.0157354716,0.0172945149
5.5469431877,-0.0022898652,-0.0099543137,0.0047989879,-0.0186560806,0.0135295764,0.0172958467
5.5569930077,0.001529213,-0.0110642863,0.0028421078,-0.0228790026,0.0092472117,0.0172958467
5.5671672821,0.0004498027,-0.0063699586,0.0018520745,-0.0186456423,0.012425961,0.0109255658
5.577190876,-0.0006760396,0.0003648296,0.002752224,0.0005187327,0.0168453436,0.0119840391
5.5872220993,-0.0027252771,0.0034045621,-0.0002342073,0.0198032148,0.0096068718,0.0151609238
5.5973758698,0.000145074,-0.0011916563,0.0006978306,0.0230245199,0.0075346669,0.0183434002
5.6074509621,0.00108492,-0.0029067055,0.0026045234,0.0134278191,0.0063482285,0.0119744511
5.6175222397,-0.0038314797,-0.0027824745,0.0025641115,0.004988635,-0.0033045323,0.0077260435
5.6275959015,-0.0037807263,-0.0046501709,0.0025707276,-0.000337421,-0.0044259895,0.0056032375
5.6377110481,0.0002077185,-0.0065220846,0.0026225243,0.0061056986,-0.0086061535,0.0066603133
5.6478309631,-0.0006896891,-0.009295891,0.0036082657,0.0146539127,-0.0095856637,0.0077194525
5.657916069,-0.0035364665,-0.0072124256,0.004566351,0.0082363337,-0.0086146751,0.0024120384
5.6680378914,-0.0034926869,-0.0052456511,0.0084928665,0.0007398007,-0.0066271583,-0.0082030557
5.6780261993,-0.0034345128,-0.0139872385,0.0095063243,0.0039807614,-0.0097280098,0.000290165
5.6881017685,0.0005314015,-0.0187568031,0.0085530672,0.0103542386,-0.0064544529,0.0055991765
5.6981310844,-0.0053172745,-0.0079902662,0.0094775353,0.0016924143,0.0050878208,-0.0028884509
5.7082242966,-0.006352637,-0.0002641335,0.0104306731,-0.0068286369,0.0028220036,-0.0135054095
5.7182998657,-0.0044081248,-0.0023707703,0.0046074186,-0.0164074134,0.0006217663,-0.0124410093
5.7283959389,-0.0005056299,-0.0074527962,-0.0002204982,-0.0270877555,0.0016103317,-0.0092524067
5.7385411263,-0.001484517,-0.0067368103,0.0017604622,-0.0259331167,-0.0068336199,-0.0039480561
5.7485618591,0.0005612336,-0.0030785308,0.0028002651,-0.024823375,-0.0110683125,-0.0039504534
5.7585749626,0.0015860759,0.0074404227,0.0067258272,-0.0141875353,-0.0078050746,-0.0060759885
5.7687029839,-0.0012767352,0.0064575123,0.0057753716,0.0018460257,-0.0097180232,0.0045369747
5.7786998749,0.0008038245,0.0007071242,0.0009515675,0.0071974075,-0.0106986649,0.0098449877
5.7888412476,0.0009086095,-0.0011455372,0.0029316337,0.001838861,-0.0086440369,0.0066619776
5.7989377975,-0.0019598641,-0.001106675,0.0039160047,-0.0002951296,-0.0086841173,0.003477769
5.8089017868,-0.001900021,-0.0059497906,0.0058902893,-0.0024197996,-0.0097776111,0.0013541644
5.8190517426,0.0001268648,-0.0108057363,0.0088714156,-0.0034704972,-0.0119498856,-0.005018048
5.8291120529,0.0002191626,-0.0157100968,0.0079501662,0.0008060075,-0.0130082257,-0.010328657
5.8392319679,0.0012899302,-0.0118419481,0.0070043597,0.0093604,-0.015096942,-0.0167029332
5.8491721153,0.0033388101,-0.0098448349,0.0041019712,0.0189421866,-0.0129048945,-0.0188278686
5.8592381477,0.0014928542,-0.0107390536,0.0011946949,0.0136201261,-0.0139993215,-0.016702801
5.8694229126,0.0045421682,-0.0155786825,-0.0016693679,0.0029898528,-0.0183573179,-0.0198876746
5.8793849945,0.0056977831,-0.0176065229,-0.0025525896,-0.0033401083,-0.0258182958,-0.016705595
5.8892717361,0.0078628026,-0.0167493485,-0.0024557321,-0.0108206607,-0.0248225406,-0.0167031996
5.8995418549,0.0050718151,-0.0061720712,0.0024585517,-0.0087721571,-0.0163227953,-0.0177612733
5.9096360207,0.0002819262,0.0005576208,0.0014951023,0.0007999884,-0.0130416481,-0.0156388674
5.9199428558,0.0022997223,0.0005595133,-0.0004188028,0.0050503397,-0.010876365,-0.0145761324
5.9298071861,0.0043333732,0.0015975728,-0.0023434965,0.0093337689,-0.01184469,-0.0060833124
5.9399328232,0.0024332069,0.0016716763,-0.0003887025,0.0007420117,-0.0066208332,-0.0071406532
5.9498848915,0.0004748069,0.0036285266,0.0035055073,-0.0003778469,-0.0013182133,-0.0060759215
5.9598898888,-0.0014874972,0.0016919717,0.0025231035,-0.0014372002,-0.0012662818,0.0034816307
5.9700388908,0.002450224,0.0026783987,-0.0013712255,-0.0035592066,-0.0023251548,0.0066670375
5.9801888466,0.0044043027,0.004606788,-0.0023460595,-0.0046372283,-0.0012591579,0.0087909754
5.9903411865,0.0014478527,0.0046229707,-0.0013914314,-0.0025306679,0.0019978881,0.017286459
6.0002908707,0.0004412495,0.0037143871,0.0015193614,-0.0004164902,0.0041594431,0.0204722658
6.0102291107,0.0023508035,-8.46937e-05,0.0034602077,0.0027529374,0.0073704161,0.0204730649
6.0203270912,0.0013254844,-0.001896824,0.002444783,0.0134562897,0.0043019224,0.0236536767
6.0304040909,0.0032358728,-0.0026551441,-0.0005176869,0.0145021128,0.0064332499,0.0236544758
6.0404577255,0.0031968616,-0.004466082,0.0023788007,-0.0004521497,0.0073366608,0.0194109287
6.0505218506,0.0001699291,-0.0112474812,0.0033234151,-0.0101021146,0.0114552397,0.0130446423
6.0606307983,-0.0009039678,-0.0103760315,0.0042614136,-0.0154081434,0.0082051177,0.0098587032
6.070775032,-0.0019432046,-0.0046635522,0.0023019107,-0.0143506024,0.0092892908,0.0119825741
6.0807361603,-8.23177e-05,-0.0057123555,0.0052098427,-0.0112000294,0.0146142803,0.0109237013
6.0907979012,-0.00317261,-0.004802431,0.0080643091,-0.0080199484,0.0167642515,0.0109239677
6.1009502411,-0.0042662956,-0.0038097606,0.0080180559,-0.0004691407,0.0094500119,0.0183519237
6.1109628677,0.0015841983,-0.0076558394,0.0060797725,-0.0078431675,-0.0001642657,0.0183489937
6.1210570335,0.0015942417,-0.0077029122,0.0070670042,-0.0153157311,-0.0002641343,0.0130418465
6.1312189102,-0.0013215579,-0.0078172935,0.0070794616,-0.0238197371,-0.0035078647,0.0151659837
6.1411261559,-0.0022651292,-0.0060457839,0.0110093746,-0.0302472748,-0.001461891,0.0119825741
6.1512389183,-0.0051535703,-0.002330567,0.0129963551,-0.0173900686,-0.0066758278,0.0087913079
6.1612811089,-0.0040832795,0.0014997169,0.0071707759,-0.0024574297,-0.0054215454,0.0183438659
6.171298027,-0.0010103025,-0.0003858462,0.0013742837,-0.0013066772,-0.0139210233,0.0151539324
6.1813960075,-0.0038322844,-0.0071910275,-0.0005197135,-0.0056147138,-0.0097438563,0.0109117832
6.1914749146,-0.0056824125,-0.0042622341,-0.0014750567,-0.0045156283,-0.0129175447,0.0109099196
6.201734066,-0.0045706071,-0.0023655251,0.0024747641,-0.0215732008,-0.0151940808,0.0098497812
6.2116241455,-0.0044510402,-0.0093493117,0.0064749513,-0.0301448517,-0.0121202618,0.0045444984
6.2218170166,-0.0072838105,-0.0115740849,0.0055764113,-0.0355012156,-0.0100521836,0.0034854922
6.2320642471,-0.0081737973,-0.0040884865,0.0046425257,-0.0290899202,-0.011084957,-0.0007638475
6.2417907715,-0.0051223077,0.0015483841,-0.0001595822,-0.0087947678,-0.0130506363,-0.0039553801
6.251885891,-0.0010643043,0.0034610077,-0.0010662285,0.0029750718,-0.0161380395,-0.0050217099
6.2618780136,-0.0009013154,0.0006099686,-3.79888e-05,0.0093978979,-0.0182179008,-0.0071480442
6.272069931,-0.0027421452,-0.0071052713,0.0058694277,0.0008289106,-0.0151094589,-0.0071443161
6.2820658684,-0.0035942234,-0.0120715452,0.0098386202,-0.0172942467,-0.0174100976,-0.0103268595
6.292137146,-0.0054129399,-0.0122895939,0.0108894501,-0.0247332528,-0.020672204,-0.0124501977
6.3029141426,-0.0012955107,-0.0115993572,0.0100403223,-0.0300531574,-0.0217460562,-0.0071395217
6.3123488426,-0.001063142,-0.0080724908,0.0101640616,-0.0396408066,-0.0240142718,-0.0166944098
6.3223519325,-0.0028031506,-0.0065537347,0.0122492108,-0.0385453701,-0.0272080004,-0.0198824145
6.3326201439,-0.0055145659,-0.0079218401,0.0114098582,-0.0267829839,-0.0291928556,-0.0145773971
6.3424911499,-0.0022783317,-0.0062575592,0.008642653,-0.0235044993,-0.0365714729,-0.0113961855
6.3525900841,-0.0019367374,-0.0016815171,0.0078169499,-0.0245641693,-0.0376833454,-0.0177672654
6.3626060486,-0.0035450496,-0.000950019,0.0099174175,-0.0223870911,-0.0419159085,-0.0188314654
6.3727059364,-0.0051286854,-0.0001989856,0.0061777625,-0.0138287563,-0.0439633466,-0.0188346598
6.3827719688,-0.0037490763,0.0016472235,0.0014644059,0.0021698121,-0.0427277721,-0.0135292448
6.3928141594,-0.0024087168,-0.0002820149,-0.0013247338,0.0053285873,-0.0384557955,-0.013527913
6.4029369354,-0.0040537156,0.0006829992,-0.0041413512,0.0020616874,-0.0321385115,-0.016709324
6.4129948616,-0.0047808327,-0.0032448575,-0.0050207581,-0.0022499692,-0.0279387049,-0.0177679304
6.4230208397,-0.0045926012,-0.0033190206,-0.0088396873,-0.0076710749,-0.0194829702,-0.0156392008
6.4331388474,-0.0044615902,-0.0074021025,-0.0087469425,-0.0269225333,-0.0154136587,-0.0166940782
6.4431471825,-0.0053553618,-0.0087716086,-0.0057410207,-0.0429642946,-0.0123978946,-0.020935962
6.453250885,-0.0013474263,-0.0082821501,-0.0027033894,-0.0472216234,-0.0134892594,-0.0198736265
6.4633207321,-0.0012570061,-0.0029524073,0.0012984666,-0.0472095609,-0.0145294238,-0.0166888181
6.4734191895,-0.00012872,-0.0024135814,-0.002483448,-0.0279873963,-0.0153811015,-0.0103233308
6.4834179878,-5.6066e-06,0.0012461438,-0.0092519131,-0.0067061046,-0.0088367164,-0.0113861319
6.4934892654,-0.0028885044,0.0109676318,-0.0122028198,0.0177520998,-0.0001412295,-0.0124497982
6.5036268234,-0.0048494972,0.0111810463,-0.0122354236,0.0327009298,-0.0010355853,-0.0071465787
6.5136528015,-0.0009570755,0.0036389872,-0.0132178869,0.0144739896,0.0072870594,-0.0081995931
6.5236988068,-0.0030616559,-0.0041366173,-0.0044850912,-0.0165725313,0.0165173765,-0.0156197594
6.5337600708,-0.0032768287,-0.0093104495,0.0003690514,-0.041172415,0.0215733871,-0.0209199823
6.5438361168,0.0024176203,-0.0097424043,-0.0025363772,-0.0378874056,0.0142422374,-0.0103051541
6.5539460182,0.0061876141,-0.0091098053,-0.0035079329,-0.028280586,0.0143607482,-0.0049985396
6.5639419556,0.0050551854,-0.0025274262,0.0003490242,-0.012245506,0.0112904562,-0.009251941
6.5740661621,0.003966298,0.0041999267,0.0003031882,0.0069649396,0.0114859324,-0.0050095255
6.5840740204,0.0058486424,0.0033357486,0.0022168548,0.0209028069,0.0052477438,-0.0039541144
6.594121933,0.0058049522,-0.0003545835,0.0041413698,0.024115378,0.0042216275,-0.0028936442
6.6042890549,0.004772719,-0.0011246607,0.0070144329,0.0166545324,0.0030746041,-0.0060777199
6.6142959595,0.0017845593,-0.0077997996,0.0099122915,0.0081169698,0.0029931115,-0.0071373917
6.6243071556,0.0007865392,-0.0058233989,0.0079402719,-0.0003778469,-0.0013182133,-0.0060759215
6.6345000267,0.0017728172,-0.0069037927,0.0030885728,-0.0131295947,-0.0067281588,-0.005013587
6.6445178986,-0.0001229979,-0.0080454303,0.0060490761,-0.0238086581,-0.0057329354,-0.0007629155
6.6546168327,-0.0020522214,-0.0082888706,0.0090136919,-0.0270100422,-0.0057608988,-0.0007621166
6.6649951935,-0.0049842335,-0.0007483318,0.0090135727,-0.0185471028,0.0017618657,0.0024244888
6.674806118,-0.0039981641,0.0030003234,0.0051379595,-0.0142338471,-0.0024171667,0.0066685025
6.684879303,0.0009085499,-1.79365e-05,0.0041997228,-0.0141876424,-0.006676693,0.0045444313
6.6946558952,0.0029207133,0.0008553311,0.0032687576,-0.0131008057,-0.0088101514,0.001357693
6.7048301697,0.0020247065,-0.0011764721,0.0062314067,-0.0109587731,-0.0098301424,0.0045404369
6.7147827148,0.0011199974,-0.0021962181,0.0092012081,-0.0077781593,-0.0076732477,0.0056025055
6.7248268127,0.0011980496,-0.0041926755,0.0121676121,-0.0120330919,-0.0087583531,0.0077273082
6.7351408005,0.000311669,-0.0062125577,0.0112333689,-0.0130783822,-0.0108827567,0.0087883119
6.7451448441,0.0024107061,-0.0102258576,0.002531925,-0.0173251927,-0.0130493045,0.0077268425
6.7553238869,0.0015570782,-0.0065390421,-0.0022818653,-0.021594774,-0.0131004378,0.005604303
6.7653880119,0.0007237457,-0.0057580424,-0.0051399078,-0.0226439238,-0.0152376899,0.0045407033
6.7753210068,0.0008431636,-0.0049921675,-0.0040907469,-0.0258996375,-0.0099744853,0.0024205607
6.7854337692,-0.0020809807,-0.0061299158,0.0017927679,-0.0152886212,-0.0034952145,0.0056072325
6.7955141068,-0.002056364,-0.0082085682,0.0018188747,-0.0153392199,0.0018444235,0.0109189078
6.8056812286,-0.000104133,-0.0063569201,-0.0020663349,-0.015342149,0.001831241,0.0087946365
6.8156452179,-0.0001257993,-0.0045461161,-0.0010936466,-0.020691108,0.0028110179,0.0034874894
6.8256578445,-0.0021100082,-0.0047090603,0.0047688279,-0.0238571819,-0.0004011539,0.0034878892
6.8358421326,-0.002120588,-0.0088489605,0.0057752524,-0.0345604271,0.0026886454,0.00349215
6.8458309174,-0.0012064017,-0.0052184416,0.0087096486,-0.0282222331,0.0091392882,0.0077399584
6.8559131622,-0.0032541789,0.0013769462,0.006732801,-0.0207944103,0.0134554729,0.0088020274
6.8660960197,-0.0013884343,0.0031831905,0.0037984045,-0.014344397,0.0092728455,0.0098615661
6.8760771751,0.0024699531,0.0011529073,-0.0020509569,-0.0079517448,0.0103967004,0.0109223025
6.8861141205,-0.0005388893,0.000192304,-0.0040353145,-0.0047719032,0.0125609841,0.0130457077
6.8962059021,-0.0016628243,0.001147513,-0.0031196682,-0.0079972576,0.0146204066,0.0077385604
6.9063510895,-0.0027940907,-0.0018151656,-0.002193531,-0.0091089159,0.018870011,0.0098634968
6.9163198471,-0.0010198988,-0.0106617166,-0.0022149889,-0.0240284782,0.0166036617,0.0077425549
6.926361084,-0.0021725334,-0.009923893,0.0026274715,-0.0346915312,0.0154005121,0.0003125356
6.9365129471,-0.0023010708,-0.0063864095,0.0045653377,-0.0357176475,0.0111264056,-0.0028747355
6.9469938278,-0.0033887066,-0.0008458078,-0.0003275481,-0.0186566655,0.0123374108,-0.0028793295
6.956884861,-0.0034793355,0.0029832616,-0.0003679005,0.0016533984,0.009366123,0.002423024
6.9669408798,-0.0016113259,0.003061895,-0.0003945437,0.0091150161,0.0105057554,0.0045457631
6.9767289162,-0.0036471523,0.0031549975,-0.0004527775,0.0069924775,0.0094399583,0.0066693677
6.9867711067,-0.0047076978,-0.0007065862,0.0004945191,-0.007934114,0.0082617756,0.0087967012
6.9973268509,-0.005747024,-0.0056616915,0.0005003604,-0.0207316689,0.0070542991,0.0034903525
7.0070352554,-0.0058105923,-0.0058447002,-0.0004752484,-0.0260465406,0.0048787626,0.0024288164
7.0169768333,-0.0078116991,-0.0040897978,-0.001460394,-0.0207311362,0.007061223,0.0045521548
7.0270881653,-0.006859038,-0.0003274262,-0.002436301,-0.0036254674,0.0040203594,0.0034845602
7.0372309685,-0.0039454736,0.0036381229,-0.0034135189,0.0155950999,0.0031479076,0.0066646407
7.0471830368,-0.0039872564,0.004751985,0.000443736,0.0144918058,0.0062519549,-0.0039511188
7.057267189,-0.0070158578,0.0009865805,0.0033126266,0.0133501086,0.0136696585,-0.0039471244
7.0674638748,-0.0071291067,-0.0067311479,0.0003630313,0.0027055601,0.0103953015,-0.003947923
7.0774488449,-0.0023072399,-0.0097144572,0.0023180635,-0.0132411821,0.0038409955,-0.0113797402
7.0875120163,-0.0013825931,-0.0108766956,0.0023256929,-0.0185977593,0.0058664624,-0.0188084953
7.0976400375,-0.0014280118,-0.0062542362,0.0023338587,-0.0153633486,0.0027252641,-0.016687287
7.1077013016,-0.0024022795,-0.0044620438,0.0013622436,-0.0077974675,-0.0067372131,-0.0135090705
7.1177110672,-0.0013732947,-0.0006841898,0.0004200729,-0.0056530898,-0.0077864989,-0.0145719387
7.1278071404,-0.0032926835,0.0040467354,0.0033707411,-0.0078189326,-0.0046222643,-0.0145696746
7.1379070282,-0.0041602291,0.0039094957,0.0004918369,-0.0098434677,-0.0152093954,-0.0082036546
7.1478848457,-0.0010727681,-9.12204e-05,-0.001373252,-0.014056908,-0.020538114,-0.0060813809
7.1579499245,8.26083e-05,0.002708812,-0.0003134814,-0.0108672399,-0.0194629952,-0.0082052518
7.1681632996,-0.0017108358,0.0065443339,-0.000264546,0.0029875888,-0.0171997081,-0.0050215763
7.1780791283,-0.0005670823,0.005684291,-0.0041148867,0.023315765,-0.0223345477,-0.006091102
7.188202858,0.0035062693,0.0040392997,-0.0040767994,0.0392710827,-0.0168831907,-0.0050302316
7.1981897354,0.0016693138,0.0024832457,-0.0021315424,0.0445428081,-0.0104705654,-0.0050283675
7.2083492279,-0.001232747,-0.0040046899,0.0007716807,0.0295035131,-0.0010791947,-0.0092675872
7.2183680534,-0.0012330748,-0.0145517988,-0.0011862126,0.009217415,-0.0001952916,-0.0092619946
7.2284288406,-0.0002853312,-0.0204260163,-0.0021367876,-0.0110915583,0.002782722,-0.0135023464
7.2385840416,-0.0013262667,-0.0138240708,-0.0011874047,-0.0154069439,0.0069340575,-0.0219935682
7.2486000061,-0.0033772029,-0.0023710013,-0.0012267438,-0.0058338391,0.010207748,-0.0209324323
7.2586569786,-0.0025106706,0.0034398555,-0.0051767435,0.016559884,0.012594739,-0.0103189368
7.2688360214,-0.0007206835,0.0055652829,-0.0023301451,0.0282578729,0.0169547331,-0.0081957318
7.2787680626,9.3963e-05,0.0068131955,-0.0014494864,0.0346851461,0.014930198,-0.0018275806
7.2888970375,0.0009100996,0.0022381737,-0.0015325156,0.0261148252,0.0180462301,-0.0007627158
7.2990021706,0.0007338785,-0.0004837021,0.0032518299,0.006917696,0.0168243721,0.0003033476
7.3089981079,-0.0014052428,-0.0033517138,0.0051355753,-0.0058856634,0.0167259686,0.0024305475
7.3190789223,-0.0034983791,-0.0073104156,0.0060714874,-0.0175926536,0.013433503,0.0013700768
7.3291420937,-0.0026424564,-0.0045607416,0.0089689884,-0.0164835006,0.009206133,0.0024290828
7.3391838074,-0.0007331409,-0.0056491895,0.0099615846,-0.0110716913,0.0018464879,0.0056094294
7.3492388725,-0.0017290153,-0.0018108592,0.0128606949,-0.0004008841,0.0019185262,0.0024217591
7.3593029976,-0.0017373003,0.0020984754,0.0138317142,0.0049645873,-0.0012455755,-0.0018283797
7.3694410324,-0.0017376579,0.0011944741,0.0148061309,0.0103322417,-0.0043962281,-0.0039545144
7.379404068,0.0012638532,-0.0065121902,0.0128943715,0.0061388281,-0.0118536111,-0.0028953752
7.3896040916,0.0023488365,-0.0104295714,0.011976758,-0.0066637881,-0.0130521674,-0.0071419189
7.3996248245,0.0004848801,-0.0134490086,0.011047164,-0.013110768,-0.0088848528,-0.0103235971
7.4095311165,-0.0014012493,-0.0097687868,0.0062075648,-0.0195015557,-0.0100093726,-0.0113836685
7.4197149277,-0.0013454892,-0.0070416136,0.0033234747,-0.0152532812,-0.0078362338,-0.009260064
7.4298419952,-0.0003081597,-0.0052575646,0.0033607872,-0.0099537224,-0.0035479451,-0.0092569347
7.4400377274,-0.0022367276,-0.0053822724,-0.0014984218,-0.0045749359,-0.0077384291,-0.0081985947
7.4499750137,-0.0012005605,-0.0044679297,-0.0034289567,-0.0003323872,-0.005577473,-0.0082002589
7.4599671364,-0.0011886396,-0.0016041428,-0.0034178104,-0.0025215056,-0.0003118711,-0.0113824699
7.4701218605,-0.0031724013,-0.0016487569,-0.0005011169,-0.0046282513,-0.0035190494,-0.012446736
7.4801177979,-0.000195805,-0.0036618516,-0.0024193136,-0.0056735436,-0.005643453,-0.0113857323
7.4901781082,0.0017822944,-0.006663437,0.0015306267,-0.0110166958,-0.0046230634,-0.0103211338
7.5002789497,0.0047610067,-0.0077536507,0.0025423558,-0.0131168654,-0.0077970182,-0.0060749897
7.5103321075,0.0028761588,-0.0040337993,-0.0023022501,-0.0152589791,-0.0067556561,-0.0060729259
7.5203828812,0.0029577278,0.0016616702,-0.006166419,-0.0067336671,-0.0056339321,-0.0081981281
7.5303840637,0.0049905144,0.0015901744,-0.0090440121,-0.0013592225,-0.0098086372,-0.0050181141
7.5405168533,0.0041130148,0.0025915101,-0.009992918,0.0103802588,-0.0096922573,-0.0028974393
7.5506000519,0.003217455,0.0017771765,-0.0060858335,0.0210898928,-0.0127487667,0.002408643
7.5606679916,0.0042719208,-0.0009129897,-0.0031514375,0.0221261308,-0.0095425872,0.0045335791
7.5708341599,0.0053322278,-0.0045948727,-0.0021544306,0.0167876109,-0.0096166227,0.0002874353
7.5807857513,0.0034372471,-0.0083661107,-0.0011723248,0.0092841536,-0.0065196338,-0.0028945096
7.5908541679,0.0044563375,-0.0092800884,-0.0040946212,0.0071284585,-0.0044304496,-0.0050161835
7.6009731293,0.0035158955,-0.009255196,-0.00602456,0.0081945211,-0.0044349772,-0.0071400544
7.6109991074,0.0015736185,-0.006277415,-0.0031277745,0.008142937,0.0008694405,-0.0071367924
7.6210699081,0.0034956895,-0.0052807136,-0.0021653383,0.0049095927,0.0040244875,-0.0071343952
7.6312742233,0.0024508201,-0.0052688373,0.0007452759,-0.0015380811,0.0082276212,-0.0050082607
7.6411781311,-0.0005409755,-0.005332741,0.0007156524,-0.0078769363,0.0018056745,-0.0050098589
7.6512818336,0.0033608638,-0.0035252303,0.0036629827,-0.0217177048,-0.0014842614,-0.0028847891
7.6613221169,0.0013304316,-0.0007970512,0.0114545021,-0.0196713321,0.0069877864,-0.0081900721
7.671462059,-0.0007008947,0.005929959,0.0123820696,0.0027355207,0.0082986616,0.0003005513
7.6814570427,0.0012260042,0.0070267441,0.0074812565,0.0177754574,-0.0010644805,0.0087864473
7.6915268898,0.0051363967,0.0053150998,0.0084542427,0.0230661184,0.0032127555,0.0066631758
7.7016129494,0.0002318583,0.0036226555,0.0054722223,0.0241960995,-0.0031577921,0.004536109
7.7117357254,-0.0016798414,0.0009154275,0.0083895717,0.0146026993,-0.0042813797,0.0077228481
7.7217292786,-0.0016466118,-0.0028560862,0.0113232527,0.0018078089,-0.0054542357,0.0077255107
7.7318911552,-0.0045416988,-0.0048189638,0.0084076319,-0.0078174677,-0.0034161853,0.0077290395
7.74187994,-0.0064329542,-0.0029326857,0.0084220562,-0.0098973978,-0.0087259961,0.0098505132
7.7519659996,-0.0024395026,-0.0040307892,0.0036124976,-0.0205927044,-0.0067175729,0.0066684354
7.7619719505,-0.0043676831,-0.0022821159,0.008506814,-0.0227935389,-0.0004048157,0.0013631525
7.7721748352,-0.0034059621,-0.003466326,0.0075676832,-0.0195783582,-0.0014318635,0.0024245554
7.7821092606,-0.0024119653,-0.0075538782,0.0056566391,-0.0195565205,-0.0035469458,0.0034852927
7.7921719551,-0.0013934411,-0.0038291917,0.0047176275,-0.0152609507,-0.0067264941,-0.0018271813
7.8023109436,-0.0003743805,0.0008760586,0.0057140384,-0.012062761,-0.0067400765,-0.008198794
7.8123250008,-0.0022801794,0.0007714003,0.0067238603,-0.0088949567,-0.003542752,-0.0103217997
7.8224039078,-0.0042344369,-0.0012775243,0.0077029858,-0.0057036905,-0.002446861,-0.0092602633
7.8325452805,-0.0071708895,-0.0032909245,0.005757371,-0.0067661321,-0.0024649701,-0.0103199352
7.8425397873,-0.0042102374,-0.0004949152,0.0048154388,-0.0078226095,-0.0035352949,-0.0103202015
7.852604866,0.0007322989,-0.0044919131,0.0068217907,-0.010931476,-0.0131110903,-0.0103253946
7.8628368378,-0.0001347698,-0.0095064668,0.0059201512,-0.0162681825,-0.0131715443,-0.0124476673
7.8727889061,-0.0009905733,-0.0067442833,0.0049927626,-0.0076660933,-0.0194705185,-0.0135141974
7.8828287125,0.0001595579,-0.0068178503,0.0001911315,0.0009055566,-0.0225443393,-0.0082089137
7.8928499222,0.0003215037,-0.002929087,-0.0007256476,0.0061694011,-0.0161644705,-0.0135179264
7.9029407501,-0.0044353642,0.0029318451,0.0002624783,0.0104246,-0.0151008042,-0.01882747
7.913025856,-0.0043466128,0.0009892404,-0.0026359765,0.0018372638,-0.0098642968,-0.0177600086
7.9230451584,-0.0043231286,-0.0039749993,-0.0025974123,-0.012121696,-0.0015112925,-0.0198758896
7.9331650734,-0.0053411759,-0.0100730686,-0.0035407154,-0.0303143077,0.0036417244,-0.0188064314
7.9431939125,-0.002469901,-0.0075748367,-0.0035077538,-0.0420569852,0.0034837988,-0.0272979196
7.9532389641,-0.001541499,0.0016624823,-0.0044600572,-0.0399308205,0.0045767603,-0.0251737833
7.9655818939,-0.0015984513,0.0071592601,-0.0044532027,-0.0206735022,0.0005836168,-0.0124390796
7.9736328125,0.0052309595,0.0070260586,-0.0024735539,-0.0067939339,-0.0003477575,-0.0113828024
7.9869608879,0.0042657219,0.0079913484,-0.0024623482,0.0124793621,-0.0065321499,-0.0092671877
7.9941630363,0.0043646954,0.0100984396,-0.0024479239,0.0275128782,-0.0148215722,0.0013439778
8.004483223,0.0074650012,0.0113769667,-0.0014534799,0.0318122841,-0.0179811455,-0.0007822901
8.014166832,0.0075893365,0.0077716531,0.0014923009,0.0232182108,-0.0127849197,-0.0060869073
8.0236911774,0.0037584268,0.0011694923,0.0034522207,0.0189081524,-0.0085643418,-0.003960107
8.0336837769,0.0008984171,-0.0065231202,0.0025048049,0.0071714153,-0.0086674727,-0.0039565782
8.0436906815,0.0019201599,-0.0064815609,-0.0004137364,0.0039487239,-0.0065734284,-0.0039547142
8.053768158,0.0019530915,-0.0055189459,-0.0042984094,-0.0003730264,-0.0013128202,-0.0050125881
8.0637979507,-0.0010090508,-0.0055375723,-0.0033465831,0.000662677,0.0018864352,-0.0039494545
8.0738983154,0.0029126965,-0.0026140914,-0.0033421128,0.0092832483,-0.0065264241,-0.003956445
8.0839109421,0.0048752688,-0.0035606951,-0.0003956166,0.0007243818,-0.0044859103,-0.0050150519
8.0939445496,0.0019209646,-0.0026196942,0.0034813078,0.0017698584,-0.0023615733,-0.0060759885
8.1040534973,-2.2091e-06,-0.0016340569,0.00251458,0.0049952129,-0.0044209957,-0.0007688411
8.1141090393,0.0009894632,0.0013343215,0.0073882136,0.0017620828,-0.0012731391,-0.0018279803
8.1243028641,0.0029662512,-0.0025401742,0.0083885584,-0.0045970138,-0.0055592307,0.0002950918
8.1343612671,0.0010964833,-0.0055182828,0.0074488316,-0.0098553989,-0.0130053619,0.004540104
8.1443920135,0.0031739436,-0.0065734861,0.0065281186,-0.0119784717,-0.0140780834,0.0056019062
8.1544466019,0.0032829605,-0.0008189559,0.005595604,-0.0088338107,-0.0087652113,0.0024176976
8.1645812988,0.0004289709,0.0020549863,0.0026836784,-0.0045727529,-0.0076253782,0.0087879794
8.1745519638,0.000469353,0.0030443713,0.0026947651,0.0029006908,-0.0075613954,0.0087873805
8.1846904755,0.0015050136,0.001190935,0.0027206333,0.006102609,-0.0075265081,0.0098483833
8.194852829,0.0006159507,-0.0016445622,0.0037189515,0.0029430874,-0.0117982179,0.0098467851
8.2049951553,-0.0012432374,-0.0045044897,0.0066681895,-0.0045475857,-0.0097345337,0.0109115168
8.2149991989,-0.0001962818,-0.0074849902,0.0086612497,-0.0173670575,-0.0088055581,0.0077292393
8.2250595093,-0.0040452518,-0.0076479195,0.0096647535,-0.0216797795,-0.0046196012,0.0045470283
8.2351999283,-0.0040101744,-0.0077970503,0.0048218761,-0.0120854508,-0.003446545,0.0087919077
8.2452116013,-0.0020259954,-0.0039937003,0.0028895529,-0.0089064352,-0.0013104237,0.0066685686
8.2552757263,-0.0010258593,-0.0030536235,0.0009594354,-0.0068007,0.0019184593,0.0109173097
8.2655105591,-0.0010367669,-0.0040831147,-1.42661e-05,-0.00998291,-0.0002592076,0.0066698338
8.2754497528,-4.02965e-05,-0.0070945648,0.0019587667,-0.0153317638,0.0007418748,0.0045475606
8.2854766846,-0.0019742288,-0.0042967154,2.77552e-05,-0.0152998064,-0.0024411352,0.0045459629
8.2955532074,-0.0019721128,-0.0023996264,0.0029558332,-0.0046301167,-0.0023686974,0.0013578929
8.3056945801,-4.5933e-06,-0.0004817054,0.0010202321,-0.0014814613,0.002971207,0.0024215593
8.3157281876,-0.0029771961,-0.0043754457,0.0009895953,-0.0015513701,0.0103965662,0.0024269521
8.325756073,-0.0030796267,-0.0092377542,-0.0029242244,0.0005615819,0.0125372149,0.0024274848
8.3359193802,-0.0002290644,-0.0063120304,-0.0039367881,-0.000488502,0.0104002943,0.0013635519
8.3459043503,0.0006645881,-0.0053842394,-0.002007684,-0.0079285754,0.0071243402,-0.002883391
8.3559474945,-0.0013967194,-0.0074223531,0.0028444917,-0.0111745158,0.0113126263,-0.007127604
8.3661651611,-0.0034613647,-0.0084781749,0.0076909456,-0.0068857605,0.0092140557,-0.0092533389
8.3761320114,0.0003519319,-0.0065861149,0.0096179638,-0.0004580887,0.0071822642,-0.0039466582
8.3861713409,0.0002911948,-0.0056594713,0.0076414738,-0.0026040636,0.0082107764,-0.0060691973
8.3962430954,0.002178546,-0.0037866712,0.0086023603,-0.0100638969,0.0070918496,-0.0050064633
8.4063873291,-0.0007802881,-0.0068401052,0.0105703268,-0.0217176266,-0.0015056334,-0.0060695969
8.4163579941,-0.0007841624,-0.0100138737,0.0106022749,-0.0291868076,-0.0015640233,-0.005005864
8.4264564514,0.0012081228,-0.0044751717,0.0096717868,-0.0291532502,-0.0047262609,-0.0018220547
8.4365911484,-0.0006656088,0.000146766,0.0048456583,-0.0183897652,-0.0130951107,0.0024199616
8.4467124939,0.0024350844,0.0049147801,0.0010072383,-0.0066193929,-0.0161755905,0.002415434
8.4566249847,0.0006062649,0.0097849416,0.0059102569,-0.0002246099,-0.0161239244,0.0013493707
8.4665937424,-0.00220621,0.0098068835,0.0088667069,0.0008078972,-0.0129662137,-0.0039583091
8.4765968323,-0.0031197108,0.0049582692,0.0049963389,0.0007349271,-0.0055184178,-0.000769174
8.4868831635,-0.0011187829,6.45637e-05,0.0060089622,-0.0088566598,-0.006678225,-0.0028898492
8.497089386,0.0008754693,-0.0069021834,0.0041220579,-0.0280857217,-0.0047241962,-0.0028837905
8.5070171356,0.0018376075,-0.0081922142,0.0051353369,-0.0388241187,0.0015070679,-0.0092487456
8.5170488358,0.0008310638,-0.006673309,0.0022404583,-0.0377583243,0.0015239787,-0.0081878752
8.527132988,-0.0001724698,0.0007299826,-0.0035882203,-0.0302873589,0.0016030746,-0.0060661351
8.5372800827,0.0017776452,0.0014615401,-0.0035602658,-0.015277328,-0.004577789,0.002422092
8.5471801758,0.0047346316,0.0013416826,-0.0006035176,-0.0131750293,-0.0013761369,0.0024231572
8.5574359894,0.00176185,0.0041816505,0.0042499695,-0.0057701627,0.00505553,0.0024240892
8.5674781799,-0.0012237467,0.0022267445,0.0032531412,0.0006022491,0.0083152391,0.005609496
8.5775251389,-0.0003003813,0.001308602,0.001288453,0.0027569057,0.0062050833,0.0045459629
8.5875434875,0.0006372891,-0.0025499195,0.0032251866,-0.005740176,0.0018518803,-0.0007630488
8.5976409912,0.0005396567,-0.0056120856,0.0071218405,-0.0261040106,0.010114138,-0.0081861438
8.6077661514,-0.004509721,-0.0059334068,0.0109826718,-0.0368610509,0.0185020305,-0.0092410222
8.6177492142,-0.0047099628,-0.0092399148,0.0090207253,-0.0411610194,0.0216618031,-0.0071149538
8.627825737,-0.0029766597,-0.0067412509,0.0089922342,-0.0422276147,0.0216594059,-0.0060528857
8.6380176544,0.0007388256,-0.0042645289,0.0060568247,-0.0421984792,0.0184845198,-0.0049938792
8.6480007172,0.0005823933,-0.0036924437,0.0021512301,-0.0357621536,0.0153782088,-0.0018116684
8.658033371,-0.0005509891,-0.0011087239,0.000164369,-0.0315235704,0.0186048951,-0.0007488008
8.668132782,0.0012455545,0.0034841567,0.003055254,-0.0240249075,0.0154455863,-0.0071230764
8.6781320572,-0.0008722283,0.0043197023,0.0039886627,-0.0058903778,0.0166920796,-0.0028791968
8.6882820129,0.0009646975,0.0013800084,0.0029877813,-0.0036916723,0.0103516243,-0.0018211225
8.6983337402,0.0057609044,-0.0016069517,0.0049332771,-0.014345835,0.0081094429,-0.006067466
8.7083759308,0.0037088357,-0.0046774102,0.0078475866,-0.0207379535,0.0069925138,-0.0060664015
8.7184295654,0.002640631,-0.005902539,0.0049128924,-0.0249950439,0.005886836,-0.007127204
8.728512764,0.002542194,-0.0022561953,0.0039300714,-0.0250163488,0.0080088424,-0.0071261395
8.7386245728,0.0005132817,-0.0025081516,0.0048942957,-0.0260710679,0.0069663483,-0.0028793297
8.7486343384,0.0004293881,-0.0027805672,0.0019669922,-0.0314280167,0.0090417489,-0.002876933
8.7587108612,0.0003434084,-0.0030979395,0.0029505284,-0.0346535295,0.0111439154,-0.0018144647
8.7689056396,0.0022644661,-0.0034057528,5.416e-05,-0.0313530751,0.001664394,0.0045507564
8.7788486481,0.0032580458,-0.0026866824,-0.0008849708,-0.0302164927,-0.0046800547,0.0066724969
8.788807869,0.0023338459,-6.2689e-06,0.0001391562,-0.0259373225,-0.0057037738,0.0066708988
8.799164772,-0.001558844,0.0027351871,0.002093235,-0.0185195394,-0.0003410326,0.0056104949
8.8091449738,-0.001576189,0.0036283552,0.0020968707,-0.0067997677,0.0019181268,0.0109176422
8.8191699982,0.002340015,0.000671503,-0.0037362783,-0.0089459289,0.0029467063,0.008795036
8.8291244507,0.0023087822,-0.0003166005,-0.0066607799,-0.003621472,0.004047391,0.0077324351
8.8392953873,0.000299152,-0.0042389287,-0.0047343578,-0.0100326845,0.003958907,0.0024229574
8.849313736,0.0021850727,-0.0102109192,-0.0027734844,-0.0218376815,0.0101877749,-0.0028799288
8.8593130112,-0.0008640625,-0.0104416786,-0.0027898161,-0.0272009932,0.0133226477,-0.0028754682
8.8694953918,-0.004923258,-0.0068479804,-0.0038176386,-0.03150253,0.0164545253,-0.0049964096
8.8795251846,-0.0021716096,-0.0052269502,6.82267e-05,-0.035792511,0.0185321905,-0.0060559483
8.8895759583,-0.0013312735,-0.0075364662,0.0029919536,-0.0389283821,0.0121589787,-0.0028729383
8.8996572495,-0.0004485287,-0.0049444539,0.0029973777,-0.0303156916,0.0048132492,-0.0018167949
8.9096536636,-0.0014856793,0.0035613223,0.002011338,-0.0196752977,0.0081033185,0.0003057445
8.9197845459,-0.0025208332,0.0082720267,0.0019911916,-0.0089422809,0.0018170595,-0.0018241185
8.9298553467,-0.0015932359,0.0082479762,0.0019759329,-0.0004350785,0.005102335,0.0024225581
8.9400272369,-0.0006601252,0.0044367062,0.0039053948,0.0070574847,0.0030806628,0.0077281743
8.9499492645,0.0003468655,0.0015888258,0.0029457004,0.0028837789,-0.0065194997,0.0056008408
8.9600372314,0.0004194342,-0.0003430501,0.0020048411,-0.0067433352,-0.0044879075,0.0045421012
8.9701919556,0.0004402958,-0.0043375297,0.0039835367,-0.0174385905,-0.0024937326,-0.0007631818
8.9802093506,-0.006386403,-0.0044433875,0.0039745364,-0.0067588883,-0.0034607262,-0.0007671765
8.9902391434,-0.0024075247,-0.0005779669,-0.0028141348,0.0092693474,-0.0054429169,-0.0007722366
9.000421524,-0.0003637411,0.0014410361,-0.0057255831,0.0082593691,-0.0107515287,0.0002883673
9.0105142593,0.0007042252,-0.0053344024,-0.0056648459,-0.0024438752,-0.0076617296,0.0002926284
9.0204868317,-0.0002195276,-0.0093491776,-0.0007558075,-0.0216403119,-0.0089194076,-0.0039491216
9.0304403305,-0.0021284856,-0.0105882986,0.0002736243,-0.0323408917,-0.0057949871,0.0013641512
9.0407781601,-0.0021003522,-0.0079998923,-0.0006751624,-0.0366782509,0.0005070507,-0.0028797959
9.0509166718,-0.0041098632,-0.0025221512,-0.0055393782,-0.0313862823,0.0047838213,-0.0050026011
9.0607061386,-0.0041357316,0.0040627168,-0.0084737148,-0.0089850239,0.0060468917,-0.0039452598
9.0708093643,-0.0022417344,0.0060223239,-0.0104415622,0.014493404,0.0062727276,-0.0007657119
9.0808467865,0.0016351305,0.0081510888,-0.0104595032,0.024139028,0.0021201272,0.0002909639
9.0909023285,0.0006650053,0.0054665254,-0.0065856185,0.0188342761,-0.0011233366,-0.0018329071
9.1009998322,0.0006689094,-0.0002283111,-0.0007330981,0.007089443,-0.0012520335,-0.0060787182
9.1110296249,-0.0003429987,-0.0021216974,0.0012017878,0.0038369242,0.0040527172,-0.0018280467
9.1211462021,0.0015671812,-0.0040408028,-0.0027090516,0.0017167013,0.0029647488,-0.0028884511
9.1312484741,0.0025361441,-0.0020570711,-0.0056373086,0.0070640626,0.0019641991,-0.0007667106
9.1412563324,0.0015268885,0.0009681925,-0.0027632324,0.0198514182,0.0042111748,0.001355496
9.151307106,0.0024525486,0.0040315287,-0.0027995317,0.017673485,0.008422697,-0.0007654455
9.1613445282,0.0023472868,0.0031792864,0.001060644,0.0091269482,0.0094016092,-0.0018239855
9.1715097427,0.0002803765,-0.0016008422,0.0049085412,0.0048483126,0.0104322527,-0.0007605853
9.1814994812,0.0021508299,-0.0025842146,0.0039174948,-0.0004682345,0.0082573155,-0.0018227204
9.1915483475,0.0021196567,0.0012490645,0.0029287727,-0.0025502946,0.0029198078,-0.0039484557
9.2016582489,0.0030679069,0.0061110603,0.004856864,0.0017414428,0.0008699729,0.0013581591
9.2117061615,0.0030839406,0.0090781497,0.0048583541,0.0039204415,-0.0033277017,0.0056027053
9.2217912674,0.0021310411,0.0072068619,0.0058243666,0.007116368,-0.0021836739,0.0140971905
9.2318058014,0.0002358817,0.0053942697,0.0038913281,0.0103422552,-0.004236172,0.0204661395
9.2419338226,0.0003485642,0.0055579739,0.0019548328,0.0093381628,-0.0105756279,0.0257709567
9.2519836426,0.0004383884,0.004749109,0.0009916219,0.0071804705,-0.0084999595,0.0215253457
9.2619962692,-0.004390154,0.005875458,0.0038986595,0.0103639066,-0.0063511883,0.0215268098
9.2721452713,-0.0023712255,0.0022227659,0.0058648381,0.017783206,-0.0009463031,0.0268366206
9.2821683884,0.0005506836,-0.0043432368,0.0039108787,0.0198395401,0.0064507606,0.0194073338
9.2922697067,-0.0014708675,-0.0031540946,0.0019053015,0.0197947994,0.0106670773,0.0151622556
9.30235672,-0.0015919842,-0.0107524944,0.0018539223,0.0122748315,0.0147987045,0.007732302
9.3123893738,-0.0017886199,-0.0165417753,0.0047136936,-0.0080789095,0.0220001601,0.0003084742
9.3224601746,-0.0030009188,-0.0186350904,0.0056217108,-0.0187926199,0.0261010937,-0.0071179504
9.3326120377,-0.0052619912,-0.0218145661,0.0084747467,-0.0284622926,0.0323624536,-0.010297765
9.3425788879,-0.0045861043,-0.0153247369,0.0113019142,-0.0273682401,0.0291407593,-0.0177327115
9.3526620865,-0.0058448352,-0.0078462316,0.0121928249,-0.0187763497,0.0239310823,-0.0145520968
9.3626689911,-0.0011509098,-0.0060711754,0.0092219505,-0.0101602767,0.0166268311,-0.0071250745
9.372836113,-0.0003394522,-0.0081475032,0.009192327,-0.0112188831,0.0155288111,-0.0113725495
9.3828353882,-0.0034032501,-0.0024097965,0.0110776816,-0.0069064256,0.0113144917,-0.0124368817
9.3929424286,-0.0034766532,0.0053161131,0.0090868864,0.0027722996,0.0039713574,-0.0124430079
9.4030666351,-0.0025336184,0.0053501623,0.0100469384,0.0092001585,0.000839613,-0.0135102691
9.4130620956,-0.0025305189,0.0034630045,0.0100573692,0.004986505,-0.0044819154,-0.01032646
9.4231376648,-0.0015218593,-0.0003936395,0.0100652371,0.0017874083,-0.0044751242,-0.0050167828
9.4332208633,-0.0034266748,-0.0014288232,0.0061973128,-0.0099286353,-0.0066858144,-0.0028913138
9.4433708191,-0.0043525137,0.0013505712,0.0023183615,-0.0163499974,-0.0045993607,0.0002971558
9.4533786774,-0.0023371615,0.0031188324,-0.0025117008,-0.024865184,-0.0067890123,0.0013600234
9.4634437561,-0.0003171004,0.0009173647,-0.0005026666,-0.0312374663,-0.0100345397,0.0002978881
9.4735183716,0.0007344447,-0.0003605738,-0.0014007894,-0.0301911104,-0.0078962874,0.0013604894
9.4835605621,0.0027695559,0.0013292476,-0.002323529,-0.0248701405,-0.0057087005,0.0045474279
9.4936161041,0.0037997924,0.0031362518,-0.0042414274,-0.0067273565,-0.0055294698,0.007728307
9.5037260056,0.0068399273,0.0012547865,-0.0051740017,0.0082777981,-0.0117512802,0.0098451208
9.5137252808,0.0069891177,-0.0005635127,-0.0041578617,0.0136858793,-0.0191593952,0.0055928514
9.5238046646,0.0041971169,-0.0023265288,0.001729885,0.0157744102,-0.0149098551,0.0034701126
9.5339422226,0.005311247,-0.0050733788,0.0046926532,0.0146854436,-0.0128040938,0.0024096416
9.5439548492,0.0063955151,-0.0117884977,0.0027975233,0.0061278553,-0.010756922,0.0024131038
9.5539989471,0.0064956211,-0.0185990594,-0.003001055,-0.0077655902,-0.0087491656,0.0034794332
9.564078331,0.0065550767,-0.0187393688,-0.0019842593,-0.0259180944,-0.0078677246,0.0002994195
9.5741872787,0.0016883574,-0.0151718957,-0.0019670336,-0.0355872363,-0.0015994429,-0.0018185925
9.5842247009,0.0026397072,-0.0077474667,3.2576e-06,-0.0356318131,0.0026239306,-0.0050020022
9.5942163467,0.0015993081,-0.0002720013,0.0019379052,-0.0250132587,0.0080290828,-0.0039402
9.6044311523,0.0005459152,0.0044678794,0.0028856189,-0.0025731716,0.0050637191,-0.0007631152
9.6144170761,0.0014704727,0.005499308,0.0038365514,0.0081220828,0.0030695442,0.0045421678
9.6244468689,0.002424296,0.0065671848,0.0077141318,0.0060446048,-0.002248256,0.0056029051
9.6345853806,-0.0005391873,0.0095669078,0.0115748439,0.0006642202,0.0019214554,0.0013591578
9.6446208954,-0.0025314428,0.0076517658,0.007664958,-0.0004032012,0.0019406968,0.0056057675
9.6546802521,0.0014040433,-9.75236e-05,0.0038058551,-0.0046163211,-0.0033739074,0.0098513793
9.66472435,0.0024107061,-0.0030678913,-7.49436e-05,-0.0121390596,0.0018514809,0.0077328347
9.6748485565,-0.0005280413,0.0007400558,-0.001062235,-0.0078913178,0.0040176958,0.0087946374
9.6848421097,-0.0024921931,0.0007363603,-0.0020576923,-0.0035760114,-0.0001620683,0.0130393831
9.6949253082,-0.0005480088,-0.0012057379,-0.0010686723,-0.002523263,0.0008597866,0.0056070327
9.7051029205,-0.001556877,0.0007246778,0.0037951858,-0.003624348,0.0040199598,0.0034849597
9.7151002884,-0.0035513677,-0.004170741,0.0028083117,-0.0046728328,0.0018540109,-0.001824851
9.7251205444,-0.0025993325,-0.0071733994,0.0028247626,-0.0078467103,-0.0014122897,-0.0103201354
9.7353096008,-0.0006482042,-0.0092145605,0.0057657156,-0.0046256157,-0.0035271058,-0.0135074062
9.7452545166,-0.0025839247,-0.0083474619,0.0038299353,-0.0024861926,-0.0045959651,-0.0177568793
9.7553491592,-0.0006095804,-0.0006501779,0.0038323794,-0.0003428794,-0.0056590992,-0.0209433511
9.7655153275,0.0004447065,0.0002540842,0.0019242557,0.0007509859,-0.0077310391,-0.0145730712
9.775560379,0.0014896356,-0.0026937083,1.38077e-05,0.0018314309,-0.0087481001,-0.0092648575
9.7855434418,-0.0013727583,-0.0027450726,0.0029512437,-0.0098897275,-0.010985421,-0.0113876639
9.7956008911,0.0006550513,-0.001974012,0.005932251,-0.0269861538,-0.0090263998,-0.0135059422
9.8057603836,-0.0012213327,0.0015834018,0.0069604311,-0.0354882441,-0.0122850444,-0.013504344
9.8157939911,-0.0001367964,0.0032247945,0.003143409,-0.0194488242,-0.0153213134,-0.0124481339
9.8258323669,0.0010383092,0.0089680897,-0.0026458111,0.0062605869,-0.0246048272,-0.0060887719
9.8359584808,0.0022199117,0.0139715271,-0.0026026575,0.0318519659,-0.022238344,-0.0029086911
9.8459730148,0.003389772,0.0104330378,0.0003748926,0.0392947048,-0.0189775676,-0.0007840211
9.8560247421,0.0025614761,0.0030024841,0.0043044481,0.027523797,-0.0159040131,-0.001841296
9.8661298752,-0.00024027,-0.0056002392,0.0024013908,0.0050900485,-0.0139909983,-0.0039588423
9.8762016296,0.0008177124,-0.0134443296,0.0014772805,-0.0163073856,-0.0088931751,-0.0071362597
9.8862142563,0.0008776449,-0.0107807023,-0.0004304257,-0.0291758589,-0.0026535885,-0.0092527401
9.8962812424,-0.0001173057,-0.0062698079,-0.0004131404,-0.0302664228,-0.0005685999,-0.0134986173
9.9066314697,-0.0001777448,-0.0016826645,-0.0013815371,-0.0111236749,0.0059586749,-0.0145624168
9.9165172577,0.0017310344,0.0021330758,-0.0043245759,0.0070627853,0.0019077405,-0.009260064
9.9267492294,0.0016637407,0.0041623162,-0.0024067371,0.0166367162,0.005209594,-0.0039521842
9.9367618561,-0.0013479926,0.0043587284,-0.001490852,0.0208839253,0.007368885,-0.0039521842
9.9467945099,0.0005460344,-0.0013341114,-0.0005364624,0.0059549361,0.0061844438,-0.0028873193
9.9566936493,0.0024718605,-0.0091488315,0.0014256033,-0.0131995836,0.0007185721,-0.0018233863
9.9668931961,0.0014615618,-0.0083616627,0.0043567214,-0.0281170942,-0.00154851,-0.0039435956
9.9768648148,0.0014712773,-0.0037605718,0.0063287411,-0.0270281248,-0.0036542714,-0.0028831246
9.9868984222,0.0015070401,0.0048172073,0.0063456092,-0.0067326035,-0.0055702832,0.001356761
9.9972162247,0.002516266,0.0087705152,0.0063505564,0.0156584568,-0.0032179127,0.0066612456
10.0070362091,0.0005596839,0.0099839466,0.0053285751,0.0305580702,0.0011557303,0.0066605126
10.0172510147,-0.0014072694,0.0073957043,0.0043094549,0.0326822102,0.0022423002,0.0077223149
10.0271558762,0.0005193315,-0.0050146086,0.0043196473,0.0038462719,0.0040920652,0.0045449641
10.0373067856,-0.0005194582,-0.0138284517,0.0072400961,-0.020701414,0.0038292112,-0.0028815269
10.0472536087,-0.0005796589,-0.0140663339,0.0092001352,-0.0313653238,0.0026548235,-0.0060654022
10.0576200485,0.0013430379,-0.011422555,0.0082434211,-0.0228165761,0.001682237,-0.0039444612
10.0675840378,0.0023031197,-0.0047776056,0.0053186808,-0.007867083,0.0007591855,-0.0028874523
10.0776090622,0.0032882057,-0.0019103691,0.0023901255,0.006047667,-0.0033705784,-0.0039548473
10.0876979828,0.003325399,-0.0018513158,0.0023970993,0.010368567,-0.0086522261,-0.0060821138
10.097694397,0.0043604933,-0.0027640418,0.0073033366,0.0018416578,-0.0097947223,-0.0071423184
10.1076946259,0.0034422837,-0.0057320697,0.0102454219,-0.010986655,-0.0077911592,-0.0082001919
10.1178731918,0.0005845092,-0.0097965105,0.0063990746,-0.0194917247,-0.0110487379,-0.0081996592
10.128279686,0.0016860925,-0.0071056886,0.0054941569,-0.0237100944,-0.0153042693,-0.0039515849
10.1381311417,0.0018299185,0.0004585579,0.0045801196,-0.0226317793,-0.0163490269,-0.0028905813
10.1480283737,2.03215e-05,0.009019901,0.0055997763,-0.0140875345,-0.0173128918,0.0002903646
10.1581087112,0.0001934133,0.0099358158,0.0027333291,-0.0001887623,-0.0192514062,0.0098420586
10.1682939529,0.0052324496,0.0090532647,0.0018358025,0.0072504054,-0.0159822442,0.0130270654
10.1781196594,0.0014976822,0.0101258205,-0.003003916,0.0040532807,-0.015954813,0.0215222817
10.1882839203,0.0026294552,0.0043840902,-0.0039180126,-0.0055469899,-0.016032977,0.0225876812
10.1983642578,0.0017744862,0.0014282956,-0.0019099322,-0.0194755904,-0.010883756,0.0172847956
10.2084646225,0.0008893274,0.0003549352,-0.0038240759,-0.0163466409,-0.0034010718,0.0215349328
10.2185058594,-7.87415e-05,-0.0006459907,-0.0047947373,-0.0057706954,0.0062480937,0.0225988664
10.228427887,-0.0021066107,0.0023650422,-0.0068015661,0.0101827309,0.0117072407,0.0247206744
10.2386827469,-0.0032109059,0.002577652,-0.0088275876,0.0186451916,0.0192088336,0.0247222725
10.2486820221,0.0005274676,-0.0030330226,-0.0059522595,0.0079511087,0.0211883597,0.0172941834
10.2587308884,-0.0016417243,-0.0088431491,-0.0040751304,-0.0102033932,0.0220562853,0.0119902305
10.268951416,-0.0038206913,-0.01091298,-0.0031818955,-0.020907009,0.025146218,0.0119943582
10.2788438797,-0.0020734109,-0.0121180518,-0.0012632814,-0.0315463394,0.0218699966,0.0119954236
10.2889595032,-0.0022841133,-0.0123606576,0.0006318482,-0.0326399431,0.0239702985,0.0098716859
10.2991037369,-0.0034636594,-0.0058130575,0.0025241168,-0.0251599196,0.022967618,0.0088074869
