0.0000000000,-0.0049359170,-0.0080711190,-0.0045943032,-0.0356310904,-0.0128185740,-0.0021057199
0.0098930597,-0.0019767848,-0.0022591499,-0.0086520091,-0.0131675918,-0.0179209244,-0.0010521734
0.0201590061,-9.295e-06,0.0094175041,-0.0078506842,0.01561026,-0.0145208668,-0.0063667777
0.0300220251,0.0009753142,0.0095085483,-0.0050250664,0.0229803994,-0.0049123145,-0.0074268486
0.0400730371,0.0058645639,0.0008724111,-0.0021582616,0.0166296382,-0.010287039,-0.0095515847
0.0500860214,0.0078267492,-0.0048554149,-0.0012882126,0.0091608036,-0.0103384387,-0.0074261171
0.0604510307,0.0048894915,-0.0057428628,-0.0014035476,0.0091446377,-0.0081969248,-0.0042383792
0.0705490112,1.5441e-05,0.0001535176,-0.0015442742,0.0017152168,-0.0125338826,-0.0084858546
0.0803470612,-0.0029025641,-0.0056117103,-0.0055821314,-0.0046681138,-0.01471115,-0.0084859878
0.0903739929,-0.0058196154,-0.0055307001,-0.0047774683,-0.0142509649,-0.0169170462,-0.0084846569
0.1009700298,-0.0087340437,-0.0025621166,-0.0069281235,-0.0195444264,-0.0211932845,-0.0063623837
0.1105760336,-0.0106691681,0.0023485369,-0.0100692287,-0.0142407389,-0.0179636665,-0.0063621174
0.120552063,-0.0106590949,0.0014421365,-0.0082406178,-0.0068992293,-0.0051661804,-0.0063577895
0.1308220625,-0.007744011,0.0015148318,-0.0053319107,-0.0048395405,0.0022794853,-0.0063545937
0.1410830021,-0.0057789055,0.0005958921,-0.0072459951,-0.0005686292,0.0023230279,-0.0052931909
0.1509439945,-0.0008851256,0.0026044494,-0.0091531053,0.0079359096,0.0055736825,-0.0063555259
0.1611130238,-0.0021311608,0.0087840036,-0.0070270072,0.010027742,0.0098362714,-0.0063538612
0.1711130142,-0.0011782612,-0.0002318749,-0.0031979454,-0.000641414,0.0097707575,-0.002103989
0.1814650297,0.0007464919,-0.0065927468,-0.0017599238,-0.0187061429,0.002177486,-0.0031641268
0.1912020445,0.0007031594,-0.0069661643,0.0019766914,-0.0335830934,-0.0043328777,-0.0052871993
0.2013100386,-0.0002708997,-0.0057303496,-0.0017909778,-0.0325372703,-0.0022015497,-0.0052864002
0.2114120722,-0.0002143945,-0.0013140847,-0.0031173599,-0.0292842165,-0.0074993758,-0.0084752692
0.2218520641,-0.0002128448,0.0014246164,-0.0030920876,-0.0229146816,-0.0042670975,-0.0095373383
0.2314929962,-0.002187666,0.0040182788,-0.0047553554,-0.0047527216,-0.0062375707,-0.0106047327
0.2415699959,-0.0021984545,0.007373048,-0.0045256387,0.0122672208,-0.0008044555,-0.0137914717
0.2516530752,-0.0061045256,0.0117213409,-0.002869047,0.0181738455,-0.0557084531,0.0201571751
0.2619460821,-0.1127322912,-0.0088549424,-0.0170552507,0.02283784,-0.3987733722,0.2886197865
0.2717350721,-0.1332442164,-0.0429120809,-0.0508829132,0.00456456,-0.3898536563,0.2164265513
0.2818440199,-0.0276245438,-0.0103275515,-0.0282439962,0.0056650583,-0.0843212605,0.0424431041
0.2919020653,0.0212510265,0.006243147,-0.0019652022,-0.0006394433,0.008591909,-0.0201550275
0.3022019863,-0.0149562918,-0.0035809258,0.0028019177,-0.0207000766,-0.0116277421,-0.00210825
0.312030077,0.0065829786,-0.001986874,-0.001025833,-0.0281177778,-0.0170118548,-0.0042326534
0.3220720291,0.0056234631,0.0023787899,-0.0001236571,-0.0334530771,-0.0170514695,-0.0031695862
0.3322139978,0.0017483268,0.003668057,-0.0022710932,-0.0217349026,-0.0148130823,-0.0010478459
0.3424950838,0.0017415915,0.0039332416,-0.003241874,-0.0036052465,-0.0136075364,-0.0031753785
0.3522870541,-0.0003716912,0.0162941851,-0.0010025275,0.0144927977,-0.0092119882,-0.0042395778
0.3623570204,-0.0024325219,0.0167630687,0.0008123743,0.0261559784,-0.0017035385,-0.0074238535
0.3724449873,-0.0053658453,0.0058791973,0.0027109014,0.0240659304,-0.0059454218,-0.0042400439
0.3827650547,-0.0043397513,0.0002058132,0.0013505446,0.0133595169,-0.0028544902,-0.0042369147
0.3925890923,-0.0072586504,-0.0046322215,-0.0016895903,-0.0132846097,-0.0062428303,1.53546e-05
0.4026460648,-0.0140842758,-0.007761158,-0.0048487559,-0.0302866567,-0.0126826204,0.0116970446
0.4127089977,-0.0159797631,-0.0150116701,-0.0157448426,-0.0431092456,-0.0106170727,0.0201957226
0.4229940176,-0.0169683062,-0.0164107271,-0.0090064183,-0.0751888528,-0.0045371419,0.0191446412
0.4328200817,-0.0110678039,-0.0182613675,-0.009053804,-0.0987615585,0.004806825,0.0191552937
0.442882061,-0.0071291295,-0.0161167197,-0.0090400353,-0.1159438267,0.0152185196,0.0117329974
0.452974081,-0.0071256128,-0.0067705158,-0.011941947,-0.1149395481,0.0216077082,0.0138595318
0.4633309841,-0.0119734965,0.0027038159,-0.0303427354,-0.1246304363,0.031169191,0.0287325531
0.473162055,-0.0304132067,-0.0027889868,-0.0906294957,-0.1788366884,0.0119281178,0.0797030553
0.4831690788,-0.0655333996,-0.0485872328,-0.1380913556,-0.3177750707,0.0343562625,0.1254068315
0.4933140278,-0.1017026901,-0.0861126631,-0.1762844622,-0.4771553874,0.073631756,0.1785568595
0.5036970377,-0.1222276688,-0.0962077156,-0.2102116644,-0.6688554287,0.1422744095,0.2221725881
0.513379097,-0.1409140825,-0.0901863649,-0.2316325009,-0.8715510368,0.2413565069,0.2297061384
0.5234280825,-0.1430858374,-0.0942288116,-0.2491152585,-1.022962451,0.334513545,0.2361614406
0.5335650444,-0.1385428905,-0.0821577162,-0.259768635,-1.088083148,0.4420935512,0.223490119
0.5438280106,-0.1400253177,-0.032971967,-0.2606506646,-1.0700939894,0.5619681478,0.1948764473
0.5536880493,-0.1309255362,0.0107033532,-0.2602981627,-0.9976637363,0.6801334023,0.1566923112
0.5637030602,-0.1083142757,0.0372930914,-0.2549541295,-0.9015028477,0.7741330266,0.1238012761
0.5737820864,-0.0995453,0.0613451786,-0.2585424483,-0.7870572209,0.8534462452,0.0919578597
0.5841480494,-0.1016654372,0.0759673715,-0.2741797268,-0.6787652373,0.9083914757,0.0739062205
0.5938820839,-0.09613657,0.0722570643,-0.2824802697,-0.6172531247,0.9471558928,0.0781571642
0.6039530039,-0.0986065269,0.0656006336,-0.2846635878,-0.5812078118,0.9719442725,0.0887793079
0.6140190363,-0.1148702502,0.0830103979,-0.2925635874,-0.5665316582,0.9998339415,0.1153344885
0.6244040728,-0.1195863485,0.0991711169,-0.2884772122,-0.5508185625,1.0309792757,0.1514461637
0.6341620684,-0.1245129704,0.1062333807,-0.2665821016,-0.5318978429,1.0621931553,0.1939289123
0.644239068,-0.138465941,0.1088814512,-0.2452959716,-0.4853921831,1.1107213497,0.2512794137
0.654286027,-0.145809114,0.1237193868,-0.218612045,-0.4070355892,1.1754382849,0.3075671792
0.6647740602,-0.1495319009,0.1429669708,-0.1991048157,-0.2902136147,1.2362943888,0.3712767065
0.6743870974,-0.1516458988,0.1580989361,-0.1856403649,-0.2518590391,1.3491057158,0.3713233173
0.6845049858,-0.1148440838,0.1277316213,-0.2113414705,-0.3328624964,1.3352987766,0.3150611818
0.6946370602,-0.0331842266,0.0720821396,-0.1955445707,-0.4121589363,1.2626314163,0.3426517844
0.7049030066,-0.0971956849,0.1024511084,-0.2327288091,-0.3667992651,1.2100766897,0.3585408926
0.7147370577,-0.1728696823,0.1384895891,-0.3094182909,-0.2628302574,1.1665502787,0.3786669374
0.7247860432,-0.2008441687,0.1574605405,-0.3286711276,-0.1550435275,1.1664321423,0.3786380887
0.7348940372,-0.2036833763,0.1301503628,-0.3066761196,-0.0592485629,1.1928528547,0.3966775537
0.7451800108,-0.2068535686,0.1380903572,-0.2648927271,0.0287236385,1.2529796362,0.3871296942
0.7549279928,-0.2153722644,0.1612170786,-0.2067595422,0.1216131002,1.3533195257,0.3542404771
0.7650279999,-0.2097072601,0.1790527105,-0.1621161997,0.2420848012,1.4721032381,0.3468384743
0.7751370668,-0.1968116164,0.1865442842,-0.1377156079,0.3753323555,1.5954800844,0.3755348623
0.7854380608,-0.1973488331,0.1902814806,-0.1170679107,0.4723707139,1.7111773491,0.4137905538
0.795230031,-0.1946216822,0.1696164459,-0.1062597409,0.5090464354,1.7819106579,0.4722155035
0.8053100109,-0.1797976494,0.1330182105,-0.0929666534,0.5000303984,1.8331370354,0.5295817852
0.8153990507,-0.1761817336,0.108531855,-0.1019507423,0.4699409306,1.8565366268,0.5784438848
0.8257080317,-0.1837593317,0.1108158007,-0.1130240336,0.4485371113,1.8651425838,0.6251729727
0.8368639946,-0.19755584,0.1137474254,-0.1301400959,0.4411625564,1.8579204082,0.6665813923
0.8457530737,-0.2215876579,0.123378031,-0.1172809973,0.4272316396,1.8642983437,0.6867607236
0.855651021,-0.2402238846,0.1262323111,-0.098530449,0.423735708,1.8940269947,0.6942090392
0.8659920692,-0.2437193394,0.1242625713,-0.0825308934,0.4276524186,1.9302484989,0.7112155557
0.8757950068,-0.2409283519,0.1252778322,-0.0537513271,0.420942843,1.9609894753,0.7154798508
0.8858309984,-0.2337384224,0.1068439558,-0.0404675379,0.4185434878,1.9886734486,0.7335458398
0.8959670067,-0.2301151752,0.0972477868,-0.0057087317,0.4084935188,2.0331726074,0.7367560267
0.906257987,-0.2173058987,0.0907389149,0.0233428702,0.4167369306,2.0618536472,0.7303964496
0.91603899,-0.1961091757,0.0863675401,0.0250534639,0.4411940575,2.070535183,0.7272092104
0.9261350632,-0.1850327253,0.0852814987,0.0254947767,0.4680210054,2.0558717251,0.7208252549
0.9361670017,-0.1859815121,0.0875367746,0.0352532491,0.4830715954,2.0442481041,0.7080740333
0.9465780258,-0.1910862923,0.0833514929,0.041734539,0.5003638268,2.022053957,0.6985021234
0.9564330578,-0.1816472411,0.0804338828,0.0448597297,0.512486279,1.9839675426,0.6995418072
0.9664080143,-0.1693803668,0.0807751194,0.0708102807,0.5149355531,1.9520651102,0.6857227683
0.976444006,-0.1630981565,0.0746197328,0.0875548348,0.5290015936,1.9319094419,0.6676585078
0.9867930412,-0.1588506699,0.0648246035,0.0844153985,0.5195686817,1.9137493372,0.6612786651
0.9965680838,-0.1636164784,0.074682869,0.1187311038,0.4845430255,1.8931165934,0.6357941031
1.0067820549,-0.1576462388,0.0729974732,0.1351363957,0.4837610722,1.8643188477,0.6145468354
1.0167140961,-0.142803967,0.0872346088,0.1315838993,0.5310726166,1.828599453,0.6060225964
1.0270800591,-0.1387245059,0.1061050817,0.1324887574,0.6155807972,1.8080402613,0.5943102241
1.0369310379,-0.137686193,0.113266848,0.1428693235,0.693688333,1.7874244452,0.5826002955
1.0469110012,-0.1357300282,0.1113391146,0.163656503,0.7216889262,1.7622243166,0.5857653022
1.0570160151,-0.1375607252,0.1048152223,0.1761628091,0.7285583019,1.7155684233,0.5814930797
1.0673220158,-0.1459830999,0.0945016071,0.1686036289,0.7119697332,1.6677216291,0.5889068842
1.0773370266,-0.152392745,0.0929505304,0.1829451025,0.6876260042,1.647320509,0.5846556425
1.0871680975,-0.1421831846,0.0884229168,0.1989048421,0.6547684669,1.6247719526,0.5878373981
1.0972630978,-0.1269808412,0.0886156783,0.2124913633,0.628455162,1.5884994268,0.5931349993
1.1076340675,-0.1115121841,0.0818496272,0.2080589235,0.5969104767,1.5415639877,0.5973661542
1.1174039841,-0.1017315984,0.0896230862,0.2031060159,0.5929583311,1.5096549988,0.5909804106
1.1274430752,-0.0985467136,0.0908442959,0.1909446418,0.6275331974,1.4674701691,0.5845811963
1.1375840902,-0.0842979848,0.0984440446,0.1852116287,0.6653801799,1.4178876877,0.5781760216
1.147881031,-0.082421124,0.1105265692,0.1916663945,0.7160964608,1.360858798,0.5515894294
1.1576640606,-0.0977649689,0.1019398868,0.183144182,0.7783318758,1.3262616396,0.5324439406
1.1677700281,-0.1158465147,0.0998308286,0.1782003939,0.8095034361,1.3030438423,0.5101272464
1.1778860092,-0.1279045343,0.0932922736,0.1730302274,0.8342338204,1.2840909958,0.4994935393
1.1881830692,-0.1301451325,0.0714304969,0.1813029945,0.8098188043,1.2700016499,0.4867499769
1.1979030371,-0.1273955703,0.0679629371,0.1951063573,0.781118691,1.2580165863,0.4771950841
1.2080790997,-0.1137222648,0.0670865253,0.1862657368,0.7376610637,1.2290631533,0.4888718426
1.2180800438,-0.1027235687,0.0572414398,0.1799888313,0.7220584154,1.1897977591,0.5090304017
1.2284070253,-0.1051831245,0.052080214,0.1859956682,0.6828383803,1.1640713215,0.5217697024
1.2381900549,-0.1183143854,0.0543548316,0.2024135888,0.6338521838,1.1541696787,0.5334569812
1.2482990026,-0.1206356287,0.0455534644,0.1962946951,0.6093065143,1.1551054716,0.5472677946
1.258357048,-0.1151412129,0.0414026678,0.1987706125,0.576382637,1.1400663853,0.5631956458
1.2686719894,-0.107532084,0.0370712727,0.1854633391,0.5744138956,1.1242587566,0.5822992325
1.2785080671,-0.1017433405,0.0268377718,0.1767945588,0.5426434278,1.1007547379,0.600346148
1.2885670662,-0.1105093956,0.0201477651,0.1854014099,0.4915401936,1.0886640549,0.6046001315
1.2986249924,-0.1103349626,-0.007368749,0.1753729284,0.445858717,1.0681388378,0.6099104881
1.3089550734,-0.1002006829,-0.0031361522,0.1758134663,0.4087355137,1.0455305576,0.6099095345
1.3187500238,-0.0927131772,-0.0010118724,0.1721357405,0.397380054,1.0072250366,0.6088314652
1.3288090229,-0.086884141,-0.004631171,0.1721540987,0.4019076228,0.980697155,0.6024448276
1.3388750553,-0.0827156901,-0.008152457,0.1651724875,0.4075900018,0.9456683397,0.592869699
1.3492170572,-0.07915546,-0.0105983634,0.1531096995,0.4112089872,0.9042879343,0.5886024833
1.3590329885,-0.0801437944,-0.0070935879,0.1534889638,0.3986772001,0.8765484691,0.5822210312
1.368907094,-0.0877983272,-0.0075971652,0.1566284597,0.3753929138,0.8572379351,0.5811558962
1.3789010048,-0.0953331441,-0.0120880455,0.1655061543,0.3605276644,0.8496804237,0.5811558962
1.3892930746,-0.102828294,-0.0117971897,0.1655203402,0.3605085015,0.8518301249,0.5854041576
1.3993990421,-0.0976373404,-0.0219843034,0.1606610119,0.3903355002,0.8574172854,0.5885844827
1.4093310833,-0.0847207755,-0.0329204053,0.1684431136,0.3870438337,0.8658435345,0.5832796097
1.4203701019,-0.0659770221,-0.0332223773,0.176135391,0.3625286222,0.8624045849,0.5769133568
1.4561790228,-0.0509434901,-0.0375539735,0.1836834848,0.3457458913,0.8324644566,0.5641608834
1.4563230276,-0.0522173606,-0.0380672701,0.1803292334,0.3449408114,0.8058746457,0.5556533933
1.4563510418,-0.0522962324,-0.0375125557,0.1778403223,0.3483620286,0.7835589647,0.5460855961
1.4596670866,-0.0531538241,-0.0348564312,0.1781606972,0.3656027913,0.7666835785,0.5386402011
1.4700740576,-0.0498468839,-0.0329350159,0.1657306254,0.3915434778,0.7339879274,0.5343705416
1.4799910784,-0.0363055877,-0.0267513655,0.1561102569,0.4241272509,0.6769041419,0.5237157941
1.4897140265,-0.0319514535,-0.0270599891,0.1502203047,0.447095871,0.6207975745,0.5130637884
1.5043489933,-0.0369049422,-0.0299997479,0.1451539099,0.4730568826,0.5859873891,0.5098544359
1.5117880106,-0.0415670834,-0.0432180725,0.136117667,0.5170461535,0.5630123019,0.5077095628
1.5200541019,-0.0402189754,-0.0532956831,0.1397018135,0.4957686067,0.556473732,0.5098353028
1.5301340818,-0.0329304077,-0.0637687966,0.1490800083,0.4361337125,0.5432066917,0.5077193379
1.5401400328,-0.0225575902,-0.0711068511,0.1535643637,0.3422684669,0.5381355286,0.5066788197
1.5502340794,-0.0249962322,-0.0646939203,0.1550385654,0.269497782,0.5576193929,0.5003361106
1.5600830317,-0.018737983,-0.0628165454,0.1584922969,0.2064647377,0.5633246303,0.4833661914
1.5701709986,-0.0054870588,-0.0515665524,0.1521774232,0.1960411519,0.5377061963,0.473798722
1.5803220272,-0.0026156721,-0.0314992368,0.130155772,0.2273900211,0.4976237118,0.4684617221
1.5906200409,-0.0121228807,-0.026529884,0.1109757051,0.2789032459,0.4694512486,0.4726822376
1.600466013,-0.0107054897,-0.0406615846,0.1044833884,0.2640965879,0.4566579461,0.4832975864
1.6105000973,-0.0043357429,-0.0356522352,0.1222936139,0.2193982899,0.4445940554,0.4833043218
1.6205760241,0.001239169,-0.0377037898,0.1206104979,0.2215874195,0.438128978,0.4652499557
1.6309460402,-0.0019021522,-0.0035525688,0.1109851226,0.2654101849,0.4298789501,0.4429356754
1.6407010555,-0.0108889006,0.0195500497,0.0925490484,0.3347064555,0.4368093014,0.4365507364
1.6509840488,-0.0120567605,0.0023821502,0.0741811618,0.3721174002,0.4307277203,0.430167675
1.6609890461,-0.0131147429,-0.0223090369,0.0606487021,0.3701850176,0.4105430841,0.4290962815
1.6713290215,-0.0079827048,-0.0278482195,0.0597234592,0.3076486588,0.3687033653,0.442895323
1.6811590195,-0.0034541306,-0.0448974706,0.0705278143,0.1990854442,0.340256542,0.4567120671
1.691204071,-0.0076022637,-0.0640179664,0.0852537379,0.0934503824,0.3383154273,0.4631075859
1.7012410164,-0.0126636438,-0.0578599349,0.0911763534,0.0134610096,0.333406955,0.4684344232
1.711638093,-0.0137475431,-0.0532199666,0.0932593569,-0.0227902047,0.3310214281,0.4769388437
1.7213830948,-0.0081115849,-0.0567331016,0.1119487509,-0.0774316117,0.3529033065,0.4886434376
1.7315750122,-0.0007008876,-0.0520560369,0.1131319627,-0.1149745882,0.3716401458,0.4833536446
1.7415510416,0.0036734245,-0.0434507802,0.0830960497,-0.0564210042,0.383546859,0.4408727586
1.7519780397,-0.0066632037,-0.0029055791,0.0411858782,0.052410271,0.3831543922,0.3973095119
1.7616699934,-0.0150655303,0.0329604968,0.0157839283,0.1464145333,0.3732399642,0.3781683147
1.7717460394,-0.0204312932,0.0307782721,0.017694734,0.1946759522,0.3491796255,0.3664647937
1.7818340063,-0.0147806667,0.0191238802,0.0313226208,0.1992491335,0.3183924258,0.3579538465
1.7922910452,-0.0078723887,0.0038319884,0.0420035347,0.2453611493,0.2952907085,0.3335104287
1.8020269871,-0.0064874911,0.012379026,0.0350222215,0.3098415732,0.2489580959,0.3016169369
1.8120280504,-0.0015306178,0.0353038609,0.018215321,0.4044854939,0.175404653,0.2856287956
1.8220610619,-0.0114323236,0.029668754,0.01393684,0.5319265723,0.1308214813,0.2749561667
1.832447052,-0.0308160912,0.0117086228,0.017389141,0.549041748,0.1267698109,0.2813189328
1.8422260284,-0.042409908,-0.0302757267,0.0307017192,0.4987716377,0.1368309706,0.2643479407
1.8523679972,-0.0481611453,-0.0729470327,0.0284868702,0.4259961247,0.1574021727,0.2622542977
1.8623369932,-0.0454299971,-0.0532090291,0.0242677554,0.3348438442,0.2035848349,0.3068960607
1.8727020025,-0.0362434871,-0.051838465,0.0172670707,0.2194484025,0.2175234258,0.3207345009
1.8824859858,-0.0359303653,-0.0516640246,0.0064375624,0.1382805705,0.2231533378,0.3165107369
1.892553091,-0.0475700311,-0.0409564599,-0.006300427,0.0804040954,0.2481553108,0.3229090571
1.9025549889,-0.0572652481,-0.0483533591,-0.0160061494,-0.0062596975,0.2708462179,0.3388693631
1.9129520655,-0.0489701442,-0.0708317161,-0.0099727884,-0.1149692908,0.2572596073,0.3537561893
1.9240720272,-0.0372223072,-0.081533432,-8.73578e-05,-0.1925644875,0.2257615775,0.3463275433
1.9329930544,-0.0368315615,-0.061510399,0.0096523389,-0.2095712274,0.2192807645,0.3516378999
1.9430410862,-0.0395683683,-0.0456041098,0.0184343085,-0.1757069975,0.2470751107,0.3378397822
1.9531140327,-0.0408772826,-0.0447678566,0.0213480815,-0.1205477193,0.2792162895,0.3112974167
1.9627460241,-0.0416454114,-0.0628312901,0.0310884342,-0.0772135556,0.3197434843,0.2847616673
1.9728730917,-0.0307698064,-0.0771158561,0.040850006,-0.0752388239,0.3344562352,0.2603477836
1.982976079,-0.0149686448,-0.0796371251,0.0437765345,-0.0592521317,0.3343329132,0.2199953198
1.9933730364,-0.0100959223,-0.0659837574,0.0368215665,-0.0260840282,0.3238267004,0.1913112849
2.0031430721,-0.0022975528,-0.0479002669,0.026892744,0.0041252729,0.2899901867,0.1689889282
2.0131731033,0.0009736825,-0.0454879478,0.0238002762,0.0407775044,0.2519237399,0.1402923018
2.0232701302,0.0027299966,-0.0480132774,0.0139132366,0.0646383613,0.2127401233,0.1200924963
2.0335950851,0.003901537,-0.0453712344,0.0069008693,0.1119663566,0.1748649031,0.1062573716
2.0433859825,0.0073098815,-0.0526709333,0.0115531906,0.1272859275,0.1355513185,0.0775652751
2.0534691811,0.0128393639,-0.0548743829,0.0259178504,0.1151950359,0.0631026179,0.0488652512
2.06351614,0.0080257393,-0.0586268231,0.0344569907,0.0390659198,-0.0111793317,-0.0127368588
2.073882103,-0.0153064895,-0.069167532,0.0206278786,0.0216871947,0.0194960218,-0.0042227334
2.0836482048,-0.0047863224,-0.0508653075,-0.0048088208,0.0342898034,0.0409595035,0.0159589667
2.0937530994,0.0055608074,-0.0342128947,-0.002012111,0.0631314144,0.0368367955,-0.0042257961
2.1037559509,0.0099072158,-0.0397704467,0.0095724091,0.0491921604,0.0430470221,-0.0095281489
2.1141729355,0.0111712441,-0.0583466813,0.0250867829,0.0052515762,0.0606404655,-0.0190652609
2.1239061356,0.0093136095,-0.0811754316,0.0318756923,-0.0460233279,0.0643055066,-0.0392245911
2.1339800358,0.0102579985,-0.0605018139,0.0327630267,-0.0632257238,0.0768245608,-0.0487686284
2.1440930367,0.002320535,-0.0370188504,0.0277674422,-0.0815171152,0.0915062949,-0.0508802496
2.1543779373,-0.0032206853,-0.0359026939,0.0218526945,-0.0867111608,0.0776797682,-0.0487615019
2.1641850471,-0.0029923045,-0.0244135503,0.0267035589,-0.0845097899,0.0713739321,-0.042394422
2.1742730141,0.006957646,-0.0032863186,0.0374242887,-0.0545525588,0.0631353781,-0.0445320718
2.1843039989,0.0199572183,0.0077605303,0.036414884,0.0193557572,0.0361855179,-0.0456261002
2.1946640015,0.0184994899,0.0139129963,0.0323255286,0.0813730806,0.0251096319,-0.0371521227
2.2046508789,-0.0017498772,0.0022863804,0.0310595259,0.1108356342,0.0679284707,-0.0190876313
2.2146890163,-0.0135672428,-0.0144321565,0.0317899808,0.0870215073,0.1028594896,4.99091e-05
2.2247629166,-0.0108248815,-0.024898218,0.0394342169,0.0687109455,0.1196909323,0.0021865633
2.2350921631,-0.0120753422,-0.0005781294,0.0401816592,0.0641917735,0.1451728642,0.0106950961
2.2448801994,-0.0133848488,0.0294974353,0.0341106877,0.076028727,0.1357609779,0.0159963854
2.2549650669,-0.0156463049,0.0341249406,0.0261658654,0.0782758817,0.1241101176,0.0159884617
2.265171051,-0.0189157911,0.0270522144,0.013353847,0.086908251,0.1146287322,0.0149197355
2.275398016,-0.0210937858,0.044379048,0.008300744,0.1040372774,0.1095149219,0.021283092
2.2851538658,-0.0190396905,0.0493087545,0.0120225176,0.1138555557,0.088392593,0.0233936477
2.2952709198,-0.0109000765,0.0378915891,0.0216405019,0.1042710245,0.0873369873,0.0371996723
2.305311203,0.003161117,0.0195353236,0.0264497623,0.0649971142,0.0657304972,0.0308280606
2.3156151772,0.0116283856,0.0211693849,0.0254028663,0.078018643,0.0434359759,0.0117019042
2.3254051208,0.0084911026,0.0402093604,0.0145378336,0.1024901643,0.051105082,0.0159467179
2.3354690075,0.0082080364,0.0215213504,0.0105800256,0.1142471656,0.0478657447,-0.0084796641
2.345580101,0.0188277289,0.0126613136,0.0105208978,0.1230185553,0.0233987533,-0.0297300909
2.3558878899,0.019908119,0.0298857298,0.0084461197,0.1220931858,0.0084668733,-0.0403560363
2.3657121658,0.0122626983,0.0198532697,0.0171295628,0.1105337366,-0.0097004119,-0.0446093716
2.3757910728,0.0065118927,0.0116876718,0.0307063684,0.0784740672,-0.004627889,-0.0371647701
2.3858041763,0.0153172053,0.0072414633,0.0297187194,0.046529457,-0.0112042995,-0.0265419539
2.3961939812,0.0231690779,0.004448479,0.0326663479,0.0232031718,-0.0262425691,-0.0233582109
2.4060080051,0.0321723744,0.0170124527,0.0248842463,0.046738591,-0.0312732831,-0.0127487108
2.4160242081,0.0392449349,0.0357556418,0.0170390233,0.058500655,-0.0332722515,-0.0095670326
2.4262330532,0.03834337,0.0187188294,0.0102015361,0.0669870824,-0.0290575307,-0.025494067
2.4366400242,0.0315469652,0.022951996,0.0071943626,0.0616344512,-0.0280906707,-0.0329257511
2.4466381073,0.020817358,0.0369583294,-0.0046306029,0.066817224,-0.0132384878,-0.0403522402
2.4564161301,0.0169362426,0.0325587019,-0.0163867846,0.0540659577,-0.0186770614,-0.0435361825
2.4666230679,0.0108949393,0.0183654036,-0.0174098387,0.0347372703,-0.0072153495,-0.0498963445
2.4768970013,0.0096409358,0.0146231409,-0.0164642707,0.0006890483,-0.0170427468,-0.0467063449
2.4866371155,0.0122969784,0.0172287431,-0.0135023966,-0.0279966593,-0.0300403051,-0.0488291532
2.4965620041,0.0101442821,0.0242325123,-0.0056345239,-0.0470219888,-0.0481533259,-0.0350317769
2.5066430569,0.0051500457,0.0313275978,-0.003638543,-0.0514114127,-0.0353685543,-0.0212208908
2.5170080662,0.0030067074,0.0335456058,-0.0006376279,-0.0377330184,-0.0150200762,-0.0105952118
2.5267920494,0.0086835325,0.0309169497,0.0014176595,-0.0208070297,-3.0436e-06,-0.0084684109
2.5367810726,0.0132999904,0.0303587522,-0.0033754481,-0.0188336279,0.0159666017,-0.0031532748
2.5468921661,0.0109695233,0.0221155789,-0.0033154262,-0.0339209661,0.0307109263,4.33178e-05
2.5572860241,0.0105338842,0.0137832072,-0.0071390644,-0.0500234216,0.0401271321,0.001113842
2.5670418739,0.0109495521,0.0199296381,0.0007063376,-0.0543356165,0.0443200134,-0.0010065668
2.5770940781,0.012318898,0.0142533686,0.0134724602,-0.0714095905,0.0441495031,-0.0041871136
2.5871040821,0.0158357061,0.0073722657,0.018492125,-0.0807927102,0.021749923,-0.0095049134
2.5975310802,0.0186219476,0.0063230898,0.0244847164,-0.0742219985,0.0048022312,-0.0137623763
2.6073200703,0.0136504509,0.0170095023,0.028453432,-0.067670621,-0.0100028142,-0.0148332333
2.6173539162,0.0077526937,0.0229714122,0.0285296664,-0.0505672134,-0.0119358692,-0.0084660146
2.6276550293,0.0068267654,0.0291764494,0.0276147351,-0.0323413387,-0.020272363,-0.0095366053
2.6377990246,0.005016021,0.0357004926,0.0256889686,-0.0109245721,-0.0274630301,-0.0021145085
2.6475639343,0.0052100266,0.0287025478,0.0169589743,0.0029699383,-0.0294569395,-0.0010572334
2.6577529907,0.0074238512,0.0248225238,0.0111387596,0.0170582477,-0.0505496413,-8.8136e-06
2.6677670479,0.0058400477,0.0290616956,0.0120738372,0.0523145087,-0.0545068309,-0.0032051392
2.678123951,0.0032424438,0.0287300553,0.0090781078,0.0757940263,-0.0542742722,0.0010364106
2.6878709793,0.0006491203,0.0216471907,0.0031587707,0.087433368,-0.0446642563,-0.0053325389
2.6978840828,-0.00498201,0.0184701737,0.0011227357,0.0893334001,-0.0212893561,-0.0031980821
2.7080221176,-0.0049734679,0.0179895665,0.0020376074,0.0453462377,0.0028631168,0.0169993304
2.7183489799,0.000736158,-0.0181233827,0.0001880752,-0.0230596103,0.0128563624,0.0138357617
2.7281188965,0.006442606,-0.0149677936,-0.0016497148,-0.0752961859,0.0070876894,0.0127843469
2.7381911278,0.0043856013,0.0073297229,-0.0084094778,-0.0848815963,0.004818676,0.003230256
2.7482619286,0.0014040057,0.0111742076,-0.0112288967,-0.0665891394,-0.0110487044,-0.0137710981
2.7586050034,0.000518724,0.0220712479,-0.0170059577,-0.0323340148,-0.0225387793,-0.0318365209
2.7684168816,0.0006982867,0.0286511686,-0.0189374462,0.0221353509,-0.0274653621,-0.0467179976
2.7784640789,0.001982342,0.0337485299,-0.0169985667,0.056345012,-0.0335464887,-0.0488537848
2.7885670662,0.004202086,0.0264703836,-0.0141026154,0.0637744367,-0.0292095318,-0.0446063094
2.7988660336,0.0073228027,0.0193469878,-0.0151230469,0.0295566469,-0.0219971575,-0.0318529643
2.8086380959,0.0004714612,0.0069506969,-0.016129829,-0.0037128916,-0.0031465054,-0.0254643057
2.8187069893,-0.0025616814,0.0145103093,-0.0219856873,-0.017717123,0.010565578,-0.0190817751
2.8288888931,0.0011799705,0.0278690215,-0.020023562,-0.0091907466,0.0117011499,-0.0190833732
2.8391509056,0.0059298235,0.0334634855,-0.0161079541,0.0025915578,0.0075663258,-0.0180263631
2.8489031792,0.0068123075,0.0391245112,-0.0190208927,0.0218552668,0.0024567849,-0.0137866102
2.8590259552,0.004758961,0.0420319661,-0.013193287,0.0377940983,0.0100853434,-0.0042300569
2.8690559864,0.0094905458,0.0383933559,-0.0102702156,0.0549208857,0.004922539,-0.005298784
2.8794410229,0.0162999928,0.0358283445,-0.0093093887,0.0486582518,-0.0089199059,-0.0042419084
2.8892278671,0.0144275129,0.0176558997,-0.0093111768,0.0241707526,-0.0155972494,-0.0191042107
2.8992829323,0.0087094717,0.0128066745,-0.0054284106,0.0081655532,-0.0168517977,-0.0275968313
2.9093940258,0.0059151943,0.0292007532,-0.00545112,0.0199449807,-0.0210140534,-0.0307872985
2.9197690487,0.0010513064,0.0252427366,-0.0015473736,0.0187303666,-0.0061628018,-0.0297173746
2.9295639992,-0.0010775443,0.0211810973,0.0092001781,0.0100239608,0.0107525317,-0.0275831167
2.93957901,0.0006633807,0.0159815159,0.0063150153,-0.0038434658,0.0106721707,-0.0212081075
2.9496779442,0.0043823156,0.0233200621,0.0005152451,-0.0198317543,0.0095752142,-0.0052776113
2.960036993,0.0041449289,0.0217556041,0.0044706687,-0.0486711487,0.0126043605,0.0095955441
2.9699878693,0.0058440152,0.0210249927,0.0104117021,-0.0732422769,0.0156353042,0.0191594884
2.979888916,0.0066057923,0.0290015098,0.0095046982,-0.0646674484,0.0125603527,0.0244659036
2.9898970127,0.0084506534,0.0301295649,0.0047310819,-0.0582423098,0.0105081201,0.0265868455
3.0002288818,0.0074138674,0.030474266,0.003826462,-0.0358025692,0.0075357659,0.0287021939
3.0100159645,0.0054364386,0.0281955134,0.0038676488,-0.0111984229,0.0013356608,0.0212602559
3.0201060772,0.0064582708,0.0378458649,0.0028857815,0.0091335066,-0.0037578344,0.0265617445
3.0301690102,0.0074823308,0.0320026055,-0.0039200555,0.015556518,-0.0058377637,0.0244354773
3.0405058861,0.0115047358,0.0252393093,-0.0058429018,0.017773252,-0.0143203959,0.0223064777
3.0502791405,0.0126342848,0.0184166487,-0.0028877032,-0.0013626246,-0.0219428968,0.018060334
3.0604081154,0.0079197884,0.0083514657,0.0010560381,-0.0323108211,-0.0222197995,0.0170059241
3.0704522133,0.0021903249,-0.0010730939,0.0040759668,-0.064317219,-0.023601979,0.0106425658
3.0807609558,0.0013516579,0.0077862497,0.0031791555,-0.0600878298,-0.0193575006,0.0053368164
3.0905752182,0.0024431418,0.0178143587,0.0052024354,-0.0355657116,-0.0170280337,0.0042699543
3.1005811691,0.0064553353,0.021317875,0.0032997953,0.007105988,-0.0167428758,-0.0095464587
3.1107449532,0.0084781572,0.0262198281,0.0032964575,0.0411832631,-0.0089691076,-0.0021186364
3.1210951805,0.0045060772,0.0215792041,0.0061832895,0.0261768047,-0.0015971451,0.0095693776
3.130851984,0.0034185383,-0.0027883889,0.0111188516,-0.0250618812,0.0001397685,0.0191394482
3.1408920288,0.0093002319,-0.0051932875,0.0092503056,-0.0548120812,-0.0128253652,0.0233875234
3.1509971619,0.013429556,0.0146721061,0.0054013361,-0.0578851029,-0.0255784448,0.0244437326
3.1612949371,0.0097445212,0.0199760925,0.0044665565,-0.0419452563,-0.0191212781,0.0170105156
3.1711468697,0.0050069536,0.0137200188,0.0074393377,-0.0227278862,-0.0200352743,0.013819783
3.1811451912,0.0080941357,0.0173676815,0.0055366382,-0.0003287056,-0.0188141502,0.0085067106
3.1912341118,0.0102425404,0.0202582087,-0.001275338,0.0221550316,-0.0260523558,0.0074355872
3.2015061378,0.0084813721,0.0144827943,-0.0012736691,0.0125260809,-0.0240272209,0.0053145792
3.2114191055,0.0096638612,0.0087240692,-0.0012570394,-0.0066486793,-0.0273572374,0.0085031819
3.221391201,0.0118583702,0.0067085456,-0.0041537657,-0.0130000254,-0.0327246375,0.007439848
3.2314879894,0.009172935,0.0055313315,-0.0021634472,-0.016159866,-0.0370104611,0.0053149122
3.2418131828,0.005544934,0.0071502309,-0.0011675728,-0.0204468891,-0.0349267386,0.005318041
3.2516880035,0.0028943489,0.0069322865,-0.0021053923,-0.0087233875,-0.0338185951,-0.0031787741
3.2616629601,0.0021578143,0.0194833558,-0.007000722,0.0168201886,-0.0272631608,-0.008491314
3.2717530727,0.0013633106,0.0196171906,-0.0089618936,0.0328138024,-0.0260969624,-0.0138037885
3.2820749283,0.00147666,0.0139858555,-0.0089655891,0.0284618493,-0.0176753141,-0.0180442724
3.2918701172,-0.0023572636,0.0112469252,-0.0128915086,0.025197614,-0.0113234092,-0.0159166735
3.3019690514,-0.0072980416,0.0104373004,-0.016819872,0.0186673831,0.001402373,-0.0084772669
3.3120210171,-0.0074389842,0.0076411124,-0.0129312649,0.0111889606,0.0024258257,-0.0042276601
3.3223559856,-0.0055595827,0.0125697386,-0.0090507045,0.0101221511,0.0024306194,-0.0021040556
3.3321199417,-0.0065706861,0.0222486611,-0.0081007257,-0.0089860288,-0.0072307964,0.006390363
3.3422279358,-0.0015835654,0.0160956737,-0.0070518628,-0.0292265043,-0.0105492948,0.0127645722
3.3522391319,0.0053768563,0.0059501808,-0.0030581725,-0.0313304029,-0.0137717193,0.0095781004
3.3626708984,0.0054879594,0.0163170453,-0.0059624091,-0.014321859,-0.007277335,0.0063916282
3.3724210262,0.0026535275,0.0190505888,-0.0156917945,-0.0057992106,-0.0061902329,-0.0010425862
3.3825659752,-0.0022198264,0.0082112607,-0.0176273361,-0.0112950178,0.0096285446,-0.0084646828
3.3925042152,-0.0052748253,0.0060816761,-0.015657641,-0.0145858852,0.0180332139,-0.016954042
3.4029231071,-0.0034950194,0.0107131358,-0.0166165605,-0.0145642068,0.0159110744,-0.0169549733
3.4126880169,0.0022734846,0.0123988222,-0.0136601701,-0.0123228896,0.0053266077,-0.0158990305
3.4227318764,0.0012558136,0.0142025631,-0.0048821936,-0.0058611557,0.0001466263,-0.005285135
3.4327969551,0.0021570544,0.0112487432,0.0058507547,-0.0069011208,-0.0019085351,0.0063938918
3.4431550503,0.0070733274,0.0052321311,0.0098122582,-0.0143179717,-0.0072716093,0.0074546286
3.4529900551,0.0100856908,0.0118767302,0.0069022402,0.007012351,-0.0060449578,0.0042644283
3.4629940987,0.0043119709,0.0236515459,2.38048e-05,0.0272615906,-0.0037796726,-0.0010493773
3.4730949402,0.0004422102,0.0131988358,-0.0029179228,0.0315354317,-0.0048726336,-0.0116689978
3.4834530354,-0.0014871735,0.0027523919,1.8107e-06,0.0304834023,-0.0070373178,-0.0169800725
3.4931521416,-0.0014615584,0.0136833321,0.0057913885,0.0273256917,-0.0112954453,-0.0148578007
3.5032858849,0.0015912127,0.0108832177,0.0057989582,0.0124905277,-0.0220779851,-0.0212297458
3.5133318901,-0.0031448496,0.0040792879,0.0048294296,0.0007041758,-0.0168062579,-0.0106061306
3.5236811638,-0.0069618416,0.0078931805,0.0058035478,-0.0131839179,-0.0147363823,1.66196e-05
3.5337460041,-0.0030066785,0.0086321812,0.0097410306,-0.0239287075,-0.0073887217,0.0021466156
3.5435881615,-0.0020302054,0.0072461944,0.0049187168,-0.0315024704,0.0031906858,0.0074628182
3.5536441803,0.001804955,0.004895879,0.0020610916,-0.0337437838,0.0137751531,0.0064068749
3.5639719963,0.0046210769,0.0114190932,-0.0008439196,-0.0156013751,0.013904715,0.0021563363
3.5739130974,0.0084783621,0.0220046248,-0.0086515322,0.0133048417,0.0045796572,-0.002102857
3.5838220119,0.0152865462,0.0163619947,-0.0066733137,0.0262008533,-0.0049053906,-0.0095440615
3.5938801765,0.0143857561,0.009785248,-0.0018260253,0.017735729,-0.0124416035,-0.0148546714
3.6042499542,0.00667813,0.0079184007,-0.0018457545,0.0070217522,-0.0082694292,-0.0116650704
3.6140460968,0.0048103775,0.0059605893,-0.0057477131,-0.000374645,-0.0157755483,-0.0137905395
3.6240692139,0.0069379355,0.0146809723,-0.0076911822,0.004993516,-0.0189121515,-0.0137932682
3.634168148,0.0021904665,0.0166268777,-0.0086779371,-0.0003501168,-0.0178631358,-0.0084823929
3.6445090771,-0.0036377353,0.0116049033,-0.0047801505,-0.0164816286,-0.005243612,-0.0042243982
3.6542949677,-0.0017027672,0.0073869284,-0.000820495,-0.0282504037,-0.0021423609,-0.0010344635
3.6644868851,0.0011985597,0.0138491374,0.0021333324,-0.0260364655,-0.0095241107,0.0032095499
3.6744740009,0.0002454106,0.0213635322,0.0070175752,-0.0206800494,-0.0116064362,0.0021453509
3.6849579811,-0.0016213733,0.0211658534,0.0109370574,-0.0174574908,-0.0136648603,0.0074514998
3.6946060658,0.0023252065,0.0113000255,0.0119641051,-0.0100941174,-0.002989579,0.0074549615
3.7045269012,0.0081806667,0.0082980301,0.0110253319,0.0059536388,-0.007114483,0.0042633628
3.7145900726,0.0131896101,0.0121705588,0.0061630234,0.0071470011,-0.0198579747,0.0010712979
3.7248539925,0.0114541799,0.0122480448,0.0022551643,0.0231331587,-0.0175892282,0.0021301708
3.7347340584,0.0037527452,0.0192912947,0.003164612,0.0273388214,-0.0111720748,0.0042559057
3.7447361946,0.0048101316,0.0136077162,0.0041435589,0.0112987887,-0.0081213564,0.0053227018
3.7549850941,0.0058207619,0.0018460958,0.0061410293,-0.0111423377,-0.0051271655,0.0063916948
3.7653260231,0.0058930363,0.0074170064,0.0081128702,-0.0260494892,-0.0084266886,0.0085172961
3.7751030922,0.005982745,0.0090536308,0.0091136321,-0.0291986745,-0.0137735177,0.0063918279
3.7851519585,0.0061029973,0.0067979079,0.0111081824,-0.0259070098,-0.0233423878,-0.0010470469
3.7952539921,0.0033533084,0.0123609509,0.0081983432,-0.0109144785,-0.0285238344,-0.0021152408
3.8056879044,0.0035810466,0.0142269414,0.010171555,0.002992603,-0.031593658,-0.003181038
3.8153529167,0.0028922218,0.0123240184,0.0101781711,0.0200639982,-0.0314791426,-0.008494311
3.8254389763,0.0041774022,0.0124466699,0.0043309559,0.0147832157,-0.036809992,-0.0053102351
3.8355488777,0.0044720094,0.0077121537,0.0014133679,0.0094156154,-0.0336735882,-0.0053073056
3.8458580971,0.0027533988,0.0057352763,-0.0024804843,-0.0056534307,-0.0210430808,-0.0010512414
3.8556849957,-0.0010314811,0.0055789258,-0.007342495,-0.0132277263,-0.010470598,0.0032031583
3.8657310009,4.79777e-05,0.0093165096,-0.0131699219,-0.0046629999,-0.0125345476,0.0010790211
3.8757870197,0.0030564773,0.0121922549,-0.0131623521,0.0038846815,-0.013520984,0.001076358
3.8861100674,0.0002206374,0.0082698669,-0.0160847083,0.0038810056,-0.0135338986,-0.0010481789
3.8959112167,-0.0046114367,0.0111700352,-0.0131795183,0.0005869418,-0.003971287,0.0053282278
3.9059140682,-0.0026425947,0.0110316183,-0.0102337375,-0.0186186843,-0.0041115689,0.0095804306
3.9160270691,0.0023017707,0.0009918718,-0.0111264363,-0.0409740582,-0.0095984805,0.0117069641
3.9263660908,0.0014193464,0.0044550132,-0.0120523348,-0.039935369,-0.006400289,0.0127711641
3.936193943,-0.0024487046,0.0147993769,-0.0149737969,-0.0229284242,7.33226e-05,0.0063992846
3.9461100101,-0.002475739,0.0107174721,-0.0169086829,-0.0048310449,0.0033478788,-0.0042239982
3.9560809135,-0.001569331,0.0048748013,-0.0110313669,0.0036718948,0.0065777604,-0.0084717404
3.9663980007,-0.0045895134,0.002914062,-0.0071562305,0.0004667807,0.0065013277,-0.0159035586
3.9775550365,-0.0056217355,0.0067725237,-0.0081314817,0.0047625126,0.0044287224,-0.0137803517
3.9865961075,-0.0037363549,0.0087705236,-0.0032716168,0.0132562928,0.0087688761,-0.0105957445
3.9965848923,-0.0008965324,0.0117860567,0.0035382139,0.0037309648,0.0013133568,-0.0021026575
4.006811142,0.0020331773,0.0068707969,0.0064900741,-0.0132950516,-0.0030390476,0.0042710858
4.0165429115,-0.0018607456,0.0095555838,0.0094309077,-0.0176146999,0.002256382,0.0085220234
4.0267939568,-0.00187083,0.0191105213,0.0113734826,-0.0069025317,-0.0018795738,0.0106398361
4.0368509293,0.0021027508,0.0239651632,0.0143067464,0.0059450893,-0.0060186586,0.0095727071
4.0470848083,0.0061399895,0.0153594073,0.0133509859,0.0241615362,-0.0133230425,0.0042566382
4.0569868088,0.0072333696,0.0147004779,0.0162521824,0.0433054045,-0.0067961682,0.0031932383
4.0670528412,0.0102497078,0.0180907752,0.016203247,0.0582946092,-0.0119835399,0.0010622431
4.0770902634,0.011391066,0.0186137613,0.0103055462,0.0583569258,-0.0183703322,-0.0021263596
4.0874032974,0.0096114464,0.0152297821,0.0044079651,0.0498040468,-0.0162892714,0.0031868466
4.0972619057,0.0068264226,0.0009704588,0.0044099321,0.0177923217,-0.0165412072,0.007442045
4.1073131561,0.0080066584,-0.0049256925,0.0034626352,-0.0098818103,-0.0242093801,0.0074440427
4.1174182892,0.0052986029,0.0045559611,0.0063837394,-0.0205914453,-0.0200031847,0.0159432553
4.1276922226,0.0005364638,0.0081654545,0.0064052572,-0.0249326117,-0.0125785563,0.0212567952
4.1375222206,0.0015653145,0.0098224711,0.0064385757,-0.0229075439,-0.0019845022,0.015952576
4.1475601196,0.0045399251,0.0144153144,0.0025623071,-0.0142778372,-0.0115005095,0.0095748371
4.1576771736,0.0026468034,0.0162035283,-0.0003490222,-0.0004317956,-0.0093265716,-0.0010455822
4.1680321693,0.0036852281,0.0142701026,-0.0052186027,0.0156346019,-0.0156081021,-0.0095472578
4.1778278351,0.003793064,0.0086384099,-0.0100902095,0.0231029037,-0.0155636277,-0.0127345286
4.1878819466,-0.0019840416,0.0079224836,-0.0081910267,0.0199283361,-0.0176942237,-0.0095479907
4.1979980469,-0.0048158322,0.0109405648,-0.0043070684,-0.0003934465,-0.0124762915,0.0042631631
4.2082362175,-0.0056774844,0.0059460234,-0.001355387,-0.0238898769,-0.0105172694,0.0106403688
4.2180728912,-0.0085277669,0.009506112,-0.0081701651,-0.0324551351,-0.0073603592,0.0180767141
4.228123188,-0.0055533652,0.0129752215,-0.0071457997,-0.0442551002,-0.0010834883,0.0202069096
4.2381772995,-0.0035995697,0.0114919376,-0.0041427384,-0.0442662835,-2.94091e-05,0.0191456396
4.2485980988,-0.0006579946,0.0228495505,-0.0021856797,-0.0090467492,-0.0008232307,0.0127643719
4.2583060265,0.0032754424,0.0306912195,-0.0021928323,0.0272761043,-0.0047780247,0.0085059777
4.2684640884,0.0014033351,0.0261629354,-0.0041647926,0.0401358157,-0.0099643972,0.0095620546
4.2785019875,0.0015167926,0.0178005155,-0.0022322906,0.0380345806,-0.0131522026,0.0116845937
4.2888941765,0.0036842856,0.0161732268,-0.0003051532,0.0221281871,-0.022792913,0.0191167444
4.2986741066,0.0058971304,0.0124574807,0.0016537535,0.0156886633,-0.0185286589,0.0308002979
4.308672905,0.0100261681,0.0066562947,-0.0031953824,0.0006788215,-0.0111483727,0.0435487181
4.3187479973,0.0072535831,0.0026618151,-0.005131043,-0.0175065733,-0.0070835901,0.0403699689
4.3290638924,0.0033912766,0.0062661897,-0.0041358243,-0.0229666661,0.0055935229,0.0393172875
4.3388528824,0.00134832,0.00690501,-0.0050954591,-0.0198244024,0.0108503364,0.0276393257
4.3489031792,0.0022385675,0.0096027013,-0.0070286165,-0.0038197367,0.0109482743,0.0212648492
4.3590593338,0.0021547559,0.0115160998,-0.0070290938,0.0079586264,0.0067721712,0.0159507785
4.3693752289,0.0001341287,0.0018160699,-0.0031247509,0.0026591476,0.002462511,0.0127628418
4.3791007996,-0.0008797947,-0.0011788027,0.0017677175,-0.0100627728,-0.0061581414,0.0095763691
4.3892378807,0.0021116841,0.0094361138,0.0017631876,-0.0046915486,-0.0092673823,0.0138211818
4.3992958069,0.0002445687,0.0171448942,0.0007809626,-0.0068455134,-0.0071432451,0.0170081872
4.4096779823,0.0022484432,0.0024324192,-0.0001494063,-0.0154029168,-0.0050961394,0.0170117151
4.4194350243,0.0022996659,-0.0015966834,0.0008611309,-0.0100896433,-0.0029413761,0.0148878442
4.4295091629,0.0023134011,0.0070403498,0.0027975666,-0.0111661991,-0.0018687877,0.0180739164
4.439538002,0.0013672371,0.0039645191,0.0028163421,-0.0154134082,-0.0040280786,0.0180739164
4.4498801231,0.0004113946,0.0048159268,0.0057457313,-0.0090260832,-0.0029236656,0.0159479156
4.4596738815,0.0063489783,0.0106691848,0.0077155456,0.008108695,-0.0091820937,0.0095696449
4.4697489738,0.0104090758,0.0078740623,0.0067453613,0.023167327,-0.0207659137,0.0031909745
4.4798378944,0.0047463286,0.0090830233,0.0057355389,0.0338167734,-0.0185576212,0.0021275743
4.4902729988,-0.0019630608,0.0084237512,0.0047142734,0.0284354575,-0.0143875759,-0.0021165058
4.4999761581,-0.0037857187,0.0037501736,0.0017664658,0.013483406,-0.0134778395,-0.0052976515
4.5100650787,-0.0046381098,-0.00300418,0.0027589428,-0.0003350973,-0.0188972391,-0.0042349175
4.5201029778,-0.003507134,-0.0011584924,0.0056914315,-0.0184752196,-0.0190418474,-0.0021067853
4.5304298401,-0.0013346191,0.0073814299,0.0066825375,-0.0131189357,-0.0210885536,0.0021370284
4.5401887894,-0.0011789355,0.0140697714,0.0018160569,-0.0003336323,-0.0188408457,0.0042585027
4.5503430367,0.0028914954,0.0169950109,-0.0010941399,0.0039484911,-0.0198585074,0.0053195721
4.5603981018,0.0010852549,0.0062691402,0.0008833634,-0.0067419708,-0.0178020149,0.0095705101
4.5707292557,-0.0007110279,-0.0006769092,-5.68999e-05,-0.0185119696,-0.0147216683,0.0095751714
4.5805668831,0.0004183088,0.0020143597,-0.0019801629,-0.0227911398,-0.0136979492,0.0095767686
4.590514183,0.0035202089,0.0037741868,-0.0058461204,-0.0142434817,-0.0147270616,0.0032044235
4.6005783081,0.0027242708,0.009548163,-0.0068255439,0.0018140478,-0.0199268833,-0.0021112461
4.6110081673,0.0038893144,0.0105619784,-0.0058463584,0.0092600584,-0.0177458227,-0.0031745797
4.6207280159,0.0010780651,0.0028948991,-0.0019462479,0.0177443568,-0.0123593127,-0.0021122447
4.6307811737,0.0021348367,0.004947206,-1.63687e-05,0.0134535786,-0.0102671329,-0.0010488445
4.6408882141,0.0012623068,0.0020807146,-1.96469e-05,0.0027961414,-0.0113798017,0.0053241001
4.6512179375,-0.0005788658,0.0020111559,-0.0009847058,-0.0131981382,-0.0125671048,0.0074514998
4.6610121727,0.0005637814,0.0077034887,-0.0068256035,-0.0077964487,-0.0188588239,0.0116941808
4.6711249352,-0.0001630898,0.0183510389,-0.0117118731,0.005062731,-0.0240521207,0.011688455
4.681142807,-0.0038708416,0.0125858467,-0.0117131248,0.0156583823,-0.0165457353,0.0095659159
4.6914811134,-0.0057063592,0.0088306721,-0.0087920204,0.0166834071,-0.0122783519,0.0116911856
4.7012453079,-0.0036569689,0.0089988615,-0.0088076368,0.0177180469,-0.0090929456,0.0106307147
4.7113189697,-0.0026074206,0.0120755117,-0.0107607618,0.0187540688,-0.0058795754,0.0138171874
4.7214269638,-0.0074975421,0.0083234366,-0.0078748241,0.0026416779,0.0046044914,0.0159501117
4.7317290306,-0.004606348,0.001435241,-0.004905201,-0.0208357647,0.0044138758,0.0180789772
4.7415437698,0.0002785173,-0.0027495415,-0.0048577557,-0.0335651413,-0.0031042281,0.0212638509
4.7516241074,-0.0006459024,0.007539561,-0.0058055888,-0.0314604715,0.0001108064,0.0233889855
4.76167202,-0.0016480502,0.0159981232,-0.0038507355,-0.0219420679,0.0086757988,0.0223290492
4.7720341682,-0.0027287495,0.0148771536,0.0029858577,-0.0123745818,0.0119088106,0.0170185063
4.7818307877,0.0030884962,0.0128335413,0.0020476806,-0.0005530771,0.0034956178,0.0127641056
4.7918510437,0.005024265,0.007990336,0.0001065361,0.0101404991,0.0014522406,0.0106375059
4.8021550179,0.0040587294,0.0051763784,0.0030274021,0.0079961224,0.0025015261,0.0117003731
4.813492775,0.0040495056,0.0071738865,0.0049606785,0.003781857,-0.0028553554,0.0095759034
4.8229579926,0.0070420238,0.0121447276,0.0059259757,0.0155841885,-0.0091188438,0.0095697781
4.8327121735,0.0081453659,0.0220345389,0.0039434661,0.0188458413,-0.0154271396,0.013810928
4.8428077698,0.0083561689,0.0085052382,0.0039722552,0.0040115006,-0.026181519,0.0116857262
4.85353899,0.0067323926,0.0035883693,0.003990375,-0.0076614534,-0.0326648504,0.0095627876
4.8626570702,0.0030869651,0.0112739112,0.0030165541,0.0007834304,-0.0229927823,0.0169980675
4.8723287582,0.0023455131,0.0082775634,-0.0018517745,-0.0088387579,-0.0209344923,0.0201875363
4.8822669983,0.0005848069,0.0013967662,0.0001316296,-0.0045824926,-0.0198569763,0.0170015953
4.8925743103,0.0027861553,0.0140092578,-0.0028033627,0.0040096371,-0.0250809658,0.0180590693
4.9023838043,0.0060158777,0.014023697,-0.0047335397,0.0008828193,-0.0325359516,0.0180561412
4.9125747681,0.0054084095,0.007100692,-0.0008022559,-0.0128629003,-0.0454030819,0.0159296729
4.9225692749,0.002938462,0.0078511816,-0.0007785333,-0.0277393181,-0.0519065224,0.0148684029
4.9329771996,0.0024753599,0.009454174,-0.0056113377,-0.0352032259,-0.053080909,0.0074367858
4.9427189827,-0.0019269254,0.0119914915,-0.0065474287,-0.0363023132,-0.0499072224,0.0074386494
4.952849865,-0.0005170744,0.0107297208,-0.0016172302,-0.0182348937,-0.0423362516,0.0053149117
4.9628229141,-0.0001933448,0.0058542546,0.0081473216,0.0040166155,-0.0262046866,0.0085027162
4.9733848572,0.0009625476,8.98971e-05,0.013030611,0.0092217904,-0.0134179853,0.0095684463
4.9832510948,-0.0029082564,-0.0066969935,0.0120535716,0.0026608258,0.0024619116,0.0127634406
4.9930391312,-0.0040507638,-0.0028458775,0.0139907822,-0.0082625821,0.0278813187,0.0202114359
5.0031328201,-0.0024145269,0.0048467275,0.0071508512,0.0022521112,0.0439311266,0.0265875775
5.0135159492,9.70993e-05,0.0174951907,-0.0074874531,0.009673222,0.0493495911,0.0340212584
5.0232272148,0.0016474944,0.017525157,-0.0133491531,0.0033807047,0.0387321003,0.0414501429
5.0335459709,-0.0015867989,0.0087244418,-0.0123601332,-0.0125182606,0.0279959664,0.0435725525
5.0435519218,-0.00178366,0.0124425124,-0.008472003,-0.0188448653,0.0205337889,0.046755828
5.0541601181,0.0010485403,0.0113855507,-0.0142957941,-0.0027041119,0.006832425,0.0393119603
5.0636959076,0.0060233618,0.0143824499,-0.0133104101,0.0113768196,-0.0143287871,0.0297416262
5.0737800598,0.0022192332,0.0067906883,-0.0094339624,0.016645778,-0.0079720877,0.0212496035
5.0839490891,-0.0026230817,-0.0018229501,-0.0065164343,0.0090863947,0.0003952985,0.0127613097
5.0943951607,0.004291303,-0.0037194656,-0.0074649821,0.0102729397,-0.0124169029,-0.0010493107
5.103908062,0.0073815039,0.0031093864,-0.0094177499,0.0092255184,-0.0145690031,-0.0042355163
5.1141853333,0.0005846802,0.0050401594,-0.0065140501,-0.006916834,-0.0009382125,-0.00740834
5.1243100166,-0.0023838733,-0.000926377,-0.0065004602,-0.0134245344,0.0096366676,-0.0042160088
5.1344408989,-0.0054762256,0.0046653058,-0.0016409529,-0.0306056514,0.0201404393,0.0021630609
5.1442317963,-0.0057249055,0.0014116077,-0.0035503877,-0.0285358429,0.0265181772,0.0011039217
5.1542778015,-0.0069609177,0.0079654362,-0.0025704873,-0.0167817678,0.025664635,0.0170264281
5.1643648148,-0.0032723253,0.0117251407,-0.0006102694,-0.0113816764,0.0193521455,0.0180837028
5.1747460365,-0.0014592822,0.0165215787,0.0032854306,-0.0080977585,0.0119644701,0.0202052444
5.1845407486,-0.0025392328,0.0223337468,0.0052217473,0.0047189705,0.0110222436,0.0212633181
5.1945681572,-0.0046213609,0.0224530008,0.0061667785,0.0163812451,0.0185737014,0.0244483929
5.2046432495,5.65607e-05,0.0110109579,0.0120292529,0.0216236785,0.0282039605,0.0297608655
5.2150158882,0.0008278001,0.0043710377,0.0100666508,0.010941606,0.0291575715,0.0276407897
5.2249031067,0.0005751882,0.0025038479,0.0071348175,0.0066922661,0.0269705839,0.0233935807
5.2348561287,0.0003519316,-0.0002970787,0.0061540832,0.0173703954,0.025975693,0.0191425756
5.2449111938,0.0020997631,0.0007738455,0.0061351284,0.0099202031,0.023767665,0.0159579683
5.2552199364,0.004866268,-0.0098895375,0.0100667104,-0.0005902005,0.0077163284,0.0095833596
5.2650632858,0.0038607377,-0.0109486375,0.0071432218,-0.0005491879,0.0034515425,0.0063958224
5.2751131058,0.0009133067,-0.0061327461,0.0071329102,0.0037477687,0.0002999578,0.0053302916
5.2852110863,0.0058337334,-0.0090568606,0.0071498975,-0.002592152,-0.0061358372,0.0032050894
5.2955150604,0.0118165724,-0.0109890718,0.0081604943,0.0071331258,-0.0188313928,-0.0042373808
5.3053188324,0.011085894,0.0007535203,0.0022828209,0.0147186071,-0.0304579549,-0.0074305111
5.3153657913,0.0074932347,-8.7166e-05,-0.0006679667,0.0115499515,-0.0336763188,-0.0084926458
5.3254489899,0.0058349031,-0.016592117,0.0023017752,-0.0097750444,-0.0360332169,-0.0159210004
5.3357810974,0.0042327079,-0.0128414277,0.0013362395,-0.0182598755,-0.0414266512,-0.0180451386
5.3455729485,-0.0003184121,-0.0032681243,0.0013150203,-0.015103763,-0.0371892937,-0.0233528186
5.3556199074,-0.0049306196,0.0025088771,0.0013007151,0.0007957881,-0.0264604837,-0.0265366267
5.3657078743,-0.005743979,0.0045680758,-0.0016389263,0.0230952352,-0.0157031771,-0.0339695103
5.3760609627,-0.0057191257,0.0048738625,-0.0016708148,0.0283487458,-0.0071483045,-0.0307806395
5.385819912,-0.0018191509,0.0002002327,0.0002934563,0.0091638658,-0.0094103944,-0.0265297033
5.3959169388,0.0021889447,-0.0095402393,-0.001624204,-0.0120899165,-0.0180434287,-0.0201576911
5.4059772491,0.0003594548,-0.0009668262,-0.0025940312,-0.0249567106,-0.0117546413,-0.0148422876
5.4162840843,-0.0005216527,0.0075705107,-0.0035761369,-0.022829514,-0.0106407078,-0.0095329434
5.4260787964,-0.0004553631,0.0093793031,-0.0025821102,-0.0047314689,-0.0062451605,-0.0105971424
5.4361848831,0.0015164294,0.0113446843,-0.0035609973,0.0144074429,0.0002621405,-0.0148471491
5.446223259,-0.0004306607,0.0066383388,-0.0084476843,0.0239977539,0.001365488,-0.0212198254
5.4565849304,-0.0023937006,0.0078093614,-0.0094453469,0.0154757435,0.0002568145,-0.0169702191
5.4663791656,-0.0034002238,0.002978584,-0.0055418983,-0.0079707261,-0.0031520319,-0.0201513655
5.4764509201,0.0005490106,0.002879089,-0.0006450189,-0.0153470431,-0.0127512626,-0.0180318896
5.4864902496,0.0055847256,0.0135131683,0.004235588,-0.0013982039,-0.0200363398,-0.0148536731
5.4968719482,0.0038300804,0.0124954861,0.0013158547,-0.0003502248,-0.0178844407,-0.0116672674
5.5066452026,-0.0018912427,0.0075557362,-0.0045332084,-0.0078744544,-0.0126585187,-0.0137863439
5.5167131424,-0.0076846895,0.0161818247,-0.0074805389,-0.0058119409,-0.0051711742,-0.0074124681
5.5267810822,-0.0076873177,0.0141432341,-0.0064928904,-0.0143713411,-0.0031375843,-0.0095328763
5.5371208191,-0.0057052248,0.0139616337,-0.0035413278,-0.0196838416,-0.0052997381,-0.0084703425
5.5468950272,-0.0027320222,0.0186546873,-0.0005917919,-0.0090674162,7.77165e-05,-0.0116557488
5.5569911003,-0.0037483298,0.0254474264,-0.0045152078,0.0121986978,0.0076989513,-0.0105964104
5.5670471191,-0.0028945436,0.0246142279,-0.0045341626,0.0196382385,0.0109679811,-0.0074112695
5.5773720741,-9.56435e-05,0.0130889695,-0.004506506,0.0111042978,0.0109136533,-0.0042231996
5.5871829987,-0.000191389,0.004319882,-0.0025383008,-0.0123464344,0.0086489003,0.0053378148
5.5972309113,-0.0002575986,0.002148038,-0.0005618108,-0.0251180492,0.0053746775,0.0085249534
5.6073131561,-0.0002909958,0.007662287,-0.0005447639,-0.0283391401,0.0074894936,0.0117122242
5.6176538467,0.0045962404,0.0132077541,0.0014396536,-0.0261381716,0.0011411171,0.0117094945
5.6274528503,0.0055838316,0.0139674153,0.0034159648,-0.0122569771,0.0001735906,0.0074582906
5.6375360489,0.0036293729,0.018736368,0.003411554,0.0048065614,0.0013979125,0.009577834
5.647559166,0.0026771775,0.0138909873,-0.0004831327,0.0111981481,0.002507918,0.0085149668
5.6579990387,0.0046116333,0.0052143913,0.00245633,0.0069259587,0.002457717,0.0063914945
5.6677641869,0.0006866787,0.0003634153,-0.0014543307,-0.0037842095,0.0066569895,0.0138289053
5.6778249741,-0.0003709033,0.0041283425,0.0014729726,-0.0219375677,0.00751739,0.0074637504
5.6878700256,0.0044886707,0.006777605,-0.0004398001,-0.0218741857,0.0011444457,0.0063987523
5.6982698441,0.0064547076,0.0163475852,-0.0033538116,-0.002618039,-0.0028838515,0.013824976
5.708012104,0.0064753941,0.0095494445,-0.0033387316,0.0069530956,0.0003691998,0.0117005724
5.7180757523,0.0025329473,0.0115701016,-0.0024003757,0.0165195968,0.0036167915,0.0085129021
5.7281870842,0.0015217006,0.012647314,-0.0043667327,0.0154428808,0.004682322,0.0106373057
5.7385020256,0.0014561299,0.0010438173,-0.005322136,-0.0027078148,0.005577344,0.0095811635
5.7483263016,-0.0005540516,-0.0010276155,-0.003371991,-0.0251393542,0.0074966843,0.0085260188
5.758351326,0.0003670227,-0.0003649534,-0.0043021217,-0.0325465389,0.0010373866,0.0042778105
5.7684650421,0.0013260465,0.0061680805,-0.0042894254,-0.0144058811,0.0011889205,0.0032114808
5.7787837982,0.0022823005,0.0187373217,-0.0043142806,0.0090926262,-0.000728156,0.0032046898
5.7885398865,0.0022653113,0.0130293872,-0.0004054082,0.0144394543,-0.00173563,0.0042646276
5.7986168861,0.0032494604,0.0014680757,0.0044848551,0.0059216809,-0.0039314725,0.004264961
5.8087630272,0.0032764855,0.0034157096,0.0083777532,-0.0026110876,-0.0039506475,0.01276151
5.8190522194,0.0023601833,-0.0006033496,0.006439887,-0.0228438415,-0.0083931331,0.0095796315
5.8288593292,0.0014739052,9.00833e-05,0.0035556781,-0.0260793157,-0.0052657831,0.0053348187
5.838862896,-0.0004653189,0.0115523394,-0.0003603471,-0.0143901696,0.0001687971,0.0095824273
5.8488879204,-0.0004801605,0.0153419059,-0.0023054255,0.0025869505,0.0098531153,0.007459356
5.8592863083,-0.00258668,0.0173124876,-0.0003736389,0.0078575592,0.0162661411,0.0074608205
5.8690710068,-0.0037385826,0.0173537266,0.0005779492,0.0035805227,0.0173175558,0.0117096277
5.8791260719,-0.0019470215,0.0066407453,0.0015816914,-0.0081485184,0.0161473639,0.0106499558
5.8892621994,-0.0020887298,0.0104978364,0.0025436508,0.0004321858,0.0119917672,0.0127692996
5.8994617462,0.0017238777,0.0182926636,0.0025377499,0.0037220698,0.0035518771,0.0159502458
5.9093360901,0.0066638398,0.0066708531,0.0045342674,0.0006559724,-0.0103106759,0.0095733069
5.9194731712,0.0078248456,0.0037394597,0.0026039707,0.0007932838,-0.0240890719,0.011689188
5.9295339584,0.002224959,0.0036833121,-0.0003286374,-0.00560789,-0.0241242275,0.0148761934
5.9398021698,-0.0014384653,-0.0013018863,0.002607547,-0.0152238179,-0.0231467132,0.0148787228
5.9496350288,-0.0012498688,0.007338902,0.0074783191,0.0007069446,-0.0156006459,0.0116930502
5.9596219063,-0.0010797366,0.0171115827,0.0006400573,0.0124235218,-0.0133830309,0.0106293829
5.9697370529,-0.0009469785,0.0025985374,-0.0022632254,0.0027549155,-0.007107825,0.0095731737
5.9800801277,-0.0009085987,-0.0061778966,-0.0012663377,-0.0015345328,-0.0050232355,0.0095754368
5.989880085,0.0011302024,-0.0004557537,-0.0022297276,-0.0174956545,-0.0093655195,0.0159481149
5.9999370575,0.001223927,0.0012762828,-0.005135275,-0.02068487,-0.0104621425,0.0148873115
6.0099992752,-0.0026022294,0.0050193723,-0.0080641285,-0.0025777705,-0.0071483711,0.0106371725
6.0203647614,-0.0005567841,0.0128253978,-0.0041728392,0.0049578557,-0.0134355621,0.0127559835
6.0301418304,0.0035267598,0.003175935,-0.0021896136,0.0050318912,-0.0208695084,0.0116904527
6.0402479172,-0.0021624346,0.005110113,-0.0002611054,0.0038669985,-0.0113220112,0.0127564501
6.0503368378,-0.0060022403,-0.0006785037,-0.0022164357,0.0048505031,-0.0028038905,0.0159458518
6.0605950356,-8.33984e-05,-0.008424731,0.0017199742,-0.0036256472,-0.009278967,0.0106356414
6.0704479218,0.0049070581,0.0003340749,0.0036762583,0.0028170729,-0.0135016749,0.0053229015
6.0805459023,0.005080001,0.007200947,-0.0002333296,0.0124512194,-0.0166214351,0.0021333667
6.0905351639,0.0023148856,0.0083079766,-0.002212025,0.0199088696,-0.015515957,-0.0010533719
6.1009168625,0.0054261587,0.0035952313,-0.0070755258,0.0146163693,-0.0197996516,7.6314e-06
6.1106710434,0.0055921352,-0.0040969644,-0.0021799577,-0.0003111809,-0.0209703781,0.0031962341
6.1207780838,0.0018652003,-0.0061601717,-0.0041318308,-0.0217769518,-0.008369497,0.011702504
6.1307721138,-0.0069153816,-0.0113327745,-0.0099609271,-0.0369095653,0.0105842203,0.0095922155
6.1412129402,-0.0149702113,-0.0057923738,-0.009983398,-0.0264500044,0.031889908,0.0085390676
6.1509509087,-0.0104132779,0.0046620574,-0.0080300346,-0.0210962482,0.0297729615,0.0021658572
6.1610298157,-0.0028513079,0.0044576507,-0.0050549875,-0.0167365484,0.0202202033,-0.0042113485
6.1710782051,0.0008966044,0.0121421721,-0.0021336449,-0.0027791858,0.011846425,-0.0052808737
6.181427002,0.0037557236,0.0141016226,0.0017698633,0.0026959535,-0.0018719169,-0.0010423198
6.1912622452,0.0047532259,0.0092698913,0.0066516623,-0.0004436467,-0.008293597,-0.0052919257
6.2012629509,-6.74821e-05,0.0053746309,0.0007929432,-0.0004836749,-0.0040433919,-0.0042272611
6.2113418579,-0.0039352388,0.0053892639,-0.000183977,-0.0005012518,-0.0018729158,0.0032064209
6.2217159271,-0.0029001278,0.0043795463,-0.000178851,-0.010076941,-0.0051527983,0.0010827496
6.2314472198,-0.0037932717,0.0042691287,-0.0001650823,-0.0153944744,-0.0073629552,-0.0052877981
6.2415990829,-0.005734988,0.005086055,0.0027680623,-0.0143903829,-0.0010235002,-0.0105926152
6.2516059875,-0.0018484894,0.008899888,0.0037518966,0.0048083458,0.0002191307,-0.0084732715
6.2619400024,0.0030436511,0.0099656414,0.0027797448,0.0208446234,-0.0028231316,-0.0084797964
6.2718200684,0.0050098724,0.0121166985,-0.0001565588,0.0240385532,-0.0016926196,-0.0021092487
6.2818188667,0.0030590533,0.0073955711,-0.0011480821,0.0037673162,-0.001849879,0.0010821504
6.2919378281,0.002108376,-0.0033895166,-0.0030608547,-0.0164868236,-0.0041489862,0.0010861451
6.3022031784,0.0031389981,0.003180763,-0.0030504239,-0.0239442326,-0.0052687787,0.0021497449
6.3120131493,0.000248754,0.0146488976,-0.0030604375,-0.0111509403,-0.0041166954,-0.001038325
6.3221621513,0.0012248341,0.0117836203,-0.0011107696,0.0175626501,0.0056423917,-0.0074114697
6.332118988,0.0001384612,0.0042281654,0.0008179771,0.0249910057,0.0099655017,-0.0052875984
6.342525959,0.0010391843,-0.0082699154,-0.0040387879,0.0111737531,0.0045598834,-0.0021011927
6.3522810936,0.0019782591,-0.0044365395,-0.005010582,-0.014392592,0.0001198612,0.0021502776
6.3623189926,0.0039381008,0.000186166,-0.0059638396,-0.0261427276,0.0011142854,0.0074614203
6.3724489212,0.0029549594,-0.0019871683,-0.0049629584,-0.0197330303,6.0739e-05,2.66731e-05
6.382724762,0.0009648089,0.0076222848,-0.0059599057,0.0026225029,0.0055547068,-0.0010381918
6.3925900459,-8.76359e-05,0.013531683,-0.0108551756,0.0196763203,0.0078396993,0.001082217
6.402654171,-0.0021517226,0.0117525812,-0.0118527785,0.0164524056,0.0099128373,-0.0021011927
6.4126811028,-0.0072215744,0.0021200462,-0.0060190931,-0.0039285012,0.0203596205,3.27983e-05
6.4230761528,-0.0035671578,-0.0008583607,-0.0011204851,-0.0167810731,0.0255790148,0.0042873314
6.4328012466,0.0050458866,0.0028450398,-0.0010918153,-0.0187544785,0.0096591711,0.0064034793
6.4429521561,0.0079179201,0.006547546,-9.77886e-05,-0.0176145919,0.0022278866,0.0042756135
6.4529418945,0.0029725577,0.0063791405,0.0038088786,-0.0166023243,0.0075214519,0.0010926032
6.4633221626,0.0009386685,0.0082293656,0.0067165126,0.0004892582,0.0055143605,-0.0042221341
6.4731578827,0.0057981978,0.0141118001,0.0057485923,0.0133677721,-0.0018215831,-0.0074144653
6.4831519127,0.0048856451,0.013280971,0.0047607049,0.0187693015,-0.008120358,-0.0042334525
6.4932971001,-0.0018838834,0.0065573286,0.0037614929,0.003778901,-0.0029112152,0.0010819506
6.5036430359,-0.0087402705,0.0045785215,-0.0001427305,-0.008020048,0.0033937518,0.0074589564
6.5133981705,-0.0068622981,0.002528569,0.003772639,-0.0112949377,0.0108066611,0.0095870886
6.5232582092,-0.0040655215,0.0092403125,0.0076706633,-0.0081251627,0.0140246246,0.0106496233
6.5333328247,-0.0041857217,0.0140213277,0.0066824183,-0.0048816996,0.0098016504,0.0095848916
6.5436329842,-0.0023221043,0.0081320833,0.0076791272,-0.0059200646,0.0065677739,0.0032127458
6.5537838936,0.0035412735,0.0070621055,0.0047875275,-0.0004495056,-0.0072200769,-0.0031664572
6.5636811256,0.0076064481,0.0119696539,0.002848469,0.0167720374,-0.0219315123,-0.0042403769
6.5737690926,0.005854554,0.0005194901,0.0077184066,0.018928133,-0.0240279529,-0.0031801723
6.5840191841,0.0050820797,-0.0091027785,0.0116381869,-0.0003556302,-0.0167826228,-0.0052951886
6.5938367844,0.0042820643,-0.0112090129,0.003859781,-0.023863351,-0.0137908282,-0.003164127
6.6039609909,-0.0005330633,-0.002738619,-4.88532e-05,-0.0261357762,-2.3115e-06,-0.0010333315
6.6141810417,-0.0015105702,0.0037592782,0.001920067,-0.0293366276,-2.33504e-05,2.92697e-05
6.6242599487,0.0004394777,0.0083640572,0.0009699094,-0.0197355598,4.02993e-05,-0.0031590669
6.6341729164,0.0004318446,0.0092145782,4.3141e-06,-0.0015512295,-0.004038332,-0.0021039224
6.6442327499,0.0004894432,0.0121560078,-0.0009737385,0.0091861561,-0.0102976933,1.42228e-05
6.6543331146,0.0006119214,0.0074003469,-0.0019578708,0.0135276411,-0.0177082047,-0.0031759779
6.6645798683,-0.0011762868,0.0075554904,-0.0048983465,0.0156851225,-0.0197766814,0.0021311694
6.6744632721,-0.0010105803,0.0057534631,-0.0088001266,0.0092157722,-0.0135012083,-0.0031730484
6.684472084,-0.0058197067,0.0058541279,-0.0107623711,0.0101975184,-0.0050109182,-0.0042307228
6.6945719719,-0.0028472212,0.0049646031,-0.0097922459,0.0037942138,-0.005073769,-0.0052909274
6.7048711777,0.0001165528,-0.0028753371,-0.0126708522,-0.0101015475,-0.0030936422,-0.0084718736
6.7147068977,-0.0008829985,-0.0049901251,-0.0077841058,-0.0293727145,0.0031184473,-0.0063402792
6.7247343063,-0.003881183,0.0054034572,-0.0068247691,-0.0219329055,0.0063660396,-0.0063398802
6.7349019051,-0.0020073787,0.0061720889,-0.0077690259,-0.0113021005,0.0107309613,-0.0020932034
6.7451620102,0.0008276232,0.0022230952,-0.0028801335,-0.0059466958,0.0086703394,2.70725e-05
6.7550058365,0.0037028021,0.0060365628,-0.0028739346,-0.0016163969,0.0023139063,-0.0042243982
6.7650341988,0.0046776994,0.0079677608,-0.0028733385,-0.0015673153,-0.0018683886,0.0053302916
6.7751040459,0.0017086487,0.0137789678,2.79772e-05,-0.0027516233,0.0097933281,0.0053364169
6.7854890823,0.0006401349,0.0107695069,-0.0019046438,-0.0155359674,0.0075381631,0.0021536732
6.7952508926,0.0034845523,0.00284577,-0.0008843911,-0.0166121516,0.0086106183,0.0053398791
6.8052997589,0.0033726576,0.0085561182,0.0069096312,-0.0080975182,0.0108004697,0.0042768116
6.8153390884,0.0042821276,0.0133051109,0.0078807697,-0.0101359021,0.0012327965,0.0042725508
6.8257040977,0.0072060055,0.0084062945,0.0069223866,0.0058994964,-0.0018233811,0.002142488
6.8355398178,0.0033053341,0.0114468317,0.0088482723,0.0197817571,-0.0027770591,1.48885e-05
6.8455700874,0.0043088305,0.0155475121,0.0117441043,0.01980583,-0.0048929402,0.0010764245
6.8556318283,0.0072852387,0.0029969274,0.0127442107,0.0016736994,-0.0061331745,-0.0021049879
6.8659772873,0.006393881,-0.005812401,0.0137451515,-0.0121447509,-0.0115668215,-0.0031654583
6.8758420944,0.0025985925,0.0047312807,0.0098254308,-0.0142667582,-0.0126256943,1.99486e-05
6.885807991,-0.0001976978,0.0074391421,0.0039871559,-0.0174803138,-0.0115849981,0.0010823502
6.8959012032,0.0028387862,0.0073177498,0.004995726,-0.007843134,-0.0146702705,0.0032019601
6.9062571526,0.0078757852,0.0170504507,0.0030439126,0.0167330764,-0.0176674575,-0.001052107
6.9160170555,0.0050923503,0.0123573299,0.0010776746,0.0231044218,-0.0144215971,9.6953e-06
6.9261922836,0.0013236512,-0.0011050196,-0.0008705629,0.0092716981,-0.0187716037,0.0021333001
6.9363260269,0.0005188991,-0.0039700065,-0.0018318666,0.0007261466,-0.0177574735,0.0063831722
6.9466438293,-0.0032485132,-0.0049914066,-0.0037917865,-0.0121320756,-0.0125716329,0.0053276289
6.9561371803,-0.0021526185,-0.0022228004,-0.0027972234,-0.0132109215,-0.0115337986,0.003204823
6.9663500786,-1.04125e-05,0.0073644575,-0.004747428,-0.0067183468,-0.0199461915,0.0063854363
6.9764251709,-0.0017600361,0.0102810245,-0.0037805808,0.0082645966,-0.0240527876,0.0074413796
6.9868369102,-0.0015568159,0.0142646637,-0.002807535,0.0157124195,-0.0218581408,0.0085019171
6.9965467453,-0.005285474,0.0075800102,-0.0037907732,0.0092787556,-0.0187172089,0.010628718
7.0066242218,-0.0060865101,-0.001152152,-0.0018186343,-0.0067717973,-0.0145913083,0.0138193173
7.0166931152,-0.0050417804,-0.0042137299,-0.0008250845,-0.0218399614,-0.0019966862,0.0127676353
7.0270233154,-0.0030679558,0.0014333411,0.0011314976,-0.0186429452,-0.0019956208,0.0085188281
7.036863327,-7.99618e-05,0.001296228,-0.0007915867,-0.0100973938,-0.0030097524,0.0042689554
7.0468940735,0.0019751503,0.0021860136,-0.0066109076,-0.0014841445,-0.0104054846,-0.0021059862
7.0570192337,0.002087235,0.0100110006,-0.0076058879,0.0145110674,-0.0092185121,-0.004233053
7.0673360825,0.0051343157,0.0042918157,-0.0066218153,0.0135169886,-0.016647201,-0.0031754451
7.0771522522,0.007231371,0.0005270524,-0.004660524,0.0124168368,-0.0134873595,-0.0052971859
7.0872550011,-0.0024486301,0.0093480032,-0.0057031885,0.0059231981,-0.0039391294,0.0032038908
7.0972189903,-0.0053497241,0.0064583849,-0.010575451,0.0026813317,0.0003046179,0.0074540293
7.1076459885,-0.0043920879,-0.0013245882,-0.0095825568,-0.0037820525,0.0066277613,0.0095832264
7.1195898056,-0.0034585227,0.0054323282,-0.0066628829,-0.0080052931,0.002381085,0.0148911728
7.1283149719,-0.0015176035,0.0072754677,-0.0047006975,-0.0090701319,0.0023567167,0.0127690332
7.1375222206,-0.006443812,0.0101248082,-0.0027708185,-0.0048431642,0.006651863,0.0148937032
7.1479501724,-0.0065554944,0.0091750082,0.0001398551,0.0036211619,0.0131027047,0.0159532428
7.1576871872,-0.0017870463,-0.0044531543,0.0050685634,-0.0123671256,0.0108062606,0.0106471591
7.1678190231,0.0020475215,-0.0075252298,0.007052206,-0.0197480489,0.0022445314,0.0095844921
7.1777281761,0.0020438391,-0.0058632065,0.0051263198,-0.0314358622,-0.0031976383,0.0042757466
7.1881461143,0.0001817752,-0.0023181976,0.0022161829,-0.0324413143,-0.0096219815,-0.0031592664
7.197974205,-0.0036793766,0.0003360419,-0.0026412976,-0.0111743761,-0.0020223856,-0.0052844691
7.2080183029,-0.0026635271,0.0051723402,-0.0055687204,0.0112320501,-0.0018468164,-0.0084760683
7.2180390358,-0.0007127806,0.0052674916,-0.0016715301,0.0101340292,0.001340721,-0.0063505992
7.228454113,-0.0036769682,0.005322447,-0.0026696695,0.0026229024,0.0055474499,-0.0020996614
7.2382340431,-0.0056961798,0.0072653126,-0.0017092002,-0.0037974464,0.0076619997,0.0053356178
7.2482671738,-0.0028527589,0.0043065529,0.0022147524,-0.0123266988,0.0076486841,0.014895035
7.2583031654,5.2113e-06,0.0012834801,0.0032168257,-0.0134034138,0.0087142149,0.0170194395
7.2686181068,0.0009287015,0.0070193317,0.0022322761,-0.005942517,0.0098967915,0.0255115926
7.2783498764,0.0038469131,0.0117807593,0.0022409188,-0.0079851607,0.0002737253,0.0170129128
7.2885708809,0.0038599758,-0.0008870827,0.0051909913,0.0005488861,0.0002995583,0.0095784329
7.298625946,0.0048544942,-0.0018312575,0.0052035674,0.010178078,-0.0028895773,-0.0042289919
7.3089122772,0.0058726701,-0.003651181,-0.0006544364,0.0208543707,-0.0039407266,-0.0169735495
7.3187408447,0.0019825785,-0.0034542547,-0.0055576935,0.0208112281,0.0002963624,-0.0180332214
7.328769207,2.3374e-05,-0.0013921054,-0.0065466538,0.0070016719,-0.0061763176,-0.0159100145
7.3388881683,0.0020199842,-0.0062800068,-0.0006806625,-0.013252466,-0.0084754247,-0.015906021
7.3492031097,-0.0008623231,-0.0006162093,0.0041758646,-0.0196928438,-0.0042322096,-0.0074076075
7.3592453003,-0.0028099907,0.0010996892,0.0032227861,-0.0229437631,0.0010933134,2.84706e-05
7.3690700531,-0.0018691424,0.0028910099,0.0032361972,-0.0058715437,0.0012359918,-0.0010380587
7.3790540695,-0.0018711187,0.018473601,-0.0055753365,0.0175850466,0.0035769106,0.0010807522
7.389538765,5.38282e-05,0.0167125147,-0.0065551773,0.0101373577,0.0013964473,0.0021434866
7.3993272781,0.0019896622,-0.0046156887,-0.0026080979,-0.0047944533,0.000170328,-0.0031623293
7.4093828201,0.0049605905,-0.0057080183,-0.0016175283,-0.0196477845,-0.0084344111,-0.0010391905
7.4193992615,0.0030537578,-7.50066e-05,-0.0035501493,-0.0197127648,-0.0020822403,-0.0031595996
7.4297389984,-0.0008837696,0.0074885245,-0.0026003493,-0.0208633002,0.0064100483,-0.0010312012
7.4395370483,0.0019685882,0.0053488519,-0.0025674475,-0.0219426807,0.0074409577,-0.0042158091
7.4495992661,-0.0001122806,0.0081084576,-0.0006176007,-0.0092095751,0.0150075313,3.19327e-05
7.4596891403,-0.001250543,0.012853628,-0.0006253493,-0.0102873556,0.0160592124,3.27317e-05
7.47001791,0.0005532872,0.0048862901,-0.0005809439,-0.0209058877,0.0106469374,-0.002090673
7.4798069,0.0033918614,0.0125061926,0.0023481476,-0.0165835749,0.005386129,-0.0010325994
7.4899039268,0.0033329758,0.0172476675,0.0062496886,-0.0080366405,0.0043999604,-0.0010355288
7.4999461174,0.0072121019,0.0143173542,0.0082188472,0.0016447492,-0.0029085525,0.0042673578
7.5103030205,0.0073088682,0.0104607549,0.0082197413,0.0049216906,-0.0103221936,0.0021399579
7.5201063156,0.0025485544,0.0094446521,0.00625708,-0.0046595633,-0.0125073167,0.0053266962
7.5301523209,-0.0012932088,0.0084219482,0.0052871932,0.0005973019,-0.0050535291,0.0021427544
7.5402498245,-0.0042166137,0.0113607105,0.006232582,0.0037363702,0.001361227,0.0053305579
7.5506219864,-0.0003081824,0.0025610982,0.0062823519,-0.007980126,-0.0008777587,0.0032094168
7.5603179932,-0.0003094416,0.0024352877,0.0043413867,-0.0101138512,-0.0008894766,0.0042717517
7.5703611374,-0.0013045616,0.0149870422,0.0013867246,0.001585016,0.0034844326,0.0085184947
7.5806632042,-0.000349997,0.009156337,0.0023781287,0.0027038101,-0.0018320358,0.0053301584
7.5908808708,0.0006613672,0.0042985957,0.0043480028,-0.0047361571,-0.0050866851,0.0042680898
7.6005740166,0.0026773359,0.0003096072,0.0073060025,-0.0174655337,-0.0126047889,0.0074529643
7.6107530594,0.0037832907,-0.0008849667,0.0063540568,-0.0217270963,-0.0137088699,0.0063905627
7.6207351685,0.0029735076,0.0056844857,0.0034359323,-0.0228054114,-0.0126641113,0.0053295596
7.6311941147,-0.0008294753,0.0044772308,0.0005297291,-0.0239019953,-0.0095126592,0.0021474813
7.6409111023,-0.0036981204,0.006171776,0.0015177953,-0.0292674638,-0.0063485573,0.0063976198
7.6509299278,0.0003077235,0.0038697703,0.001568638,-0.0345923528,-0.0074348608,0.0095832935
7.6610708237,0.0052712294,0.0094079431,0.0035529959,-0.0207111575,-0.0084023876,0.005332089
7.6713662148,0.0063670869,0.018068267,0.0006187188,0.0017442731,-0.012437542,0.0074487031
7.6811351776,0.0045652143,0.0141678955,-0.003269173,-0.0014246227,-0.0156415906,0.0085097067
7.6912279129,0.0037078108,0.0092999991,-0.0071569453,0.0006564502,-0.0102895033,0.0127583146
7.7012410164,0.0038592643,0.0112799462,-0.0100869909,0.0049808919,-0.0155226141,0.0180635974
7.7116222382,0.0040201354,0.0093408581,-0.0120219365,-0.0003883336,-0.0123998597,0.0159427226
7.7214479446,-0.0007231388,0.0064106416,-0.013009645,0.0028023999,-0.0113108922,0.0159424562
7.7314519882,-0.0015990421,0.0064470451,-0.0120324865,0.0048926622,-0.0070761992,0.0116971107
7.7415909767,-0.0015496783,0.0055767279,-0.0100881234,0.0176758356,-0.0048561883,0.0095713753
7.7518548965,-0.0035026954,0.0057254862,-0.0071860324,0.0112191867,0.0004073493,0.0116986427
7.7616610527,-0.0035590813,-0.0039597545,-0.0061989203,-0.0006039171,0.008799769,0.0127676353
7.771739006,0.000288989,-0.0050032977,-0.010070242,-0.0091597205,0.010867646,0.0159565713
7.781815052,0.0001726818,-0.0012650283,-0.0081205145,-0.0187425725,0.0086617507,0.0159579031
7.7921638489,0.0040311604,-0.0034416781,-0.0031996144,-0.0293393433,0.0011059634,0.0106487572
7.8019728661,0.0001492441,0.0040533002,-0.0002875698,-0.0228966251,-0.003116745,0.0053360173
7.8121652603,-0.0057197572,0.0068326276,-0.0061529651,0.0015596356,0.0055509787,2.52082e-05
7.8220758438,-0.0038658888,0.0001304878,-0.0022419465,0.0175436623,0.0077920291,-0.0031631282
7.8323979378,-9.056e-07,-0.0006568001,-0.0041991845,0.0207858756,0.0035552727,-0.006351531
7.8422832489,-0.0029907697,0.0044223648,-0.009105064,0.0196670815,0.0088717416,-0.0031631947
7.8522777557,-0.0060475306,0.0025876372,-0.0052268277,-0.0017153062,0.0129781365,0.0042765457
7.8624353409,-0.0062012118,-0.0033236088,0.0055074915,-0.0198426433,0.0118002202,0.0106513547
7.8726978302,-0.0023880661,0.001364602,0.0103910193,-0.0155438781,0.0086622164,0.0117096948
7.8824858665,-0.0014578797,0.011948457,0.004537724,0.0026074294,0.0077527468,0.0106428321
7.8925580978,-0.0034414274,0.012063643,0.0015959369,0.0207648352,0.0068553286,0.0117013725
7.902616024,-0.0044658133,0.006476922,0.0054783449,0.0250972658,0.0005265925,0.0116971107
7.9129428864,0.0034453045,0.0047704186,0.0103585944,0.0156497024,-0.0154640907,0.0127519891
7.9227280617,0.0055945977,0.0039260443,0.0084133968,0.0125116995,-0.0218649991,0.01168779
7.9328012466,0.0038629523,9.64461e-05,0.0084133968,0.0028544376,-0.0166368149,0.0127545185
7.9428892136,0.001065835,-0.0047409628,0.0084154829,0.0006424161,-0.0092699789,0.0063879658
7.953253746,0.0001773179,-0.0008559392,0.0035326707,0.003846731,-0.0103287175,0.0021374279
7.9629859924,0.0012411025,-0.0067057926,-0.000340618,-0.003646072,-0.0082927309,-0.0010450496
7.9730911255,0.000319881,-0.010701621,-0.0032436622,-0.0111665446,-0.0031250673,-0.0116556827
7.983150959,-0.0025901389,-0.0020965205,-0.0022839678,-0.0143663343,-0.0031322576,-0.0084694773
7.9935460091,0.0023014559,0.0006574153,0.0006626474,-0.0175772812,-0.0020924932,-0.0074061425
8.003285408,0.004298042,0.001464261,-0.0022364033,-0.0111622587,-0.0030767974,-0.0042228666
8.0133390427,0.0013813243,0.0101585817,-0.0012839211,-0.0015716553,-0.0019024103,2.06808e-05
8.02339077,0.0014087014,0.0111532416,-0.0013016236,0.0069765588,-0.0028819209,0.00107982
8.0337610245,0.0044220178,0.0103124585,-0.0042115226,0.0188250151,-0.0133835636,0.0021344319
8.0435962677,0.0025892924,0.0105097052,-0.0071586743,0.0187632293,-0.0069898465,0.006384837
8.0536327362,-0.0012876004,-0.0009551586,-0.0042443047,0.0112715447,-0.0049542594,0.003202759
8.0636739731,-0.003236365,-0.0077269021,-0.0032708419,-0.0026954031,0.00449437,0.0063964217
8.0740442276,0.0016242095,-0.001967387,-0.0032499207,-0.0090366034,-0.0019480833,0.0032091504
8.0838222504,0.0035846191,-0.001078205,-0.0042180191,-0.0068927584,-0.003004293,0.0010844807
8.0938625336,0.0016322337,0.0008395298,0.0006533491,0.0048087183,0.0002687986,-0.0010418537
8.1039905548,-0.0003812894,-0.0078713764,0.0045567979,-0.0016403925,0.0044084159,-0.008470742
8.1142988205,0.0035247109,-0.0050512422,0.0045653214,-0.0122257927,-0.0042015174,-0.0127185499
8.1241312027,0.002608662,-0.0013323219,0.0016520845,-0.0132641578,-0.0074353935,-0.0190906953
8.1341743469,-0.0012712631,0.0004855154,0.0026258456,-0.0068760859,-0.0063312473,-0.0212164298
8.1442928314,-0.000274124,-0.001429932,0.009448193,0.0016705301,-0.0073315306,-0.0233426988
8.1545333862,-0.0032118955,-0.0013827474,0.0133348927,0.0037362631,0.0001404344,-0.0190908946
8.164358139,-0.003211482,0.0015348105,0.0142973885,-0.0068897493,-0.0041621686,-0.013781351
8.1744346619,-0.0012080729,0.0043191966,0.0133339986,-0.0153691219,-0.0094721792,-0.0031641936
8.1844701767,0.0028196867,0.0080243777,0.0114153847,-0.0217362083,-0.0126626464,0.0042684227
8.1949243546,0.0049216556,0.0077944677,0.0133953914,-0.0291798748,-0.014823202,0.0085174292
8.2046260834,0.004139598,0.0075346436,0.0085539445,-0.0152427536,-0.0210611243,0.0095725739
8.2147045135,0.0044100727,0.0132454094,-0.0031353605,0.0007939236,-0.0241106432,0.0085045798
8.2247657776,-0.0032296167,0.0113789123,-0.0090152398,0.0166581087,-0.0102331769,1.30909e-05
8.2351036072,-0.0070862421,0.0086412039,-0.0070909634,0.0144364452,-0.0017772419,-0.0021061194
8.2449645996,-0.0021685814,-0.0039315093,-0.0060739294,-0.0015736809,-0.001958603,-0.0084729381
8.2549495697,-0.0011748023,-0.0069189165,-0.0060513392,-0.0090242196,-0.0041736201,-0.0127192829
8.2650403976,-0.0021576979,0.0046564471,-0.0031580699,-0.0090332739,-0.0030918443,-0.0095333429
8.2753820419,-0.0001823254,0.0035564958,-0.0021540893,-0.0132688982,-0.0063124713,-0.0095335422
8.2851333618,0.0028571389,0.0024616627,-0.0021239889,-0.0110595403,-0.0137139279,-0.0084760012
8.2952394485,0.0020015291,0.0111204442,-0.0021436585,-0.0025407523,-0.0114899892,-0.0042295246
8.3053693771,0.0021108626,0.0071986597,-0.0060305372,0.0006387951,-0.0093469443,-0.0052910605
8.3156051636,0.0041959318,0.0062294882,-0.0108806863,0.0049390541,-0.012485479,-0.0042321878
8.3254728317,0.0003789287,0.0072508138,-0.0138290897,0.0048762038,-0.0061056102,-0.0021053869
8.3355093002,-0.0015663452,0.0004743321,-0.0089469925,-0.0069380319,0.0012050995,-0.0042224005
8.3456287384,0.0003852152,-0.0064704735,-0.0089187399,-0.0186567381,-0.0010402116,-0.0074059437
8.3558797836,-0.0045165108,-0.0008335055,-0.0079551712,-0.0155015588,0.003197477,-0.0127139566
8.3657016754,-0.0055959993,0.0058664363,-0.006009616,-0.0038169399,0.0085981013,-0.0137760248
8.3757772446,-0.0007622227,0.0078022759,-0.0040564309,0.0037300587,0.0012567649,-0.0105958767
8.38580513,0.0001859792,0.0058889892,-0.0030672324,0.0037423093,0.0002165341,-0.0074110036
8.3962078094,-0.0018030092,0.002949497,-0.0021044386,-0.0037149414,-0.0008962012,-0.0052857343
8.4059658051,0.0001604982,0.0077827927,-0.001124419,-0.001547128,-0.0040397965,-0.0021024577
8.4160041809,0.0001967192,0.0087217893,-0.003074981,-0.0015794849,-0.0008495292,-0.0010393903
8.4261398315,-0.0047192485,0.0038306473,-0.0030717624,-0.0080461735,0.0054605645,-0.0010345966
8.4364738464,-0.0058038631,0.0056932848,-0.00308267,-0.0059967646,0.0139671005,-0.0010307351
8.4462404251,0.0009353437,0.0124691557,-0.004043974,0.0015168115,0.0098021831,0.0010888749
8.4563188553,0.0037851459,0.0105695259,-0.0011197699,0.0068599917,0.008774668,-0.0010373264
8.4663715363,0.003675438,0.0047885086,0.0047342409,0.0026010647,0.0076625324,-0.0031603982
8.4767055511,0.004555143,0.0009156896,0.0018309581,0.0036395378,0.0108679133,-0.0010346632
8.4864940643,0.0054955794,0.0057821479,0.0008365738,0.0016213944,-0.0008356143,-0.0031635943
8.4966945648,0.0025642212,0.0057974439,0.001796745,0.0005750917,-0.002988114,-0.0063494006
8.50664711,-0.0003961924,0.0038238673,0.0066687092,-0.0059246197,0.0064911414,-0.0084666135
8.5169506073,0.0005002931,0.0008065908,0.0096063241,-0.0101732938,0.004325259,-0.0095287487
8.5267753601,0.0043771486,0.0113965403,0.0057070479,-0.0016144263,0.002284745,-0.0084701423
8.5368299484,0.0053936443,0.0172592532,-0.000141002,0.0145095494,-0.0092606572,-0.0106032677
8.5469360352,0.0025418582,0.0223176386,-0.0001873148,0.0209043324,-0.0081091067,-0.0052953213
8.5572471619,-0.000362784,0.017583428,0.0056471452,0.0016792379,-0.0060711224,0.0074514993
8.5670461655,0.0016197056,0.0077728238,0.0076413974,-0.0218141023,-0.0040918612,0.017014645
8.5770778656,0.0006744225,0.0075038578,0.0027978646,-0.0261658169,0.0044150739,0.0255135912
8.5871734619,-0.0012907687,0.0091416594,-0.0049903165,-0.028307531,0.0054989802,0.0318854712
8.5975170135,-0.0003373179,0.0108015146,-0.0049637929,-0.0293621123,0.0044208663,0.0308242664
8.607293129,0.0025655064,0.0163045209,0.0009114968,-0.0388911702,-0.0030831224,0.0318847373
8.6173477173,0.0025878153,0.0052220803,0.0038938152,-0.041083727,0.0021552485,0.0244548507
8.6274433136,0.0005866323,0.0077156629,0.0029392468,-0.0326329842,0.0107039958,0.0223333761
8.6378202438,0.0024491879,0.0113755744,0.0049111475,-0.0112779457,0.0098429956,0.024451388
8.6476325989,0.0092419852,0.0103649329,0.0068829879,-0.0005326234,0.0025022589,0.0233831946
8.6576681137,0.0083074179,0.0054779258,0.0049479236,-0.0015161289,-0.0059660613,0.0276250783
8.667760849,0.0064551956,0.0015932752,0.0059277639,0.0027939314,-0.0101866387,0.0254982766
8.6781072617,0.0036722901,0.005515812,0.0039587845,0.009253215,-0.0154582327,0.0223103408
8.6878643036,0.0058219149,0.00758118,0.001037203,0.0103640193,-0.019679077,0.024431549
8.6979961395,0.0030327528,0.0096950736,0.0029489624,0.016685484,-0.012236407,0.0180615988
8.7080097198,-0.0017609283,0.0020705445,0.001975857,0.0134079317,-0.0048581194,0.0148807205
8.7184743881,-0.0017053991,-0.0075776521,-0.0028834117,0.0059241569,-0.0027968995,0.0159479156
8.7281570435,0.0002879758,-0.0046514291,3.08978e-05,-0.0004562447,-0.004960984,0.0180720519
8.7381334305,0.0003480833,0.0001688732,3.66794e-05,-0.0078848647,-0.0092626549,0.0191329233
8.7481126785,0.0004716233,0.0010509847,4.83023e-05,-0.0110132797,-0.0167384148,0.0159445852
8.7585201263,-0.0013305139,0.0039254632,-0.0009363068,0.0038912864,-0.0134450831,0.0127564501
8.7684192657,-0.0031598327,0.0020523353,-0.0048482786,0.0145295495,-0.0101827104,0.0106317801
8.7784471512,-0.0011027533,-0.0026393028,-0.0048452988,0.0208985526,-0.0069573564,0.0085079093
8.7885723114,-0.0010283015,0.0005107878,-0.0077965632,0.0251244567,-0.0026760581,0.0085089747
8.7988929749,-0.0019847886,-0.0002818124,-0.0117043629,0.0079974541,0.0024939359,0.0106392372
8.8086395264,-0.0029910565,-0.0139077399,-0.0116727725,-0.0144138457,0.0022774208,0.0074594221
8.8187437057,-4.76878e-05,-0.0092527661,-0.0087384954,-0.0271884706,-0.001038414,0.0042758132
8.8288164139,-0.0029703029,0.0011760651,-0.0106988922,-0.0208101999,0.0010979739,-0.0020955335
8.839094162,-0.0069282264,0.0058917012,-0.0068087354,-0.0080690235,0.0075475508,-0.0063421438
8.8488903046,-0.0070063644,0.0068605971,-0.0058346763,0.0100604463,0.0087531637,-0.0084697437
8.8590278625,-0.0031755422,0.0070394333,9.3209e-06,0.0175703727,0.0045682061,-0.0095362728
8.8690423965,-0.0051714261,0.0071785655,0.0019338357,0.008023208,-0.000772231,-0.0021039224
8.8794126511,-0.0041782153,0.0023133962,-0.0019420756,-0.0101229595,0.000156746,0.0021496119
8.889210701,-0.0021759239,0.0022149591,-0.0077777873,-0.0111559993,-0.0030078883,0.0063954894
8.8992595673,0.0007821188,0.0089313146,-0.0077689658,-0.0100918803,-0.0029903776,0.0074557606
8.9093294144,0.0007988733,0.0078875031,-0.0067858472,-0.0047865976,0.0002600104,0.0106414333
8.9197006226,-0.0051010181,0.0098471474,-0.0077959076,0.0132396752,0.0120815821,0.0095819626
8.9294929504,-0.0042518885,0.0100100022,-0.0048823729,0.0164080374,0.0152787082,0.0074591562
8.9395999908,-0.0014474526,0.007211281,-0.0019510163,0.00894293,0.0141260913,0.0032119469
8.9496040344,-0.0025293962,0.0014146029,-0.0009799374,-0.0017059855,0.0119247222,0.0053371498
8.9599342346,-0.0006802663,0.0052721556,0.0048665036,-0.0049034841,0.011902485,0.0064009489
8.9697389603,0.0011609063,0.0071653929,0.0068224296,-0.0081059355,0.0118606724,0.0042781434
8.9798278809,0.0030204463,0.0032074957,0.0039114584,-0.0016949335,0.0108564617,0.0042751473
8.9898939133,-2.56024e-05,0.0012633859,1.68311e-05,0.0068096053,0.0141071165,0.0032128124
9.0001888275,-0.0021620546,0.0023225604,0.0029043185,0.0120798135,0.0205273964,0.0042757466
9.0100288391,0.0045447941,-0.0024730952,0.0068326816,0.0026130751,0.0066366163,0.0021476145
9.0200805664,0.0035282089,-0.0034556107,0.0058570728,-0.0037339823,0.0012676838,0.0010858122
9.0301494598,-0.0013820309,0.0033517166,0.0029098617,0.0079735396,0.0045670741,0.0032080854
9.0404777527,-0.0014035985,0.0092879366,-4.72439e-05,0.0186914578,0.0004361782,0.0063895639
9.0502605438,0.0025230325,0.0007033406,-0.0029470099,0.0144538358,-0.0027979645,0.0042654267
9.0604228973,0.0025412976,-0.0050292704,0.0019291865,0.0005806573,-0.0028833854,0.0095767686
9.0704431534,-0.0023544938,-0.0002110691,-0.0010282171,-0.0090964716,0.0044805212,0.0127683012
9.080780983,0.0034516859,-0.0071461741,0.0009827244,-0.0197491683,0.0022449305,0.0095840925
9.0905294418,0.0063666548,-0.0112267677,0.0039308299,-0.0186756477,0.0011378544,0.0010888749
9.1004390717,0.0024210303,0.0032546429,0.0068238601,-0.0016129082,0.0023268897,-0.0020999275
9.1105546951,0.0003936082,0.0081885066,0.0097151026,0.014337562,0.0077301771,-0.0084720729
9.1207456589,0.0022771689,0.0005663394,0.0067981114,0.0197078269,0.0046283933,-0.003165991
9.1310348511,0.0061503625,-0.0032405795,0.002913438,-0.0037473785,0.0023154377,-0.0010378589
9.1409101486,0.0031823101,-0.0111458171,0.0039159884,-0.0240097456,0.0010764688,-0.0010324661
9.150935173,-0.0007540866,-0.0026600005,0.0078025092,-0.0347023383,0.0031052649,-0.0010287378
9.1612291336,-0.0037297388,0.0038036464,0.0087785944,-0.0347262286,0.0052210796,-0.0020902073
9.171037674,-0.0018218647,-0.0013737844,0.013690196,-0.0324779861,-0.0064728609,-0.0084674126
9.1812515259,0.0031555048,0.0003142266,0.0147080645,-0.0195943601,-0.0137821715,-0.0074114697
9.1912279129,0.0043599675,0.008822998,0.0108269677,-0.0162454341,-0.0286290292,-0.0106051322
9.201464653,-0.0002099875,0.0087762084,0.0049629435,0.0062164124,-0.0337379053,-0.010613787
9.211391449,-0.0047952426,0.0176545661,0.0039509162,0.0179255325,-0.0304177403,-0.0053061075
9.2214021683,-0.0123142656,0.0090962108,-0.0009429229,0.0147136012,-0.0293633975,-0.0021199016
9.2315216064,-0.0140927769,0.0053590592,-0.0009522808,0.0145175923,-0.009121241,0.0106318463
9.2417469025,-0.0150351766,0.004543623,-0.0068120137,0.0186420567,0.0058038458,0.0159481149
9.2516069412,-0.0102474801,0.006694762,-0.0087566748,0.0174407046,0.0196429621,0.0244497247
9.2616844177,-0.0045505785,-0.003864804,-0.0106807724,0.0078578256,0.0174441896,0.0255126581
9.2717256546,-0.0017020613,9.87707e-05,-0.0165369883,0.0133319534,0.0036977516,0.0255044028
9.2820625305,0.0012193803,0.0138848033,-0.0185219422,0.0218373686,0.0069623212,0.0265656058
9.2918586731,-0.0017940815,0.0034554212,-0.0097707883,0.0239806809,0.0058991872,0.0233791322
9.3019132614,0.0021025422,-0.0080050472,-0.0038978232,0.0154731879,0.0025926728,0.015947517
9.312078476,0.0020916122,-0.0127544198,-0.0058468357,0.0100890752,0.0067139147,0.0042711524
9.3223600388,3.83236e-05,-0.0136692021,-0.0078081265,0.0025178669,0.016156951,-0.0020938022
9.3321113586,0.00283662,-0.0196067635,-0.0087487474,-0.0177128352,0.0105640469,-0.0190802421
9.3422269821,0.0076350006,-0.0207932983,-0.0106697455,-0.0229790471,0.0030211092,-0.0297005959
9.3522815704,0.0085835047,-0.0161807034,-0.0126005784,-0.026155401,-0.000279879,-0.043504823
9.3626327515,0.0046611498,-0.0067034308,-0.0135872737,-0.0122212907,-0.0065594129,-0.0488204248
9.3724107742,0.0027096993,0.0059021469,-0.0116754547,0.0069753071,-0.0053444793,-0.050948292
9.3824777603,-0.0012047536,0.0079837348,-0.0117040649,0.0218816847,-0.0020375652,-0.052012559
9.3925151825,-0.0022617434,0.0043381657,-0.0068439613,0.0196760558,0.0054123616,-0.0456374846
9.4029111862,-0.0043851142,0.0025459288,-0.0039467583,0.0089041274,0.015948426,-0.0424425565
9.4127120972,-0.0036292863,0.0035320281,-0.0059066191,-0.0082194665,0.0211527757,-0.0350030176
9.4227266312,-0.0029208758,0.0024090318,-0.0058847442,-0.0221174918,0.0231408253,-0.0371231586
9.4328069687,-0.0032190257,0.0061108004,-4.43829e-05,-0.0200141259,0.0263563246,-0.0349984914
9.4431915283,-0.0015440214,0.0157568138,0.0028709995,0.0013515903,0.0244271979,-0.0339426138
9.4529476166,0.0021138205,0.0129211005,0.0058022961,0.0152668729,0.0203043576,-0.0339482054
9.463054657,0.0029046251,0.0101545583,0.0067618117,0.0132059315,0.0128947124,-0.0286437869
9.4730768204,0.0027676052,0.0092975106,0.0048079719,0.0111052301,0.0097138323,-0.025459446
9.4834241867,0.0016950365,0.0161766615,0.0076995715,0.0026340876,0.0032938831,-0.0222749691
9.493183136,0.0036020274,0.0210383963,0.0096520409,0.0005232664,0.001180931,-0.0180282928
9.503288269,0.0045272722,0.0210523736,0.0125652179,0.0037055574,0.0033372263,-0.0169656258
9.5133199692,0.0054115406,0.0210856851,0.0115969405,0.0047231521,0.0087000336,-0.0095306123
9.5236959457,0.0083070453,0.0162497815,0.0057634339,0.0037533622,-0.0008517264,-0.0084730051
9.5334844589,0.0073316111,0.0142969321,0.0047869314,0.0005658241,-0.0018991474,-0.002101925
9.5436229706,0.0053733378,0.0161865856,0.0077074398,-0.013296783,-0.0030740011,-0.0010375927
9.5535984039,0.0034486982,0.0121225771,0.0038317072,-0.0164853856,-0.0041352706,0.0032098829
9.5640220642,0.0015364323,0.0138554778,0.0028597342,-0.0207817294,-0.0009483325,0.009583693
9.5737686157,0.0015355271,0.0126463976,0.0038588869,-0.0229468793,0.0022298838,0.0117094275
9.5838346481,0.0034791878,0.0212018844,0.0019222128,-0.0101629337,0.0044923052,0.0159536414
9.5938920975,0.0034248843,0.0211619493,0.0048406352,0.0015563061,0.0067445408,0.0201989878
9.6042385101,0.0043154131,0.0075152125,0.0107180104,-0.0069661271,0.0056004468,0.0191403795
9.6140909195,0.0052624266,0.0035089834,0.0058735833,-0.0122698136,0.0023708316,0.0191401131
9.6240673065,0.0052540447,0.0072529893,0.0039335717,-0.0144172795,0.0033998771,0.0170170404
9.6341571808,0.0053142379,0.0051260199,0.0049275388,-0.018557962,-0.0093694478,0.017011717
9.6445026398,0.008404674,0.0049575176,0.0059250221,-0.0152832344,-0.016789414,0.0138219139
9.6542596817,0.0066246181,0.0048333984,0.0078939423,-0.0078245178,-0.0156700872,0.0127587803
9.6643867493,0.0067602857,0.001842445,0.0040120711,0.0017377213,-0.0113282027,0.0148819853
9.6745853424,0.0049243174,-0.0078856293,0.0049925079,-0.0014455551,-0.0135197183,0.0085109044
9.684753418,0.0021034866,-0.0001814084,0.0069253668,-0.0142529355,-0.0136380289,0.0074518323
9.6945409775,0.0032810601,-0.0042975638,0.0050125946,-0.0280419849,-0.022268001,0.0042656264
9.7046518326,0.0015172154,-0.0075052995,0.0069973096,-0.0259416029,-0.019101236,-0.0010420536
9.714758873,-0.0012364633,0.0020925088,0.0050291643,0.0007488625,-0.0199084412,0.0021361629
9.7249927521,-3.84379e-05,0.0070004296,0.0050298204,0.0082791904,-0.0262221973,6.6328e-06
9.7348251343,0.000233648,0.0012600182,0.0030905234,0.0093282089,-0.0240493249,0.0063782455
9.7448987961,-0.0054240548,0.000323808,-0.0017921699,-0.0003217021,-0.0187953077,0.0116940485
9.7549324036,-0.0032735099,-0.001635419,-0.0008088124,-0.0098907063,-0.0220206603,0.0180656612
9.7653121948,-0.0001277014,-0.0008359344,-0.0017502678,-0.0205952302,-0.0189375188,0.0170078538
9.7751083374,-0.0058399071,0.0009544699,-0.004678465,-0.0121567352,-0.0093485415,0.0117015047
9.7851457596,-0.004767342,0.0058086719,-0.0056681409,0.0081239007,-0.0102660675,0.0063859019
9.7966632843,0.0032218001,0.0020363464,-0.0095356479,0.012474441,-0.0187583566,9.762e-06
9.806722641,-0.0005364682,-0.0017412247,-0.0095418468,0.0092405649,-0.0156102329,-0.0010496435
9.8173494339,-0.0043317289,-0.001698354,-0.004689015,-0.0036272965,-0.0093352925,0.0021421551
9.8259954453,-0.0013219774,-0.0076388512,-0.0027087105,-0.0207302514,-0.0063238572,-0.0010357284
9.8361530304,-0.0002708103,-0.0068788026,-0.0036489142,-0.0207430329,-0.0052905502,-0.0052824048
9.8464355469,-0.0031602611,0.0007102622,-0.0075553432,-0.0111537371,-0.0041654976,-0.0084706089
9.8560228348,-0.0040611518,0.0054689851,-0.0134050027,-0.0047301911,-0.0062385025,-0.0095350742
9.8656082153,-0.0010827783,0.0064493772,-0.0114510432,0.0048611034,-0.0050999341,-0.0105993394
9.8755884171,0.0018978209,0.0094427224,-0.0095037594,0.0123539073,-0.0071359207,-0.0074168625
9.8858528137,-0.0009694494,0.0056622978,-0.006596006,0.0070307008,-0.008222824,-0.0042305896
9.89569664,-0.0048347977,0.0085876491,-0.0085643902,-0.0047982624,0.0012929173,0.0063951565
9.9057350159,-0.0038656951,0.0075269993,-0.0104949251,-0.0112012476,0.0012441814,0.0074582906
9.915854454,-0.0009388778,0.0103403088,-0.0095097795,-0.0133355036,0.0012255394,0.0074588233
9.9260940552,-0.0029275664,0.0121827479,-0.0095170513,-0.0069627734,0.0044993628,0.0127675682
9.9359264374,-0.0049265851,0.0092198458,-0.0114669576,-0.002737402,0.0087737367,0.0117068309
9.9459657669,-0.005019926,0.0092254709,-0.0104930773,0.0047224863,0.0098784156,0.0085208919
9.9561710358,-0.0032018987,0.0102530997,-0.006593205,0.0068104044,0.0140926018,0.0010898735
9.9664859772,-0.0043373727,0.0074209925,-0.0046508089,0.0153375259,0.0152279073,0.0010885419
9.976269722,-0.0035340157,0.0075732898,0.0002003538,0.015266153,0.0226964764,0.0074630841
9.9863204956,-0.0007922709,-0.0050013009,-0.0036713255,-0.0017642295,0.0183171742,0.009588819
9.9964084625,0.0009796597,-0.0070759151,0.0002579915,-0.0209826641,0.0192173235,0.010655948
10.0067672729,0.0018134374,0.0023935942,-0.0007151139,-0.0251533091,0.0096445233,0.0127761569
10.0166759491,0.0017471794,0.0090111252,0.0012238848,-0.0144516611,0.0065339515,0.0095864888
10.0267734528,-0.0002539925,0.0021219163,0.0070911874,-0.0048189815,0.0034076003,0.0053348192
10.0368442535,0.0036587841,0.0030833243,0.0090458021,0.0048560165,-0.0039840033,-0.0021039224
10.0471515656,0.0056981924,0.0070753898,0.0051462878,0.0166657511,-0.011335793,-0.006358189
10.0568084717,0.0008777991,0.0121315252,0.0031461345,0.0229619965,-0.0006698323,-0.0063544605
10.0670509338,-0.0031362032,0.0026595874,0.0041136374,0.0238680299,0.0152550051,-0.0063472036
10.0770893097,0.0015740056,-0.0058894102,0.0050991401,0.0110555617,0.0162526257,0.0010891411
10.0875663757,0.0092895832,-0.0058325175,0.0060997237,-0.0027305828,0.0076429583,0.0010888083
10.097407341,0.0052912044,-0.0010798515,0.0050991997,-0.0166218989,0.0096784122,0.0064023472
10.1074333191,0.00129877,-0.0013163553,0.0031636583,-0.0251298174,0.0063862796,0.0010938017
10.1176261902,0.0031771413,0.0013698025,0.006098174,-0.0165720172,0.004331917,2.88036e-05
10.1277589798,0.0080484692,0.0052229296,0.0070926771,0.0080453381,-0.002915876,-0.005289529
10.1375131607,0.0071336119,0.0053487327,0.0051299562,0.0220011026,-0.0113104265,-0.009544462
10.1475458145,0.0033185664,0.0046330597,0.0060703382,0.0273169037,-0.009135223,-0.0084825922
10.1576757431,-0.0025172816,0.003898768,0.0069971308,0.0144288028,-0.0007244274,-0.0031661242
10.1680593491,-0.0005747176,-0.0038284154,0.0070225229,-0.0037237294,0.0002139376,0.0021467488
10.177819252,0.0013710145,0.0009379892,0.0079926476,-0.01545096,-0.0009426733,0.0032109483
10.1878070831,0.0003688574,0.0065909531,0.0099455342,-0.0186802298,0.0022180327,0.0042764125
10.1980438232,-0.0006275609,0.0054464024,0.0089834556,-0.0154570052,0.0001309135,0.0053363503
10.2084655762,0.0003719624,0.0063044783,0.0080179796,-0.0078930417,-0.0093664508,0.0032058216
10.2180833817,0.0004529298,0.0004213361,0.0080400929,-0.0047033736,-0.0082913339,0.0010819506
10.2282018661,0.0035285759,-0.0015319677,0.0070824251,0.0028973408,-0.0220590774,-0.0052992497
10.238363266,0.0047712321,0.0013918637,0.0022188651,0.0050630234,-0.0252303705,-0.0063631823
10.2487812042,-0.0008733574,-0.0005163641,-0.001701392,0.0028776601,-0.0199234225,-0.0031743802
10.2583589554,-0.0036391714,0.0053435769,-0.0026920212,0.0017471481,-0.0135597978,-0.0021091155
10.268450737,-0.0054957555,0.0033393635,-0.0017072333,-0.0122050978,-0.0051593892,0.0032086845
10.2784576416,-0.0074539338,-0.0006875785,-0.0036497486,-0.0144719817,0.0086911786,0.0148959672
10.2887649536,-0.0075197746,0.0098108333,-0.0075570713,-0.0112799704,0.0097868033,0.015957769
10.2985639572,-0.0027030208,-0.0030155571,-0.0055414215,-0.0336188301,0.0021155677,0.0085270172
