0.0000000000,-0.0075506773,-0.0024405597,0.0036736277,-0.0177721158,-0.0208601430,-0.0025835626
0.0096520185,-0.0073950496,-0.0035423217,0.0095455796,-0.0157012418,-0.0144685572,-0.0015190972
0.0197119713,-0.0072763022,-0.0046076952,0.0105364472,-0.002916473,-0.0122277737,-0.0004594254
0.0298299789,-0.007233439,-0.0055284379,0.0095421225,0.0097722383,0.0037624445,-0.0036241263
0.0397789478,-0.0043383893,-0.0015040814,0.008534506,0.0161940791,0.0016971633,-0.0036275885
0.0498310328,-0.0043543484,0.0015902639,0.0036184338,0.0236405432,0.0038567206,-0.0078755962
0.0600240231,-0.0063392203,0.0027993442,0.0006263999,0.0268534608,0.0028375955,-0.0057533905
0.0698699951,-0.0073332097,-0.0057119606,0.0015589145,0.0194261707,-0.0014716652,-0.0057536564
0.0798660517,-0.0072977524,-0.0114289103,0.0034790186,0.003487844,-0.0079364888,0.0006184891
0.0898319483,-0.0080634486,-0.0095544932,0.001526728,-0.0089091714,-0.0459190235,0.0505072214
0.1000349522,-0.0100957584,-0.0135023771,0.006417945,0.0244265758,-0.2652794719,0.3752995431
0.1099469662,0.1228222251,-0.0038690744,0.0488491207,0.05442442,-0.2718777061,0.4623561502
0.1200120449,0.08759702,-0.0051379679,0.0380662233,0.0087692123,0.0045839632,0.1237924844
0.1301529408,0.006559724,-0.0015652358,0.0105428249,-0.0246409439,0.0300030373,-0.0014786171
0.1400769949,-0.0142921638,-0.011484134,-0.0040591811,-0.0116290571,0.0100469058,0.0123104313
0.1505949497,0.0031966288,-0.0047218679,-9.94655e-05,0.0042958474,0.0175168067,-0.0025550667
0.160400033,-0.0027918722,0.0043920996,-0.0117754787,0.0118316337,0.0112366732,0.0006254133
0.1704399586,0.0007078219,0.0069138231,-0.0081644505,0.009781532,0.0027161553,-0.0015019198
0.1805449724,0.0049744118,0.0057014646,-0.0077426881,0.0119053246,0.0037459335,-0.0089331381
0.1906110048,-0.0268744994,0.0056274952,-0.0043380111,0.0054844432,0.0058535589,-0.0025596607
0.2005779743,-0.0427847207,-0.0006340324,-1.04161e-05,-0.0031868368,0.0196345523,0.0070054149
0.2107360363,-0.0376749821,-0.003175634,0.0012211946,-0.0213163067,0.0184289385,0.0091330148
0.2207579613,-0.0311338063,-0.001806128,-0.0008441063,-0.0309759639,0.023650866,0.0091372756
0.2308180332,-0.0289219264,0.0058030607,-0.0065135215,-0.0267191678,0.0247353055,0.0070131384
0.2408570051,-0.0250761975,0.0125305774,-0.006400153,-0.0117471404,0.0216613505,0.0038230708
0.2509759665,-0.019947784,0.0087396028,-0.0072551817,-0.0064013787,0.0206400268,0.0027594042
0.2611119747,-0.0232943837,0.0025285603,-0.0043105339,0.003223259,0.0186235495,0.0059404834
0.2711019516,-0.0207477491,0.0092825117,-0.0024546238,0.0128705595,0.01447035,0.0069977585
0.2812000513,-0.0220421758,0.0059599997,-0.0046635126,0.0138818426,0.020878382,0.0123116309
0.2911510468,-0.0217101853,-0.0032538651,-0.0058496445,0.0043410687,0.0144215478,0.0112490291
0.3013499975,-0.0166721102,-0.0059509752,-0.004986689,-0.0094737085,0.0079009309,0.0059390855
0.3114329576,-0.0117408764,-0.0005950509,-0.0010166618,-0.0115461787,0.0014885711,0.001689213
0.3215830326,-0.0079401117,0.0034526112,0.004013136,-0.0019555511,0.0026060336,-0.0025601268
0.3315219879,-0.0073409583,0.0029797675,0.0060555488,0.0097706132,0.0037487959,-0.0057479306
0.3415830135,-0.0084949862,-0.001942563,0.0060150768,0.0140735628,0.0006377578,-0.0004416488
0.3516620398,-0.0038687792,-0.0022600768,0.0099603683,0.0130053693,0.0006145884,-0.0025649872
0.3616880178,-0.0011574682,-0.0101482449,0.0109464675,0.0141045628,-0.0025875964,-0.0068132617
0.3717540503,-0.006325474,-0.0079768775,0.0088496953,0.0033906661,0.0015632065,-0.0068084677
0.3819880486,-0.0068184193,0.0039796354,0.0077438504,0.001204716,0.0068774777,-0.0025582626
0.3920630217,-0.0006781425,0.0020555677,0.0116412789,-0.0105017405,0.0035919361,-0.002556931
0.4020860195,0.0014825854,-0.0049021421,0.0126630217,-0.0072491942,-0.0017199386,-0.0078692054
0.4121739864,0.0016898829,-0.0020201979,0.0106994659,0.0108717512,0.0005743748,-0.0057490626
0.4222639799,0.0009305719,0.000222397,0.0076719667,0.020431675,0.0048886295,-0.0078731328
0.4322929382,-0.001920661,-0.0023596464,0.0075614597,0.0173043236,-0.0025732815,-0.0089378646
0.4423650503,8.19657e-05,-0.0047148345,0.0083988458,0.0162717644,-0.0057665454,-0.0089382641
0.4524459839,0.0003279838,-0.003324437,0.0082689077,0.0087699052,-0.0026487825,-0.0089348024
0.4625149965,-0.0032982361,0.00240649,0.0043490673,-0.0050188778,-0.0112503935,-0.0078744646
0.4725819826,-0.0041246396,0.0052625658,0.0033618954,-0.0071424833,-0.0123300385,-0.0078744646
0.4826680422,-0.0049898457,0.004425657,-0.0015546533,-0.0060127173,-0.018693395,-0.0089399954
0.4927400351,-0.0038892683,0.0045055868,-0.0015855285,0.0046564396,-0.018627882,-0.0131898681
0.5027929544,-0.007694548,0.0027205171,-0.0026109072,0.0205824077,-0.0099944463,-0.0121264672
0.5128389597,-0.0134142172,0.0039699199,-0.004667744,0.0205408633,-0.0057365848,-0.0100007327
0.5229239464,-0.0084894281,-0.0005658446,0.0030587462,0.0119936084,-0.0047147297,-0.0046898564
0.5329890251,-0.0065260883,-0.0052469848,0.0040033008,-0.003041001,0.0047176545,-0.0025577298
0.5431120396,-0.0054938551,-0.0044155894,0.0069671422,-0.0158157069,0.0014231909,-0.0025565315
0.5533330441,-0.0034017917,-0.0046807704,0.0050919801,-0.0125743728,-0.0028274804,-0.0078684725
0.5631649494,-0.0042441022,-0.0019761501,0.004146948,-0.0093923202,-0.0006568711,-0.0046826662
0.5732690096,-0.0070577022,0.0007574083,0.0031912473,-0.0029575909,-0.0037839548,-0.004685862
0.5833159685,-0.0048259329,-0.0041675745,-0.000688717,0.0046378504,-0.0164855011,-0.0100029958
0.5935299397,-0.0043575522,-0.0032349704,-0.005582795,0.0110789724,-0.020728983,-0.0185011439
0.6034959555,-0.0040711742,0.0008942605,-0.0008138272,0.02168376,-0.0143257454,-0.0269944295
0.6135280132,-0.001897132,-0.0006583511,-0.0009240361,0.0259911567,-0.0185809433,-0.0344302393
0.6235749722,-0.0026789587,-0.0012365758,-0.0020236822,0.0216386989,-0.0101235434,-0.0333628468
0.634057045,-0.0045908671,-0.0018766999,-0.0040714596,0.0215737168,-0.0037713717,-0.035483256
0.6437219381,-0.0006380435,-0.0006224691,-0.0060873479,0.0216122791,-0.0080281682,-0.0376100577
0.6538879871,0.0004163552,0.0015057147,-0.008098349,0.0183278043,0.0004595926,-0.0333577879
0.6638480425,-0.0064399596,-0.0021984456,-0.0110816211,0.0086987447,0.0036131081,-0.024858376
0.674186945,-0.0045007821,-0.0021462617,-0.0062242602,-0.0030242233,0.0025118911,-0.015299757
0.6839729548,-0.0034927037,0.0026479186,-0.0081627816,0.0044232523,0.004699545,-0.0153009556
0.6940239668,-0.0064835008,0.0037002983,-0.007218644,0.0139965173,0.0079802927,-0.0131781502
0.7041130066,-0.0026161429,0.0038702311,-0.0052883481,0.0161420666,0.00691636,-0.0163638238
0.7144320011,0.0022646505,0.0001315297,-0.0062758178,0.011976351,-0.0037794276,-0.0238007009
0.7242590189,0.002296621,0.0031928243,-0.0043805689,0.021638833,-0.0101093622,-0.0312395748
0.7343130112,-0.0026616734,0.0053275051,0.0023827699,0.020404458,0.0068989163,-0.0248599742
0.7445160151,-0.0076189619,0.0035487236,0.0052429587,0.0139116431,0.0153256236,-0.0259174481
0.7546219826,-0.0057831015,-0.0012131511,0.0013483909,0.0086063594,0.0120752361,-0.0291031208
0.764508009,-0.0088569429,0.0065629901,-0.0015880915,0.0085587697,0.0174066834,-0.0248519834
0.7746039629,-0.0119245108,0.0123727741,-0.0016028734,0.0031821141,0.0216248669,-0.0216631144
0.7846549749,-0.0033169072,0.0045716884,-0.0034747573,0.0085299537,0.0205956865,-0.0237876512
0.7946449518,0.0003239605,0.0066025676,-0.0044554919,0.0180824474,0.026005365,-0.0206019767
0.8047740459,0.0029622633,0.0165141933,-0.0044848775,0.0298226178,0.0260859244,-0.0237891171
0.8148579597,0.0027093459,0.0138425948,-0.0035570713,0.0308892168,0.0260883234,-0.0248511843
0.8248920441,0.0084452424,0.0072919251,0.0032418517,0.0202689543,0.0206908956,-0.0248519834
0.8347129822,0.0063423757,0.0045191171,0.0061468626,0.0032385727,0.0163115934,-0.0227262489
0.8450109959,0.0053353254,0.0044271173,0.0081123263,-0.0052564861,0.0120145828,-0.0195416417
0.855085969,0.0093235765,0.0110075595,0.0091444999,-0.0073172385,0.004555068,-0.0216684416
0.8651670218,0.0113035534,0.0128553929,0.0130776316,0.0002591601,-0.0059825941,-0.020614028
0.8752720356,0.0093350727,0.009918523,0.0130838305,0.0119538996,-0.0016498975,-0.0227384325
0.8852959871,0.0073054824,0.0079059722,0.0130947977,0.0140298614,0.004775445,-0.0163640901
0.8952989578,0.0033138636,0.008807254,0.0160350949,0.0055807163,-0.0037525296,-0.0110572083
0.9055629969,0.0081164781,0.0097111883,0.0180294067,-0.0050785607,-0.0048716567,-0.0057465327
0.9155099392,0.0061287154,0.0096792402,0.0112017542,0.0055495831,-0.0005413566,-0.0068088677
0.9256919622,0.0021833498,0.0087837996,0.0062965895,0.0151974969,-0.004709004,-0.0078745978
0.9356509447,0.0050708968,0.0127478065,0.0053031589,0.0184430927,-0.008904282,-0.0046921205
0.9456950426,0.0040700752,0.0108726444,0.0082174093,0.0152453016,-0.0088979565,0.000618023
0.9557770491,-0.0008538347,0.0050609233,0.0072339326,0.0034232624,-0.0004916887,0.0038106204
0.9658390284,-0.0018449184,0.0011187316,0.008229807,-0.006156927,-0.0026629642,0.0091209635
0.9760420322,0.0011153687,0.0068162503,0.0072869807,-0.0093892049,0.0005059312,0.0112469653
0.9859509468,0.0011237208,0.011553538,0.005365923,-0.0029140217,-0.006885739,0.0080560325
0.9960240126,-0.0017429572,0.0104964497,0.0014728454,0.006732746,-0.0110458629,0.0080515053
1.0061089993,0.0023141373,0.0076028826,0.0014711169,0.0131970104,-0.01735509,0.0080458457
1.016168952,0.0054295231,0.0017715514,0.0044070031,0.0068602851,-0.0237493403,0.0122914566
1.0262149572,0.0056649912,-0.0012135684,0.006361797,-0.0027517285,-0.0227732249,0.0122953858
1.0362989902,8.8321e-05,-0.0041660545,0.0004874018,0.0057826373,-0.0227332786,0.0069842427
1.0463680029,-0.0006875899,0.0007835747,-0.0015075656,0.0110062668,-0.0121031376,0.0027398299
1.0564129353,0.001436742,-0.0020811139,-0.0024984928,0.0132113639,-0.0195599888,-0.0046970472
1.0664910078,0.0015580673,-0.0078869043,-0.0034753534,0.0110456562,-0.0164313745,-0.0100027965
1.0765769482,0.000709245,-0.0078963218,-0.0034977647,0.0056482274,-0.0100842621,-0.0057510599
1.0866550207,-0.0031779092,-0.0128339706,-0.003481135,-0.0050851377,-0.0038049943,-0.0046829325
1.0966960192,-0.0012567919,-0.0139228581,0.0004655269,-0.0242716148,-0.0060878554,-0.0036174017
1.1067650318,-0.000244638,-0.0093041239,-0.001425192,-0.0285340566,-0.0072058504,-0.0068033417
1.1168069839,-0.0041483995,-0.004662591,-0.0033361169,-0.025437599,0.003452919,-0.003613407
1.1268620491,-0.0071388911,-0.0049439846,-0.0052271341,-0.0276136436,0.007656652,-0.0067952853
1.1369529963,-0.0081862863,-0.0041982112,-0.0051587676,-0.0254367739,0.0034312806,-0.0067979484
1.1471300125,-0.0092188399,0.0024997415,-0.0080743283,-0.0126549071,0.0056517581,-0.008924149
1.1570739746,-0.0092632677,0.0073036673,-0.0100096911,-0.0168999843,0.0035201637,-0.0046769404
1.1672749519,-0.0083273705,0.0024306299,-0.0051151365,-0.0190419387,0.0045685838,-0.0036132075
1.1772500277,-0.0063608494,-0.0034207581,-0.0041181897,-0.0147100408,-0.0017670761,-0.0046792706
1.18729496,-0.0063710343,0.0004796506,-0.0002301785,-0.0019606641,0.0036792876,-0.0004343917
1.1974339485,-0.0063809287,0.0005677165,0.0026651768,0.0064922092,0.012255732,0.0016913435
1.2074290514,-0.0005232301,-0.0041784523,-0.0031832906,0.0118415952,0.0112117734,-0.0025558658
1.217525959,-0.0014500972,-0.0031426428,-0.0129455179,0.004508581,-0.0026672911,-0.0057463329
1.2276979685,-0.0052746516,-0.0031462191,-0.0090719908,0.0001689065,0.0047568027,-0.0004322611
1.2376509905,-0.0052521136,-0.0119882701,-0.0051264018,-0.0030463282,0.0057482976,-0.0068017435
1.2477270365,-0.000325976,-0.0120350597,-0.0041197985,-0.0040789675,0.0014267192,-0.0174226295
1.2577810287,0.0016432721,-0.0013256251,-0.0031632634,0.0012859702,-0.0017443066,-0.0227345694
1.2678179741,-0.0032319557,-0.0012829184,-0.0041726679,0.006622199,-0.0017050249,-0.0237973053
1.2779170275,-0.000261603,-0.0040774522,-0.0022511932,0.0109407809,-0.007014303,-0.030171847
1.2879459858,-0.0003031101,-0.00388934,0.0016068963,0.0172774531,-0.0006058053,-0.0322942548
1.2981280088,-0.0023461115,0.0021442296,0.0025068072,0.0150931282,0.0047221147,-0.0259202439
1.3084640503,-0.0044256654,-0.0025658784,0.0005355028,0.0117796762,0.0163918212,-0.0216653123
1.3181589842,-0.0026597809,-0.003386247,0.003440812,0.0010151789,0.0258822627,-0.0163488444
1.3289630413,-0.0019433629,0.0005483152,-0.0014372917,-0.0085887657,0.0257911794,-0.0174079835
1.3392499685,-0.0012356248,0.0033915462,-0.0052915663,-0.0043101301,0.0247605368,-0.0184713826
1.3485850096,-0.0044400077,0.0053680064,-0.0043213814,0.0105974711,0.0280883573,-0.0163503755
1.358314991,-0.0018039029,0.0094549479,-0.0024099203,0.0180460662,0.0302756112,-0.0163511746
1.3683749437,0.0007783938,0.0107100131,0.0043785125,0.0233377144,0.0345880687,-0.0131660327
1.3785870075,0.003413232,0.0108921053,0.0063035041,0.013790017,0.0292407051,-0.006795485
1.3888310194,0.0061328132,0.0031612637,0.0043823863,-0.004304884,0.0248511508,-0.0046685515
1.3985860348,0.0088410694,-0.0046664653,0.0054224874,-0.01500866,0.027934026,-0.0057260925
1.4087090492,0.008602703,-2.44259e-05,0.0093928128,-0.0277784951,0.0246805102,0.0006465188
1.4188300371,0.0103615988,0.0045535984,0.0114241987,-0.0213357732,0.0204578023,-0.0046662213
1.4289109707,0.0052959416,0.0083056809,0.0153543502,-0.0043389462,0.028049143,-0.0025444808
1.4389549494,0.002120981,0.011157793,0.0134208351,0.0052737328,0.0270443317,-0.0067946198
1.4488229752,0.0058169607,0.0073007466,0.0076100971,0.0127816377,0.0228031818,-0.0163547676
1.4589040279,0.0065552834,0.0132365646,0.0095359236,0.018160956,0.0186196212,-0.0142346257
1.4689970016,0.0054093618,0.0094895186,0.0085321218,0.009775728,0.0037256265,-0.0089309402
1.4792480469,0.0113010649,-0.0001323103,0.0085498244,-0.0017554406,-0.0165376998,-0.0089364005
1.4894160032,0.009422997,0.0028269114,0.0143671781,0.0003694696,-0.0154087208,-0.0015046494
1.4993950129,0.0026368368,0.0155044617,0.0152672678,0.0088148862,-0.005729727,0.0069924323
1.5096139908,0.0075936485,0.0116608264,0.0143028647,0.0066900565,-0.0068302779,0.0038071584
1.5194890499,0.004755849,-0.0029637096,0.0084897429,-0.0007601362,-0.0090383049,0.0006225504
1.5296310186,0.0048314799,0.0047655823,0.0065261871,0.0014290875,-0.0143324025,-0.0004416488
1.5397280455,0.0059178565,0.007646841,0.004575267,0.0067444905,-0.0121499421,0.0016816894
1.5496790409,0.0050210077,0.0028105201,0.0074936897,0.0078215264,-0.0132013578,0.0016806243
1.5597330332,0.0060430709,-0.0029324768,0.0104149133,0.0035439562,-0.0121568665,0.0048676291
1.5698000193,0.0070773978,0.0019460142,0.0152599961,-0.0008119093,-0.0036840201,0.0080570308
1.5798909664,0.0061830971,0.0018546105,0.0055366904,0.0034970855,-0.0079184454,0.003806626
1.5898029804,0.0072343145,0.001850915,0.0045568496,0.0045557451,-0.0068346723,0.0059308959
1.6000269651,0.0072873626,0.0029353322,0.0064754039,0.0067086443,-0.0089726578,0.0006202867
1.6100820303,0.0064318348,-0.0009671031,0.0035370139,-0.0006644242,-0.0185943916,-0.0004439125
1.620133996,0.0056369323,-0.0029765246,0.0025820283,-0.0070032803,-0.0250163376,-0.0004455104
1.630259037,0.0009667296,0.0018023372,0.0006018428,-0.0080383169,-0.028194489,0.0016764298
1.6402499676,0.0002472195,0.0066469731,-0.0052773808,0.0015519932,-0.0270911418,-0.0046962486
1.6503410339,-0.0043988507,0.0096035125,-0.0092309564,0.0058422647,-0.0291973688,-0.0078830533
1.6603759527,-0.0071290936,0.0047637643,-0.0082737058,-0.007013347,-0.0239626598,-0.0015063806
1.6704919338,-0.009901261,-0.0031454442,-0.0072750901,-0.0177019425,-0.0219068341,0.002745223
1.6804989576,-0.0087207463,0.001509291,-0.0082073659,-0.0219699256,-0.0219371915,0.0038080905
1.6905839443,-0.0066089239,0.0042329254,-0.009143576,-0.0220319759,-0.0155220367,0.0112432372
1.7006059885,-0.0084601101,-0.0017869055,-0.0022752138,-0.0220937636,-0.00912832,0.0154936416
1.7106560469,-0.0005341377,-0.0048811613,-0.0070746397,-0.0071780896,-0.0069174971,0.0091202976
1.7207479477,0.0005048383,-7.70866e-05,-0.0080415457,0.0066189496,0.0006168522,0.0069969599
1.7308729887,-0.0043690335,0.0048459591,-0.0090697855,0.0193903781,0.0038911421,0.0038097547
1.7409130335,-0.0072899144,-0.0037548719,-0.0100706667,0.0172715671,0.001674327,-0.0078706034
1.7510290146,-0.0013863351,-0.0074896691,-0.0100850314,0.0109301005,-0.0047964887,-0.0153044173
1.7611379623,-0.0003696513,-0.0074356375,-0.0052170008,0.00025988,-0.0048758509,-0.0131781502
1.7711149454,-0.002275167,-0.008468586,-0.0022876712,-0.0114905443,-0.0039026653,-0.0110519491
1.7811900377,0.0017080475,-0.0046556471,0.0025996116,-0.0103919916,-0.0070832781,-0.0121156154
1.7912750244,0.0036851633,-0.0037305234,0.004565015,-0.00512964,0.0003970084,-0.01105115
1.8012969494,0.0016789604,-0.001799184,0.005535081,0.0001868289,0.0025933173,-0.0068042069
1.8113800287,0.0007156674,0.0001313807,0.0055360938,0.0012643989,0.0015488255,-0.00574347
1.8214570284,0.0046660546,-0.0008001803,0.0016458777,0.0055632731,-0.0016176729,-0.00893154
1.8315030336,0.0027366448,0.0021768929,-0.0022975656,0.00452914,-0.0048388331,-0.0131789492
1.8415119648,-0.0002057757,0.0032345178,-0.0013586136,0.0013069818,-0.0027378653,-0.0121152829
1.8516639471,-0.0011471715,-0.0025689183,0.0006001738,-0.0071538286,-0.0102329329,-0.0110546788
1.8617219925,-0.0010801014,-0.0045836447,0.0006161479,-0.0178251155,-0.0103261434,-0.0110520152
1.8717780113,-0.0020360705,0.003047538,-0.0022974464,-0.0135975853,-0.0060311966,-0.008927145
1.8818650246,-0.0059331115,0.0078513147,-0.0052298158,-0.0008453047,-0.0006143274,-0.0089276778
1.8919270039,-0.0050083231,0.0127390148,-0.0032935592,0.0012041302,0.007934886,-0.0025541347
1.9019960165,-0.0041558724,0.0059614601,-0.0013192745,-0.003098472,0.0110529158,-0.0067986809
1.912045002,-0.0053004455,5.10932e-05,-0.001269147,-0.0116984062,0.0173724629,-0.0025465447
1.9221600294,-0.005510984,0.0066833617,0.0016919521,-0.0181714855,0.0247989539,0.0059532002
1.9321949482,-0.0027272087,0.0055167498,-0.0040760487,-0.0212748405,0.0152425338,0.0091348123
1.9422340393,-0.0008741897,0.0082452716,-0.0040178751,-0.0180191267,0.0099793281,0.0112549551
1.9523249865,7.83894e-05,0.0051973881,-0.0049410313,-0.0051724091,0.0058334521,0.0091258902
1.9623880386,0.0020717625,0.0031829001,-0.0019934627,-0.0019076401,-0.0005115292,0.008060093
1.9725270271,0.0021428484,0.0011894525,0.0009490994,-0.0007796325,-0.0069027161,0.0027474866
1.9825099707,0.0012919921,0.0030766847,-0.0010026547,0.0013647452,-0.0079520019,0.0016846191
1.9925739765,0.0023491252,0.0031469883,0.0028661636,0.0066685104,-0.0047437581,-0.0014999225
2.0026578903,0.0073158238,0.0061485292,0.0048098709,0.0141266929,-0.0036313557,-0.0036248586
2.0127191544,0.0083536897,0.0014116884,0.0028317717,0.0162681676,-0.0047009476,-0.0078735994
2.0227198601,0.0044606645,0.0015320004,-0.0040409421,0.0194253456,-0.0004497438,-0.0110576749
2.0328769684,0.0004893336,0.0036212327,-0.0040937518,0.0183098,0.0048940219,-0.0036217293
2.0429258347,0.0004273001,0.0018793166,-0.0031660649,0.0225889683,0.0038703028,-0.0036233275
2.0529940128,-0.0006227251,0.0059314789,0.0006852893,0.0129584717,0.0070101032,0.0027523469
2.0631451607,0.0012828205,0.0021570446,0.006523564,0.0087032728,0.0059464369,0.0080618914
2.0734491348,0.0022190977,0.0002572955,0.0074926764,0.0033682687,0.005928061,0.0123098986
2.0832691193,0.0021454487,0.0002277316,0.0075062662,-0.0030563418,0.007987217,0.0112507595
2.0932579041,0.004048625,-0.0027237413,0.0055791885,0.0012419736,0.0048209182,0.0080624903
2.1033439636,0.0049701575,0.0031561079,0.0084880143,0.0108344136,0.0059519624,0.0059370217
2.1133849621,0.0049191955,0.0062108757,0.008453384,0.0214819182,0.0081324931,0.0006264786
2.1234500408,0.0048259962,0.0006041051,0.0113281161,0.0246715862,0.00920761,-0.0014973925
2.1334991455,0.0037856791,-0.0040611206,0.0083630234,0.0214699879,0.0091868378,-0.0004350575
2.1435718536,0.0007471088,-0.0048964499,0.0083365589,0.004375156,0.0111666322,0.0006320712
2.1536598206,-0.0022332277,-0.0049552796,0.0063838512,-0.0104804887,0.0025342617,-0.0014920661
2.1637101173,-0.0012900587,-0.0031168042,0.0034991649,-0.0105113806,0.0057311202,0.0006331364
2.1737799644,-0.0023416784,0.0016903103,0.0025264171,0.0001212619,0.0101024993,0.0059420811
2.1838469505,-0.0005131718,-0.004112917,0.0044958736,0.0054467856,0.0112170326,0.0070030848
2.1939001083,0.0004096422,-0.0021470962,0.0015635637,0.0023198621,0.00374074,0.0038152812
2.204020977,0.0013749022,-0.0011470198,0.0025345234,0.0012639184,0.0026773398,0.0048768166
2.2140579224,-0.0045505147,-0.0050507365,0.0035030989,-0.0084222648,0.0111230221,0.0112542892
2.2241201401,-0.003660677,-0.0071124909,0.0045352126,-0.0201612134,0.0110135665,0.0101954164
2.2341649532,0.0011644457,0.0024424018,0.0026326326,-0.0191098228,0.0120501351,0.0048858053
2.2447299957,0.0020788182,-0.0006474136,-0.0021853896,-0.0180325732,0.0109915286,0.003823204
2.2542581558,-0.0029319059,-0.0047127185,-0.0021447393,-0.0159529112,0.0163227785,0.0048864712
2.2643640041,0.0018483866,7.6712e-06,0.0018091945,-0.0169348195,0.0078254305,0.0048824763
2.274433136,0.0027790386,-0.001085478,0.0028404144,-0.0115475124,0.0025462459,0.0016930746
2.2850050926,0.0018254761,0.0007480801,-0.0010421129,-0.0093599902,-0.0027401289,0.0016898788
2.2945950031,0.0038817469,0.0016773761,-0.0029888006,-0.003968101,-0.0079996064,0.0016869493
2.3046460152,0.0059275795,0.0007754983,-0.0039772242,0.0120345671,-0.0079151839,-0.0068114642
2.3147249222,0.0059738103,0.0039164843,-0.0030811878,0.0301404409,-0.0046223179,-0.0142468764
2.3247799873,0.0049165804,-0.0026049791,0.0027136949,0.0203882121,0.0101616886,-0.0121134184
2.3348660469,-8.72296e-05,-0.0083771823,0.0036783365,-0.0094779152,0.0088813733,-0.0057358136
2.3449268341,-0.0011449885,-0.0026899753,-0.0011750313,-0.0190575719,0.0067170225,0.0006363322
2.3549919128,-0.0051743221,-0.0010053694,-0.0011120888,-0.0319642909,0.0172773227,0.0102012753
2.3650240898,-0.0013566595,0.0035457732,-4.27219e-05,-0.0307709277,0.0045338292,0.0070092101
2.3751649857,0.0035511646,0.0062687816,0.0019771603,-0.0082670031,-0.0048757847,-0.0014946628
2.3851590157,-0.003319947,0.012174529,0.0048456937,0.0204623789,0.003891608,0.002749617
2.395234108,-0.003418779,0.0085480632,0.0086900741,0.0321542695,0.0082395514,0.00274742
2.4068498611,0.0033627618,-0.0018673717,0.0057345182,0.0193796195,0.0049308403,0.0006254133
2.4154658318,0.0033734683,-0.0036171256,0.0017882732,0.0109175313,-0.0025708852,0.0006239485
2.4256060123,0.0033995155,-0.0025769649,0.0027402786,0.0024023401,-0.0047605359,0.0016868161
2.435585022,0.0015399102,-0.0045683859,0.0037246493,-0.0146577097,-0.0059718755,0.001691743
2.4456169605,0.00159158,-0.0067310212,0.0028057841,-0.025353495,-0.0039846245,-0.0046753427
2.4556398392,-0.0003395882,-0.0050328253,-0.0010396692,-0.0168627538,0.0003210416,-0.0067998795
2.4657859802,-0.0013636108,0.0036096992,0.0057875062,-0.0019453233,0.0025596947,-0.0089261476
2.4757771492,-0.0003976357,0.0036058249,0.0038526205,0.0023730453,-0.0027423925,-0.0142391538
2.4858140945,0.0034949128,-0.0012436389,0.0029026417,-0.0061314944,-0.0059930473,-0.0131768184
2.4962780476,0.0035310332,-0.0012902796,0.0029127148,-0.0071522295,-0.0102619622,-0.015300557
2.5062949657,-0.0002980139,0.001601112,0.0038594154,-0.0017942162,-0.0123235136,-0.0131793488
2.5167040825,0.0007807929,0.0064781131,0.0048259045,-0.0060840352,-0.0101889912,-0.0057459334
2.5262651443,0.0028219614,0.0015255035,0.0029047874,-0.0177856982,-0.0134122148,0.0038116192
2.5367779732,0.0029331166,-0.0034601269,0.0048861057,-0.0114367772,-0.0080439467,0.0048740869
2.546626091,0.0020179022,0.0071810307,0.0058579594,0.0013069818,-0.0015383777,0.009121296
2.5562460423,0.0010620002,0.0032808604,0.0009872464,0.0023633521,-0.0004893583,0.0059366883
2.5661101341,0.0050182138,-0.0025338409,0.0009960679,0.0002919454,-0.0068878694,0.0038104209
2.5764839649,0.0051078964,0.0023510577,4.0678e-06,0.0045902599,-0.0100541683,0.0006221509
2.5865700245,0.0013354514,0.0014191092,-0.0029476138,0.0057394141,-0.0185744204,-0.0057531907
2.5963900089,0.0014772434,0.0005508782,0.0028594879,0.015331055,-0.0174786616,-0.0131870043
2.6064658165,0.004553901,0.0036699595,0.0037735251,0.0228222609,-0.0195354205,-0.0131899342
2.6165628433,0.0017985571,0.0019756081,0.0036747006,0.0228519812,-0.0227176324,-0.0131923314
2.6265759468,4.28054e-05,-0.0007595895,0.0026497988,0.0175477639,-0.025954172,-0.0142543996
2.6366910934,0.0002531577,0.0022661807,0.0006311086,0.0079151355,-0.0228420682,-0.0121259354
2.6467308998,-0.0034594294,0.0052568438,-0.005266652,0.0079699969,-0.0281263124,-0.0089431917
2.6568350792,-0.0032488611,0.003355247,-0.0072343796,0.003675757,-0.0260542389,-0.011065864
2.6668548584,-0.0020678993,0.0043798806,-0.0043443297,0.0068047051,-0.0185715556,-0.006815725
2.6769239902,-0.0068731811,0.0005782367,-0.0014571401,0.0076949201,-0.0004982136,-0.002558995
2.6869800091,-0.0040236991,-0.0033002971,0.0014892963,-0.0020019161,0.0090084728,0.0038190095
2.6972270012,0.002688745,-0.0111590503,0.0025472192,-0.0138479229,0.0195021257,0.0017036607
2.707242012,0.0044907201,-0.01131438,-0.0003121945,-0.0180961974,0.0173289869,-0.000419944
2.7174139023,0.0004531089,0.0011492193,-0.002258763,-0.0105809961,0.0131777171,0.0038234703
2.7275028229,0.0042657871,0.0088726403,-0.0012591931,0.0043753162,0.0111238882,-0.0057375445
2.7375149727,0.0032174755,0.0099577429,-0.0012987705,0.0172606483,0.0027069675,-0.0121166147
2.7476420403,0.0012611095,0.006225002,-0.0013418051,0.0173762292,-0.0089848414,-0.01530788
2.7576761246,0.0023473818,0.0024699988,-0.0013719054,0.0089215189,-0.0175677426,-0.0184958838
2.7677030563,-0.000444388,-0.006220567,-0.0004060122,-0.0049591428,-0.0165932924,-0.0131828766
2.7777910233,-0.0052261855,-0.006281036,0.0015244035,-0.0156973824,-0.0092052855,-0.0046808687
2.787858963,-0.0061834585,0.0023622932,0.0034771112,-0.0136877596,0.0035869423,0.0016958043
2.7979669571,-0.0062163379,0.0109768631,0.0015463976,-0.0083673233,0.0057676053,0.0038209402
2.8080229759,-0.0033284705,0.0147923948,-0.0023238512,0.001266662,0.002640788,-0.0004302638
2.8180861473,0.0005379487,0.011869234,-0.0042440747,0.0076117762,0.0080317585,0.0038156805
2.8281540871,-0.0015144926,0.0070806565,0.0006165055,0.0086192507,0.0144624934,0.0123130288
2.8381938934,0.0012801606,0.005211425,0.000623062,0.0075428006,0.0155065851,0.011252691
2.8482079506,0.0021564681,0.0062754871,-0.0032915922,0.0160595905,0.0177170094,0.0133752311
2.8591120243,0.0040510464,0.0074181678,-0.0052694529,0.0150144855,0.0155925397,0.0144362999
2.8687429428,0.0059042964,0.0065817358,-0.0033430906,0.0149702765,0.0198157802,0.0112530235
2.8786530495,0.0028340537,-0.0011287808,-0.006270811,0.0117716864,0.019786818,0.011254821
2.8884811401,-0.0002582874,-0.004025775,-0.004322574,0.0042900685,0.0207687262,0.0091336137
2.8985509872,-0.0033370908,-0.0040750084,-0.0072319363,4.34723e-05,0.0186447892,0.0144418925
2.9086971283,0.0004608053,0.0026373984,-0.0071973056,-0.010605976,0.0164364949,0.0155052934
2.9187059402,0.0032802839,0.0044679763,-0.0032505246,-0.0116453292,0.0132171996,0.0112560205
2.9287791252,0.0031972621,0.0005016745,0.0026275662,-0.0041328175,0.0090384334,0.0112520251
2.9388689995,0.0011260156,-0.001481223,0.0084915906,0.0043531852,0.0144172199,0.0112533569
2.948923111,0.0010303874,0.0005198242,0.0075089484,0.0107975025,0.0102152843,0.0091260243
2.9589719772,0.0019790921,-0.0003392874,0.005537882,0.0183370449,0.0028268099,0.0048722234
2.9690480232,0.0029986892,-0.0001761495,-0.0013336989,0.0152096944,-0.0046351012,0.0038074914
2.9791359901,0.0031107012,-0.0049165366,-0.0003807994,0.0067484318,-0.0121584646,0.0006214851
2.9891870022,0.0022002105,-0.0048594652,0.0054459125,0.0056285728,-0.0068558445,0.0016862168
2.9992749691,-0.0026823264,-0.0058051525,0.0093150884,0.0023639631,-0.0005038062,0.0038136831
3.0092959404,-0.0017224308,-0.0018885612,0.0093093067,0.0023096344,0.0047873622,0.0016927416
3.0193660259,-0.0037414338,5.49675e-05,0.0044267322,0.0011764336,0.0111234877,-0.0014894028
3.0294690132,-0.0028586965,-0.0009386717,0.000548437,-0.0084069511,0.0089106681,-0.0025498737
3.0395350456,0.0019563232,-0.0059134243,0.0005980281,-0.0157926939,0.0003435451,-0.0046758754
3.0495438576,0.0039064158,-0.0060766814,0.0026155857,-0.018970646,-0.0017787279,-0.0004289321
3.0596299171,0.0009662975,-0.0023563085,0.0026283411,-0.0158207919,0.0035892061,0.0048816106
3.0697300434,0.0009489972,0.002436948,0.0016734151,-0.0040616039,0.0015628069,0.0038158137
3.0797350407,0.0038680602,0.0025259079,0.0055602342,0.0119138462,0.0048570037,-0.0004328603
3.0897598267,0.0037903655,-0.0001994847,0.0064907814,0.0225206837,0.0113093108,-0.0014941301
3.0999960899,0.0046817232,-0.0028976677,0.0035191325,0.0236170534,0.0081152488,-0.004681801
3.1099600792,0.0036882032,-0.0007790505,-0.000434384,0.014109835,-0.0015038233,-0.002560593
3.1200408936,0.0037042368,-0.0026115356,-0.0014299604,0.0066541033,-0.0037241001,-0.0078704031
3.1301009655,0.0037317965,-0.0034707068,-0.0043927878,0.0120169111,-0.0069228234,-0.0174295548
3.140182972,0.0018055979,0.0025359215,-0.0005647989,0.0206200127,-0.0132435039,-0.0216805581
3.1502079964,-0.0011062305,0.0037670555,0.0042303349,0.0290739499,-0.0046532108,-0.0174312182
3.1602640152,-0.0021217149,0.0021091225,0.0041549946,0.0290322471,-0.0004024063,-0.0163671523
3.1703369617,-0.0031305458,-0.0015271186,0.0001930741,0.024729643,0.0027156225,-0.0206116978
3.1804318428,-0.0022651087,-0.0003650664,-0.0027838799,0.0150647666,0.0090392986,-0.0142352916
3.1905100346,-0.0043538418,-0.0021932302,-0.0018277022,0.0065000402,0.0122031346,-0.005737145
3.2005929947,-0.0054460522,-0.0051019667,-0.0008442851,-0.0063052652,0.012126768,-0.000425803
3.2106039524,-0.0006705727,-0.0032368181,-0.0046909903,-0.0084496411,0.0131760538,0.0006370646
3.2207708359,-0.0017780717,0.0025283517,-0.0066323131,7.1222e-05,0.0153921358,0.0038226712
3.2307879925,-0.001929475,0.0015662134,-0.0007780644,0.0032752706,0.0154547207,0.009130884
3.2408180237,0.0018485058,-0.0032802699,0.0021745113,-0.0052948082,0.0185564384,0.0080726109
3.2508921623,0.0047072712,-0.0062519191,0.0002739576,-0.0041248826,0.0079072556,0.0006344014
3.2609519958,0.0007727537,-0.0024131415,-0.0036353322,-0.0029961281,0.001515802,-0.0046779392
3.2710299492,-0.0002125334,-0.00143193,0.002195969,-0.0029833447,0.0004824954,-0.0004312624
3.2810668945,0.0007727686,-0.004382628,0.0070912386,-0.0104113547,-0.0038336231,-0.0014933976
3.2912311554,0.0057068188,-0.0083926497,0.0051988508,-0.0157182366,-0.0071047838,-0.007864478
3.3012280464,0.0057999138,-0.0056480644,0.0013448743,-0.0124681387,-0.0124086691,-0.012116015
3.3112578392,0.0039238576,-0.0037823496,0.0003672985,-0.0060781501,-0.0113194361,-0.0163642894
3.3213639259,0.0030454118,0.0030286135,-0.0006331655,0.0014492748,-0.0165536124,-0.015305683
3.3314189911,-0.0007518511,0.0060215415,0.0022354273,0.0089095877,-0.0154135134,-0.0131834103
3.3415629864,-0.0007384848,0.0051918151,0.0070688277,0.011937974,0.0016269891,-0.0078685386
3.3515410423,0.003162602,-0.0004992365,0.0031676439,0.0151904933,-0.0036777612,-0.0121192103
3.3616161346,0.0051502679,-0.0052176593,-0.0036834332,0.012003568,-0.0047894311,-0.0153024197
3.3716650009,-0.0007829573,-0.0060355542,-0.0008206817,0.009786753,0.0037145747,-0.0099886153
3.3817601204,-0.0008770209,-0.0079541383,0.0011339334,-0.0094243577,0.003547794,-0.0099848201
3.3917520046,0.0039522592,-0.0012786865,0.0031268147,-0.022200074,0.0002252341,-0.0142304311
3.4018850327,-9.1326e-06,-0.0015268206,0.0041605979,-0.0286102779,0.0012647324,-0.00891909
3.4119200706,-0.0069592129,-0.0037414311,0.0071420819,-0.0265809484,0.0119141806,-0.0057288893
3.4220161438,-0.0031580981,-0.0010970413,0.011134401,-0.0318826362,0.0086980816,-0.0036052177
3.4320831299,0.0035956148,-0.003320056,0.0132035166,-0.0275656506,0.0033680305,-0.0131651666
3.4421291351,0.0054947678,0.0003775181,0.0132604986,-0.0168425664,-0.0018503671,-0.014232629
3.4522161484,0.0025829468,0.0081164362,0.0093453676,0.0045639221,-0.0080299657,-0.0142411506
3.4625210762,0.0016859416,0.0092601301,0.0102550536,0.0206038747,-0.0110593121,-0.0121231386
3.4723210335,0.0046987329,0.0095228078,0.010193184,0.030218685,-0.012036426,-0.0121260686
3.4824328423,0.0047963131,0.0029942812,0.0033013967,0.0259484388,-0.012108664,-0.0174336806
3.4924919605,0.0029736925,0.0051628472,-0.0006820413,0.0185216814,-0.0164110009,-0.0163721461
3.5025279522,0.004083747,0.0033770623,0.0012195257,0.0099323215,-0.0111310836,-0.0089357346
3.5126128197,0.0002577547,-0.0004632353,0.0011833457,-0.0007469542,-0.0101286694,-0.0036235268
3.5226788521,0.0012574811,0.0004814388,0.0051009208,-0.0072516724,0.0004451447,-0.0004301306
3.5327548981,0.0061506499,0.0052534761,0.0041620876,-0.0061856098,0.0004406173,-0.0025540015
3.5427830219,0.0061136428,0.0051962556,0.0022274402,0.0001823287,0.0036521233,-0.0068014772
3.5528740883,0.0041219536,0.0051650228,-0.003627822,0.001260642,0.0026073651,-0.005740474
3.5629589558,0.005066948,0.00612278,-0.002643809,-0.0018976005,-0.0016576871,-0.004680003
3.572991848,0.0060447026,0.0070738317,0.0041911155,-0.0028922902,-0.0091217291,-0.0089306748
3.5830869675,0.0031495783,0.0060583474,0.0041982085,-0.0082862843,-0.0027473858,-0.0004312625
3.5931448936,0.0041515622,0.0117916586,0.0129885226,-0.017857952,-0.0060073617,0.0006313388
3.6031808853,0.0062064622,0.0106339576,0.0120544583,-0.018839404,-0.0145262145,-0.0025573305
3.6132779121,0.0073155183,0.0153369727,0.0072194482,-0.0113812229,-0.013413813,-0.0046822666
3.6233439445,0.0064844657,0.0113593759,0.0033385304,-0.0027924757,-0.0186294802,-0.0025643879
3.6333799362,0.0076553244,0.0074525597,0.0023673919,0.0026273234,-0.0270847511,-0.004693585
3.6434750557,0.0069377143,0.0084623517,-0.0005946013,0.0112086674,-0.0312619172,-0.0057588494
3.6535410881,0.0023609269,0.008627099,-0.009458825,0.0293589085,-0.0321852341,-0.0089493161
3.6636080742,0.0006797928,0.0108997645,-0.0086055845,0.0400180519,-0.0310304873,-0.0089519797
3.6736440659,0.0009180177,0.0064291777,-0.0057999943,0.0410447009,-0.0267494582,-0.0047029061
3.6837410927,0.0001490731,-0.0010332047,-0.0088059753,0.0324711874,-0.0236749724,-0.0100088557
3.6937880516,-0.0006649327,-0.0027536927,-0.0098547786,0.0185559038,-0.0195521321,-0.0100032622
3.7038710117,-0.0025016945,-0.0036048172,-0.0118512958,0.0131342402,-0.0110961962,-0.007874731
3.7139501572,-0.0015098508,-0.0054841219,-0.0099166483,0.0013260506,-0.0037093866,0.0016881477
3.7240140438,-0.004463939,-0.006561297,-0.0118443221,-0.0126496069,0.0067782085,0.0016982011
3.734044075,-0.010457268,-0.0076964675,-0.0098647326,-0.0148893259,0.0173834488,0.0038276648
3.7441489697,-0.0037691351,-0.0010276913,-0.0088229626,1.85175e-05,0.0206969529,0.0038255341
3.7541680336,0.0009059627,0.0058309855,-0.001993105,0.0085134683,0.0250224601,0.0048873364
3.7642419338,-0.0023281779,0.0030444684,0.0028636006,0.0180321131,0.0336229391,0.0091355443
3.7743439674,-0.0035997462,-0.0075109778,0.0009085683,0.01486162,0.0303981174,0.0070111407
3.7844059467,0.0001165736,-0.0064608036,-0.004932866,0.0074974191,0.019694671,0.0027609356
3.7952051163,-0.0009875204,-0.0015337943,-0.0049552177,0.0054899282,0.0069301417,0.0006314719
3.8045070171,-0.0039408412,-0.0043636141,-0.0030249211,0.0119642857,-0.0004896915,-0.0068062041
3.8146049976,-0.0087861475,-0.0003229855,-0.0040804599,0.018418191,-0.0057664793,-0.0110576749
3.8246688843,-0.0068246778,0.0047616484,-0.0021880718,0.024778191,-0.0014735959,-0.0121188117
3.8347058296,-0.0039320644,0.003068042,-0.0003000351,0.0257995129,0.0027381934,-0.0184877608
3.8448009491,-0.0030190479,-0.0025433777,-0.0003405067,0.0172510594,0.0037320182,-0.0174237601
3.8548760414,0.0008026604,-0.0043411134,0.0006185321,0.0054833507,0.0068471176,-0.0121102221
3.8649058342,0.0006423015,-0.0082007227,0.0016133932,-0.0042341771,0.0184613634,-0.007854159
3.8749890327,-0.0005944427,-0.0072225211,0.0035728959,0.0020860359,0.0270399377,-0.0025424834
3.8850820065,0.0010970477,-0.0004104255,0.0035869626,0.0020569544,0.030250378,0.0017065901
3.8950920105,0.0018048231,0.009328139,0.0016328243,0.0062945769,0.0334845223,0.0038307272
3.90518713,0.0005171169,0.0064905705,0.0006572751,0.0137174726,0.0377740078,0.000644588
3.9152541161,0.0021538306,0.007602823,-0.0012987705,0.0158922095,0.0335209407,-0.0036052843
3.9253511429,0.0077157337,0.0068226578,0.0016170291,0.0191546362,0.0271554515,-0.0078567546
3.9353790283,0.0084905792,0.0011977673,0.0054850131,0.0160922669,0.0133413691,-0.0068010776
3.9454431534,0.0074162949,-0.0015423178,0.0054422761,0.0140441349,0.0048414906,-0.0057428707
3.9555258751,0.0064254124,-0.0013612389,0.0014985946,0.0204969738,-0.0004491447,-0.0121179456
3.965569973,0.0093482602,0.0017977179,0.0033838896,0.0280173421,-0.0057377163,-0.0195547566
3.9756989479,0.008374894,0.0069533708,0.0032878665,0.0312192589,-0.005702829,-0.0184937529
3.9857590199,0.0044074226,0.0014037014,0.0071039945,0.0268447269,0.0048839683,-0.016363956
3.9957690239,0.0013776217,-0.0012795507,0.0089873821,0.0225772783,0.0048605325,-0.014239287
4.0058350563,0.0022369046,0.0066959383,0.0079605728,0.0225096866,0.011213636,-0.0163606275
4.0159368515,8.82987e-05,0.009828073,0.004969433,0.0202934034,0.0197245665,-0.0099850204
4.0259318352,-0.0021025967,0.0080537321,0.0068879873,0.0160512533,0.0176061559,-0.0036135404
4.0358719826,-0.0012648907,0.0013724685,-0.0018978568,0.0107491668,0.014397312,-0.0004283995
4.0459418297,-0.0014039259,0.0072330358,0.001020625,-0.0030878196,0.0111415982,0.0070060808
4.0562739372,0.0005179066,0.0042474987,-0.0018748494,-0.0051471097,0.0036886751,0.0059414157
4.0662369728,0.0024550501,0.0042096796,0.0030229834,-0.0072180107,-0.0026957877,0.0059385528
4.0763511658,0.0034822691,0.010017884,0.0078970343,0.0012993114,-0.0004784395,0.0091228941
4.0863938332,0.0034794901,0.0042262198,0.0079020411,0.0098040905,0.0027579002,0.0059374208
4.0964159966,0.0024660323,0.0052544894,0.008850351,0.0066149547,0.0016897063,0.0091230944
4.10648489,0.0035200436,0.0072598876,0.0059125568,0.0120152859,-0.0046370984,0.0080572302
4.1166291237,0.0006727893,0.0043957355,0.0068528797,0.0003013723,-0.006820092,0.0144299092
4.1266317368,0.0027850885,0.0043738903,0.0058876425,0.0024970425,-0.0131950332,0.0101788379
4.1367197037,0.0048959795,0.0034693601,0.00585629,0.016356932,-0.0120405527,0.0059286989
4.1467871666,0.0030384008,0.0075591924,0.0057783271,0.0258987434,-0.0055627469,0.0101765078
4.1568317413,0.0020822901,0.0058571817,0.0125343353,0.023661688,0.0050771143,0.017614983
4.1669211388,0.0069780666,-0.0017657756,0.0183817297,0.0066399341,-0.0003695828,0.0186778493
4.1769952774,0.0080144275,-0.0018047869,0.0174119622,-0.0093744528,0.0005931498,0.0250531919
4.1870760918,0.0051707048,-0.0009893357,0.011588648,-0.0125508308,-0.0015510274,0.0261158589
4.1971001625,0.0072631333,0.0027591707,0.0077247173,-0.007151803,-0.0078773666,0.02504953
4.2071881294,0.0064742733,0.0056040408,0.0067391545,0.0004237443,-0.0184360687,0.0229188018
4.2172541618,0.005770551,0.0027156593,0.0037936715,0.0143992146,-0.0289733987,0.0154773965
4.2272987366,0.0080201793,-0.0019398808,0.0085998923,0.0261222348,-0.0278366283,0.0112268589
4.2373771667,0.0082733203,-0.0085130511,0.0104878098,0.0207423847,-0.023659993,0.0080449134
4.2475199699,0.0046184454,-0.0073860167,0.007477954,0.0089939572,-0.0226732902,0.0122950524
4.2575120926,0.0019128937,-0.0083084879,0.0045167953,-0.0006283103,-0.0205936283,0.0186693277
4.2676467896,0.0040859822,-0.0055081723,0.0016154198,-0.0156153291,-0.0153928064,0.0229243282
4.2776761055,0.007203171,0.00011037,0.0055563594,-0.0251912568,-0.0187081769,0.0154925101
4.2877221107,0.0054620225,-0.006951022,-0.0002342912,-0.0219742656,-0.0208713301,0.0048724893
4.297826767,-0.0012195166,-0.0109927235,0.0007559208,-0.0092129307,-0.0165362358,0.0016860171
4.3078751564,-0.0020158794,-0.0042069135,-0.0021998736,0.0026002657,-0.0238679163,0.0006178233
4.3179211617,-0.0017721783,-0.0012436687,-0.0032081457,0.0005395114,-0.0313274302,-0.0015089771
4.3280248642,-0.003430536,-0.0011956572,-0.0051965569,0.0069386619,-0.0312986672,-0.0057583167
4.3381280899,-0.0041120406,-0.0010377943,0.0005843786,0.0187111646,-0.0343514495,-0.0015156351
4.3481488228,-0.0008935016,-0.0017651796,0.0034266261,0.0250588879,-0.0290112142,-0.0047000432
4.3581647873,-0.0025999602,-0.0055019138,-0.0005306455,0.0111755645,-0.0280713849,-0.0046960488
4.3683071136,-0.0092073213,-0.0034570573,-0.0054760431,0.0068820156,-0.0248854458,0.00167876
4.3782281876,-0.0108998697,0.0034439089,-0.0084707588,0.0100418562,-0.0205996204,0.0038036963
4.388420105,-0.0067570265,0.006476623,-0.0065689534,0.0132728312,-0.0237680487,0.0016772288
4.3984789848,-0.0016211551,-0.0002232074,-0.0085394233,0.0089925984,-0.0227581784,-0.0004447781
4.40858078,-0.0063010212,-0.0040449081,-0.0095521659,0.006810884,-0.0185310766,-0.0004438459
4.4185628891,-0.0081124436,-0.0069095371,-0.0086004585,0.0024480931,-0.0089985579,0.0027474202
4.4287080765,-0.0060296711,-0.0020372448,-0.0134976953,0.0045955861,-0.0100347269,0.0038088895
4.4389328957,-0.0019886252,-0.0058553098,-0.0174075216,0.0120835956,-0.0121330321,-0.002564854
4.4488711357,-0.0068242606,-0.0056955395,-0.0164962262,0.0172917806,0.0006454813,-0.0025596607
4.4588179588,-0.0078356545,-0.0036036847,-0.0116621703,0.0108458651,0.0048266444,-0.0036177346
4.4689531326,-0.0020370986,-0.0045155762,-0.0077500199,0.0044180593,0.0068442551,-0.0110476883
4.4792032242,-0.0022088569,-0.0064336536,-0.0009186121,-0.0095920321,0.0205299724,-0.0089136977
4.4890618324,-0.0014527347,-0.0036592958,-0.0008621069,-0.0234838538,0.0225513801,-0.0057235626
4.4991240501,0.0012733061,-0.0048915027,-0.0017344209,-0.0320203491,0.0224837344,-0.0046596299
4.5091948509,0.0059698764,-0.0012947499,-0.0035738202,-0.0298648141,0.0203874931,-0.0035996251
4.5192508698,0.0028527547,0.0042429389,-0.0054653739,-0.0287843682,0.0193704329,0.0017085874
4.529340744,-0.0002615582,0.0049882354,-0.0034451934,-0.0191610903,0.0173188671,-0.0004188787
4.5393900871,-0.0003519785,0.0038415315,-0.0053314418,-0.0148286587,0.0109901307,-0.0004231399
4.549489975,-0.0014455896,0.0056775035,-0.0033529254,-0.0105311424,0.0078383461,-0.0014884707
4.5595240593,0.0004439968,0.0075801136,-0.0013807865,-0.0041209124,0.0067917239,-0.0078614159
4.5696110725,0.0013412628,0.0056304159,-0.0003949257,-0.0019779745,0.0057287235,-0.0110480208
4.5796351433,0.0003055427,-0.0040705083,-0.0013571235,0.000197296,0.0014825792,-0.0142360907
4.5896821022,-0.0017430317,-0.0040854393,0.0015827564,-0.0040886104,0.0035659038,-0.0142325629
4.5998439789,0.001096243,-0.0041193245,0.003556445,-0.0051962193,0.0078282934,-0.0099829566
4.6099052429,-0.001947185,-0.0003232537,0.0025955585,-0.0062935464,0.0110298116,-0.0057340157
4.6198749542,-0.0040207487,0.0064397575,0.0016093997,0.0022333618,0.0121723078,-0.0046738111
4.6300039291,-0.0031512957,0.0064993026,-0.0022935721,0.0129061937,0.0122507382,-0.0067991465
4.6400709152,-0.0023157503,0.0115406634,-0.0013554546,0.0289221779,0.0113087781,-0.0099890819
4.6500749588,-0.0014882889,0.0021016421,-0.0033504816,0.0310094021,0.0155587839,-0.0121122859
4.6602249146,-0.0036489125,-0.0044022677,0.00048919,0.0256540515,0.0176549572,-0.0089244824
4.6702818871,-0.0009146016,-0.0031566499,0.0023849753,0.0245599467,0.0208410975,-0.0067976154
4.680273056,0.0028019566,-0.0097482977,0.0004127172,0.0171326566,0.0165318362,-0.0067978818
4.690349102,0.0036102328,-0.0067136465,0.0023484377,0.0032687187,0.0153645724,-0.0046724132
4.7003469467,0.0064583663,-0.0009162306,-0.0005695673,-0.0051735025,0.0057271253,-0.0067986809
4.7105951309,0.0064139981,-0.0019145488,0.0004207043,0.0002049133,0.0014869735,-0.0131717585
4.7205729485,0.0063514877,0.0020136954,0.0062468201,0.0076748133,0.0015522209,-0.0131736221
4.7307062149,0.0092593376,0.0001534642,0.0062416941,0.0077204057,-0.0037927437,-0.0195486974
4.7407078743,0.0072883312,-0.0036663292,0.0081748515,0.0055744308,-0.0027642306,-0.0216712356
4.7507371902,0.0043810699,-0.0006923257,0.0032703427,0.0045707123,-0.0091536203,-0.0237975717
4.7607879639,0.001467729,0.0042515518,0.0022513417,0.0056303842,-0.0080417506,-0.0174264908
4.7708721161,0.0024393518,0.0014094234,0.0071020271,0.0002539149,-0.0038236361,-0.0142375557
4.7809371948,0.0033925492,-0.0034946976,0.0110431463,-0.0136389975,-0.0018089549,-0.0121094231
4.7910909653,0.0033126939,-0.0075113652,0.0140185505,-0.0180115364,0.0087913582,-0.0078556892
4.8011021614,0.000210436,7.95842e-05,0.0179445297,-0.019179333,0.0194682386,0.0038297286
4.8111391068,-0.00097364,0.005766076,0.0150702149,-0.0096237762,0.0249052811,0.011262944
4.8212418556,0.0046993364,0.0105409445,0.0092594177,-0.0042694909,0.0227952581,0.0059515359
4.8313341141,0.0065198857,0.0134705426,0.0053705121,0.009715993,0.0112184966,0.0016942064
4.8413500786,0.0074281413,0.0126897814,0.0063009406,0.0279365405,0.0028127613,-0.0099944072
4.8514461517,0.0064274017,0.009135169,0.0042695552,0.0386713445,-0.0034527909,-0.0089387968
4.8615031242,0.003573494,0.0036583962,0.002206817,0.0323649794,-0.0130508225,-0.0078801904
4.8715701103,0.00272719,0.0019889297,0.0030977873,0.0163661204,-0.0131579489,-0.0025652535
4.8816041946,0.0019083787,0.0020583989,0.0050186664,-0.0006647957,-0.0175441764,-0.0015013206
4.8916397095,0.0030852798,0.0039569261,0.0069574863,-0.0102280211,-0.0218714792,-0.0015016535
4.9017729759,0.0003397558,0.0067396881,0.0030719785,-0.0081459619,-0.0165339708,0.0006240817
4.9118041992,-0.0024930518,0.0076190652,0.0001432446,-0.0018511806,-0.0058248015,0.0069969594
4.9218978882,-0.0014883634,0.0046432437,0.0001738814,-0.0040381681,-0.000531503,0.0080619575
4.9319620132,0.0053986777,0.0026390078,0.0041148216,-0.0082267886,-0.0079763699,0.011246033
4.9419822693,0.0054982398,0.0054344358,0.0021838096,-0.010381286,-0.0058591566,0.0133712348
4.9520950317,0.0026761387,0.0043091895,0.003198996,-0.0189137869,-0.0058997697,0.0186830442
4.9621610641,0.0027994532,-0.0036995886,-0.0016024562,-0.0210373923,-0.0069794157,0.0186830442
4.9722218513,0.0029191691,-0.0038995622,-0.0035066458,-0.01464024,-0.006964169,0.0123097664
4.9822821617,0.0039962847,0.0037347199,-0.0034918638,-0.0082076415,-0.0101189502,0.008059361
4.9923810959,0.0011327956,0.001786989,-0.0025337192,0.0077622705,-0.0068370034,0.0016854845
5.0024790764,-0.0027621593,-0.0020054458,-0.0025624486,0.0119343782,0.0027423874,0.0006274106
5.0124669075,-0.0018552076,5.61e-05,0.0003264097,0.0097597484,0.0069669602,0.0006308727
5.0224599838,0.001003528,-0.0018178403,-0.0006325098,0.0044347579,0.0058593517,0.0006316717
5.0326328278,0.0009316001,-0.0008281051,0.0003304032,-0.0009218454,0.0079417434,0.0016958043
5.0426950455,0.0008729044,-0.0008483707,0.0013169793,-0.003032133,0.0058357157,0.0070042834
5.0527291298,0.0028147418,-0.0038095592,0.0003654507,-0.0029736776,-0.000563927,0.0016910771
5.0628242493,0.0047715325,-0.0038203774,-0.0005930515,0.0034589227,-0.0037187077,-0.002559328
5.0728712082,0.0018479247,0.0010947109,0.0003390459,0.0066021453,0.0026803359,-0.0014932647
5.0829558372,-0.0001592469,0.0031205835,0.003235772,0.0087134987,0.0048002121,-0.0046781385
5.0930547714,0.0007939357,0.0012645543,0.0041908766,0.0066186832,0.0005386882,-0.0046808687
5.103094101,-0.0002117213,0.0013424278,0.0061240941,0.0098312544,-0.0004874277,-0.0036203978
5.1131529808,-0.0011930894,0.0034181001,0.0070510055,0.0130322939,-0.0004664555,-0.0046829325
5.123210907,0.0017733369,0.0074303271,0.0079904944,0.0131281679,-0.0100154858,-0.004687726
5.1332988739,-6.70757e-05,0.0075782361,0.0079402477,0.0152956881,-0.0131803192,-0.0046893908
5.1433477402,0.0010840092,0.0057723941,0.0078855902,0.0154027473,-0.0237834286,-0.0036329147
5.1535758972,0.0032671187,-0.000929731,0.0078741461,0.0037193792,-0.029170271,-0.0004471749
5.1637039185,0.0044929702,3.5e-05,0.0107723624,-0.0048474772,-0.0260341316,0.0038037626
5.1735258102,0.0057411063,0.0038584294,0.0088150054,-0.0038181664,-0.0217184797,0.013361848
5.183619976,0.0030045006,0.0067459764,0.0068398863,0.0003448874,-0.0110573135,0.0154897133
5.1936998367,0.0031549055,0.0057422938,-0.0019297453,0.0045909788,-0.008897623,0.0154893138
5.2038707733,0.0052804071,0.00481568,-0.0116939992,0.014244671,-0.0141672194,0.0080516376
5.2138299942,0.009357648,0.0049886229,-0.0107629746,0.0217333995,-0.0162586682,0.0027397634
5.2238888741,0.0046025906,0.0003554643,-0.0088981837,0.0238159932,-0.0109142363,0.005927301
5.2339310646,-0.0002018418,0.0015482724,-0.0099629611,0.0237748995,-0.006677879,0.0048683616
5.2440109253,0.0008102525,-0.0041119931,-0.0080452412,0.0108852005,0.0017121438,0.0069994233
5.2540669441,0.0008089636,-0.0030938564,-0.008057043,0.0013105497,-0.0015467666,0.0080609592
5.2641601562,0.000832567,-0.0011959254,-0.0119525045,-0.0072680255,0.0026365267,0.0101888245
5.2741980553,-0.0001608189,0.003561181,-0.0080451816,-0.0094123473,0.0036715646,0.0091284867
5.2843050957,-0.0031065252,0.0034468295,-0.0080114454,-0.0094112819,0.0036854132,0.0112520922
5.2943611145,-0.0012060013,0.0062826099,-0.0060472344,-0.004155321,0.0111324098,0.007006214
5.3043971062,-0.006195901,0.0052749934,-0.0089611262,-0.0030567683,0.007951797,0.0059425472
5.3144769669,-0.0082030203,0.0042469027,-0.0108955353,-0.0062244106,0.0047117285,0.0016959374
5.3245620728,-0.0062522572,0.0031680288,-0.0098885745,-0.0136932451,0.0046603298,0.003821406
5.334581852,-0.0042958017,0.0029837014,-0.008840248,-0.026446484,-0.0007490835,0.0048832088
5.3448090553,-0.0052679684,0.0007642628,-0.0048707579,-0.0296665132,0.0013795813,0.0101940837
5.3548240662,-0.0043115076,0.0034025731,0.0010563282,-0.0243988596,0.0088864332,0.0155068915
5.3649010658,0.0004983041,0.0002803923,0.0050465614,-0.0180727877,0.0163416862,0.0112618124
5.3749871254,0.0052091274,0.0001172842,0.0051208884,-0.0138735157,0.0227255505,0.0080772042
5.3849592209,0.0030911509,0.0058398666,0.0051523591,-0.0117264763,0.0217108857,0.0123233479
5.3951797485,0.0009951312,0.0066531422,0.0022763161,-0.0149233602,0.0217240024,0.0186954271
5.4082260132,0.0008276422,-0.00032081,0.0033118872,-0.0160112623,0.0238436125,0.0197585616
5.4158859253,0.0055941511,-0.0014310359,0.0053321272,-0.009566918,0.0196345523,0.0165696237
5.4252109528,0.0044830535,0.005367172,0.0063043386,0.0096089067,0.0229784176,0.0155046275
5.4352912903,0.0013949294,0.0035410943,0.0043270141,0.0213125423,0.0262720808,0.0165638998
5.4456291199,0.0012345407,-0.0040209172,0.0033154038,0.0256955735,0.0146037079,0.0112479636
5.4757709503,0.0069888774,-0.0037288545,0.0061909105,0.0331666432,0.0146543076,0.0091232937
5.4758958817,0.0088190082,-0.0004790901,0.0051283985,0.0374623239,0.0114462636,-0.0004355901
5.4759221077,0.0067380015,-0.0020837067,0.0079718381,0.0299878158,0.011368433,-0.0025585955
5.4933018684,0.004637273,-0.002802032,0.0108270198,0.0203303937,0.0165895596,-0.0025535356
5.4967107773,0.0005720127,-0.0036285995,0.0098042041,0.0118358163,0.0122639211,-0.0036152047
5.5056142807,-0.000556333,-0.0005792557,0.0088004023,0.0149850044,0.0176107492,-0.0014897358
5.5157279968,0.0003293175,0.0073057534,0.0058295275,0.0140406732,0.0059710704,0.004876351
5.5257129669,-0.0016559344,0.0054723145,-0.0010260793,0.0087162144,0.0048703859,0.0059389523
5.5358257294,-0.0007116478,-0.0003261744,0.0009359864,-0.00724403,0.0005420172,0.0144351684
5.5458488464,0.0012685377,-0.0072810231,0.0058778673,-0.0253505968,-0.0027648299,0.0197471082
5.5559558868,0.0003766138,-0.0027153073,0.0049613859,-0.0285272673,-0.0048804446,0.02505612
5.5659718513,-0.0005066525,0.0038759829,0.0040235664,-0.0136433924,0.0005204459,0.0197460447
5.5760941505,0.0005242918,0.006756139,0.0001198796,0.0076897,0.001753223,0.0176184438
5.5861101151,-0.0004541185,0.0030868473,0.0039665252,0.0311393663,0.0040041269,0.0059338259
5.5960931778,0.0024648923,-0.0034032343,0.0029326824,0.0354352854,0.0008315697,0.0016830878
5.6062598228,0.0025100727,-0.0030566631,-0.0010755511,0.0387405343,-0.0097851222,-0.0036320491
5.6163520813,-0.0032899063,-0.000778514,-0.0011921974,0.0312140677,-0.0034087156,0.0080533689
5.6263918877,-0.0022243541,0.0013570905,-0.0022317024,0.0088704117,-0.0099427812,0.0123029752
5.6365261078,0.0028047208,-0.0083430288,-0.0012410136,-0.0028304793,-0.0143230818,0.0069938968
5.6465072632,0.0009845812,-0.0074318526,-0.0022086354,-0.007172497,-0.0069194948,0.0091222953
5.6567349434,-0.0038459804,0.0012092412,-0.0012537094,-0.0093586594,-0.0015980327,0.0144340368
5.6667528152,-0.0028116461,-0.0027859388,-0.0002320262,-0.0157422572,-0.0038036625,0.0101873595
5.6769118309,-0.0037490483,-0.00490849,-0.0001866075,-0.0189741589,-0.0006847011,0.0048822099
5.6868948936,-0.004708698,-0.0070492504,-0.0040242528,-0.0190061182,0.0024983089,0.0048838081
5.6970348358,-0.0027412158,-0.0062684594,-0.0039695948,-0.0211192835,0.0003648507,0.0059448113
5.70707798,0.0011862163,-0.0083937822,-0.0029259773,-0.0157351717,-0.0049558789,-0.0036154045
5.7171559334,0.0012431387,-0.0036236225,-0.0009646269,-0.0060914392,-0.0091504911,-0.0089290766
5.7272601128,0.0003613624,0.0041799666,-0.0009973499,0.0099463826,-0.0122075332,-0.0110582737
5.7372670174,0.0004265178,0.0014675081,0.0018732694,0.0248414166,-0.0078535974,-0.0142454784
5.747344017,-0.0015213024,0.0007828595,0.0066605359,0.0301158056,-0.0014063511,-0.0089346031
5.7574291229,0.0004379544,-0.0008869945,0.006584838,0.0215275921,0.0038660415,-0.0025593946
5.7675089836,0.0023493934,-0.0017011344,0.0075333859,0.0108445873,0.0048199859,-0.0046798033
5.7775321007,0.004275592,-0.0006610631,0.0045984536,0.0055744313,-0.0016145441,-0.0078659421
5.7876868248,0.0003913212,-0.0054611145,0.0045666839,0.0023954157,-0.0037506656,-0.0057426044
5.7977046967,-0.0035090279,-0.01027714,0.0016327051,0.0087529132,0.0005644544,-0.0036197985
5.8077802658,-0.0015929174,-0.0140366731,0.0016175059,0.0118807964,0.0080332896,-0.0014932645
5.8177990913,0.002227651,-0.01002084,0.0064600855,0.0107806437,0.0111931302,-0.0036150049
5.8278880119,-0.0018059295,-0.0011654078,-0.0004225227,0.0203725509,0.0123172496,-0.0068022762
5.8379440308,-0.0088286456,-0.0019334733,-0.0063462709,0.0223603621,0.0272174366,-0.0025479428
5.8480391502,-0.0072031971,-0.0046822308,-0.004398033,0.0073662326,0.032378111,-0.0046651559
5.8580980301,0.0003667343,-0.0095525263,-0.0062845796,-0.0095675318,0.0183997098,-0.0099752331
5.8681049347,0.0040755365,-0.0057366369,-0.0062486981,-0.010605366,0.0151727591,-0.0152855767
5.8782682419,-0.0029572081,3.5149e-05,-0.0062497109,-0.0074244048,0.0173366442,-0.013161771
5.8883690834,-0.0051129069,-0.0038592396,-0.0042809099,-0.0031665433,0.0184349306,-0.0131623037
5.8983750343,-0.0023637544,-0.0048250733,-0.0062077492,-0.0041953493,0.0141831273,-0.0131656993
5.9084310532,-0.0025164839,-0.0067766486,-0.0120412558,0.0033038463,0.0110307438,-0.0184781738
5.9184389114,-0.0085560363,0.0001285495,-0.0130683631,0.019217167,0.0207116678,-0.0195381772
5.9285998344,-0.0088130888,0.0062283101,-0.0043613166,0.0266481861,0.0250693988,-0.0121052954
5.9386000633,-0.0062339883,0.0006680609,0.0053435713,0.0148235625,0.0334694758,-0.0099752331
5.9486651421,-0.0065675434,-0.0050784824,0.00146462,0.0052082189,0.0344396643,-0.0110341059
5.9587287903,-0.0049661007,-0.0011542022,0.0043987781,-0.0022495091,0.0333555564,-0.0046625594
5.9688668251,0.0006212387,0.0065758349,-0.0004424306,-0.003243668,0.0258984398,-0.0078514284
5.9789180756,0.0053178687,0.0085108997,-0.001384482,-0.0020381352,0.012086289,-0.0121050961
5.9888739586,0.0081454683,0.0036927881,0.0005964783,0.0044594454,0.0025793358,-0.0142350923
5.9990200996,0.0081575606,-0.0001595496,0.0015611199,0.0056185867,-0.0069732233,-0.0163647551
6.0090918541,0.0053005759,0.000869167,0.0063966662,0.0014038682,-0.0123086013,-0.0153045505
6.0191550255,0.0024603996,0.0047875168,0.005386367,0.0056751259,-0.0123078674,-0.0206126962
6.0292019844,0.0024870057,0.0039461972,0.0121729523,0.0109804086,-0.009057479,-0.0174270235
6.0392980576,0.0044437218,0.0079829516,0.0140839368,0.0183831714,-0.0026606335,-0.0227349047
6.0493431091,0.0102348123,-0.0034648357,0.0111411363,0.02469646,0.0058279261,-0.0312266592
6.0594239235,0.0070797894,-0.0071411012,0.0120760351,0.0149250021,0.0227260832,-0.0301530045
6.0694580078,-8.12542e-05,0.0007930518,0.012980178,0.0202739611,0.0217463057,-0.0248458572
6.0795650482,0.0016309712,0.001997483,0.0022128967,0.0288173296,0.0207685269,-0.0237884503
6.0896220207,0.0033222307,0.0042268159,-0.0037005397,0.0277294293,0.0228881352,-0.0227253176
6.099697113,0.0011196975,0.0093357982,-0.0047494029,0.0245920904,0.0165083334,-0.0206044409
6.1097378731,-5.18914e-05,0.0086309733,7.60106e-05,0.0235766284,0.0111732231,-0.0237922445
6.119820118,-0.0012323689,0.0079013826,0.0009797958,0.0277770981,0.0186850019,-0.0163559671
6.1298861504,-0.0005008262,0.0062498273,-4.77287e-05,0.0277563259,0.0208139326,-0.015293099
6.1399350166,0.0071310867,0.0026702108,-0.001055524,0.0289287288,0.0101994388,-0.0174223632
6.1499848366,0.009889299,2.18869e-05,0.0008319763,0.0245947018,0.0165074021,-0.0206035096
6.160050869,0.0048128907,0.0060463669,-0.0031377526,0.0193008427,0.0122384205,-0.0174197666
6.1701507568,0.0046397317,0.0101530375,0.0007066277,0.0235496499,0.0144184846,-0.0142343594
6.180202961,0.0034340117,0.0084285559,0.0074839736,0.0170580875,0.02395886,-0.0067941532
6.190237999,0.0032086093,0.0094407918,0.0065077092,-0.0031822016,0.020640295,-0.0004198774
6.200357914,0.005949365,0.0074200155,0.0046065594,-0.0127900885,0.020557737,-0.0004188122
6.2103538513,0.0018680114,0.0092259767,0.004641369,-0.0106403856,0.0195776932,0.0091363434
6.2205152512,0.0037042666,0.0081337513,0.0037214307,-0.0105377724,0.0100689437,0.0155036282
6.2305049896,0.0095693413,0.0070658745,0.0018108038,-0.0093454765,-0.0026883972,0.0101879593
6.2406520844,0.011629628,0.011845869,0.0028067378,-0.0060625449,-0.0111613777,0.0080583626
6.2506451607,0.0078762416,0.013739598,0.0037696508,0.0014808588,-0.0185370017,0.0059291651
6.2607450485,0.0041908044,0.008902532,0.0008163599,0.0079748984,-0.0280924886,-0.0036333809
6.2707891464,0.0024695713,0.0080510797,0.001729205,0.0186254121,-0.0258703493,-0.0025731763
6.280921936,-0.0002866667,0.0062846364,0.0055576712,0.0185313486,-0.0163077377,-0.0004445118
6.2909121513,0.0037625227,0.0054519596,0.0045611411,0.0152660469,-0.0099696787,-0.000440517
6.3010587692,0.0018865038,0.0016452492,0.0035548357,0.0023776256,-0.0015729987,0.0027526133
6.3109540939,-8.04346e-05,0.0015710414,0.0045376569,-0.014744902,0.0036451994,0.0123157585
6.3211641312,-0.001070125,0.0042343857,0.0026595143,-0.0275905784,0.0078120478,0.0176300295
6.3311777115,-0.0021020677,0.0049256505,0.0037064699,-0.0244195554,0.0110437945,0.0208162367
6.3413209915,0.0017930511,0.0065952362,0.0018482951,-0.0254258551,0.0046482123,0.0176273677
6.3513169289,0.0028209407,0.0063772919,-0.0010098072,-0.012549473,-0.0027154279,0.0101878252
6.361448288,0.0018822718,0.0043484392,-0.0019625279,-0.0018786918,-0.0026362655,0.0080617573
6.3714380264,0.0019543115,0.005314094,-0.0019686671,0.0045858659,-0.0089740558,0.003809755
6.3815670013,0.0030629355,0.0014864326,-2.31119e-05,0.0067754108,-0.0142540392,0.0048688943
6.3915691376,0.0022436772,-0.0013522088,0.0028620509,0.0089133959,-0.014186928,0.0123009775
6.4017701149,0.0004473123,-0.0003059386,0.0057445909,0.0099607902,-0.0120277032,0.0165487863
6.4124341011,0.0015922654,-0.004107493,0.0037703661,0.0120646879,-0.0088052787,0.0197352581
6.4219298363,-0.001215091,-0.0069323955,0.0008171347,0.0120211719,-0.0045680562,0.018675454
6.4316811562,-0.0001341235,-0.0048574088,0.0017359403,0.0173658691,-0.0056032264,0.0154881822
6.4417448044,0.0028887708,-0.0037092743,0.0016905216,0.0237687752,-0.0055829203,0.0101785716
6.4518241882,0.0029429812,-0.008347976,0.0006633548,0.0258801281,-0.0034630438,0.006993697
6.4623589516,0.0010476429,-0.0100733517,-0.0013599845,0.0216087103,-0.003520635,0.0038088893
6.4720811844,-0.0028118994,-0.0099186478,-0.0014235231,0.0130626271,-0.0025134273,0.0069969599
6.4820070267,-0.0027560573,-0.0128000854,-0.002417967,-0.0050598104,-0.0048072077,0.0048762844
6.4921302795,-0.0017484035,-0.0157945342,-0.0004239532,-0.0157763697,-0.0006910262,-0.0004279335
6.5021548271,-0.0036922675,-0.0121046184,-0.0013623091,-0.0232466459,-0.0007561403,-0.0004262025
6.5124020576,-0.0076034199,-0.0084246872,-0.0052265376,-0.014742638,0.0024875898,-0.0025503396
6.5224490166,-0.0066658761,-0.0046375571,-0.0091032237,-0.0051495852,0.0036041867,-0.0067988141
6.5325760841,-0.0067503806,-0.0017122506,-0.0071441382,-0.0008832021,0.003613774,-0.0110470885
6.5426187515,-0.0048546549,-0.0036559282,-0.0042087887,-0.0051544858,0.0035703646,-0.0121086249
6.552626133,-0.0009951796,-0.0037220595,0.0016774682,-0.0189824179,-0.000767126,-0.0078600841
6.5627012253,0.0009589288,-0.0078450618,0.004677847,-0.0360202827,-0.0040865564,-0.0057326844
6.572974205,2.33222e-05,-0.0110990582,0.0038122681,-0.0391817205,-0.0083931535,-0.011043027
6.5830578804,8.18241e-05,0.0002746106,0.0038600711,-0.0242349952,-0.0093223313,-0.0110486206
6.5929160118,0.0001494009,0.0117986621,0.0009502915,-0.0082717426,-0.0049523506,-0.0131740887
6.6027960777,0.0011432786,0.0069540264,0.0029152182,0.0066556474,-0.0037886817,-0.0174243599
6.6129260063,0.0001593623,0.002170396,0.0077623874,0.0034766318,-0.0059248037,-0.0153010236
6.6229109764,0.0011404548,0.0012486101,0.007765844,-0.0018989583,-0.0016927742,-0.0099885492
6.6332688332,0.0021324996,-0.0027038036,0.0058447267,-0.0168248303,-0.0028640991,-0.0067993463
6.6432847977,0.0021579061,-0.0028876243,0.0029631404,-0.0221584253,-0.0028616353,0.0006340019
6.6533031464,0.003157476,-0.0020832894,9.25211e-05,-0.0125952791,0.0014870402,0.0038191427
6.6634302139,0.0031627137,0.0026859464,-0.0018511268,-0.0019361358,0.0025919857,-0.0036148054
6.6734499931,0.004091667,-0.000223863,-0.003787026,0.0055071334,0.0047099977,-0.0142336274
6.6835680008,0.0010613594,0.0037614228,-0.0028461071,0.012952799,0.0068840692,-0.0163586978
6.6935629845,-4.02164e-05,0.0068479897,0.0010026244,0.0193454511,0.0080079231,-0.0152979605
6.7037000656,0.0008028317,0.0021762373,0.0019360331,0.0139901806,0.0100827254,-0.0152949635
6.7137060165,0.0026007835,-0.0045270799,0.0009710339,0.0054195952,0.0131703941,-0.0184766427
6.7238440514,0.0053735245,-0.0015862464,0.0009750871,-0.0031031594,0.0120619861,-0.0142273018
6.7338299751,0.0022796635,0.0052130641,0.0048671509,-0.0041686911,0.0120734386,-0.0110416291
6.7439651489,0.0031050164,0.0071191015,0.0087809712,-0.0052052997,0.008917192,-0.0057354136
6.7539749146,0.0049929712,0.0041448893,0.0068811323,-0.0061994568,0.0014600753,-0.0089242831
6.7640981674,0.0059853438,0.0060161473,0.0088416487,-0.0093188444,-0.0059406492,-0.0004316619
6.7740960121,0.0050729532,0.0079152109,0.0107853562,0.0024717683,-0.0111569837,-0.0025608593
6.7841720581,0.0032405946,0.0099228742,0.0058751851,0.0099711502,-0.0143094324,-0.007873266
6.7942290306,0.001396792,0.0051507773,0.0058543235,0.0068033198,-0.0174996331,-0.0046886583
6.8043489456,0.002552757,0.005180073,0.0058346535,-0.0017008986,-0.0207361728,-0.0015029851
6.8144011497,0.002754325,0.0012374342,0.0097454935,-0.0123498151,-0.0229375418,0.0006222174
6.8244290352,0.0039742906,-0.0018532752,0.0088185817,-0.0208914503,-0.023024695,-0.0015005218
6.8345050812,0.0022433121,-0.0010788917,0.0098230988,-0.0187268332,-0.026209835,-0.004688059
6.8445620537,0.0054024849,0.0036364915,0.0069182068,-0.0091326628,-0.0250936374,-0.0089361342
6.8546972275,0.004633503,0.0055160644,0.0039866115,-0.0027389452,-0.0239559356,-0.0057517923
6.8646941185,0.0058141146,0.0045019509,0.0040029432,-0.0048626838,-0.0250497628,-0.0078750644
6.8747720718,0.0060602967,0.0015342355,-0.0018506499,0.0004953304,-0.0271113161,-0.0057538562
6.8848781586,0.0033420268,0.0044771554,-0.0038420411,0.0057773641,-0.0217666849,-0.00681426
6.8949022293,0.0025529433,0.0075008096,-0.0019444677,0.0121918535,-0.0227579139,-0.0046927859
6.9050302505,0.0017490331,0.0066519799,-0.0049123615,0.0142924218,-0.0195414126,-0.002569115
6.9150352478,0.0028615538,0.004849893,-0.0049612378,0.0131304841,-0.0099878553,-0.0004404504
6.9251251221,0.001977386,0.001077664,-0.0059634303,0.0131201781,-0.0089198612,0.000621818
6.9351758957,0.0010499526,0.0012152613,-0.0030923339,0.0141446963,-0.0046665268,0.0006236822
6.945291996,3.14731e-05,0.0110858502,-0.0021836611,0.0150361629,0.0134205986,0.0070040836
6.9552168846,-0.0010495316,0.0043794634,-0.0012131783,0.004376594,0.0122802332,0.0091298185
6.9654321671,-0.0031056013,-0.0005375622,-0.0050870036,-0.0074049644,0.016464591,0.0155043611
6.9754209518,-0.0031907912,0.0002747895,-0.0069854707,-0.0191108901,0.0131859742,0.0165674966
6.9854950905,-0.0013235193,-0.0028520105,-0.0059413766,-0.0201537833,0.0110180276,0.0112596815
6.9955620766,0.0015295837,-0.0001167237,-0.0029500576,-0.0190797299,0.0099178758,0.0038262666
7.0055918694,-0.0005123224,0.0007083238,1.33661e-05,-0.0105246175,0.0078360159,-0.0014861405
7.0156898499,-0.000571182,0.0035234513,-0.0019069167,-0.0093941055,0.0014723927,-0.002551405
7.0257558823,0.0013497118,0.00153206,0.0010404733,0.0001749778,0.0047261762,-0.0046765408
7.0358228683,0.0032957587,0.0014962078,0.0030197052,-0.0061431052,-0.0038247011,-0.0057410062
7.0458960533,0.0033405293,0.0043778243,0.0010576991,-0.0018025255,-0.0112420041,-0.0099931424
7.0560231209,0.0014707316,0.0053987326,0.0010390428,0.0088373357,-0.0079588592,-0.0089324052
7.0660657883,0.0004981775,0.0055048885,0.0019693521,0.0108941747,0.0006019385,-0.0004329936
7.0760908127,0.0004963521,0.0055911066,0.0019445566,0.0055702496,-0.0004918219,0.0016914101
7.0861520767,0.0034527872,0.0036508562,-0.0029122683,-0.0019095577,0.0005036676,0.0016940732
7.0962500572,0.0005022381,0.0045836987,-0.0048556775,-0.0030176984,0.0047591329,0.004881877
7.1062841415,0.0004452634,0.0055053951,-0.0019224735,-0.0062816953,0.0111465249,0.012317623
7.1163721085,0.0023314897,0.0044672014,0.0010341553,-0.0094617764,0.0089965556,0.0123173567
7.12641716,0.0013201777,0.0053417506,-0.000891492,-0.0019696383,0.0069394629,0.0123147592
7.1365599632,0.000287028,0.005346966,0.0010684875,0.0054560537,0.0112279505,0.0091296183
7.1465559006,0.0002010632,0.0053859772,0.0039765979,0.005476533,0.0091275834,0.0123130949
7.1566019058,0.0040858109,0.0015647531,0.004955187,0.0076416829,0.0059493664,0.0101873605
7.1666908264,0.0050433893,-0.0022845147,0.0069118291,0.003436951,-0.0004681195,0.0080619575
7.1768198013,0.0041250382,-0.0032541929,0.0069101597,-0.0039583817,-0.0079603903,0.008060093
7.1867980957,0.0012890864,-0.0013853788,0.006908312,-0.0092919469,-0.0080148522,0.0070005548
7.1968860626,0.0023633186,0.0024326565,0.0049650222,-0.0018050028,-0.0101270061,-0.0014967932
7.206949234,0.0024645645,0.0063261809,0.0039664055,0.0045961188,-0.0100776032,-0.002560593
7.2170491219,0.0015583131,0.0015289605,0.0039597899,0.0045753466,-0.0079486724,-0.0014977253
7.2270822525,0.005584592,-0.0013821899,0.0059198285,-0.0017742421,-0.0132882437,0.0016860171
7.237156868,0.0037454311,-0.0024148403,0.0049504186,-0.008185003,-0.0122485459,0.0069971592
7.247215271,-5.78296e-05,0.0004299105,0.0039714719,-0.0071706064,-0.0069272835,0.0080613587
7.2572798729,6.7819e-06,0.003286791,0.0039682537,-0.0029116794,-0.0058151474,0.0101844305
7.267414093,0.0010504592,0.0033021988,0.0039590742,0.0066477652,-0.0015220656,0.0048753526
7.2772922516,-0.0008968394,0.0014008404,0.0010303406,0.0044517228,0.0048530092,0.0091262897
7.2875041962,0.0010381881,-0.0005285917,-0.0018896314,0.0023185033,0.0048553394,0.0123120304
7.2976121902,0.0039626751,-0.0024758456,-0.0018702003,-0.003027793,0.0058697378,0.012313894
7.3076839447,0.0059093554,-0.0035246192,-0.0008723589,-0.0082927551,-0.0016096174,0.0112484964
7.3177628517,0.0039698351,-0.0065250872,-0.0037672969,-0.006181933,0.0005033347,0.0070018196
7.3278217316,0.0029944424,-0.0026720343,-0.0027951451,-0.0008417899,-0.0005586671,-0.0004335262
7.3378410339,0.0039862487,-0.0026484011,-0.0037795755,0.0034874445,-0.0069289487,-0.0068086013
7.3478980064,0.0030402038,-0.0015873193,-0.0038061591,0.013087661,-0.005786452,-0.0068080681
7.3579530716,-0.0018403064,0.000536275,-0.0009574743,0.0216145702,-0.0046439562,-0.005747864
7.3680410385,0.0011005122,0.0017199636,0.0009349731,0.0194686744,-0.003587014,-0.0036239265
7.378054142,-0.0008454602,-0.002996671,0.0028472689,0.0066641965,-0.0036850185,-0.001497126
7.3881568909,-0.0037796404,-0.006885278,0.0028469113,-0.0072597945,0.0015265881,0.0027561418
7.3981871605,-0.0037674513,-0.0040584682,0.00285615,-0.0114841005,-0.002733937,0.0059404834
7.4083080292,-0.0017494466,0.0016606272,0.0009302048,-0.0072120437,-0.0026481166,0.0133719677
7.4183597565,-0.0036457609,0.0054944279,0.0009274033,-0.002964302,-0.0004819012,0.0144337704
7.4284248352,-0.0036029499,0.0016141654,-0.0019964429,0.0076835481,0.0017056192,0.0101849632
7.438477993,-0.0026238021,-0.0012173235,-0.0010288211,0.0097837169,0.0048795743,0.0059388191
7.4485492706,-0.003613634,-0.0011378407,-0.0010508748,0.0076682349,0.0027184854,0.0027525467
7.4586229324,-0.0006999504,-0.0069372533,-0.0020195695,-0.0019268682,0.0015528199,-0.0004309962
7.4687199593,-0.0036583897,-0.0079496084,-0.0020071717,-0.0051370151,0.0025780706,-0.0014906015
7.4786829948,-0.0017578434,-0.0021583913,0.0009252576,-0.0051897466,0.0078900121,-0.0004261358
7.4894380569,0.0001327116,-0.0012042701,-0.0010050389,0.0022441745,0.0111183617,-0.0036126748
7.5016098022,0.0009884257,-0.0001797258,0.0019084362,0.0064919167,0.0132845771,-0.0025508723
7.5092759132,0.0038033444,0.0008463384,0.0009365228,0.0075801904,0.0111648338,-0.0036138729
7.519053936,0.001718903,-0.0010824382,-0.0010143968,-0.0009877309,0.0142871244,-0.0014865401
7.529540062,-0.0003468748,-0.0011021375,-0.0039294213,-0.0020404784,0.0132154673,-0.0014854749
7.5396389961,0.0015076343,0.0047762217,-0.00296025,0.0076270625,0.0069264132,-0.0025528697
7.5490708351,0.0034215543,0.0049027326,-0.002017543,0.0161960237,0.0038250957,-0.0014949956
7.5591788292,0.0033964757,-0.0007254361,0.0018356589,0.0215817336,-0.0014748611,-0.0078698043
7.5692238808,0.0043574516,-0.0024348972,0.0008048562,0.0258447081,-0.0014996286,-0.0174273569
7.5792732239,0.0033546258,-0.0031263111,0.0007283834,0.0247983523,-0.0036378806,-0.0184899587
7.5893249512,0.001397321,-0.0019209265,0.001623526,0.0184039697,-0.0047468878,-0.0174280889
7.5992569923,0.0014251638,-0.0037233708,-0.0003753158,0.0109766796,-0.0090561481,-0.0174283553
7.6094908714,0.0014847834,-0.0017029225,-0.0013800713,0.0035636118,-0.0144348014,-0.0184894931
7.6195602417,0.0025616232,0.0012244702,-0.0023663493,0.0014288221,-0.0144603681,-0.0195507612
7.6296157837,-0.0003296417,-0.0036025224,-0.0014009329,0.0024341652,-0.0080573298,-0.0153006222
7.639644146,0.0025958661,0.0003726305,0.0044223219,0.0109088756,-0.0015959684,-0.0121141504
7.6498699188,0.0035866667,0.0024528028,0.0004855541,0.0173653103,-0.0068523157,-0.0131798806
7.6599760056,0.0006281007,0.003619832,0.0013934521,0.01832751,0.0037878114,-0.0099894134
7.6700172424,-0.0014245566,0.0028194608,0.0023137478,0.0129497098,0.0080135157,-0.005739342
7.6800670624,0.0033748168,-0.0029562591,0.0042877942,-0.0051920107,0.0078481333,-0.0067966166
7.6901240349,0.0022609774,-0.0050258515,0.0072654635,-0.0191694777,0.0183719471,-0.0014791497
7.7003688812,0.0010414589,-0.0023078201,0.0092808753,-0.0224326495,0.0247377008,0.0027720542
7.7103438377,0.0027601365,-0.0005839943,0.0093605667,-0.0235373266,0.0290132724,0.0091459313
7.7203140259,-0.0004230496,0.0059873285,0.0074733645,-0.0203354098,0.0290481597,0.0102069341
7.7304372787,-0.0016204547,0.0096913995,0.0045979763,-0.0149152922,0.0206070058,0.0102010751
7.7404737473,0.0012400094,0.0143943252,-0.004119203,-0.0083559258,0.0047063357,0.0038206738
7.7506079674,0.0042239744,0.0114608826,-0.0041010827,0.0045861853,-0.0090097431,-0.0014981914
7.7605910301,0.0013351087,0.0096760215,-0.0002550336,0.0195339769,-0.0099748727,-0.0068114642
7.7707409859,0.0023794193,0.0040485086,-0.0003073665,0.0227239914,-0.0088927634,-0.0078735994
7.7807378769,0.0043857489,-0.0025257645,0.0015945581,0.0173744988,-0.0079199113,-0.0142425494
7.7908148766,0.0034424905,-0.0004483341,0.0034939793,0.0077714589,-0.0079543982,-0.0068084677
7.8008708954,0.0034785364,0.0005591632,0.0044590384,0.0012967819,-0.0005486801,-0.0014941299
7.8110041618,0.0054335911,0.0005129696,0.0044723302,-0.0082965372,-0.0016936394,-0.0014921994
7.8210158348,0.0025070775,-0.0005747555,0.0035278944,-0.0104707414,0.0025663527,0.0038194754
7.8311181068,0.0005246121,0.0002707363,-0.0003426524,-0.0104893576,0.0047158566,0.0080679497
7.8411331177,0.0024812091,-0.0027400432,-0.0042092656,-0.004078595,0.0036761586,0.0027568075
7.8512010574,0.0004961286,0.0040931525,-0.0032538029,0.011931397,0.0038433385,0.007000355
7.8612551689,-0.0005413424,0.0052639069,0.0025414375,0.0215041302,0.0071171625,0.0080613587
7.8713908195,0.0023634005,0.000594926,0.0034771708,0.0194291268,0.0007341641,0.0080570308
7.8813819885,0.0013819281,-0.0070843277,0.0015097407,0.0023316331,0.002679337,0.003815148
7.8914880753,0.0013585258,-0.0071132658,0.0025007871,-0.009413546,0.0036435348,0.0048816106
7.9015321732,0.0003700498,-0.0033590673,0.0025217084,-0.0125920288,0.0015143376,0.0080667511
7.9116477966,0.0003815461,0.0043067755,0.0015629081,-0.0083196005,0.0015502234,0.0080670845
7.9215488434,-0.0006045904,0.0062321248,0.0015671996,0.007653241,0.0048453528,0.0038174782
7.9317522049,0.0032844041,0.0072853984,-0.0013717266,0.0119482018,0.0016802525,0.0006280098
7.9417972565,0.0022918675,0.0016004265,-0.0004370066,0.0194596462,-0.0025123619,-0.0014995896
7.9518928528,-0.0006449651,0.0008270265,0.0004853157,0.0183694027,-0.0004132583,-0.0036221286
7.9619278908,0.0003277156,0.0029544355,-0.0024993869,0.0183683373,-0.0004271069,-0.0057457336
7.9720358849,0.0003589485,0.0002083303,-0.0044919108,0.0173642449,-0.006816363,-0.0078722006
7.982052803,0.0023774449,0.0023540678,-0.0035760852,0.0216540657,-0.0089010857,-0.0078743314
7.99214077,0.0004781577,0.0054986598,-0.0056198686,0.0280348398,-0.0067371344,-0.0099983355
8.0021858215,-0.0004944261,0.0028667869,-0.0047262758,0.027982641,-0.0014182688,-0.0078720674
8.012260437,0.0004542637,-0.0007903753,-0.0028210136,0.0183716379,-0.0004140574,-0.0036213298
8.0223178864,-0.0005466994,-0.0055047451,-0.0018831345,0.0119188,0.0048765782,0.0027537451
8.0324220657,-0.002578875,-0.0015077471,0.0029469279,0.0086669736,0.0101953112,0.0091278879
8.0424633026,-0.0016883221,0.0053661587,-0.0009769055,0.0118252169,0.0144603625,0.008067417
8.0525588989,0.0001637135,0.0035052421,-0.0029348584,0.0118530467,0.0112361405,0.0016946724
8.0625562668,0.0030001197,0.0036356272,-0.0019737931,0.0182962976,0.0070203566,-0.0025562653
8.0726633072,0.0029402841,0.0058183791,-0.0020524117,0.0321769342,0.0060530296,-0.0068076691
8.0827150345,0.0008933041,0.0061415853,-0.0001888725,0.0343111902,0.0060716718,-0.0068082018
8.0928592682,-0.0001479667,-0.0013702392,0.0026691703,0.0194064379,0.002778407,-0.0036201316
8.1028470993,0.0008181129,-0.0051199077,0.0045858766,0.0077196877,-0.0026499145,-0.0068052718
8.1129245758,-0.0001552906,0.0017091454,0.003582373,-0.0008563045,0.0015395709,-0.0036148715
8.1229953766,-0.0021479335,0.001683724,0.0074870139,-0.0051562451,0.0046922211,-0.0025504061
8.1330623627,0.0026930068,0.0006396891,0.0104591995,-0.0115470588,0.0036246264,0.0048824097
8.1431951523,0.0056511182,0.0053776326,0.0056255013,-0.010424003,-0.0016364483,0.0101884911
8.1531877518,0.0027864743,0.0052388133,0.0007701067,-0.0072118314,-0.0026553073,0.0123104323
8.1632461548,0.002852181,0.0022346796,0.0007919816,-0.0093455566,-0.0026670252,0.0133727668
8.1733131409,0.0029072482,0.0012174071,0.0017812399,-0.0040144939,-0.0026401272,0.0101849632
8.1833791733,0.003912868,-0.0056531308,-0.000124261,-0.0125765577,-0.0006411588,0.0027555425
8.1933765411,0.0009738747,-0.0106725572,0.0028389243,-0.0222102217,0.0024499726,0.0016988004
8.2035303116,-0.0019860249,-0.0050523756,0.00484015,-0.0201068595,0.0056654736,0.0038234703
8.2136497498,0.0008246619,-0.002279955,0.0048899795,-0.0084539307,0.0142276688,-0.0004217417
8.2236480713,0.001617955,-0.0042411564,0.006862476,0.0021545058,0.020700749,0.0017023957
8.2337789536,0.0033990387,-0.0032567559,0.0010243205,0.0053588748,0.0207276456,0.001702662
8.2437200546,0.005172031,-0.0041699884,0.0010332612,0.0064686141,0.0164929535,0.0017002651
8.2538499832,0.0060650948,0.0007151784,0.0010348109,-0.0009310329,0.0090093389,0.0027584722
8.2639102936,0.0060044248,-0.0002770899,0.0020190624,-0.0040471973,0.0004933481,0.00275501
8.2740163803,0.0040713493,-0.0002682089,0.0029763726,0.0034743417,-0.0047600698,0.0006266783
8.2840509415,0.0001633335,0.0008428217,0.0058396608,0.018317204,0.0049056066,-0.001495861
8.2941799164,9.601e-05,0.0049443068,0.0067589432,0.0257673711,0.0070709563,-0.0046809353
8.3041725159,0.0029654671,-0.0026028333,0.0047713667,0.0194151998,0.0016753922,-0.0099910116
8.3143091202,1.35395e-05,-0.00149827,0.0047155172,0.0098600425,-0.0037191072,-0.0110544125
8.324306488,-0.0028806906,0.0005098404,0.0027240065,0.0045510307,-0.0058184774,-0.0004361228
8.3343734741,-0.002797937,-0.0023710011,0.0007706431,0.0025231941,-0.0164684579,-0.0036257906
8.3444738388,0.0003151688,0.0005681337,-0.0002245756,0.0036318684,-0.0207169987,-0.0057517923
8.3545093536,0.0004958306,0.009422374,0.0006917862,0.0206841156,-0.0184599031,-0.0078783929
8.3645858765,-0.0023270007,0.0096903266,-0.0003863426,0.034471564,-0.0098507032,-0.0078775939
8.3747243881,-0.00127705,0.0032337131,-0.006311283,0.0365539193,-0.0045417575,-0.0099982023
8.3847064972,0.0006567556,-0.0042199669,-0.0093061775,0.0290525928,-0.0014170706,-0.0089329379
8.3948068619,0.001663262,-0.0069576381,-0.0093604773,0.0088408515,-0.0079530003,-0.0078695379
8.4048366547,0.0007461552,-0.0040286062,-0.0103489012,-0.0007846113,-0.0059148837,-0.0078660753
8.4149808884,-0.0002282318,0.0037192227,-0.0103694648,-0.0083395997,0.0025220776,-0.0057366788
8.4249677658,-0.0003038924,0.0007036151,-0.0083670467,-0.0137082664,0.0056446339,-0.0078573544
8.4351072311,-0.0004161056,-0.0014074921,-0.0034371468,-0.0233508274,0.0098245982,-0.0046664877
8.445110321,0.0014220346,0.0042039277,-0.0004461261,-0.0222922228,0.0109226201,-0.0004190119
8.4552469254,0.0013117585,0.0069160582,-0.0013555142,-0.0169715434,0.0120388847,0.0006402604
8.4652357101,0.0041750614,0.00968982,-0.0003319236,-0.0126380483,0.0057239961,0.002759604
8.4753494263,0.0061000455,0.0086768987,0.0016383675,0.0013006693,-0.0005429545,-0.0004311293
8.4853696823,0.0051444117,0.0077578845,-0.001294479,0.0098787118,-0.0047331722,-0.0036207971
8.4954519272,0.0042112339,0.008832437,0.00256367,0.0110007543,-0.0100223441,-0.002561525
8.5054750443,0.0052649248,0.0089364471,0.0073987395,0.0088574421,-0.0089592095,0.0006249472
8.5156402588,0.0024120603,0.0051134946,0.00834997,0.0055997842,-0.0036739665,0.0016889466
8.5256433487,0.0004674587,-0.0007133661,0.0064109708,-0.001931902,0.0026545033,0.0059412159
8.5357732773,0.002401771,-0.0046897708,0.0064526945,-0.0157905407,0.0014640036,0.004883741
8.5457658768,0.0062881503,-0.0029812334,0.0065261871,-0.0329056121,0.0055796527,0.00807554
8.5559101105,0.008206198,-0.0043531237,0.0076378733,-0.0446598455,0.006525741,0.0059539326
8.5657863617,0.0081106294,0.0020425739,0.0096864253,-0.0382805094,0.0086759776,0.0017061906
8.5760326385,0.004109377,0.0133610191,0.007808879,-0.0286878012,0.0098353839,0.0038272652
8.5860309601,4.50853e-05,0.014116806,0.0078690797,-0.0160180796,0.0237749033,0.0091400053
8.5961685181,0.0018178392,0.0100844624,0.0069614202,-0.011671667,0.0163910873,0.0101980129
8.6061706543,0.0086560939,0.008024794,0.0041105892,-0.0115017584,-0.00059189,0.0091276886
8.6162996292,0.0067519043,0.0011368216,0.0070645954,-0.0114398114,-0.0069287489,0.0133702364
8.6262969971,0.0038919766,5.41032e-05,0.0109701306,-0.0135746021,-0.0069543156,0.0123089673
8.6363964081,0.0030349661,0.001899165,0.010989204,-0.0092599355,-0.011162309,0.0123070357
8.6464128494,0.0050836746,-9.21665e-05,0.0129504949,-0.0028896537,-0.0079302974,0.0112452339
8.6565752029,0.0012959633,0.0008438648,0.0100201517,0.0035134638,-0.00786738,0.0123053724
8.6665620804,0.0014458615,0.0008782567,0.0060901786,0.0099476613,-0.0110013876,0.0112403743
8.6767044067,-0.0003609937,0.0048734965,0.0089675933,0.0099815903,-0.0141637586,0.0144243166
8.6866798401,0.0008250196,0.0029755356,0.0060237199,0.0046896227,-0.0184405278,0.0165471211
8.6968364716,0.0010123421,-0.001899141,0.0118802339,-0.0102890078,-0.0142927887,0.0218623914
8.7068281174,0.003125513,-0.005907285,0.0158131868,-0.0124957021,-0.0068567097,0.0261138622
8.716963768,0.002307931,-0.0070251105,0.0109725744,-0.0103623765,-0.0068377354,0.0261129979
8.7269611359,0.0034644697,0.0006572427,0.0090174824,-0.002837616,-0.0120567326,0.0292938761
8.7370939255,0.0046771038,0.0045693936,0.0031473783,0.0132101933,-0.0161958821,0.0239790715
8.7471113205,0.000996219,0.0018250466,-0.0018097612,0.0313471183,-0.0160928182,0.0154801263
8.757226944,0.0022501517,0.0011734784,-0.003861055,0.0389298052,-0.027718382,0.0122859972
8.7672262192,0.0035330448,-0.0023559509,-0.0069029778,0.0357875414,-0.0341746844,0.0027273798
8.7773141861,-2.19699e-05,-0.0127395568,-0.0089573711,0.0283759627,-0.0406537578,-0.004707234
8.7874307632,-0.0026078504,-0.0134954033,-0.0061287731,0.0112177487,-0.0323010162,-0.0025751072
8.7975025177,-0.0052612256,-0.0105382381,-0.0052007884,-0.0037375782,-0.0303115677,-0.0025682494
8.8075151443,-0.0079579633,-0.0116343675,-0.0042210077,-0.0219831616,-0.0198322963,0.0016888136
8.8176498413,-0.0078015011,-0.0119164763,-0.0080436915,-0.0306268223,-0.009268336,0.0059426809
8.8276691437,-0.0077691134,-0.0073758243,-0.0089419335,-0.0360769816,0.0023907172,0.0112588825
8.8377046585,-0.0087593626,0.0039197626,-0.0117842406,-0.0329186618,0.006684199,0.0144448886
8.8477344513,-0.0068509411,0.0017093242,-0.0136380047,-0.0222819932,0.0099257985,0.0091348113
8.8578472137,-0.0030088779,0.0044805231,-0.0087195486,-0.0083837016,0.0079163108,0.0080702137
8.8678560257,-0.0021004137,0.0045364918,-0.009692356,0.0161149837,0.0123400874,0.0027572073
8.8780622482,0.0007325727,0.001878959,-0.005849883,0.0321390368,0.0103309322,-0.0014957946
8.8879489899,0.0055651236,-0.0016173898,-0.0069079255,0.0450345948,0.0008175879,-0.0131836096
8.8981256485,0.0045798812,-0.0011812925,-0.0138637871,0.0472084284,-0.0034422711,-0.0184954181
8.9081850052,-0.0022533741,0.0031424584,-0.0198691934,0.0418647937,-0.0023932522,-0.0131845418
8.9182319641,-0.0022781771,-0.0023409901,-0.0189936012,0.0269032605,-0.0003873592,-0.0110566756
8.9282846451,0.0006395075,-0.006081122,-0.0151111931,0.0023502484,0.0004800323,-0.0078646112
8.9384231567,-0.001335172,-0.0041913269,-0.0082866997,-0.0115303863,0.0014473591,-0.003613207
8.9484510422,-0.0033804607,-0.0023810742,-0.0053246473,-0.0137844868,0.0130651332,-0.0089158276
8.958562851,-0.0035402309,-0.0005130349,-0.003350422,-0.0020725429,0.0152274873,-0.0184740461
8.9685554504,-0.00179529,0.0005410434,-0.0014053436,0.0139216036,0.0164006092,-0.0227247179
8.9786520004,-8.60077e-05,0.0066133561,0.0024390963,0.0256434008,0.0186661612,-0.0163552351
8.988694191,0.0006932709,0.0058844509,0.0014187244,0.0246119574,0.0155222975,-0.0089239506
8.998749733,0.0054532606,0.0002465667,0.0023791341,0.0129250223,0.0100940438,-0.0121091567
9.0088195801,0.0024188403,-0.0026199697,0.0062622572,-0.0073163332,0.0067616305,-0.0078584859
9.0189552307,0.0023399834,-0.0056234775,0.0082506686,-0.0136742322,0.0024537675,-0.0089198221
9.0290222168,0.0003360379,-0.0038235961,0.0073031336,-0.0147738503,0.0056205322,-0.0099797603
9.0390834808,-0.0036815759,0.0057703378,0.0053599025,-0.0074016349,0.0152710285,-0.0046694167
9.0490808487,-0.0077743437,0.0047600688,0.0044062883,-0.0021480173,0.0238472056,0.0017043264
9.0591897964,-0.0070134308,0.0037524821,0.0044349576,-0.0042821672,0.0238498691,0.0048897332
9.0692501068,-0.0023002531,0.0046824636,-0.0013752433,0.0010524103,0.0238826256,0.0027647971
9.0792150497,-0.0025560614,0.0076407315,-0.0023470374,0.0095277876,0.0303650945,0.0091363434
9.0893621445,-0.001827186,0.0057961764,0.0005721597,0.0084819645,0.0282337666,0.0091355443
9.0994157791,0.0027973149,0.001008314,0.001577988,0.0042083627,0.0292626116,0.0102007417
9.1095132828,0.0044595022,-0.0028495369,0.007455423,-0.0054282863,0.0323548056,0.0091429343
9.1195783615,0.0090587605,-0.0029889522,0.0153318197,-0.0256843679,0.0300777387,0.0123310713
9.1296215057,0.0127531905,-0.0033129631,0.0135048181,-0.0363380797,0.0278140511,0.0049000531
9.139670372,0.0086534638,-0.0037004827,0.008745566,-0.0373395607,0.0214238632,0.0027745175
9.1497802734,0.0065379161,0.0037121894,0.0068769003,-0.0330092609,0.0150674302,-0.0014769528
9.1598463058,0.0054235552,0.002480966,0.0098939687,-0.0233523697,0.0098393783,-0.0025438149
9.1698637009,0.0034261663,-0.0006004451,0.0109224468,-0.0115079628,-0.0006750473,-0.0036138732
9.1797084808,0.0063529257,0.0003324868,0.0148451477,0.0013225889,-0.0037792944,-0.0089292098
9.1898870468,0.0103507433,0.0071739079,0.0118953139,0.0078116469,-0.0121975467,-0.0068114642
9.1999721527,0.0095005874,0.0082933428,0.0108693987,0.0174387079,-0.0142148901,-0.0036295191
9.2102241516,0.0047591422,0.0084716501,0.0098102838,0.0207615606,-0.0258594956,-0.0036346458
9.2202272415,0.0069898386,0.0057507874,0.0048636943,0.0197565351,-0.0322484188,-0.005761446
9.2302503586,0.0043358523,0.0030045034,0.0018766669,0.0186579823,-0.0290678069,-0.0046977797
9.2403841019,0.0026540626,0.0002291025,-0.0011123868,0.0100942422,-0.0259185508,0.0016774951
9.2503919601,0.0048663262,-0.0045961319,-0.0021028372,-0.0016457709,-0.0260418579,-0.0015049824
9.2604980469,0.003108846,-0.0066164015,-0.0011165591,-0.0144962957,-0.0219230782,-0.003623727
9.2705821991,-0.0006785672,0.0010128141,-0.0001382681,-0.0125106433,-0.0070434646,-0.0025550004
9.2806758881,-0.0016202834,0.0057736458,-0.0011011215,-0.0051059099,-0.0006259785,-0.0046773399
9.2906579971,0.0003038961,0.004792613,0.0018363146,0.002300607,0.0058122138,-0.0036142061
9.3008108139,0.0002179015,0.0028743269,-0.0001058432,0.0054187165,0.0143559668,0.0006363988
9.3108062744,0.0020728279,-0.0019475698,-0.0030258747,0.0022402331,0.0122267697,0.0038215395
9.3209514618,0.0039771516,-2.7894e-06,-0.0010669681,-0.0029699495,-0.0005652583,0.0016924087
9.3309383392,0.0030214284,0.0018849791,-0.0010546895,-0.0071963863,-0.0048534805,0.0006295411
9.3410739899,-0.0008071195,0.0008235694,-0.0039800853,-0.0103461063,-0.010207233,-0.0025577298
9.3510713577,0.0003289897,-0.0002656459,-0.0068758582,-0.007053108,-0.0197836943,-0.011057741
9.3611831665,0.0024571586,-0.0002563177,-0.0020044299,0.0058245012,-0.0271762293,-0.0227432922
9.3712043762,0.0007090662,0.003745866,-0.0059609264,0.0175730363,-0.0281416252,-0.0238085575
9.3812646866,0.0008900855,0.0039647045,-0.0031199309,0.0196817555,-0.0260136928,-0.0259327609
9.3914060593,0.0029796083,-0.0045963405,-0.0002381059,0.0120973382,-0.014373282,-0.0206160266
9.4014196396,5.80121e-05,-0.0045512794,-0.0031816217,-0.0051224492,0.0003659825,-0.0152950305
9.4114713669,-0.0039258655,-0.0007860242,-0.0051120971,-0.0201016646,0.0045210463,-0.008918358
9.421538353,-0.0059944224,0.0038320245,-0.0031081291,-0.0308632068,0.0140175456,-0.002539221
9.4316730499,-0.0022528004,0.0073965909,-0.0039666151,-0.0319729447,0.0182522386,-0.0025368242
9.4416694641,-0.004396474,0.0119957747,-0.0058465456,-0.0224480405,0.0257719401,-0.0014755544
9.4517364502,-0.0036633369,0.0099101486,-0.0018768164,-0.0085519357,0.0237988047,0.0027671275
9.4619808197,-0.0009013545,0.0030546011,-0.0027966353,-0.000958384,0.012204932,0.0048849396
9.4719257355,0.0059000794,0.0059546949,-0.0017971846,0.0002371091,-0.0005108635,0.0059400839
9.4819049835,9.14801e-05,0.0050113024,-0.0037788006,0.006658684,-0.0025547063,0.0091213631
9.4920053482,-0.0008540284,0.0090045454,-0.0028506371,0.0141296498,-0.0024756105,0.0112431031
9.5020742416,0.0031286497,0.0101122679,-0.0019014331,0.0120052192,-0.0035834187,0.0069963606
9.5122041702,0.0021751765,-0.0014482617,-0.0009407254,0.00666638,-0.0036715693,0.000626878
9.5221967697,0.0022025276,-0.0072800396,0.0019878892,-0.0019551516,0.0047487468,0.0016951385
9.53216362,-0.0008014496,-0.0024475632,0.0010115055,-0.0030957833,0.0121802967,0.0038227378
9.5424003601,-0.0009229612,0.0013650776,6.17651e-05,-0.0074058436,0.0164008755,0.0059495387
9.5523710251,-0.000101408,0.0012762368,-0.0018547031,-0.0106088277,0.0163521394,0.0027649305
9.5625171661,0.0036814231,0.0031329514,-0.0027826878,-0.005263783,0.0153239593,0.0006393949
9.5725479126,0.0044894014,0.001124841,-0.0037163945,-0.007442249,0.0195285566,-0.0025433488
9.5826311111,-0.0015816223,6.36996e-05,-0.0037043544,-0.0106624095,0.0216430426,0.0006442551
9.5926713943,0.0001689885,-0.0010414004,-0.0026611539,-0.0149612846,0.0248095412,0.0038323251
9.6027431488,0.0048802737,-0.0021694778,0.0003452448,-0.0223654844,0.0183989778,0.0070164674
9.6128053665,0.0057230536,0.001526934,0.0023479608,-0.0180447735,0.0131173972,0.0048891343
9.6229305267,0.0026923362,0.0072125318,0.0014048365,-0.0084238891,0.0110595729,0.0016991998
9.6329317093,0.0065565426,0.009118122,0.0033756641,-0.0008820836,0.0036631753,-0.0036154045
9.6430664062,0.0074923951,0.0023182454,0.0082630068,-0.0029811077,0.0004816968,-0.0004304635
9.6530895233,0.0064852331,-0.002578008,0.0112065822,-0.0072826445,0.0036135742,-0.0025514048
9.6631984711,0.0035148282,0.0022157552,0.012192145,-0.0083528096,0.004719452,0.0059450106
9.6731967926,0.0034887511,0.0108943405,0.0121975094,-0.0051407712,0.0036864115,0.0059436793
9.6833190918,0.006424794,0.0147345783,0.0141542107,-0.0072565721,0.0015610094,0.0080653531
9.6933288574,0.0045234282,0.0088285627,0.0112543851,-0.003959314,-0.0079600578,0.0080597606
9.7034721375,0.0017070491,0.0059257569,0.0102623254,0.0088816779,-0.0110182315,0.0101794368
9.7134494781,-0.0001281779,0.0079935314,0.0141153485,0.0152780581,-0.0098459087,0.0186727904
9.7235965729,1.25039e-05,0.0022749128,0.0209130794,0.0078120725,-0.0098627536,0.0261073373
9.7335805893,0.003124902,-0.0054997979,0.0189759284,-0.0049503278,-0.0142116956,0.0271702055
9.743727684,0.0053696055,-0.0027131615,0.0121703893,-0.0144608226,-0.0238509402,0.0261054058
9.7537260056,0.0037354473,-0.0028799353,0.0112151653,-0.010120403,-0.0312752984,0.0207916014
9.7638502121,0.0030779112,-0.0058269976,0.0082741529,0.0058464725,-0.0280278437,0.0091085806
9.7738456726,0.0043617208,-0.0057264445,0.0033527163,0.0186679959,-0.0301072411,-0.0015137042
9.7839345932,0.0065868217,-0.0064959405,0.0042653228,0.0239603631,-0.025837725,-0.0046979794
9.7940473557,0.0068242121,-0.0111335693,0.0041861087,0.0175368171,-0.0237647202,-0.003633514
9.8040571213,0.0031033698,-0.0159452446,0.0041557695,-0.0059958864,-0.0186638348,-0.0036259238
9.8141317368,0.0032475013,-0.019987274,0.0022519974,-0.0285014603,-0.0093105473,-0.0036155377
9.8241910934,-0.0005883928,-0.0164272673,-0.0025577995,-0.0360172465,-0.0040520686,-0.0004235393
9.8343257904,-0.0016158577,-0.0099774776,0.0004628447,-0.0393459313,0.0086589325,0.0006454536
9.8443222046,-0.0006961506,-0.0103356717,-0.0033385607,-0.0318562463,0.0066098301,0.001703594
9.8542709351,-0.0056266468,-0.0018354832,-0.004271612,-0.0168839525,0.0035642392,0.0027600699
9.8644628525,-0.0026945081,0.0039167823,-0.0052250475,0.0002294397,-0.0005508107,-0.0004323278
9.8745889664,-0.0027027186,0.0020148279,-0.0042593926,0.0034633158,-0.0036989334,0.0006270777
9.8845872879,0.0003222692,-0.002789068,-0.0003541561,-0.0028432878,-0.0133324517,-0.0036224618
9.8946628571,0.0044101942,-0.005730289,-0.0013084861,-0.0059322892,-0.0250937715,-0.0131837428
9.9047393799,0.0036346633,-0.0028414009,-0.0023070427,-0.0059418231,-0.0240331665,-0.0131828105
9.914855957,-0.0020618197,-0.0009536027,-0.0042734002,-0.010260405,-0.0187238883,-0.0068082679
9.9248523712,-0.0028992649,-0.0049612699,-0.0052258824,-0.0167149492,-0.0134753305,-0.0068034749
9.9349212646,-0.0037636068,-0.0081116138,-0.0090596527,-0.0306403525,-0.0082845641,-0.0057355473
9.9450244904,-0.0037472602,-0.0055808006,-0.0031021091,-0.0531275272,-0.001023788,-0.0014808143
9.9550523758,-0.0037958082,-0.0023037372,0.0009732989,-0.078842476,0.0093971612,0.0038399154
9.9651880264,-0.0029141586,-0.0041304706,0.0031828431,-0.0970235318,0.0134959659,0.005970777
9.9751911163,-0.0039792266,-0.0079618273,0.0005186347,-0.087399669,0.0114370761,0.002781908
9.9853172302,-0.0021521877,0.0069079222,-0.0032026621,-0.046913594,0.0181505047,0.0017130482
9.9953155518,-0.0013358723,0.0251048617,-0.0041168779,-0.0105971359,0.0153121082,0.0059496048
10.0054206848,0.0005192999,0.0193492584,0.0027082709,0.0172327906,0.0070381998,0.001691743
10.0162916183,0.0024586562,0.0098357918,-0.0012135955,0.025876347,-0.0034972657,0.0016842862
10.0256671906,0.0034907702,0.0052260878,0.0016416458,0.0216927342,-0.0120366914,-0.000442248
10.0356931686,0.0045907665,-0.0062971292,0.0016249565,0.0046154801,-0.0122273741,-0.0068088006
10.0458049774,0.0047418047,-0.010272908,-0.0022556635,-0.0198560916,-0.019882232,-0.0089304084
10.0557193756,0.0019964371,-0.0046963273,-0.0031881782,-0.030497551,-0.0231861472,-0.013176552
10.0657787323,0.0002149735,-0.0010781168,-0.0002241584,-0.0240951516,-0.023130089,-0.0131782833
10.0758810043,-0.0035671648,0.0025816681,-0.0021352621,-0.0188676342,-0.0124942223,-0.0163596962
10.0859241486,-0.0005861651,0.00436942,-0.0069668149,-0.0082496395,-0.0071386728,-0.0227293763
10.0959835052,0.0023141522,0.0033314349,-0.0088839978,-0.0083364574,0.0013285818,-0.0259105228
10.1060552597,0.00026864,-0.0006638347,-0.008847639,-0.0189983696,0.0002175113,-0.0195391756
10.1160287857,-0.0017782282,8.81673e-05,-0.0048826784,-0.0329306982,0.0065177511,-0.0110381003
10.1261663437,-0.0018794369,0.0045821192,-0.0067265481,-0.0436318628,0.0096494947,-0.004663425
10.1362066269,-0.0009965505,0.0109280171,-0.0114753097,-0.0500122681,0.0074854107,-0.0025392876
10.1464061737,-0.0010582041,0.0114084007,-0.0113344043,-0.051035881,0.0032388675,-0.0014792164
10.1564712524,-0.0001094323,0.0099767568,-0.0082694739,-0.0456783958,0.0011703904,-0.0004198109
10.1664438248,-0.0001579952,0.0115349414,-0.0071929549,-0.0372339934,0.0108212866,0.0038304608
10.1764173508,-0.0002649185,0.0132067623,-0.0061294292,-0.0212473031,0.0130969584,0.0059511364
10.1865634918,0.001589546,0.0130073847,-0.0080084056,-0.0158770662,0.0099524967,0.0048875362
10.196641922,0.0005022381,0.0168040805,-0.0031185003,-0.0052585099,0.015357648,0.0059493384
10.2067089081,0.0003139842,0.0138661386,-0.0021221491,-0.0010789717,0.0238914154,0.0070128054
10.216840744,0.0050058085,0.0118733766,-0.0001249763,-0.0063837226,0.0206479505,0.0048889345
10.2268924713,0.0067978743,0.0069228234,-0.0010310861,-0.0116985124,0.0184510425,0.0006425907
10.2369012833,0.0027041528,0.0076997103,-0.0009824487,-0.0213111918,0.0194558538,0.0048927297
10.2469844818,0.0015758369,0.0055137696,7.44609e-05,-0.0298233181,0.0172935668,0.0102031389
10.2570438385,-0.0005561393,0.0071410658,0.0011386422,-0.0341424346,0.0225959215,0.0155158788
10.2671089172,0.0021904726,0.009743792,0.0061106235,-0.0267040394,0.0258724727,0.0197622217
10.2771625519,0.0058945287,0.0065733315,0.0071880962,-0.0245793723,0.0269659683,0.0218858272
10.2872743607,0.0037481431,0.0043143155,0.0082678348,-0.0352043696,0.0226416606,0.0240108967
10.297334671,0.0026073772,-0.0009271084,0.0093591362,-0.036228355,0.0183952507,0.0250708349
